Date,close,high,low,open,volume
2005-01-03,33.61600875854492,34.28832971286456,33.505372884003606,34.11812142429017,100970900
2005-01-04,33.00326156616211,33.820260735396054,32.807523162565886,33.76068507247674,136623200
2005-01-05,32.79899978637695,33.15643412800319,32.73942739610592,32.91814456691903,127925500
2005-01-06,32.637298583984375,32.943672713787514,32.62878963435722,32.87559137741548,102934600
2005-01-07,32.80752944946289,33.07986147591004,32.518176265556065,32.816041651419646,123104000
2005-01-10,32.79051208496094,33.07986530233795,32.671367215415266,32.713918490759546,88764200
2005-01-11,32.56072235107422,32.76497296161204,32.39902625063621,32.654337078968496,106398800
2005-01-12,32.83304977416992,32.85006767841966,32.34795509528616,32.705392767129055,127754900
2005-01-13,32.39901351928711,33.06282206139495,32.347950075104954,32.83304467870534,101982400
2005-01-14,32.70539855957031,32.78199212806978,32.501147961420685,32.50966016150569,93460900
2005-01-18,32.95220184326172,33.01177426061952,32.52668272130411,32.57774293820894,91760400
2005-01-19,32.407527923583984,32.97772181341563,32.39050677436408,32.96070066419573,104981000
2005-01-20,31.7862606048584,32.177740461066065,31.760730509663915,32.04157454260953,120963900
2005-01-21,31.530933380126953,31.95645205798683,31.479873216511688,31.896879702802437,138569200
2005-01-24,31.088420867919922,31.658618085162278,31.028848460418104,31.590533478615782,137499000
2005-01-25,31.24160385131836,31.564999196706843,31.19905260108489,31.292667299469898,119171300
2005-01-26,31.6160831451416,31.73522802163133,31.33523886788347,31.4543837443732,107465800
2005-01-27,31.573514938354492,31.71819311600544,31.37777654802332,31.565005985058786,103654700
2005-01-28,31.42032814025879,31.71819345201183,31.165017334794065,31.675642192176547,111648600
2005-01-31,31.82882308959961,31.93945569420823,31.709675040367234,31.794780789818933,89139900
2005-02-01,31.930944442749023,32.04158028584179,31.80328745099182,31.905414342978446,76610300
2005-02-02,31.981996536254883,32.10965023624734,31.752215980527257,32.033056717671464,100160500
2005-02-03,31.6160831451416,31.83735173770047,31.488426065214377,31.811821620296783,90157900
2005-02-04,32.126686096191406,32.186258499435034,31.616064569402475,31.616064569402475,99302000
2005-02-07,32.05860900878906,32.26285961525081,31.930955220397063,32.16924488922473,71551400
2005-02-08,32.1181526184082,32.34792985748587,32.016025793873666,32.05006806871852,72821700
2005-02-09,31.5820369720459,32.169252325885196,31.539485699411863,32.14372221159557,93276600
2005-02-10,31.6160831451416,31.760758139035016,31.38630234914524,31.709694657773245,110373000
2005-02-11,32.08412551879883,32.211779240169975,31.428826027115317,31.513928508029416,108684100
2005-02-14,32.22881317138672,32.28838558095033,32.07562604780804,32.08413824714732,54908900
2005-02-15,32.44156265258789,32.747936804815936,32.18625194121513,32.254336529022176,131406500
2005-02-16,32.32242965698242,32.475616788957225,32.19477587797209,32.36498091665253,80273900
2005-02-17,31.88839340209961,32.45858727703895,31.854351104548915,32.381993730775974,115628300
2005-02-18,31.7862606048584,31.973489960155472,31.709667072823372,31.89689642812045,69158800
2005-02-22,31.394790649414062,31.956475587906166,31.309688149760092,31.51393544751053,121232000
2005-02-23,31.43733024597168,31.54796605167289,31.233083023932117,31.52243596053071,95010100
2005-02-24,31.83734893798828,31.862879053146898,31.284172635554718,31.360766227484685,99334600
2005-02-25,32.016056060791016,32.08414067484564,31.73521514394839,31.811808711533303,79988700
2005-02-28,31.675630569458008,31.999022622706548,31.42031661122244,31.87987784030426,95731300
2005-03-01,32.02457046508789,32.08414288325963,31.76925963771567,31.803298700632876,78460600
2005-03-02,32.00753402709961,32.356459415405425,31.79477456480456,31.83732580797322,107270600
2005-03-03,31.743715286254883,32.109661869088605,31.505425696112805,32.09264072029957,89793800
2005-03-04,31.930944442749023,32.12668278271182,31.828820797214558,31.999025790954615,86622300
2005-03-07,32.39052200317383,32.58626044155322,31.9650028119698,31.999041879961243,93563900
2005-03-08,32.06712341308594,32.518172673352616,32.04159330294359,32.34796436401219,89595200
2005-03-09,31.97349739074707,32.279871590088064,31.888394889353386,32.058599892140755,98063000
2005-03-10,31.930944442749023,32.05859818805406,31.556488911487875,32.007537988512915,97043600
2005-03-11,31.63309097290039,32.186267147599,31.505437180129963,32.07563126336861,102857500
2005-03-14,31.77775764465332,31.794778793474926,31.513934707596665,31.692655146997463,65576200
2005-03-15,31.522464752197266,31.896920498920394,31.47991347927823,31.84585702354514,93856300
2005-03-16,31.165027618408203,31.64161032660062,31.088434026849672,31.41182955192503,159578000
2005-03-17,31.24160385131836,31.39479094932068,31.096928951234112,31.156501350851425,100429600
2005-03-18,31.071401596069336,31.3096944869458,30.93523562119118,31.275652181613033,108899400
2005-03-21,31.1309757232666,31.275650644139446,30.850131587756596,31.147993628643487,92752500
2005-03-22,30.748010635375977,31.275653402824943,30.730989482044972,31.156508575960956,114016300
2005-03-23,30.85865020751953,31.054391891653975,30.696954084162574,30.71397524132443,97444900
2005-03-24,30.867158889770508,31.190554346063774,30.867158889770508,30.96928257464344,77566800
2005-03-28,30.926727294921875,31.156507990895992,30.901197188631304,30.986299707235204,59739000
2005-03-29,30.679929733276367,31.130982234977342,30.586315001858175,30.867159196112752,119554300
2005-03-30,31.25863265991211,31.301183920571788,30.824604606858465,30.833113560409164,114711000
2005-03-31,31.122453689575195,31.275640761182842,31.011817860869286,31.2586196147318,86578900
2005-04-01,30.807586669921875,31.386292965384815,30.74801424948776,31.335229499389815,143814300
2005-04-04,31.028839111328125,31.147983890433057,30.66289257753341,30.85012194267073,100090300
2005-04-05,31.113943099975586,31.20755453084571,30.99479508109699,31.05437071376207,66266600
2005-04-06,31.062883377075195,31.411808786521252,30.994798786718917,31.199049311335806,82168900
2005-04-07,31.43733024597168,31.445842440653113,31.071383789495485,31.08840493240729,88618000
2005-04-08,31.18202781677246,31.54797436973556,31.147985521973123,31.488401977062676,92332900
2005-04-11,31.04586410522461,31.301174841582196,30.97778275720692,31.27564474188208,70976000
2005-04-12,31.199060440063477,31.26714505470559,30.560781786832678,31.01183099625078,144848500
2005-04-13,30.688434600830078,31.147992700728988,30.620349995539772,31.1139536445365,108995500
2005-04-14,30.2544002532959,30.722470504045447,30.211849002582728,30.688431451346307,158057900
2005-04-15,29.56507110595703,30.101222881833454,29.514007640726874,29.990590243514852,170013300
2005-04-18,29.573570251464844,29.78632974967682,29.479955552819206,29.539527952602374,110084000
2005-04-19,29.777822494506836,29.871433952032827,29.573571936149015,29.80335259688188,96922100
2005-04-20,29.53102684020996,30.03313951913559,29.43741211671402,29.965054903337393,140457400
2005-04-21,30.31398582458496,30.39057940772844,29.752300630350728,29.88846663966649,124505100
2005-04-22,29.862924575805664,30.186319935922636,29.63314391833722,30.177807737616895,114996800
2005-04-25,30.109722137451172,30.177803482034285,29.913983807903243,30.041637546416073,72170100
2005-04-26,29.828882217407227,30.382058233915547,29.820373265570495,30.033132772465628,104958800
2005-04-27,29.871437072753906,29.999094090870656,29.556553873572835,29.67569869237363,112539300
2005-04-28,29.573570251464844,29.91398674718493,29.548040150544143,29.71824515195188,98181900
2005-04-29,29.769315719604492,29.837400333611928,29.233160746881715,29.786336873106354,144435900
2005-05-02,29.888458251953125,30.007603070861627,29.69271987139589,29.871437099758648,67648800
2005-05-03,30.04165267944336,30.152288572380552,29.811871938629313,29.82889309496224,103428700
2005-05-04,30.407583236694336,30.492688973052086,29.990576491122965,30.033127736075897,90480600
2005-05-05,30.433128356933594,30.569294355869072,30.23738993636719,30.424619402323533,79341700
2005-05-06,30.51821517944336,30.65438109380175,30.399070410186205,30.611829854274404,77310200
2005-05-09,30.662921905517578,30.688455272927346,30.348038510072488,30.526755849666603,66298400
2005-05-10,30.44162368774414,30.603319707353997,30.31396671416415,30.5182172226018,77194700
2005-05-11,30.59480857849121,30.662889912153865,30.041632727644128,30.4841727590315,131952400
2005-05-12,30.50971794128418,30.80758325690924,30.348021853226967,30.66290507584494,116602200
2005-05-13,30.841623306274414,31.03736168689605,30.54375801245232,30.628863773452704,133273500
2005-05-16,31.04586410522461,31.096927551076984,30.748002120549447,30.841616814719398,79093200
2005-05-17,31.233091354370117,31.267133649273433,30.81608135793429,30.935226143643977,91665900
2005-05-18,31.658613204956055,31.794779150606203,31.241603170273095,31.318196717604568,128105900
2005-05-19,31.922435760498047,31.930947958993713,31.658616043277764,31.735209597476157,92619700
2005-05-20,32.05009460449219,32.075624708538385,31.786271625688265,31.871377383263418,66530100
2005-05-23,32.2117919921875,32.330940057667796,31.999032459223375,32.05009591585779,93068200
2005-05-24,32.31392288208008,32.33945299031266,32.08414216862715,32.13520238509231,100830000
2005-05-25,32.177764892578125,32.237337324231014,31.99053539512389,32.20329500715678,76470600
2005-05-26,32.50115203857422,32.56923666198277,32.32243477180705,32.32243477180705,84066800
2005-05-27,32.5181770324707,32.552219348192914,32.35648090247106,32.45860460318379,50076900
2005-05-31,32.407527923583984,32.54369387089096,32.27135872982474,32.501139374615065,75281500
2005-06-01,32.67134475708008,32.91814652946087,32.35646164023851,32.36497059087661,110875700
2005-06-02,32.90113067626953,32.90113067626953,32.59475646076352,32.62028980969069,75926500
2005-06-03,32.4245491027832,32.88411043880156,32.35646774547637,32.875601486557926,96998400
2005-06-06,32.43306350708008,32.50114486901676,32.30540648957617,32.44157245990236,52681400
2005-06-07,32.160743713378906,32.739450117452904,32.11819244029048,32.46711807394209,108953400
2005-06-08,32.092655181884766,32.29690581294034,31.965001378121976,32.2373333885603,79211900
2005-06-09,32.296875,32.39048964798487,31.913907461175782,32.05007333648544,99383300
2005-06-10,31.95648765563965,32.25435300981602,31.81181270230382,32.25435300981602,85971700
2005-06-13,32.10966491699219,32.296894324991484,31.87988425620737,31.896905406612078,82331300
2005-06-14,31.981996536254883,32.20326489744574,31.91391196576477,32.07560795100228,62593600
2005-06-15,32.08412551879883,32.228800385643105,31.70115786178229,32.19476134114839,103952000
2005-06-16,32.25434494018555,32.33944745068523,32.05009436995257,32.118178975514454,90450100
2005-06-17,32.258602142333984,32.548222685244305,32.15638408291079,32.46304151063389,83915700
2005-06-20,32.258602142333984,32.437487808141476,32.01157543618239,32.130830380418374,67580000
2005-06-21,32.2415657043457,32.37785753528329,32.11379394065935,32.23304888654804,97845600
2005-06-22,32.207489013671875,32.454515675923716,32.05416032705877,32.36933451645107,75221100
2005-06-23,31.84972381591797,32.522666083492176,31.798616415489143,32.25859926661473,122163300
2005-06-24,31.49196434020996,31.866766087695463,31.48344427239564,31.84121238316007,142144100
2005-06-27,31.34716033935547,31.568636666039286,31.261979136449142,31.474935393169563,72780800
2005-06-28,31.645288467407227,31.738986453571393,31.432332295350523,31.4749228798712,73330300
2005-06-29,31.577150344848633,31.738995914050026,31.49196915041722,31.730479094388595,71513600
2005-06-30,31.330110549926758,31.69639542063868,31.304556849466522,31.636767953262623,87803700
2005-07-01,31.287521362304688,31.517514425070694,31.244930776485816,31.398259484996487,55254800
2005-07-05,31.611230850219727,31.679375170377153,31.17679821757812,31.17679821757812,79288700
2005-07-06,31.457889556884766,31.75602693172894,31.39826208191593,31.543070735567763,79101000
2005-07-07,31.56861114501953,31.594164835342134,31.134178912823444,31.15973585259802,119466300
2005-07-08,32.17340850830078,32.207482264731006,31.508986505172743,31.58565083241461,101320700
2005-07-11,32.4715461730957,32.505619929966294,32.19896261703558,32.258590066832966,96283700
2005-07-12,32.62489700317383,32.76118887383508,32.37786697214577,32.4715682424981,86059300
2005-07-13,32.7015380859375,32.73561184169126,32.514135678744026,32.64191063809452,72135400
2005-07-14,33.025245666503906,33.1189469081194,32.81228948081543,32.9400612425564,99135200
2005-07-15,33.12745666503906,33.22115788668319,32.92302059004536,33.07634927101705,67239200
2005-07-18,32.991172790527344,33.127464623081444,32.95709902002542,33.04228344628024,58644000
2005-07-19,33.37450408935547,33.391540979458156,33.084883456518796,33.14451094715095,77860900
2005-07-20,33.613006591796875,33.7067078418383,33.135986772609684,33.170057295798905,91433100
2005-07-21,33.62150573730469,33.808904871316834,33.40002960240153,33.69817005331704,127286000
2005-07-22,33.578922271728516,33.72373413524785,33.40855996093323,33.630032914638775,71666600
2005-07-25,33.45115661621094,33.75781403048201,33.391529146708606,33.613002140652505,51872700
2005-07-26,33.578922271728516,33.67262349233759,33.383003014751715,33.55336857499978,67324900
2005-07-27,33.83450698852539,33.86857753600691,33.41711109967953,33.604513733380465,78351100
2005-07-28,33.99632263183594,34.00483944882214,33.766329579769504,33.86003081388397,66163700
2005-07-29,33.7152214050293,34.004838668257605,33.664110755925556,33.962248085397746,74725700
2005-08-01,33.774837493896484,33.92816614010589,33.664099416200344,33.766317430522584,59748300
2005-08-02,34.1411247253418,34.192232111509085,33.7748399603654,33.81743053198891,79284100
2005-08-03,34.12409973144531,34.18372720237558,33.97077102063792,33.99632472262133,61916400
2005-08-04,33.7918815612793,34.0218746016466,33.706700397937226,33.9707672034226,72035500
2005-08-05,33.630035400390625,33.89410220076618,33.587444819543734,33.74077351015495,66029500
2005-08-08,33.38301086425781,33.74077894984775,33.340420276544464,33.66411459218231,63415400
2005-08-09,33.604496002197266,33.72375097909883,33.4852410252957,33.53634844427957,62143600
2005-08-10,33.314849853515625,33.80890627204634,33.195594967989315,33.689651386520026,102317500
2005-08-11,33.58745193481445,33.68115318219939,33.30634819265965,33.331905146144265,92446700
2005-08-12,33.40005111694336,33.493752369032705,33.195614975524684,33.323386751547886,86367300
2005-08-15,33.604496002197266,33.75782475805768,33.289321670463934,33.340429089447795,63061100
2005-08-16,33.05931091308594,33.502260055056,32.999683456421955,33.476703109733805,94596000
2005-08-17,33.25524139404297,33.36597627984206,33.0422851913395,33.153020077138585,74470500
2005-08-18,33.084869384765625,33.306342362994,33.0252419194944,33.11042308432382,72559400
2005-08-19,33.067840576171875,33.221169309866035,33.04228687037416,33.1274680560025,52024300
2005-08-22,33.084869384765625,33.37448989442006,32.88043003994061,33.11894315047865,88056300
2005-08-23,32.991172790527344,33.15301832623109,32.88895472847517,33.084874034680844,57482900
2005-08-24,32.79524612426758,33.374487094990094,32.76117236141263,32.92302111024717,95025700
2005-08-25,32.87192153930664,32.95710272568553,32.78674035292775,32.854884652140065,52328800
2005-08-26,32.76116180419922,32.88041668630901,32.599316356971904,32.82078924525412,63840700
2005-08-29,33.016727447509766,33.09339180862708,32.59081505229215,32.59081505229215,74940400
2005-08-30,32.897464752197266,32.931538515662076,32.64191802511703,32.84635735645298,87373600
2005-08-31,33.20411682128906,33.22967051507991,32.77820459436214,32.91449637700065,93426300
2005-09-01,33.15302276611328,33.34894534801068,33.033767802839414,33.221170316243516,74884400
2005-09-02,33.025245666503906,33.24671866986038,32.99969196404641,33.221164967402885,53244900
2005-09-06,33.510780334472656,33.57040779730021,33.13597867534901,33.178569256018264,78106600
2005-09-07,33.57041549682617,33.63004297332956,33.400049885622025,33.47671424819121,57440100
2005-09-08,33.56190490722656,33.70671359147998,33.451166751974064,33.46820364120171,73529700
2005-09-09,33.749298095703125,33.80892557250574,33.4852344839926,33.570415665295265,75342100
2005-09-12,33.84299087524414,33.953728982787254,33.715219135266366,33.75780971525896,51689900
2005-09-13,33.75782012939453,33.996330050494656,33.681155761976065,33.80041072252613,66145800
2005-09-14,33.37450408935547,33.800416593559135,33.3489503789287,33.774862883132364,98644000
2005-09-15,33.35744857788086,33.51077725375676,33.263747359350845,33.442629731388486,80421500
2005-09-16,33.56190490722656,33.613012325455124,33.31487488760729,33.434129862746424,71034100
2005-09-19,33.297821044921875,33.54485093876683,33.14449236939416,33.49374029710668,73387500
2005-09-20,33.16154479980469,33.6811585272516,33.0593267180058,33.35746414385849,115202800
2005-09-21,32.79524612426758,33.110420307043604,32.76969242685281,33.06782972820136,116404300
2005-09-22,32.914493560791016,32.99115788505645,32.57376575807406,32.74412803470647,118686100
2005-09-23,33.00822448730469,33.11896266639984,32.718603806986266,32.79526820028982,70154000
2005-09-26,33.016727447509766,33.24672053086172,32.83784502138725,33.19561312308598,69327600
2005-09-27,32.940059661865234,33.13598220281602,32.80376783954297,33.04228096569695,64089500
2005-09-28,32.948577880859375,33.17857092740296,32.84635983221329,33.01672216347237,72044500
2005-09-29,33.39152145385742,33.40003826920132,32.752653071128464,32.90598174293962,117634600
2005-09-30,33.613006591796875,33.63004347811839,33.3319060911264,33.36597661431561,79248500
2005-10-03,33.69818878173828,33.8600343168457,33.655594944041006,33.68115189655009,81685600
2005-10-04,33.47671127319336,33.97077117683405,33.468194455644216,33.74929492711461,85348600
2005-10-05,33.016727447509766,33.51078738569997,32.99117374362189,33.4852336818121,106152200
2005-10-06,32.582275390625,33.10188866840079,32.301171847126064,32.99115061343593,162213700
2005-10-07,32.65896987915039,32.85488923471168,32.52267801226191,32.71008054777898,91119900
2005-10-10,32.480064392089844,32.76116474667425,32.42043694567945,32.59931928491063,64012000
2005-10-11,32.318233489990234,32.57378354337355,32.198978531453434,32.57378354337355,114736900
2005-10-12,31.93490982055664,32.420449645496454,31.883799168132775,32.13082911400136,146109500
2005-10-13,32.18193817138672,32.292676299271236,31.798619631588917,31.917874577255215,138569600
2005-10-14,32.42045593261719,32.428972751612754,32.06268779517693,32.267127195064795,131463200
2005-10-17,32.52268600463867,32.53120282677588,32.21602841641558,32.42898471385326,64080400
2005-10-18,32.29267120361328,32.52266424087209,32.29267120361328,32.488590476214554,88070400
2005-10-19,32.940059661865234,32.940059661865234,32.03712755752524,32.1308287946443,132879900
2005-10-20,32.6334114074707,33.093394360186416,32.45452571810209,32.97413940024331,132576900
2005-10-21,32.837852478027344,33.00821812469083,32.6504531912065,32.94007056624366,110032000
2005-10-24,33.35744857788086,33.374485458472925,32.76969081999174,32.99116376878319,110820900
2005-10-25,33.229698181152344,33.383026970459284,33.02526196171317,33.29784575393548,86665800
2005-10-26,33.05931091308594,33.45114941386429,33.01671708736651,33.20411952228341,89878100
2005-10-27,32.39488983154297,33.05079519047427,32.39488983154297,33.03375830783868,132231100
2005-10-28,32.64192199707031,32.70154946566289,32.30119081986699,32.50563017607965,95243900
2005-10-31,33.11042022705078,33.26374891007471,32.72709851949095,32.75265546629685,115279100
2005-11-01,33.084869384765625,33.229678014866266,32.974131270924865,33.033758736196084,73502300
2005-11-02,33.51930236816406,33.61300360989299,32.97413505205413,32.991171936864255,101409900
2005-11-03,34.021881103515625,34.14965612240071,33.800408086829016,33.85151874427379,137054000
2005-11-04,34.1411247253418,34.26889644021234,33.93668543231568,34.07297721118232,100944500
2005-11-07,34.1837272644043,34.32001909098557,34.03039855331868,34.251871552968204,65324500
2005-11-08,34.1922492980957,34.37113173850034,34.06447751900123,34.141141886239495,78859700
2005-11-09,34.20927810668945,34.35408998814399,34.09853999139518,34.175204340529184,72458800
2005-11-10,34.584068298339844,34.66073262200835,34.00482746383387,34.22630362085492,120763100
2005-11-11,34.677791595458984,34.856674048181944,34.652237887771186,34.72890226028876,80057200
2005-11-14,34.677791595458984,34.80556663280635,34.58409033466481,34.72890226028876,53652400
2005-11-15,34.51594161987305,34.8396359568518,34.39668666663186,34.69482404973482,79543500
2005-11-16,34.7288818359375,34.7373986503399,34.46481509713147,34.60962693759035,65895700
2005-11-17,35.18888473510742,35.197401553608515,34.797042845526384,34.848153504894476,94425500
2005-11-18,35.308135986328125,35.4785015835599,35.15480727376488,35.36776345794122,108820200
2005-11-21,35.393310546875,35.41886749382915,35.129247007487606,35.26553880991581,69731400
2005-11-22,35.52108383178711,35.665892443294936,35.23146335931872,35.32516457827212,88814000
2005-11-23,35.60626220703125,35.79366463031353,35.52959787472964,35.54663475406916,64101200
2005-11-25,35.68293380737305,35.72552438967063,35.54664199434889,35.64034322507546,22930200
2005-11-28,35.384803771972656,35.77664240896382,35.350729999333296,35.77664240896382,74716200
2005-11-29,35.21443176269531,35.64886091185911,35.21443176269531,35.58071662841036,77443000
2005-11-30,35.12926483154297,35.34222108397861,35.08667098149221,35.163335362347226,88044400
2005-12-01,35.78513717651367,35.81921092815671,35.35070821614633,35.359225029331185,91914100
2005-12-02,35.87033462524414,35.88737150727317,35.665895290348764,35.725522752723876,72929200
2005-12-05,35.60626220703125,35.82773838899257,35.46145360682402,35.82773838899257,61519900
2005-12-06,35.72552490234375,36.04070236466569,35.691454385688644,35.80218925136082,81509400
2005-12-07,35.657379150390625,35.80218777620455,35.46145987752016,35.77663407740281,83885500
2005-12-08,35.40184783935547,35.77664966605337,35.15481781179222,35.742575886502344,112043200
2005-12-09,35.53812789916992,35.58071848472908,35.248507368132884,35.40183607570857,56526900
2005-12-12,35.665889739990234,35.72551719308607,35.50404426008047,35.665889739990234,44863600
2005-12-13,35.81071090698242,35.95551954518986,35.572197783091745,35.623308434522606,76611600
2005-12-14,35.69145584106445,35.86181817964635,35.52960707017701,35.73404642570993,73581600
2005-12-15,35.75110626220703,35.836287486185604,35.44444865675551,35.776659979509525,72607200
2005-12-16,35.50429916381836,35.811692943714256,35.47868057252568,35.743384300612064,63743000
2005-12-19,34.94074630737305,35.61531186962133,34.923671584410016,35.58115590911192,75341700
2005-12-20,34.96638107299805,35.13715769721146,34.79560444878464,34.96638107299805,70257700
2005-12-21,35.12006378173828,35.359148992833454,34.96636521537947,35.02613651815326,68935000
2005-12-22,35.350624084472656,35.40185478644517,35.0944575454387,35.102998167296015,59149500
2005-12-23,35.350624084472656,35.51286006954036,35.26523415236372,35.44454812385321,38000400
2005-12-27,35.04322052001953,35.58970295773416,34.98344920697526,35.4530823483055,55656300
2005-12-28,35.00050354003906,35.20543268706274,34.89803570923716,35.06027481269514,50302400
2005-12-29,34.76996994018555,35.111519743157004,34.710198643233255,35.03467046746243,47301700
2005-12-30,34.50526809692383,34.65042929575446,34.46257477631185,34.61627333634824,60026500
2006-01-03,35.27376937866211,35.42746797565524,34.29180648201623,34.710208942118065,109350400
2006-01-04,35.64094543457031,35.64094543457031,35.28231421321272,35.3591635279827,92769400
2006-01-05,35.79460906982422,35.862920958959606,35.615295246779056,35.64945119134675,77656900
2006-01-06,36.44358825683594,36.46066624283584,35.91418372001014,36.084957065423595,110053900
2006-01-09,36.58875274658203,36.648524079545005,36.3069740707985,36.44359472575577,80768800
2006-01-10,36.61436080932617,36.648513520255285,36.3325789574372,36.42650624140019,84369400
2006-01-11,36.8961296081543,36.98151950603745,36.60581046993467,36.716815708537,100761400
2006-01-12,36.716819763183594,36.9644456084528,36.58873653086038,36.853440357592135,82429200
2006-01-13,36.69974899291992,36.759520311137486,36.48627906863074,36.66559302328344,64572100
2006-01-17,36.460670471191406,36.537519788456805,36.289893848680165,36.41797712988688,77962100
2006-01-18,36.04225540161133,36.255725291349314,35.880019458035584,35.88855682041662,121021900
2006-01-19,36.30696487426758,36.5631281302648,36.110572936093284,36.22157495074015,111094000
2006-01-20,35.2225341796875,36.2813463373279,35.13714752095667,36.25572773387486,188569400
2006-01-23,35.23106384277344,35.39330301911322,35.077368542107024,35.31645374013425,111381900
2006-01-24,35.384769439697266,35.606779959707616,35.273767436984265,35.31646076551174,77956900
2006-01-25,35.23106384277344,35.58115427872396,35.077368542107024,35.555538938161476,99826400
2006-01-26,35.47869873046875,35.59824136004733,35.205457503634165,35.436005399518166,112600600
2006-01-27,35.95686721801758,36.19595244201327,35.64093270669586,35.692163393385286,110830400
2006-01-30,36.02517318725586,36.13617842892028,35.922708564261114,36.01663582587781,53942600
2006-01-31,35.86294174194336,36.093489615445186,35.70070579716447,36.00809970454152,100988100
2006-02-01,35.99102020263672,36.008094925259115,35.6067737978006,35.64092975762861,89168700
2006-02-02,35.37624740600586,35.93127068924008,35.35916941573627,35.871496094649714,94047400
2006-02-03,34.94074630737305,35.20545011538345,34.82120370288179,35.11152285262842,121094200
2006-02-06,34.84682083129883,35.01759411205552,34.65896631371662,34.7699715520417,58162800
2006-02-07,34.69313430786133,34.94929757515116,34.530895074653394,34.787061599235884,87327000
2006-02-08,35.094459533691406,35.13715613081125,34.74436893544275,34.94076090448048,89907800
2006-02-09,34.761436462402344,35.32499684749117,34.693127790693545,35.18837624678152,78213400
2006-02-10,34.97489547729492,35.06028536198948,34.377179313597175,34.73581031473224,102575900
2006-02-13,34.57358169555664,34.787051566279956,34.41134250914021,34.75289560521421,70643100
2006-02-14,34.923683166503906,35.026147824721846,34.50528065473378,34.641901284788624,94340300
2006-02-15,35.14567565917969,35.23106229549897,34.77850725988227,34.82974119604867,92254300
2006-02-16,35.470157623291016,35.47869498566307,35.13714511681689,35.27376571581376,103859600
2006-02-17,35.18836975097656,35.40183960375942,35.179832390073486,35.40183960375942,81770200
2006-02-21,34.795589447021484,35.23960717562536,34.67604683879963,35.188373233262375,85101400
2006-02-22,35.23106384277344,35.47015229809219,34.735815467246816,34.821202107316104,91983900
2006-02-23,35.13712692260742,35.47013925664582,35.077355645076956,35.17127961170317,66517100
2006-02-24,35.23106384277344,35.25668244062744,35.01759398530869,35.17129254326663,57085400
2006-02-27,35.623863220214844,35.751943224772184,35.29085064815603,35.316465997608965,64945000
2006-02-28,35.094459533691406,35.6238673708815,34.98345750160032,35.52994006888671,117564600
2006-03-01,35.57261657714844,35.66654383470054,35.13713950529682,35.20544816524013,80962300
2006-03-02,35.598243713378906,35.72632697199036,35.359158438416266,35.47870107589758,69856500
2006-03-03,35.39330291748047,35.87147331216185,35.3420689792111,35.39330291748047,112066100
2006-03-06,35.085899353027344,35.546994940819445,34.97489413582756,35.47014567618743,99581000
2006-03-07,34.880977630615234,35.068832170265104,34.71020432979745,35.02613884506066,96441100
2006-03-08,34.8980598449707,35.08591440740561,34.582125291387534,34.80413256375325,103961900
2006-03-09,34.599205017089844,35.13715012741691,34.55651168455745,35.00906687252726,108556700
2006-03-10,34.63336181640625,34.829753756597945,34.31742398204814,34.56504987688258,124474900
2006-03-13,34.73581314086914,34.957820344555614,34.68457920588396,34.78704707585432,69169100
2006-03-14,35.324989318847656,35.36768263672814,34.701657757376736,34.701657757376736,118201000
2006-03-15,35.623863220214844,35.623863220214844,35.282310026809945,35.46162398756582,84375800
2006-03-16,35.324989318847656,35.79462233011573,35.290836618918085,35.73485103362478,101371200
2006-03-17,35.41814041137695,35.537766899888595,35.23015406681446,35.3241472390957,78219600
2006-03-20,35.50358581542969,35.61466894810541,35.37541597887515,35.52067577888574,60240100
2006-03-21,35.127620697021484,35.896649589193665,35.101987378489035,35.127620697021484,136566000
2006-03-22,35.213043212890625,35.272856421662645,34.91397716903052,34.93106712290473,112282800
2006-03-23,35.110511779785156,35.221594866095565,34.87980225879087,35.110511779785156,75158200
2006-03-24,35.28996276855469,35.46085912710673,35.05070982232798,35.23014953199801,81795500
2006-03-27,35.29851531982422,35.46940844755985,35.23870207320125,35.2728787430019,54400400
2006-03-28,35.153236389160156,35.606108840569995,35.02506660118665,35.366855962025326,100522800
2006-03-29,35.81972122192383,35.973527544273196,35.17886263199325,35.20449919210171,130669100
2006-03-30,35.93082046508789,36.144440091229406,35.70865748811451,35.89664054260681,115915600
2006-03-31,35.82830047607422,36.050463555477215,35.7513972448235,35.99919690769562,71074600
2006-04-03,35.87101364135742,36.20425979616324,35.802657043755474,36.016276708074834,80730700
2006-04-04,36.067535400390625,36.15298520305132,35.828282472094045,35.930818975710196,89952600
2006-04-05,36.40933609008789,36.460602723369604,36.067543323515274,36.14444653301524,91628200
2006-04-06,36.511871337890625,36.691311067248954,36.2640717537802,36.39224485165174,91712800
2006-04-07,36.16152572631836,36.78529456887835,36.14443576712236,36.64003480507701,116604300
2006-04-10,36.11028289794922,36.31535930234185,35.96502302533771,36.22991270193259,58981900
2006-04-11,35.81972122192383,36.255506888438816,35.640281599041344,36.22132698134443,91481900
2006-04-12,35.82830047607422,35.956473614684846,35.71721730658356,35.83684383084504,58751200
2006-04-13,35.97354507446289,36.17007800623994,35.70865881433866,35.80265197486414,63476900
2006-04-17,35.59758377075195,36.06754642045966,35.36687412244213,35.92228660091885,104072100
2006-04-18,36.281158447265625,36.36660825800373,35.69156942126918,35.69156942126918,124291700
2006-04-19,36.443519592285156,36.443519592285156,36.14445007731323,36.349526409281914,79050300
2006-04-20,36.315338134765625,36.58877100819064,36.21280162212548,36.43496460944195,81408000
2006-04-21,35.888084411621094,36.50330975888453,35.73427807480524,36.45203989342069,130181200
2006-04-24,35.85393142700195,35.94792462115178,35.648858330291525,35.84538807279656,78556400
2006-04-25,35.777000427246094,35.97353001718571,35.58901744445526,35.9478967148905,77660800
2006-04-26,35.768470764160156,35.939367117186976,35.631754333654065,35.768470764160156,82537000
2006-04-27,36.11028289794922,36.30681594613247,35.46088025993381,35.60614013254532,173950100
2006-04-28,35.75994110107422,36.07610064485989,35.700127838104684,35.88811424148229,88876600
2006-05-01,35.40958023071289,35.93081252484492,35.298500396561806,35.819729431117736,92875500
2006-05-02,35.50358581542969,35.65739222695693,35.37541597887515,35.56339905773726,85148100
2006-05-03,35.452327728271484,35.580497595713595,35.27288469852769,35.52068433899167,74971600
2006-05-04,35.74283218383789,35.879548594193025,35.486486062292705,35.486486062292705,88696800
2006-05-05,36.02482223510742,36.067545518634844,35.83683587609364,35.973552339127956,80392200
2006-05-08,36.05898666381836,36.12734323615988,35.947903566740166,35.95645017551798,45079100
2006-05-09,35.92227554321289,36.04190200708805,35.862462311275316,35.973542165115575,48528800
2006-05-10,35.60613250732422,35.87102212719174,35.50359595687602,35.82829883613651,92424200
2006-05-11,34.81146240234375,35.58903786059585,34.71746922724007,35.571947896069965,140989700
2006-05-12,34.34148406982422,34.70891002490748,34.332940720449,34.65764340950366,153920800
2006-05-15,34.31586837768555,34.46967482200388,33.99971213528805,34.19624186756638,127896500
2006-05-16,34.05950927734375,34.40129867890661,33.98260609156624,34.324395493129096,132397500
2006-05-17,33.59809494018555,34.0167908466391,33.52119174347273,33.905707727036834,207897100
2006-05-18,33.36739730834961,33.88862991069546,33.32467401921494,33.74337007572197,139690900
2006-05-19,33.62373733520508,33.72627713157206,33.11105139168111,33.49556747911296,194306300
2006-05-22,33.29902648925781,33.52973606363699,32.999957073769274,33.33320315023587,169591800
2006-05-23,32.974327087402344,33.64936591831562,32.9572371254021,33.54682614631416,142243900
2006-05-24,33.196502685546875,33.35885575643836,32.66672670058618,32.92306970882018,234981600
2006-05-25,33.63228225708008,33.649372222282004,33.17086297536083,33.41866258142238,123510900
2006-05-26,33.74337387084961,33.820277103772554,33.52120752703737,33.70919393186644,91319600
2006-05-30,33.01704406738281,33.60663623545658,32.99141075905833,33.58099966755576,105606200
2006-05-31,33.170860290527344,33.37593659677409,32.93160731622057,33.07686711931331,137066200
2006-06-01,33.956993103027344,33.956993103027344,33.18796078505581,33.26486401685296,119357400
2006-06-02,33.871517181396484,34.179129871774585,33.589541054933775,34.14494995960462,128864100
2006-06-05,33.13667678833008,33.803172267052,33.13667678833008,33.803172267052,103190600
2006-06-06,33.11104965209961,33.28194604415499,32.769256867988844,33.19649621833852,127271000
2006-06-07,32.86323165893555,33.469910414684065,32.85468831092286,33.153754385002905,130754700
2006-06-08,32.81197738647461,32.948693823102545,32.03440204198254,32.70089426309661,280562200
2006-06-09,32.59834289550781,33.10248513700721,32.56416298703232,32.948678808442956,144146200
2006-06-12,31.95749282836914,32.69234149971279,31.948946219176293,32.64107488286111,145607500
2006-06-13,31.829328536987305,32.29929112521529,31.75242533094438,32.03440483962752,207099500
2006-06-14,32.15403366088867,32.22239026035049,31.786607567496137,31.923324025997257,201876800
2006-06-15,33.02558517456055,33.1452116062471,32.299276717130184,32.34199997707884,200700400
2006-06-16,32.78274917602539,33.0734674774792,32.66304221573912,32.962309616454796,120006100
2006-06-19,32.51768112182617,32.95376020070378,32.41507562281909,32.91955728044476,129450100
2006-06-20,32.56043243408203,32.902451809671874,32.4407222277675,32.568981532219695,102871700
2006-06-21,33.073482513427734,33.33855037583173,32.60320355774514,32.611752660893615,129548100
2006-06-22,32.65450668334961,33.07348452204364,32.4834985158223,32.996529541947666,143100500
2006-06-23,32.62030029296875,32.9452183538131,32.4321874332802,32.628849394876845,88050200
2006-06-26,32.70580291748047,32.825509909543456,32.551892995750656,32.63739705814682,65157700
2006-06-27,32.090145111083984,32.774190271095556,32.055945462498656,32.72288590556397,128227500
2006-06-28,32.3295783996582,32.35522896437512,31.961905083785815,32.16711612506254,91576300
2006-06-29,33.312904357910156,33.312904357910156,32.406549170054795,32.474951796604124,181997200
2006-06-30,33.15044403076172,33.46681309803191,33.07348904015306,33.44971162658864,82719200
2006-07-03,33.34709930419922,33.34709930419922,33.18464025105753,33.25304286120137,21598500
2006-07-05,32.62030029296875,33.073477714831846,32.56899589620704,33.039274783657376,93724000
2006-07-06,32.58608627319336,32.902455124473605,32.50057897435415,32.72289468956616,70615200
2006-07-07,32.22698211669922,32.637407620209636,32.12437655626461,32.406545924674745,108063300
2006-07-10,31.944808959960938,32.43218934167727,31.782346658208002,32.31248233729379,105109800
2006-07-11,32.18421936035156,32.26972668373246,31.705391396502044,31.87639951972209,136114200
2006-07-12,31.577146530151367,32.184234126723204,31.50019153468646,32.11583149840572,154458900
2006-07-13,31.047019958496094,31.67120914881036,31.047019958496094,31.32918615548361,177745500
2006-07-14,30.730628967285156,31.10685468482056,30.60237286866529,31.038448822806476,172448500
2006-07-17,30.807601928710938,30.99571489737268,30.670793386531383,30.739199288507628,134311000
2006-07-18,30.910202026367188,31.06411200044584,30.38861858774199,30.970055542756437,206964900
2006-07-19,31.31207847595215,31.491642305847858,30.858900872086814,30.884551449883766,192517600
2006-07-20,30.85033416748047,31.46597051581018,30.816131242081457,31.423218489946663,152292100
2006-07-21,30.52541732788086,30.747729851683058,30.457011467159585,30.679327252732755,119343000
2006-07-24,31.132509231567383,31.149610699256826,30.610925883239478,30.64512881861836,130269300
2006-07-25,31.31207847595215,31.414687310684656,30.987160284616273,31.200923797650464,108869600
2006-07-26,31.286415100097656,31.52582909299383,30.978595245361994,31.21800923825817,107170500
2006-07-27,31.081207275390625,31.67119654092365,30.99570319198349,31.41468102893054,99698700
2006-07-28,31.731042861938477,31.756693428794286,31.209459590730585,31.235110157586394,93556100
2006-07-31,31.722517013549805,31.910630025781455,31.54295637193251,31.70541879586846,78015300
2006-08-01,31.192352294921875,31.465969162807742,31.00423947508646,31.440318600746675,98552800
2006-08-02,31.54293441772461,31.748148766579988,31.303520395536182,31.303520395536182,87370600
2006-08-03,31.739601135253906,31.927714044610383,31.192367139058963,31.22657007926412,99205600
2006-08-04,31.594253540039062,32.17569066061893,31.312084086622534,32.021780642714084,123493800
2006-08-07,31.389015197753906,31.5856771238444,31.235105297027356,31.560026560980127,69634800
2006-08-08,31.192352294921875,31.551476472628543,31.00423947508646,31.474521524674998,124139900
2006-08-09,31.235122680664062,31.902067042251364,31.149618582349614,31.628450013518414,145342200
2006-08-10,31.457443237304688,31.534398241950733,31.047017633116713,31.149623218720517,102481300
2006-08-11,31.235122680664062,31.371931195030538,31.098314166297584,31.33773151276812,86903200
2006-08-14,31.440319061279297,31.867845831334595,31.380465574413186,31.500172548145404,109281100
2006-08-15,32.23552322387695,32.27827525397839,31.713939976035295,31.80799639932095,133712100
2006-08-16,32.99652099609375,33.01362246077167,32.355230748640594,32.47493773961518,135452100
2006-08-17,33.11623764038086,33.330001118510175,32.868271222925614,32.88537269258858,129492200
2006-08-18,33.16754913330078,33.20175207993178,32.73146971818684,33.0307406085493,97754500
2006-08-21,32.851165771484375,32.970876044615444,32.71435729253458,32.91957164184499,66668400
2006-08-22,32.85969924926758,33.18462042318142,32.663037377674065,32.799845777989965,102058600
2006-08-23,32.61173629760742,33.06491355783503,32.423623505013374,32.885353125869734,96056300
2006-08-24,32.70580291748047,32.79130697987663,32.4236336403855,32.70580291748047,78985300
2006-08-25,32.765663146972656,33.039280116994725,32.54335058199406,32.63740376524975,73572900
2006-08-28,33.01362228393555,33.16753220344156,32.69725334351579,32.74000537409616,80035000
2006-08-29,33.11623764038086,33.1418882139894,32.64595864085073,32.987981510566364,104842000
2006-08-30,33.270145416259766,33.37275096571385,33.00507754658414,33.10768635780983,75687200
2006-08-31,33.23592758178711,33.37273600699454,33.141871177875096,33.312882524826925,61207200
2006-09-01,33.41550064086914,33.5266552749881,33.2615907117202,33.41550064086914,69388500
2006-09-05,33.74042510986328,33.75752657876838,33.21884172445878,33.43260519311494,85582800
2006-09-06,33.0649299621582,33.50955834411799,33.01362882001344,33.432603369129346,97888600
2006-09-07,32.91102981567383,33.261601824356035,32.79987188264616,32.96233096801572,115877400
2006-09-08,33.1076774597168,33.193181517653,32.88536169024949,32.95376754601504,96627000
2006-09-11,33.312904357910156,33.47536671178784,32.76567029842641,32.842625291902074,142377500
2006-09-12,33.928524017333984,34.03112952668867,33.30433533762328,33.30433533762328,124102400
2006-09-13,34.15938186645508,34.18503242309988,33.88576505634503,33.95416762798771,116054300
2006-09-14,34.1935920715332,34.39025399185773,33.99692688943831,34.073881837545336,98116000
2006-09-15,34.315956115722656,34.615395958548525,34.22184551836323,34.47850870702106,137825600
2006-09-18,34.32448959350586,34.56404458801181,34.17049111976902,34.32448959350586,117806700
2006-09-19,34.09349822998047,34.43571784947175,33.8111698180011,34.41005252028676,159060800
2006-09-20,34.589717864990234,34.68382842764957,34.38438543158365,34.39294271745176,116635500
2006-09-21,34.37583541870117,34.79505109297997,34.290282131931654,34.675275186043166,121886900
2006-09-22,34.110599517822266,34.358708505892594,33.96515834363103,34.35015448655961,100996400
2006-09-25,34.709495544433594,34.78649480296813,33.9480602453968,34.256057279534936,136473400
2006-09-26,34.88059616088867,34.9062614857409,34.564045187669954,34.666709750726476,113375600
2006-09-27,34.83784103393555,35.03461626109918,34.649619832453105,34.79506111458072,113003800
2006-09-28,34.931941986083984,34.98327265329227,34.58972230766801,34.88060805522697,85943600
2006-09-29,34.77793502807617,35.01748678671825,34.75226643704457,34.99182145933458,85438200
2006-10-02,34.34160614013672,34.82071293863994,34.29027548348684,34.73515640481005,97068800
2006-10-03,34.48705291748047,34.632494139225905,34.11916795657953,34.238943848287136,116261400
2006-10-04,35.33403015136719,35.34258743441015,34.34159745545419,34.427153967647605,149209500
2006-10-05,35.505157470703125,35.55649140340567,35.2313830235872,35.33404762534346,91799900
2006-10-06,35.42814254760742,35.55647569082835,35.28270136469462,35.385365921082915,85450400
2006-10-09,35.54792785644531,35.71048364955429,35.35115271120921,35.3853753269846,62786100
2006-10-10,35.60783004760742,35.7190519615491,35.34261282836518,35.59071873287412,98181800
2006-10-11,35.53937911987305,35.787488225671936,35.22282477234394,35.44526854431838,136561300
2006-10-12,36.104042053222656,36.14681870073041,35.67626905084715,35.727599722396846,95260200
2006-10-13,36.300819396972656,36.37781867251578,36.0527102575949,36.129709533138026,80470200
2006-10-16,36.33503341674805,36.46336333649299,36.27514546813738,36.30081079935669,62017400
2006-10-17,35.93292236328125,36.104032170121734,35.727589942343045,36.07836357772439,146149100
2006-10-18,35.76179885864258,36.198128862141274,35.63346900040233,36.12112964173838,120366100
2006-10-19,35.84737014770508,36.027033981538615,35.58214977610685,35.66770305022333,108198400
2006-10-20,35.93292236328125,36.001367591476686,35.624925363698,35.96714497737897,105454300
2006-10-23,36.300819396972656,36.42915261076092,35.77893578091918,35.8644890810119,126960500
2006-10-24,36.052696228027344,36.31791657694547,35.8644751246888,36.17247210700717,103541700
2006-10-25,36.300819396972656,36.37781867251578,35.97571098205178,36.06982157034329,125399500
2006-10-26,36.63447570800781,36.72002899378866,36.12114946602543,36.42914651667432,130260700
2006-10-27,36.112586975097656,36.63447042863905,36.001368372339925,36.548917155187226,129375000
2006-10-30,36.343597412109375,36.48904194410902,35.984269621844334,36.06982292515049,103899900
2006-10-31,36.429161071777344,36.58315639498126,36.19816319149654,36.412049755054696,135811800
2006-11-01,35.93292236328125,36.59169299824585,35.778923863489624,36.557470384148125,148960600
2006-11-02,35.96715545654297,36.052708753065424,35.71049230332654,35.770380263622066,100216400
2006-11-03,35.8730354309082,36.09547590151288,35.59926103771098,36.01847664944814,119263300
2006-11-06,36.39491271972656,36.540353913617544,35.984251199528444,35.99280522002005,101283300
2006-11-07,36.643028259277344,36.865468731750035,36.33503124843191,36.394919193468716,139706500
2006-11-08,36.81414031982422,36.95958482500691,36.33503668780766,36.43770128557568,180245700
2006-11-09,36.643028259277344,37.08790920422272,36.506137797880946,37.01090995151136,124278000
2006-11-10,36.81414031982422,36.82269760676664,36.50614326287145,36.651587768054135,82419400
2006-11-13,37.19059371948242,37.25048169136165,36.78848596802219,36.83126262455739,89146200
2006-11-14,37.5841178894043,37.61834049615185,36.99379260942241,37.21623302598666,121962800
2006-11-15,37.73813247680664,37.98624158624061,37.57557665714013,37.635467876355925,116565900
2006-11-16,37.90068435668945,38.00334895530867,37.661132538695036,37.86646173593347,113513200
2006-11-17,37.90068435668945,37.90068435668945,37.60124458419643,37.695355159451026,95162500
2006-11-20,37.97768020629883,38.054679464251016,37.65257186565087,37.78090505012067,107184100
2006-11-21,38.02901077270508,38.08034143103884,37.85790096308017,38.00334217989003,68092200
2006-11-22,38.2685546875,38.285665991312584,37.86644720702292,38.140224804376835,69852700
2006-11-24,38.20011901855469,38.379782842664376,37.9691212745645,37.98623258119133,51762900
2006-11-27,37.33603286743164,38.16591366404346,37.33603286743164,38.08035709222035,159506300
2006-11-28,37.447242736816406,37.507130686009255,37.07935775540406,37.224798985258566,118268400
2006-11-29,37.70389938354492,37.79800993434011,37.35312577108423,37.64401144461123,139515500
2006-11-30,37.678245544433594,37.88357475091096,37.46435905055781,37.68679956818311,123457100
2006-12-01,37.353118896484375,37.94344415603426,37.0108993681484,37.64400451647576,144559600
2006-12-04,37.86644744873047,38.054668528222884,37.4643432293342,37.4643432293342,89782400
2006-12-05,38.00336837768555,38.11459032016032,37.806593103245824,37.97770303082614,84697500
2006-12-06,37.86644744873047,37.98622657618315,37.70389495694453,37.883558752652284,78207500
2006-12-07,37.387359619140625,38.05468443275469,37.387359619140625,37.93490851889051,124936100
2006-12-08,37.558448791503906,37.866442430335944,37.19056396505908,37.26756319067886,133798700
2006-12-11,37.695343017578125,37.960560083887316,37.430122687621235,37.49856790708664,72931300
2006-12-12,37.472900390625,37.75523203352998,37.26757125364664,37.68678681210533,110985900
2006-12-13,37.54134750366211,37.73812262970128,37.31890378647143,37.729565344768126,79035500
2006-12-14,37.960548400878906,38.13165813323276,37.59266361859445,37.61833219981788,109104200
2006-12-15,38.05820846557617,38.34088083139865,37.989679851059094,38.27235548450576,99942300
2006-12-18,37.68131637573242,38.33232197032272,37.518562526366345,38.18670354470535,121588700
2006-12-19,37.56137466430664,37.74126059020849,37.15878061020064,37.390059714111686,136535200
2006-12-20,37.42433166503906,37.78410035421007,37.407199511495286,37.604217643436655,67213400
2006-12-21,37.15880584716797,37.51000696178834,37.013184119453186,37.467178195151796,102952300
2006-12-22,36.77334213256836,37.18450419324052,36.77334213256836,37.17593974656271,92858600
2006-12-26,36.927513122558594,36.93607756571316,36.730498253760956,36.77332700478231,50848600
2006-12-27,37.115966796875,37.17592770707799,36.91894864320858,37.01317386427743,54129200
2006-12-28,36.93608093261719,37.158795686428576,36.87612002219671,37.00460955459747,69016000
2006-12-29,36.97035598754883,37.355821429146545,36.93609166660114,36.996052594446844,75152500
2007-01-03,37.03886795043945,37.7412698754403,36.42212352160982,37.22731509554093,167689500
2007-01-04,37.74127960205078,37.86976587942084,36.96178442255622,37.090270699926286,136853500
2007-01-05,37.56137466430664,37.64703540702733,37.244438085298114,37.64703540702733,138958800
2007-01-08,37.587093353271484,37.792672703556555,37.381510735361566,37.595657798023005,106401600
2007-01-09,37.775543212890625,37.93829708328153,37.3729489286541,37.69845013418574,121577500
2007-01-10,38.22096633911133,38.255230652928056,37.53569640090081,37.65561823163455,121070100
2007-01-11,38.61500930786133,38.752063330623564,38.246676009008006,38.298069225277814,174029800
2007-01-12,38.812007904052734,38.84626894458476,38.520767819972775,38.56359657135601,104217300
2007-01-16,38.78630828857422,38.88910121370421,38.65782203359817,38.84626919442123,95690500
2007-01-17,38.469383239746094,38.794887732520664,38.400857869892405,38.6235694064485,127142600
2007-01-18,37.75841522216797,38.40942091637338,37.64705782413442,38.36659215332206,189029800
2007-01-19,37.83549118041992,37.929716385204365,37.61277973353085,37.66417619094708,127544300
2007-01-22,37.42433166503906,37.886890007848564,37.27014555076923,37.86975785430479,123441700
2007-01-23,37.330116271972656,37.672749600094576,37.261587645773425,37.39864163054715,133103600
2007-01-24,37.946868896484375,37.964001058148,37.492878049088375,37.569971142761815,117615300
2007-01-25,37.458595275878906,38.09247187472008,37.330109028125015,37.99824666579276,158337600
2007-01-26,37.32154846191406,37.54426322885218,37.08170480609585,37.527131072347345,146284300
2007-01-29,37.35582733154297,37.61280324400302,37.17594451958353,37.22733774149994,104191500
2007-01-30,37.3729362487793,37.509990201352245,37.2787110437059,37.415764996278845,69605900
2007-01-31,37.749847412109375,37.85263709669378,37.115973878276165,37.33012096060836,157772500
2007-02-01,37.689884185791016,38.03252080362092,37.56139463719856,37.92116341268245,147365600
2007-02-02,37.82694625854492,37.90403935064108,37.63849575172638,37.7926819359187,98189200
2007-02-05,37.79268264770508,37.998265319708665,37.6556286222446,37.80981480934086,96347800
2007-02-06,37.74127960205078,37.886898036595156,37.381510836639904,37.86120143464612,121110200
2007-02-07,38.083919525146484,38.24667341262068,37.79267933809446,37.92973335155274,117823800
2007-02-08,38.07534408569336,38.20383034817435,37.88689364623851,38.03251533153303,89521900
2007-02-09,37.587093353271484,38.30662761451893,37.45860380862468,38.17813806987212,133472000
2007-02-12,37.44147872924805,37.59566490492086,37.33868903467466,37.57853274455439,126940000
2007-02-13,37.56995391845703,37.68987572749737,37.43289995560747,37.50142530322014,93648000
2007-02-14,38.203834533691406,38.298059763741904,37.72414720634316,37.72414720634316,133370000
2007-02-15,38.42655563354492,38.42655563354492,38.16101205674671,38.22954069629156,110452500
2007-02-16,38.298065185546875,38.40085814249505,38.178143336732646,38.25523642063112,72342200
2007-02-20,38.589290618896484,38.64925152039598,38.05820694806205,38.23808965256054,93629000
2007-02-21,38.70921325683594,38.726345410151616,38.40084430002602,38.4779340885104,95864000
2007-02-22,38.90625,39.017607425369,38.60644531742113,38.85485677877275,116344400
2007-02-23,38.769187927246094,38.94050625361694,38.597872868500545,38.906241934817714,113467100
2007-02-26,38.58073043823242,38.97476019665001,38.34088353811458,38.957628041811276,101623700
2007-02-27,36.99603271484375,38.101031964450456,36.88467863303748,38.00680676628843,317813200
2007-02-28,37.115966796875,37.48429670199712,36.77333022346548,36.96178066560317,214978700
2007-03-01,36.94465255737305,37.29585361316005,36.182289529027486,36.44782979826589,231806500
2007-03-02,36.387882232666016,36.953230560820565,36.3793177846812,36.6448581513497,183359400
2007-03-05,36.10520553588867,36.66198608418026,36.02811244241744,36.10520553588867,171885400
2007-03-06,36.70480728149414,36.824732388082055,36.40500268408697,36.43069928740043,155551800
2007-03-07,36.5592041015625,36.816180044851784,36.53350748752149,36.713390321061354,119979300
2007-03-08,36.807579040527344,37.03885814008033,36.69622171090039,36.94463295867469,120900700
2007-03-09,36.77334213256836,37.124543263619096,36.53349841408266,37.11597881694129,128597600
2007-03-12,37.013187408447266,37.07314834059165,36.68768613898511,36.72194719476352,81310100
2007-03-13,36.29365158081055,37.03888588231615,36.28508713409667,36.83330321730153,171231800
2007-03-14,36.824729919433594,36.83329436408892,36.0623636401162,36.345039328114474,192586700
2007-03-15,36.739078521728516,36.88470025907463,36.593460052008055,36.74764623619775,111627400
2007-03-16,36.71079635620117,36.89079246396399,36.52222713682065,36.80507769620736,108328800
2007-03-19,37.087913513183594,37.19076791485527,36.813632928937466,36.907917492837534,95913200
2007-03-20,37.353641510009766,37.36221135173903,37.0365017813993,37.079357529413585,78755700
2007-03-21,38.07363510131836,38.09077805859308,37.15650814007187,37.40507611602815,173333500
2007-03-22,37.936466217041016,38.09932255397984,37.7907560941824,38.09074944693973,114856300
2007-03-23,37.816490173339844,38.030772194468874,37.77363442305087,37.936487582022636,68530300
2007-03-26,37.97077178955078,37.98791474283543,37.39649756809309,37.8336314329576,114237300
2007-03-27,37.70506286621094,37.919344870232024,37.670776960843426,37.910771759048195,76419200
2007-03-28,37.30221939086914,37.73935333109668,37.29364627790678,37.54221423886194,142795000
2007-03-29,37.345054626464844,37.58504934258662,36.94220355038948,37.55933655719723,124407000
2007-03-30,37.310787200927734,37.60221090176007,37.04507956789652,37.336503268728855,120418700
2007-04-02,37.36220169067383,37.507911850181664,37.11363383890773,37.43077021582953,89617700
2007-04-03,37.85077667236328,37.97934719492158,37.53364019165281,37.55935298829078,105814500
2007-04-04,38.00505447387695,38.03934037753933,37.82505838417505,37.87648396998488,85147200
2007-04-05,38.19363784790039,38.21078080609329,37.91078394224496,37.96221281682366,54220200
2007-04-09,38.09933090209961,38.35646858504599,38.039332218401555,38.32218268873766,63050200
2007-04-10,38.296478271484375,38.296478271484375,38.06505332534713,38.09076611835668,76364500
2007-04-11,37.893611907958984,38.27931999712975,37.77361456236862,38.26217705209078,114012300
2007-04-12,38.19363784790039,38.24506345279414,37.67078906691425,37.83364226521938,113801300
2007-04-13,38.270751953125,38.3307506287322,37.9621854673265,38.20218016975529,94572000
2007-04-16,38.62218475341797,38.6993263960089,38.42504572672636,38.42504572672636,72803200
2007-04-17,38.70790481567383,38.74219072435416,38.53647854195638,38.69933497334585,81852300
2007-04-18,38.5793342590332,38.76790348692497,38.42505420947583,38.51076571141706,82002500
2007-04-19,38.69932556152344,38.7850370426947,38.330760307056856,38.407901947984364,95413000
2007-04-20,38.913612365722656,39.1450340475555,38.74218611241211,39.01646680983546,122377400
2007-04-23,38.97361755371094,39.08504185768562,38.86218998005189,38.96504444129174,85303300
2007-04-24,39.170738220214844,39.282165741494445,38.85360187315442,39.110739540221864,108143700
2007-04-25,39.693607330322266,39.702177173490746,39.17075861556242,39.29932588119686,106818100
2007-04-26,39.89931106567383,39.98502583461557,39.71074511337021,39.78788350089161,99308300
2007-04-27,39.916465759277344,40.027893356831484,39.67647087502388,39.74503944065984,96536500
2007-04-30,39.39358139038086,39.88214383202234,39.359295503677075,39.84786121500068,93290500
2007-05-01,39.35932159423828,39.547890826426,39.13646972230358,39.40218061586952,135044400
2007-05-02,39.78788375854492,39.92502738973981,39.470747285617065,39.50503319341579,91971600
2007-05-03,39.933597564697266,40.045025131129805,39.79645720204343,39.86502574852827,98003600
2007-05-04,39.96788787841797,40.19073976616372,39.78788847597521,40.0878853002568,93591800
2007-05-07,39.96788787841797,40.096455143380496,39.91645901062225,39.99360067747357,47487900
2007-05-08,40.05358123779297,40.087867134119854,39.68501602648653,39.83072945103428,95138900
2007-05-09,40.13930130004883,40.25929868341846,39.822161621505124,39.8478776820011,116021000
2007-05-10,39.59072494506836,40.09643038895527,39.48787054266089,40.00214582438072,171196300
2007-05-11,40.096431732177734,40.096431732177734,39.58215643322979,39.63358527099763,104767900
2007-05-14,39.82216262817383,40.18215805706655,39.5907376959607,40.087873462126,118899200
2007-05-15,39.51359558105469,40.027874291961474,39.41931425692111,39.787876252331564,179438500
2007-05-16,39.89931106567383,39.907884177410054,39.3507496231831,39.59931754858799,144420500
2007-05-17,39.71073913574219,39.91644801086895,39.67645323332652,39.847879475721236,109869100
2007-05-18,40.036460876464844,40.036460876464844,39.75361024640356,39.839321765892464,104961700
2007-05-21,40.293582916259766,40.49072521927016,40.00215928662807,40.06216125038141,112831400
2007-05-22,40.32787322998047,40.5250122848724,40.1735899227287,40.31930338832602,98029100
2007-05-23,40.13930130004883,40.60214788309119,40.11358523955286,40.44786459884925,119220600
2007-05-24,39.56501770019531,40.31929105269234,39.40216460111379,40.16500779264334,206268600
2007-05-25,39.813594818115234,39.90787941786441,39.58216987409919,39.65073841139077,87143200
2007-05-29,40.122169494628906,40.16502524778191,39.779316930036146,39.856458593585295,99702400
2007-05-30,40.44786834716797,40.456441458022255,39.7278807105452,39.83930826386452,132036500
2007-05-31,40.636444091796875,40.73072870827022,40.46501781363481,40.55930243010816,109457700
2007-06-01,40.66215133666992,40.94500514746597,40.60215263795874,40.782152003776154,125089800
2007-06-04,40.78215408325195,40.83357967352153,40.49073041621631,40.516443211351095,64782700
2007-06-05,40.78215408325195,40.78215408325195,40.28501824608597,40.670726521527854,151160400
2007-06-06,40.345008850097656,40.61071966866695,40.250724260615534,40.602146558886744,183166500
2007-06-07,39.71930694580078,40.46500730195669,39.702163995469405,40.20786958635294,221373300
2007-06-08,40.2078857421875,40.22502869940705,39.565039560035906,39.70217994810752,177587800
2007-06-11,40.130733489990234,40.44786994073417,40.07930463188964,40.182162348090834,97100400
2007-06-12,39.89073944091797,40.31930345742199,39.813597787159885,39.91645223560934,153967700
2007-06-13,40.32787322998047,40.36215913596619,39.89073937255644,40.06216563280106,147985300
2007-06-14,40.59358215332031,40.70500970759703,40.36215720352274,40.37072704476689,101531900
2007-06-15,40.96842575073242,41.062784042108056,40.87407073159604,40.96842575073242,100378400
2007-06-18,40.97701644897461,41.06279495179366,40.89123467391543,41.04563859678182,75713200
2007-06-19,40.96842575073242,41.054207503000846,40.75397627842025,40.85691438114236,109621300
2007-06-20,40.582435607910156,41.10568978170199,40.522389993339935,41.028491082032204,161889500
2007-06-21,40.9512825012207,40.99417175152912,40.38513588932549,40.565272703964865,143181300
2007-06-22,40.5652961730957,40.92557001081158,40.4366250754875,40.86552437119227,153328700
2007-06-25,40.393714904785156,40.81403743693036,40.16210901224476,40.573851730458706,136602600
2007-06-26,40.16211700439453,40.5910161635805,40.093494840490045,40.582439620182775,128211900
2007-06-27,40.779727935791016,40.796884292763814,40.05917730413613,40.119222917420664,141196200
2007-06-28,40.7625617980957,41.04563343962429,40.719672552074975,40.7625617980957,116546300
2007-06-29,40.83119201660156,41.071377731875,40.496651250308254,40.98559595062007,124794700
2007-07-02,41.20004653930664,41.21720289599233,40.899818477908255,40.92555137681656,80863100
2007-07-03,41.440216064453125,41.448792603323746,41.208610248076276,41.251499486907726,34803300
2007-07-05,41.74045944213867,41.83481776580057,41.42307503074534,41.465964285435184,73588500
2007-07-06,41.912010192871094,41.95489943779823,41.60320239381229,41.783339185850046,65804300
2007-07-09,41.93776321411133,42.01496520093041,41.791939056920384,41.94634303055856,66768800
2007-07-10,41.58606719970703,41.94634423932527,41.543177932958535,41.70615845549934,104383100
2007-07-11,41.86912155151367,41.86912155151367,41.44879909179339,41.4916883373388,99637600
2007-07-12,42.512481689453125,42.606836746587405,41.963488070566726,42.006380600093905,107667100
2007-07-13,42.80412292480469,42.86416852501175,42.52104800476586,42.57251706447468,74232200
2007-07-16,42.7612419128418,42.95853839203244,42.68403993862305,42.795554628548054,77799500
2007-07-17,43.08719253540039,43.147238132768436,42.82127398117072,42.85558668602093,124833700
2007-07-18,43.035728454589844,43.035728454589844,42.58109651559163,42.84701510057097,144915900
2007-07-19,43.16440963745117,43.45606118657884,43.15583309434776,43.24161161434499,116563800
2007-07-20,42.93279266357422,43.198711242751166,42.666877356637215,43.13866563974991,163721300
2007-07-23,42.94997024536133,43.155843323288494,42.82129916262665,43.078641328096,107464100
2007-07-24,42.31517028808594,42.9756717651424,42.07498466055351,42.6325545821862,175496200
2007-07-25,42.37522506713867,42.60682766154987,42.08357359864174,42.529628978239394,170258700
2007-07-26,42.014957427978516,42.435280005618964,41.21720480251609,42.08358285789557,318522000
2007-07-27,41.16572952270508,42.13503895526707,41.16572952270508,41.93774579804897,246387600
2007-07-30,41.64608383178711,41.800487702372045,41.131406444663334,41.36301225054074,166517200
2007-07-31,40.7711296081543,42.023516920570266,40.685351134480435,42.00636057138769,260224500
2007-08-01,41.08851623535156,41.11424912242703,40.29934055190131,40.651037521634855,301153900
2007-08-02,41.46595001220703,41.543151952970796,40.9941618285348,41.114253009225266,177369900
2007-08-03,40.676788330078125,41.440231462810466,40.44518569988156,41.38876239374435,166048400
2007-08-06,41.1485595703125,41.19144880383973,40.34222758215006,40.7196606905627,190869100
2007-08-07,41.440216064453125,41.70613130855163,40.72824226534216,41.07136272047212,167109700
2007-08-08,41.894859313964844,42.08357594298741,41.51742932815978,41.611784370430996,164831200
2007-08-09,40.92554473876953,42.00637212897645,40.908388384866576,41.337287415720766,242418200
2007-08-10,40.55667495727539,41.02846631877218,39.99910840532975,40.48805284157315,247006400
2007-08-13,40.83119201660156,41.071377731875,40.72825715133602,40.89981744160551,116935100
2007-08-14,40.13637924194336,40.95128820016952,40.08491017106658,40.91697548625167,153529800
2007-08-15,39.3729133605957,40.393691383930275,39.2957114413695,40.04199447906388,214854100
2007-08-16,38.9869270324707,39.381513400793985,38.07765980472374,39.05554918371635,362468700
2007-08-17,39.72463607788086,39.96481852832307,39.107020322754636,39.72463607788086,223246600
2007-08-20,39.91334915161133,40.07633290365218,39.52734257986086,39.8790397105547,144715100
2007-08-21,40.333683013916016,40.428041365810174,39.793269080857606,39.870471071294524,115027200
2007-08-22,40.88266372680664,40.91697644152558,40.54812293889846,40.642481268255246,115814100
2007-08-23,40.7711296081543,41.04562465059749,40.51379091489368,40.99415887528878,118663400
2007-08-24,41.345863342285156,41.371596234600744,40.591000202711655,40.64246925958245,88189200
2007-08-27,41.071372985839844,41.345868109655385,41.037060277302906,41.22577690201609,72490400
2007-08-28,40.09347915649414,40.91696443465771,40.06774299188679,40.83118267303257,106024800
2007-08-29,41.242942810058594,41.2772522543032,40.359408357884874,40.359408357884874,113201000
2007-08-30,41.45738220214844,41.80907927918154,40.95985775197286,41.028483168096365,138930000
2007-08-31,41.92058181762695,42.083565510375166,41.69755580681264,41.91200527854301,94687200
2007-09-04,42.61540985107422,42.88990498117453,41.954904921695324,41.9720612763566,98480900
2007-09-05,42.18650817871094,42.589674307587714,41.92058960635223,42.51247235253131,114049300
2007-09-06,42.152198791503906,42.34091542366986,41.86912711549509,42.22940075264088,99222600
2007-09-07,41.371612548828125,41.68899701075439,41.13143006653159,41.62895139018026,152438000
2007-09-10,41.345863342285156,41.817651577428734,41.01132265322406,41.70613692366183,125199400
2007-09-11,41.9720573425293,42.023526401689196,41.54315833291607,41.611780472889514,103064500
2007-09-12,41.98063659667969,42.34949003056994,41.84338903562099,41.89485809810799,93993400
2007-09-13,42.18650817871094,42.33233227590645,41.9806352078139,42.28086648736209,80807500
2007-09-14,42.22080993652344,42.2980118715586,41.80048756305665,41.86053314894633,99801200
2007-09-17,41.86912155151367,42.117880484572936,41.680404944426236,42.032101993482115,84882300
2007-09-18,42.92421340942383,42.95852611532418,41.886278597736094,42.10930464160893,151452100
2007-09-19,43.035728454589844,43.39600535269863,42.87274799606445,43.13866658104379,127025800
2007-09-20,42.91563415527344,43.11292730840818,42.82127584893948,42.94137032115347,109970600
2007-09-21,43.22116470336914,43.35848360078177,42.920777364444746,43.152503617692446,86829500
2007-09-24,43.41856384277344,43.736113204254806,43.195421844582995,43.33274075284043,107226800
2007-09-25,43.83051300048828,43.83051300048828,43.22116065491802,43.27265319041156,101102200
2007-09-26,44.04508590698242,44.2081511035017,43.87343643625924,44.07941645591532,96124600
2007-09-27,44.268226623535156,44.328303440984804,44.079411897869974,44.302553894977095,73423200
2007-09-28,44.122318267822266,44.35404451106804,43.924922565933045,44.23389089026074,75546000
2007-10-01,44.628684997558594,44.76600389736268,44.09657467006036,44.15665148410335,100404100
2007-10-02,44.637271881103516,44.68018670302679,44.38838359323129,44.663021429045735,71046000
2007-10-03,44.32831573486328,44.68877673953031,44.199577790943955,44.49138095974476,106785000
2007-10-04,44.43130874633789,44.4828045840494,44.06226342759443,44.41414346710072,84129300
2007-10-05,45.33244323730469,45.40110432185828,44.6801793037491,44.77458338409923,115674700
2007-10-08,45.61568832397461,45.62426932690458,45.2380587162087,45.31530083834787,63022400
2007-10-09,45.813079833984375,45.873156670686654,45.51269237653094,45.71867244089736,93965600
2007-10-10,45.92464828491211,45.976144118428,45.6671756652166,45.8216598918223,91777500
2007-10-11,45.195125579833984,46.29367677125028,44.86899196715447,46.16494214509788,239786700
2007-10-12,45.94180679321289,45.950391067838304,45.31528897715932,45.40111535370594,131676000
2007-10-15,45.58993911743164,46.09630341669016,45.22947806064204,46.010480290961894,121578700
2007-10-16,45.375370025634766,45.72725001736215,45.212304805936355,45.30671219195084,193676600
2007-10-17,45.958961486816406,46.053368842310356,45.212290189454535,46.019038299596055,183985200
2007-10-18,46.156333923339844,46.25074123123128,45.58989334993036,45.77012697133177,144491200
2007-10-19,45.00632858276367,46.14779503950834,44.963417023820796,46.14779503950834,245111500
2007-10-22,45.5469970703125,45.58990860445628,44.64584175753244,44.76599536271109,207052100
2007-10-23,46.499664306640625,46.5254105812633,45.77873915173374,46.01046544516181,162360600
2007-10-24,46.14778518676758,46.29368511081155,45.143637897394925,46.122038911687206,298293400
2007-10-25,45.52985763549805,46.328025064425034,45.27238501060529,46.250782949562996,233833100
2007-10-26,46.28508377075195,46.51680996646891,45.86454291024192,46.413821637463585,146690300
2007-10-29,46.473907470703125,46.62839163121491,46.20785068894602,46.508234737751955,101896600
2007-10-30,46.56832504272461,46.82580090081955,46.25935990610544,46.293687183102094,114616600
2007-10-31,47.22917938232422,47.26350993759962,46.379519419880616,46.748564704236344,148431900
2007-11-01,46.34516906738281,47.00601724140169,46.319422798895246,46.92877516199844,181974200
2007-11-02,46.70563888549805,46.81721152692426,46.00187903762408,46.70563888549805,217882900
2007-11-05,46.40525817871094,46.68848030291979,45.99330140399559,46.22502770363699,150588900
2007-11-06,46.928768157958984,46.93734915486063,46.15634747920887,46.62838415730064,131884700
2007-11-07,45.78730773925781,46.842950547786806,45.75298047371397,46.53398224030909,197908200
2007-11-08,44.3969612121582,45.770153560594906,43.598794039501016,45.6070851071641,380626400
2007-11-09,42.91219711303711,43.87342941166571,42.91219711303711,43.53871479801455,309414900
2007-11-12,41.822235107421875,43.11818554754868,41.75357728103861,42.84354442019123,283216000
2007-11-13,43.547298431396484,43.59020997309125,42.35433661906119,42.38866716199331,255625900
2007-11-14,42.98944091796875,44.148068976778575,42.82637574103684,44.10515743273764,263284100
2007-11-15,42.75771713256836,43.375653879226476,42.371506665907035,42.91220131923289,251548800
2007-11-16,43.15251159667969,43.332745342936214,42.3457633344537,43.04952322306265,263623700
2007-11-19,42.65475082397461,43.29843417662832,42.405859141868895,43.049542494522605,198651100
2007-11-20,42.826377868652344,43.5816302483283,41.993880122347825,42.877870414483226,300763600
2007-11-21,42.320003509521484,43.05809043705462,41.92520886816895,42.440157119260824,212225400
2007-11-23,42.7748908996582,42.88646356194639,42.371515079499055,42.59466040407544,46463300
2007-11-26,42.03681182861328,43.22977106362006,41.968153976598,42.886475255658304,150352100
2007-11-27,42.87786865234375,42.95511074185679,42.1397783023171,42.397254116654565,211369300
2007-11-28,44.18239974975586,44.37121447324017,43.42714412975959,43.45289367546989,216868100
2007-11-29,44.371212005615234,44.53427717432067,43.9420900389728,44.01074785118638,172087300
2007-11-30,44.03651428222656,44.84326271026092,43.72754582393279,44.80893215401894,171417400
2007-12-03,43.66746139526367,44.225318104465295,43.615965569853984,43.847691873285356,108625700
2007-12-04,43.48722839355469,43.71895470098387,43.23834008463433,43.33274746254343,113374100
2007-12-05,44.268226623535156,44.62868752823305,43.907762444896264,43.94209299027921,137614200
2007-12-06,44.90333557128906,44.946247125821436,44.29398298468082,44.31114826128211,99724500
2007-12-07,44.91191864013672,45.092149128696384,44.69735759929664,44.8775880878563,88992300
2007-12-10,45.0921630859375,45.220897785923405,44.90334826389362,45.02350196012421,75657900
2007-12-11,44.04508590698242,45.349617300960695,43.950678534387606,45.16080255577106,167064300
2007-12-12,44.43988037109375,44.99774036978182,43.67604361291026,44.84325616318948,162975200
2007-12-13,44.19956970214844,44.31114234819724,43.753282391894565,44.053669781419586,153476200
2007-12-14,43.74470138549805,44.28539279347194,43.70178656275677,43.84768975740622,128396700
2007-12-17,42.680477142333984,43.761866502271594,42.663311868087526,43.581632759654454,134377000
2007-12-18,42.81777572631836,43.143909234223266,42.20842351271322,43.11816297205226,154251700
2007-12-19,42.809207916259766,43.08384571047638,42.5774816635256,42.81778891497995,137970900
2007-12-20,43.684627532958984,43.73612008544392,43.083855987082906,43.44431695024363,167341700
2007-12-21,44.546348571777344,44.58930813665308,44.22846811129574,44.40029653873473,107573500
2007-12-24,44.88140869140625,45.01887075709423,44.63225767317361,44.68380389946025,34499800
2007-12-26,45.10477828979492,45.21646722988586,44.67520897274925,44.78689791284019,58492100
2007-12-27,44.56349182128906,45.10474973577686,44.42602985795029,44.958697833570795,65778900
2007-12-28,44.52058410644531,44.81269150665059,44.18552041037123,44.709595741094404,67545400
2007-12-31,44.00508117675781,44.40028415549713,43.99648795523745,44.30577838289561,70135600
2008-01-02,43.309181213378906,44.21986940423887,43.06862342903454,44.04804101084118,152344100
2008-01-03,43.48959732055664,43.60987620655834,43.085804385744346,43.30917899155409,114103700
2008-01-04,41.582305908203125,42.81087426076504,41.419067490996966,42.7936910969879,212617600
2008-01-07,41.38470458984375,41.754134448255385,40.74894386421929,41.582309350964664,235083600
2008-01-08,40.31077194213867,41.89158672089036,40.31077194213867,41.4706107424296,261669800
2008-01-09,41.169925689697266,41.204292024895665,39.91558395114273,40.47402542737731,254011800
2008-01-10,41.230072021484375,41.59090874056865,40.628674212322856,40.74895311868428,249958500
2008-01-11,40.42247009277344,41.041050927684644,40.12177289655473,41.00668459744432,211685200
2008-01-14,41.12696075439453,41.24723962492267,40.64584527228196,40.972315555900224,168048500
2008-01-15,39.9929084777832,40.82627412072038,39.821080070934244,40.6974019962451,241094900
2008-01-16,39.56333923339844,40.302199091204606,39.056447234021256,39.683618135394,265625900
2008-01-17,39.01350402832031,40.018698418440614,38.833085614853076,39.72659101110326,254098800
2008-01-18,38.9619255065918,39.64064563573315,38.644045213170415,39.21107643157071,273063300
2008-01-22,37.95673751831055,38.46362934205094,36.710986092777055,36.79690190540017,325732000
2008-01-23,37.81069564819336,37.93097782840642,35.74876457628396,36.547763890822075,390129000
2008-01-24,38.58392333984375,38.601106509109776,37.85365667148699,37.96534235568451,250249100
2008-01-25,37.793514251708984,39.40869270770358,37.75055469323816,39.40869270770358,199299100
2008-01-28,38.085609436035156,38.18011191348757,37.43266237229854,37.81927533406981,163711200
2008-01-29,38.15434646606445,38.386314289683156,37.836466090299766,38.28321857163722,138520000
2008-01-30,38.11996841430664,38.936150518174024,37.95673330447428,38.0168727279574,220824400
2008-01-31,38.772945404052734,39.16814857192444,37.64747209309081,37.69042838918899,246824100
2008-02-01,39.16813278198242,39.41728378720844,38.55814510217031,39.090810169234835,161920300
2008-02-04,38.618289947509766,39.18532142782261,38.60969672413965,39.159548312421165,100209900
2008-02-05,37.518585205078125,38.317584452925566,37.4928120930037,37.94815455220668,188990400
2008-02-06,36.77973556518555,37.948161655096214,36.74536922441783,37.73337694132994,178285000
2008-02-07,37.037471771240234,37.62168637923853,36.2126993637206,36.367344599799814,286254800
2008-02-08,37.45845413208008,37.604509446976884,36.89142259821109,37.1148005439698,173781300
2008-02-11,37.86225509643555,37.991127256113565,37.40691247965549,37.60451405443467,119562300
2008-02-12,37.647457122802734,38.38631692036724,37.38112294913176,38.09420963475695,145412400
2008-02-13,38.47222900390625,38.558144838234355,37.93956394048789,38.137165443411575,148685900
2008-02-14,37.77631759643555,38.53235705075004,37.707584949305314,38.53235705075004,170868900
2008-02-15,37.647457122802734,37.78491918206911,37.329576725253126,37.570134509630776,100053300
2008-02-19,37.57872772216797,38.23167168417657,37.17493148933462,38.14575912616497,110507600
2008-02-20,37.75054931640625,37.879421418755065,37.14915491172168,37.16633479983806,137338800
2008-02-21,37.38971710205078,38.205899533103626,37.235071871857436,38.11139375050168,127857000
2008-02-22,37.527164459228516,37.535754400938025,36.59929344166685,37.518571240166196,157364700
2008-02-25,37.71619415283203,37.86224617385047,37.235075251083344,37.48422628649004,121444300
2008-02-26,37.86225509643555,38.214501951886284,37.26085714686339,37.501418293105345,148375900
2008-02-27,38.05125427246094,38.197306280107725,37.51858591228608,37.60450174974368,125682600
2008-02-28,37.90520477294922,38.257451566903754,37.75915274301044,37.90520477294922,129196700
2008-02-29,36.900001525878906,37.60449487751449,36.81408570412244,37.501399168760216,188724500
2008-03-03,36.65944290161133,36.934370271872055,36.29001631461741,36.874227554029545,132963800
2008-03-04,36.86563491821289,36.9773238469744,36.10100213581053,36.42747570130769,183851000
2008-03-05,37.046051025390625,37.40689089789078,36.728170699567904,36.93436538061846,183208300
2008-03-06,36.229896545410156,37.17495158107653,36.16975706682798,37.02030627119214,152752200
2008-03-07,36.14396667480469,36.633675496383546,35.55116212167086,36.01509455234532,242552400
2008-03-10,35.44805908203125,36.20410200795932,35.37073647281868,36.09241306635142,146801900
2008-03-11,36.796905517578125,36.81408540443608,35.662839621099096,35.96354007876863,196755300
2008-03-12,36.693824768066406,37.32099582537806,36.59931895661374,36.9429758569225,155566100
2008-03-13,36.97732162475586,37.22647257496087,35.92058166880556,36.28141826370667,208967900
2008-03-14,36.298606872558594,37.26943443556655,35.86044761625094,37.226478159827174,309589800
2008-03-17,35.63706970214844,36.09241212375633,35.26763983193133,35.47383454356446,193130600
2008-03-18,37.226497650146484,37.235087598850214,36.17834693109595,36.29003592837728,216300400
2008-03-19,36.30719757080078,37.4584434822357,36.28142446029265,37.38112087335747,216157200
2008-03-20,37.049224853515625,37.057821513096265,36.19801123873286,36.41296380732371,128397000
2008-03-24,38.330345153808594,38.485107991922916,37.21258912805245,37.21258912805245,125018000
2008-03-25,38.5452995300293,38.75165217708977,38.072401214023664,38.433523266253765,118107500
2008-03-26,38.43351745605469,38.56248702099142,38.07239545841732,38.40772091913479,124824600
2008-03-27,37.58230209350586,38.27014957992834,37.58230209350586,38.209963129861094,143868600
2008-03-28,37.39315414428711,38.1239916411492,37.25558461735132,37.84885258727762,111822300
2008-03-31,37.590885162353516,37.84882744401558,37.358736124883436,37.53069873929617,113644800
2008-04-01,39.19874572753906,39.21594232450525,38.1841694659424,38.192766124467745,137494400
2008-04-02,39.11276626586914,39.56846460860293,38.83762399261448,39.29332561526379,132486800
2008-04-03,39.19874572753906,39.47388471916709,38.81183049558855,38.94080333287722,140033800
2008-04-04,39.43090057373047,39.85220578067535,39.035388626010295,39.35351751614035,139261000
2008-04-07,39.34489822387695,39.90377595156769,39.25032189326694,39.671626892984506,102297100
2008-04-08,39.04398727416992,39.31052965942472,38.846231290238734,39.04398727416992,97435200
2008-04-09,38.60546875,39.11275676067187,38.3733196658029,39.095560167777855,127182300
2008-04-10,39.1557502746582,39.4136926324267,38.6312656219104,38.6312656219104,112773800
2008-04-11,38.07239532470703,38.777439439615264,37.93482582130825,38.70865632787371,120135400
2008-04-14,37.900428771972656,38.24435082578054,37.788652546525434,38.01220171750481,89274600
2008-04-15,37.9520149230957,38.13257424565908,37.55650308893354,38.037997895684235,124232300
2008-04-16,39.00957107543945,39.10415068154201,38.39051022807455,38.424900128545666,134027900
2008-04-17,38.9235954284668,39.095558068257425,38.67424976476612,39.052564948373856,124953100
2008-04-18,40.161712646484375,40.3508718411094,39.74040770561905,39.9553601431788,133022500
2008-04-21,40.44546127319336,40.47985445874534,39.97256645155496,40.084339384726874,83303200
2008-04-22,39.84360122680664,40.2133198420508,39.491079207610504,40.19612324600278,104689600
2008-04-23,40.282127380371094,40.462690108442104,39.78343891214889,40.13596114517543,131086200
2008-04-24,40.64322280883789,41.090324443297796,39.886589021296885,40.2992974654333,166509000
2008-04-25,40.54004669189453,40.71200608442021,40.0413552698076,40.68621283152439,121945400
2008-04-28,40.617431640625,40.94415712572093,40.52285200233895,40.63462495675399,71244000
2008-04-29,40.926963806152344,41.06453330560486,40.46266879544735,40.540051843884115,91270600
2008-04-30,40.59163284301758,41.32247337452666,40.4368667671646,41.01294122282071,132152700
2008-05-01,41.87274169921875,41.88993829036217,40.60022347383539,40.6088201294499,143596900
2008-05-02,41.93294143676758,42.29406012564653,41.56322280963031,42.26826687070244,124990000
2008-05-05,41.81256103515625,42.15648306570029,41.614805129612584,41.932933909842404,75624700
2008-05-06,42.07050704956055,42.24246971979727,41.39125630607881,41.692191798971855,139582600
2008-05-07,41.30528259277344,42.32845554499001,41.15911315393358,42.07910980103212,140008300
2008-05-08,41.614803314208984,41.87274564584325,41.32246779704623,41.477233852009725,128058700
2008-05-09,41.45145034790039,41.66640290512441,41.18491127608867,41.3052841833476,97062000
2008-05-12,42.20807647705078,42.2940561721042,41.442846039363985,41.51162913942369,89606500
2008-05-13,42.31983947753906,42.41441908048615,41.92432447613176,42.22525987459197,85448100
2008-05-14,42.22526931762695,42.93031325010506,42.16508288045796,42.48321165976763,143598200
2008-05-15,42.96470642089844,43.0076962645866,42.11349308424757,42.233865958540356,157248900
2008-05-16,42.99910354614258,43.08508652786766,42.51761196814363,43.05069333517763,146563200
2008-05-19,42.6895637512207,43.39460762176186,42.423021495805564,43.03348575055701,140048700
2008-05-20,42.36284255981445,42.5348052298678,42.0361138147046,42.5348052298678,137163700
2008-05-21,41.425655364990234,42.646584264804424,41.28808586529405,42.414438398998534,192806700
2008-05-22,41.571807861328125,41.86414336209906,41.365455319557185,41.52881802178539,153198200
2008-05-23,41.442848205566406,41.57181775488772,41.11611944343822,41.42565160967384,121698400
2008-05-27,42.17367935180664,42.22526913197388,41.52022520259566,41.528821859332794,106984300
2008-05-28,42.34564208984375,42.44022171371403,41.91573709400777,42.371435340021165,121363000
2008-05-29,42.723960876464844,42.964709924597926,42.345645629277286,42.371438881610615,143993000
2008-05-30,42.99910354614258,43.196862764152584,42.77555435348812,42.88733058977304,94153600
2008-06-02,42.47462844848633,42.921726900439516,42.096309832334725,42.921726900439516,144359900
2008-06-03,42.24247741699219,42.90453168609468,41.84696221940455,42.6379893346641,167606900
2008-06-04,42.78415298461914,43.07648857613421,42.07910890153848,42.113502095814496,174870800
2008-06-05,43.4633903503418,43.514980125777285,42.73255323786891,42.89591594020951,126653700
2008-06-06,42.15648651123047,43.1710626521011,42.14788985372805,43.08508295741652,189136000
2008-06-09,41.93294143676758,42.29406012564653,41.22789737569545,42.24247361575835,208897300
2008-06-10,41.73518753051758,42.07910963956318,41.408458738996,41.50303838495611,162798500
2008-06-11,40.729190826416016,41.71797344525337,40.71199423618506,41.64918708432956,170366900
2008-06-12,40.77219009399414,41.36546111450547,40.41107145534809,41.02153579015354,189913200
2008-06-13,41.5890007019043,41.674983653148836,40.80657388510717,41.0215263433472,167855000
2008-06-16,41.95872116088867,42.147880382586514,41.33106034697192,41.37405018465387,136343900
2008-06-17,41.73518753051758,42.182289224200886,41.675001079436704,42.08770957824078,122932000
2008-06-18,41.2880744934082,41.65779303699509,41.124711782487246,41.494427046159444,169338100
2008-06-19,41.93294143676758,42.13929403615114,40.93556179330588,41.210700779094246,221304200
2008-06-20,40.80064392089844,41.60082554812282,40.619958594029434,41.583620235072004,197434200
2008-06-23,40.482276916503906,41.07596172753509,40.42204849831272,40.96410754423604,131488800
2008-06-24,40.27579116821289,40.75761864231974,39.931625873390715,40.29299976117435,178293800
2008-06-25,40.929710388183594,41.29968701359001,40.38765107711304,40.44787952476485,179023400
2008-06-26,39.2777099609375,40.18113962389359,39.26910402462384,40.17253368757993,190028300
2008-06-27,39.2777099609375,39.49281241793671,38.6926310153234,39.23468684377524,181351800
2008-06-30,38.864707946777344,39.432581548979954,38.84750263962225,39.157247401456196,132912400
2008-07-01,39.415374755859375,39.458394590113244,38.4431107471477,38.55496494197013,245494300
2008-07-02,38.46892547607422,39.69070922922118,38.40869704622225,39.53583518611518,199576400
2008-07-03,38.400089263916016,38.787274319980256,38.0989438726648,38.70123137296441,123118300
2008-07-07,38.63241195678711,39.11423947667972,38.06454146391095,38.752868836760264,181011300
2008-07-08,39.553043365478516,39.587457266318545,38.520550849603275,38.67542489109472,206151200
2008-07-09,38.50333786010742,39.60466133406927,38.486129270551416,39.54443291172466,168500300
2008-07-10,38.95935821533203,39.07981507306798,38.184991294656754,38.563570459284456,238811500
2008-07-11,38.33986282348633,38.95075300895654,37.72896935581313,38.55496527883806,265514700
2008-07-14,38.05592727661133,38.87331729065882,37.91826183188145,38.83890010892558,177389800
2008-07-15,38.064537048339844,38.65821872314076,37.2557496071347,37.8666398745361,283891100
2008-07-16,39.0109748840332,39.04539205883964,37.78919143602419,38.167773794490124,186047800
2008-07-17,39.269100189208984,39.4239742056981,38.7012298894831,39.243288947195026,197555100
2008-07-18,38.36568069458008,38.86471677044713,38.36568069458008,38.838905521651604,160661000
2008-07-21,38.529151916503906,38.88191982265195,38.279635555230726,38.71844313323806,128107800
2008-07-22,38.529151916503906,38.55496644382417,37.737576432348526,37.88384453094994,152524500
2008-07-23,39.036808013916016,39.484221690679476,38.4775433796149,38.589394337152555,169259100
2008-07-24,38.451725006103516,39.24330398053096,38.41731109763585,39.217492728629225,145561000
2008-07-25,38.95075988769531,39.13144519437124,38.5119489632497,38.70124020769318,111616700
2008-07-28,38.21941375732422,39.165866804225615,38.03872843024263,38.942158347854544,124028500
2008-07-29,39.0109748840332,39.18305747586295,38.34845903892026,38.382876213726696,142290900
2008-07-30,39.20887756347656,39.4239800312517,38.615195934010316,39.122837889247776,165679900
2008-07-31,39.114219665527344,39.7079043907022,38.735640622759526,38.821680269960616,180473100
2008-08-01,38.61520004272461,39.19167314224205,38.20220365451729,39.157255956007226,180350400
2008-08-04,38.22801208496094,38.64961109754534,38.116157879045296,38.60659125902495,116298000
2008-08-05,39.518619537353516,39.553036714609505,38.58077279144518,38.62379262191383,151657400
2008-08-06,40.12092208862305,40.27579616227654,39.217492180446925,39.5358429841996,133463700
2008-08-07,39.81117248535156,40.31020859604805,39.64769576123102,39.88000358101145,152805800
2008-08-08,40.714595794677734,40.8178440626192,39.70791779729111,39.78535481879802,143121500
2008-08-11,41.084564208984375,41.54058031115622,40.55971375362294,40.6973791777995,157290100
2008-08-12,41.127586364746094,41.437334407212916,40.87806674362528,41.07596387913682,140549300
2008-08-13,41.04155731201172,41.40292793352126,40.654372158820316,41.05876590573174,169652100
2008-08-14,41.51478576660156,41.69547109308995,40.86087555931809,40.90389540626238,158069200
2008-08-15,41.43735122680664,41.7901192445388,41.26526854645346,41.583622653878294,123115900
2008-08-18,40.95551300048828,41.566406569805245,40.6629734812475,41.5578006321256,151399100
2008-08-19,40.44786834716797,40.94690766946614,40.224163215167515,40.749013784411005,155410600
2008-08-20,40.5167121887207,40.921105990501765,40.21556996326933,40.731814716101425,155466700
2008-08-21,40.32740783691406,40.508096395795135,39.90580885799862,40.21555692213415,118916200
2008-08-22,40.860862731933594,41.02433941188351,40.50809484620795,40.542508743637526,96515500
2008-08-25,40.00046157836914,40.619954534610585,39.897210017159225,40.576934691874925,128076500
2008-08-26,39.948829650878906,40.2413691315537,39.68210141543324,40.02626666876938,107225500
2008-08-27,40.20695495605469,40.51670305077647,39.828375774841035,39.966041230028125,108489900
2008-08-28,40.53388977050781,40.680157801752614,40.29297617448034,40.37040987417353,112808600
2008-08-29,39.68210983276367,40.54251986641026,39.51002716959359,40.10371219342017,133184300
2008-09-02,39.191680908203125,40.5081106438101,39.01099556797219,40.32742202137498,162277500
2008-09-03,38.82167434692383,39.26908766495223,38.53774092871832,39.10561104733098,161682900
2008-09-04,37.56548309326172,38.640995095796924,37.56548309326172,38.59797527213595,219004700
2008-09-05,37.38480758666992,37.66874112243243,36.834145823321904,37.238536209541415,247977500
2008-09-08,37.315982818603516,38.04733332786075,36.72230106777914,37.875250662023525,311065100
2008-09-09,36.52442169189453,37.67737174514994,36.43837868361866,37.29878907314642,214180600
2008-09-10,36.825538635253906,37.152495276953985,36.524396519347846,36.877164404639046,160658100
2008-09-11,37.513885498046875,37.591322551651196,36.28349858089188,36.30931312022973,203398200
2008-09-12,37.36759567260742,37.60850935209322,36.91157955580853,37.1955130663164,172094300
2008-09-15,36.20606231689453,37.24715785751952,36.1630391816949,36.48139331470933,616772300
2008-09-16,36.48996353149414,36.859939846298424,35.64676269004762,35.68978250479665,349506500
2008-09-17,34.59707260131836,36.498577214977324,34.579864013776344,36.02535254528064,340088000
2008-09-18,35.76724624633789,36.11141158624775,33.986197669042845,35.3628524642744,423934000
2008-09-19,36.936466217041016,37.73718704762749,36.24767170320033,37.685526473764746,263394000
2008-09-22,35.197261810302734,36.88480092775996,35.12838105395824,36.79870326674458,164698200
2008-09-23,34.930355072021484,35.94632327401637,34.8184254811128,35.47277955243935,184011200
2008-09-24,35.17144775390625,35.524453598484186,34.88732270066884,35.13701064265289,159270800
2008-09-25,35.7310676574707,36.178782634296475,35.3264015028674,35.49860007617186,148586800
2008-09-26,35.36948013305664,35.72248599506311,34.62902801167305,34.70651726354847,182678600
2008-09-29,32.56262969970703,34.76676448082457,32.0115968255314,34.66344335360539,307954400
2008-09-30,33.50111770629883,33.8369032500982,32.373219727009726,32.47654088234484,195436700
2008-10-01,33.14811325073242,33.552779580390855,32.74344692107399,33.440849966660984,174033300
2008-10-02,31.64136505126953,32.932849339076455,31.546655677990724,32.932849339076455,192124000
2008-10-03,31.150598526000977,32.872577423914066,31.081717793565687,32.08046542297872,272116100
2008-10-06,30.01412010192871,30.590981982557178,28.33518848767229,30.358514225098556,394046600
2008-10-07,28.111324310302734,30.30684811409845,27.784147196525822,30.25518753263384,329365700
2008-10-08,27.887453079223633,29.376964717702165,27.41390944828313,27.508618831354177,452066500
2008-10-09,27.138402938842773,28.998141052916,26.66485749287104,28.541817441851123,352433900
2008-10-10,26.966203689575195,27.964951852729246,25.295882806145315,26.277412419195826,472339100
2008-10-13,30.2465763092041,30.34989417825961,27.896074260592194,28.292128828984858,276998700
2008-10-14,28.9378719329834,31.1247871328764,28.57625445623439,31.1247871328764,341595900
2008-10-15,26.346296310424805,28.714017346335982,26.294637366356866,28.610699458200106,312088500
2008-10-16,27.775527954101562,27.78413969089402,25.18395024575,26.527093799038532,494783500
2008-10-17,27.809974670410156,28.97231307114787,27.043694142006775,27.267551725607223,326571300
2008-10-20,28.584857940673828,28.63651521928161,27.293373424839906,28.2060203806703,232783400
2008-10-21,27.103960037231445,28.636520916581315,27.103960037231445,28.119928321236483,239932400
2008-10-22,26.354900360107422,27.20728013155783,25.580008165872645,27.009252856234653,289993600
2008-10-23,26.25157356262207,26.768167667902254,24.882599922622905,26.25157356262207,377966900
2008-10-24,25.40780258178711,26.04493467088606,24.185197318324995,24.30573533344425,322129500
2008-10-27,24.70179557800293,26.001890254972302,24.675965295154477,25.11507025033281,239302300
2008-10-28,27.431129455566406,27.448347999660857,24.839550536609472,25.554171846060846,327239500
2008-10-29,27.362255096435547,28.481542766996537,26.905929933567492,27.47418304238783,341316000
2008-10-30,28.274898529052734,28.464317291621114,27.53444694928325,28.128528589500444,255292100
2008-10-31,28.31795883178711,28.78289419143456,27.629167531059032,27.87024366520986,224261000
2008-11-03,28.2576904296875,28.6623567648398,27.99078235775912,28.249081975168036,128455500
2008-11-04,29.05840492248535,29.282260818967675,28.395442401235105,28.808717099336167,182487600
2008-11-05,27.54305648803711,28.929248596188106,27.48278748014454,28.868979588295538,183893900
2008-11-06,26.31185531616211,27.439753457535456,26.17409704033468,27.112576320789167,220677200
2008-11-07,26.854265213012695,27.10395133496829,26.337671141322865,26.621797634421178,176946200
2008-11-10,26.492656707763672,27.52584348897659,26.174089757176525,27.52584348897659,142584500
2008-11-11,25.915786743164062,26.484039735831228,25.588609782411876,26.242962061708948,162869800
2008-11-12,24.719011306762695,25.657490127918955,24.6673523891617,25.528342012812768,184946400
2008-11-13,26.225746154785156,26.286016814804622,23.487800217138975,24.632916482187692,317943900
2008-11-14,24.951486587524414,26.191312487424824,24.856778816441718,25.640279484005923,259407000
2008-11-17,24.426279067993164,25.16672911015923,24.33156967332931,24.529596914710492,202835200
2008-11-18,24.400449752807617,24.75345542047076,23.582508829856835,24.58986690743908,252661800
2008-11-19,23.126188278198242,24.77928888317055,23.065919250456766,24.452111815134202,244180600
2008-11-20,22.006898880004883,23.63417072253812,21.92940966644579,22.842060038984503,342472400
2008-11-21,22.962596893310547,22.971206987948626,21.56779276388699,22.394343784858485,282746800
2008-11-24,24.366018295288086,24.658755050118394,23.22951166698606,23.43614908647659,225058200
2008-11-25,24.25408363342285,24.658748263272965,23.694440571057612,24.63291961932563,202968700
2008-11-26,25.27004623413086,25.278656327586102,23.944121401756764,24.004390413736058,164912000
2008-11-28,25.072023391723633,25.132292414232786,24.822335564519772,24.985924084335828,41238200
2008-12-01,23.18646812438965,24.546832678879,23.152027725492108,24.538222579154613,149161500
2008-12-02,23.96135139465332,24.013010334318366,23.108971500243687,23.505026108022513,181743000
2008-12-03,24.64153289794922,24.719020482008993,23.306997500610606,23.358656437386454,230944900
2008-12-04,23.944129943847656,24.77929124266933,23.522245067277368,24.254086849984194,188868700
2008-12-05,24.91704750061035,25.028975462050745,23.203677842416955,23.677221617891643,212283700
2008-12-08,25.898571014404297,26.225746389254343,25.347538112674712,25.476686243741636,185782500
2008-12-09,25.83830451965332,26.54431590450163,25.45946854160993,25.554177946672713,178148300
2008-12-10,25.75220489501953,26.225748630129683,25.502518705916565,25.915793417526267,162335100
2008-12-11,25.04619026184082,26.062158360755856,24.917042136532938,25.666102248643167,167161400
2008-12-12,25.554176330566406,25.709154750065128,24.51237786738481,24.701796665531084,158600100
2008-12-15,25.106454849243164,25.62304890156567,24.74483917683813,25.59721862417702,107887000
2008-12-16,26.31185531616211,26.3979546491063,25.054810638684753,25.330327190339617,169300100
2008-12-17,25.993284225463867,26.34628993522387,25.67471725601303,26.044943157031526,159813500
2008-12-18,25.536954879760742,26.17408707339852,25.278658621494028,25.993280021053334,142656400
2008-12-19,25.74649429321289,26.186237016389242,25.574045586032568,25.80685084734818,118308900
2008-12-22,25.186019897460938,25.798210916553906,24.780767845801964,25.74647699699123,95379600
2008-12-23,25.056686401367188,25.5395418402096,24.910105579681417,25.289491526031373,68764800
2008-12-24,25.12565803527832,25.186014536018398,24.987699849417773,25.177393588419502,27194700
2008-12-26,25.117036819458008,25.203261101493617,24.97907862603759,25.177394968096905,20937000
2008-12-29,24.91010284423828,25.211887049227133,24.539339533359826,25.18601926779668,52688300
2008-12-30,25.42745590209961,25.51368022592971,24.953224587922314,24.979090733856815,77089500
2008-12-31,25.64301300048828,25.936174681728318,25.39296429860237,25.40158524988119,89189700
2009-01-02,26.755308151245117,26.841530836728833,25.599906404166383,25.651640344375075,107891500
2009-01-05,26.746681213378906,27.013975113105573,26.375917805433378,26.58285517727906,91751900
2009-01-06,27.01397705078125,27.27264837299448,26.824284857464356,26.94499792188491,136791700
2009-01-07,26.24658966064453,26.643219325644626,26.03102963107687,26.496638439754914,133879800
2009-01-08,26.522497177124023,26.5569859148878,25.936173833812273,26.194845123112422,131926600
2009-01-09,25.927562713623047,26.548376714059454,25.798227011729686,26.531131515248962,117137900
2009-01-12,25.453323364257812,25.996533801572898,25.17740684723477,25.962045059241103,102726200
2009-01-13,25.461944580078125,25.849951544376427,25.160160289229175,25.444699387551427,186266700
2009-01-14,24.685930252075195,25.24638756265653,24.54797198489611,25.16878583179426,136294000
2009-01-15,25.091175079345703,25.298112405709567,24.20306761468307,24.634187455755704,192567200
2009-01-16,25.367097854614258,25.522301299325793,24.746285720360206,25.436076980642486,175478100
2009-01-20,24.108234405517578,25.37572851015039,24.108234405517578,25.26363636688454,135105800
2009-01-21,25.13428497314453,25.168775347868646,24.228934016327102,24.513473029434714,149179600
2009-01-22,24.798023223876953,25.203275442062488,24.36690321298464,24.59108581599972,200602700
2009-01-23,24.91872787475586,25.306736411196493,24.263425482429334,24.39276275763739,170164100
2009-01-26,25.099803924560547,25.51367868036273,24.789397035412865,24.953223076306596,140398700
2009-01-27,25.280868530273438,25.49642846200441,25.10842157164372,25.10842157164372,110591300
2009-01-28,26.168977737426758,26.427649014435232,25.70336746530126,25.70336746530126,139722800
2009-01-29,25.50506019592285,26.212096762220103,25.41883586341511,25.849955881361467,130731800
2009-01-30,25.056686401367188,25.80683569931008,24.95321855346652,25.694743612060602,140334200
2009-02-02,25.358470916748047,25.530919524590317,24.7807702184458,24.815260597850976,126796100
2009-02-03,25.755109786987305,26.237963731439034,25.03082804801356,25.410212467786625,120541100
2009-02-04,25.78959846496582,26.6173497264618,25.68613058514901,25.815466257216173,175780900
2009-02-05,26.358675003051758,26.531123650853868,25.40158813247519,25.41883332617384,217578900
2009-02-06,27.048465728759766,27.169178785554365,26.36729543492268,26.45351975174399,164513200
2009-02-09,27.160558700561523,27.30713955933237,26.893264773835465,27.06571177882974,98856900
2009-02-10,26.160362243652344,27.315763997836534,25.95342483695265,26.988111870451114,232795200
2009-02-11,26.039644241333008,26.324183327289518,25.634390457527793,26.19484603355219,169117200
2009-02-12,26.358675003051758,26.393165390449056,25.556791586578655,25.73786283123009,201151400
2009-02-13,26.237966537475586,26.53975090175456,26.117253449600987,26.28107788469009,145066700
2009-02-17,25.194643020629883,25.582651536978098,25.056684802504222,25.427448130438812,157783300
2009-02-18,25.211896896362305,25.582660352051672,24.892869023740463,25.35847775920247,161271900
2009-02-19,24.823881149291992,25.53091742297942,24.763522990301393,25.367091423473997,155322400
2009-02-20,24.892868041992188,25.134294175083394,24.478991616736057,24.547970746846715,210752400
2009-02-23,24.022005081176758,25.04806941825991,23.909912968814698,25.030825869474498,169473500
2009-02-24,24.81526756286621,24.98771457451817,24.108229387938703,24.151342374295893,181337300
2009-02-25,24.651437759399414,25.151536813033104,24.26342916408361,24.668682951322786,220224700
2009-02-26,23.961650848388672,24.961849135980046,23.884049115334832,24.815268267388603,211218500
2009-02-27,23.737451553344727,24.12545830115528,23.616736917602438,23.71158377898756,204492600
2009-03-02,22.970075607299805,23.72022521366093,22.823494725348436,23.38395210283998,188180400
2009-03-03,22.952829360961914,23.41843810247432,22.78038070434708,23.159766762144347,158758800
2009-03-04,23.565027236938477,23.892677825978964,23.21150884695025,23.289110605200626,164911000
2009-03-05,22.85797882080078,23.48741352210467,22.780377102054604,23.306343941424927,199626900
2009-03-06,22.67691421508789,23.1166568681497,22.168192419070845,22.978698582239232,218421600
2009-03-09,22.19404411315918,23.11664009758657,22.099197243682656,22.49582826137342,181098800
2009-03-10,23.565027236938477,23.616761194241114,22.556206024276428,22.633807782526805,175068200
2009-03-11,23.92716407775879,24.134101515674786,23.50466660310623,23.806450983455935,173094900
2009-03-12,24.720420837402344,24.798022568880633,23.659866033322107,23.90991477784704,184395100
2009-03-13,24.7807674407959,24.866991735052245,24.418626720592552,24.711788334309148,156783500
2009-03-16,24.36690330505371,24.98771553103111,24.306546766435506,24.944604187615916,190269800
2009-03-17,25.289501190185547,25.289501190185547,24.401393325931515,24.48761766185978,169773800
2009-03-18,25.608524322509766,26.039644249524464,25.07393488939106,25.1860253467944,208033900
2009-03-19,25.59128189086914,25.97928888027557,25.4015880499844,25.96204533122511,146753400
2009-03-20,25.201766967773438,25.93588318820812,25.029033158031737,25.642236700034246,149410800
2009-03-23,26.687271118164062,26.72181853857933,25.219040344060293,25.823605375522433,179499000
2009-03-24,26.194984436035156,26.669999981398593,26.177710724160747,26.462720380841176,118757600
2009-03-25,26.315898895263672,26.816825042144796,25.616329990396157,26.419539526172017,190555200
2009-03-26,27.127742767333984,27.17092539860207,26.272713819193896,26.600906099842014,182459500
2009-03-27,26.618175506591797,26.92909567283785,26.52317175639183,26.77363558971482,156108100
2009-03-30,25.961790084838867,26.18634336109185,25.58177836869834,26.169069652000488,162919700
2009-03-31,26.18634605407715,26.730456415229952,26.14316342421944,26.160437135087218,150243800
2009-04-01,26.574996948242188,26.669999065665813,25.72860486319956,25.858154403185797,137950000
2009-04-02,27.430017471313477,27.87048708994657,26.97227414669996,27.050004176300583,212272400
2009-04-03,27.939584732055664,27.98277065376649,27.49047980948544,27.715033094426367,134577300
2009-04-06,27.870498657226562,27.922319796675495,27.33502508077123,27.62867161506739,160413700
2009-04-07,27.13637924194336,27.568212137806675,26.955008569078647,27.568212137806675,147531200
2009-04-08,27.5941219329834,27.76685574542332,27.196834823296264,27.40411440983714,126126000
2009-04-09,28.449153900146484,28.509610250299538,28.00868573551365,28.11232472225832,131871500
2009-04-13,28.405967712402344,28.561427820396602,28.095047496413827,28.36278508120918,119310500
2009-04-14,28.060495376586914,28.397324416437492,27.87048789990294,28.23322585216583,124069000
2009-04-15,27.98276138305664,28.008670291800886,27.507744405908745,27.861845454798427,124808200
2009-04-16,28.708253860473633,28.872349183375988,28.077774900437245,28.37142141668926,171168000
2009-04-17,28.768707275390625,28.932802581579946,28.440513368388604,28.64779130308845,129835400
2009-04-20,27.844585418701172,28.345509843898334,27.689125319075718,28.25050608361351,123080500
2009-04-21,28.233226776123047,28.27641269105371,27.70639353697005,27.74093765644274,145490200
2009-04-22,28.319595336914062,28.958706025142508,27.974127784893515,28.069131526430304,165040500
2009-04-23,28.595979690551758,28.621888614372395,28.060507732306082,28.500975910377313,181666600
2009-04-24,29.09689712524414,29.30417834913526,28.561425297575074,28.794615438968847,141170000
2009-04-27,29.131450653076172,29.416461983857737,28.803256685861513,28.863713035792635,120749100
2009-04-28,28.915525436401367,29.286901927798418,28.811886481362624,28.950072852955273,108968000
2009-04-29,29.31281280517578,29.710101532895262,29.105534881222592,29.14871750749424,141413600
2009-04-30,29.606456756591797,30.14193181958203,29.39917885027932,29.7014605030779,144120400
2009-05-01,29.68417739868164,29.831002222580388,29.373257343010767,29.597812180827233,100112000
2009-05-04,30.271488189697266,30.30603561532696,29.81374633128732,29.95193273918224,119317400
2009-05-05,30.245576858520508,30.28012428139826,29.90874772202137,30.219667938673982,113569500
2009-05-06,30.254209518432617,30.521947081246672,29.76192031507568,30.478764453598806,178840500
2009-05-07,29.54599952697754,30.46148625343194,29.260991590814648,30.46148625343194,216484700
2009-05-08,29.56326675415039,30.00373796070019,29.260985176810017,29.770547903342433,183507300
2009-05-11,29.66691780090332,29.98647650706243,29.088263317997555,29.183267079578727,142775900
2009-05-12,29.30417251586914,29.77918791172695,28.950069770452668,29.72736679241382,147842200
2009-05-13,28.518245697021484,29.06235608469024,28.466424561892772,29.04508237298067,175548300
2009-05-14,28.837787628173828,29.105525092409305,28.570053458560444,28.587323867562134,140021700
2009-05-15,28.820510864257812,29.209160917969047,28.699598246352483,28.79460195888431,121326400
2009-05-18,29.57192039489746,29.606464525265235,28.837802439633894,29.019171478903893,114333400
2009-05-19,29.710098266601562,30.0037447054381,29.32144808363808,29.50281707081343,129086400
2009-05-20,29.606456756591797,30.262844480701464,29.52009151139875,29.822373164197334,131873700
2009-05-21,29.06235694885254,29.589190345853357,28.7687104303056,29.381912388422414,139253200
2009-05-22,28.96735191345215,29.33872847346745,28.777344381921456,29.17462986182782,83510600
2009-05-26,30.04692840576172,30.081475822070598,28.6564261982474,28.716882529476457,144857200
2009-05-27,29.839662551879883,30.39240831865933,29.736023544264896,29.960575276534804,121348800
2009-05-28,30.18512535095215,30.288764341563073,29.54601110383256,30.021026713308736,118931300
2009-05-29,30.55649185180664,30.66013080810014,30.021016772607023,30.20238906439942,111535700
2009-06-01,31.428796768188477,31.5238005298016,30.755138523474958,30.884686411891856,119126200
2009-06-02,31.471969604492188,31.774254505982835,31.186961702962485,31.25605322969419,126858600
2009-06-03,31.376977920532227,31.411522046223897,31.031510306628796,31.376977920532227,93329800
2009-06-04,31.73109245300293,31.774275097022176,31.385624711599835,31.446081072151692,89280600
2009-06-05,31.765625,32.02472735881678,31.45470480511854,31.92108509744073,121958800
2009-06-08,31.670618057250977,31.91244668152775,31.195602604878374,31.566979100916942,89194100
2009-06-09,31.91245460510254,32.102458856454106,31.67062592078188,31.817450832114833,109187800
2009-06-10,31.8001766204834,32.10245835286253,31.342434770131064,32.09382314391903,133404700
2009-06-11,31.8001766204834,32.154279490394856,31.73972027400757,31.756993986518346,147909800
2009-06-12,31.653345108032227,31.713801435603273,31.264694934630665,31.670615520518734,109452500
2009-06-15,31.00558853149414,31.376964909322048,30.72921587282528,31.351052707519237,112152900
2009-06-16,30.70331573486328,31.256061269383874,30.677406817502398,31.126513387956198,110550300
2009-06-17,30.99698257446289,31.273355523278283,30.616970593498085,30.832887165674197,153421800
2009-06-18,30.936511993408203,31.143793257159835,30.720595520369553,30.945150497319144,126266700
2009-06-19,31.268556594848633,31.44150281170081,31.052374648452094,31.173436010646203,122044700
2009-06-22,30.334657669067383,31.035085188172303,30.28277280522893,30.983203623009157,137714900
2009-06-23,30.265487670898438,30.49031555646465,30.066600576330842,30.421139014242883,114903100
2009-06-24,30.77567481994629,31.017797645028548,30.507607907408012,30.52490286615333,103314600
2009-06-25,31.3809757232666,31.441506411293535,30.50759871257784,30.576778526708676,112538200
2009-06-26,31.45016098022461,31.562576560095327,31.17344824413977,31.233978948991076,87677300
2009-06-29,31.519325256347656,31.77874290604992,31.23396353260309,31.536620206151056,93817600
2009-06-30,31.458791732788086,31.761445080256486,31.225314879594993,31.605793844794427,97843000
2009-07-01,31.47610092163086,31.856580058968934,31.467451794262054,31.614457271451577,85976000
2009-07-02,30.78430938720703,31.216673301626653,30.69783792379306,31.20802747475521,113309800
2009-07-06,30.620012283325195,30.732427824688852,30.30006391032466,30.594071504039306,107632500
2009-07-07,29.859050750732422,30.689191969977163,29.84175579838619,30.628657987427918,149773000
2009-07-08,30.014698028564453,30.15305433024581,29.66015979933883,30.04064210296838,152776400
2009-07-09,30.066591262817383,30.274124123873086,29.96282483228953,30.12712195551491,97851500
2009-07-10,30.1962947845459,30.386535966151094,29.88499553102141,29.980112823149064,108482000
2009-07-13,30.77567481994629,30.784320649980902,29.815826050975783,30.22224933480051,127140300
2009-07-14,30.888084411621094,30.948615106151557,30.61137172271741,30.74107894013607,115631700
2009-07-15,31.925743103027344,31.934392226743824,31.25125659480609,31.40690783496087,160869700
2009-07-16,32.30622863769531,32.37540514103533,31.752803416277114,31.778744192695303,120142500
2009-07-17,32.47917175292969,32.4878175780214,32.141925198217244,32.2975764392617,104906500
2009-07-20,32.790496826171875,32.85967667622353,32.52243315391373,32.652140424745376,97168800
2009-07-21,33.01529312133789,33.01529312133789,32.54833952339595,32.920172577460086,130587600
2009-07-22,33.29202651977539,33.45632364494725,32.97207809763004,33.04125461924304,113808600
2009-07-23,34.02703857421875,34.14810324053427,33.19690065439014,33.257431338210466,160239300
2009-07-24,33.76762771606445,34.0443404119721,33.534150760390716,33.66386127976797,109312300
2009-07-27,34.02703857421875,34.078923431211116,33.61196961430445,34.00974692056283,94718600
2009-07-28,33.7935676574707,34.234577431688095,33.66385715399052,33.88003912734074,111564300
2009-07-29,34.018394470214844,34.09622011030735,33.72438686305149,34.00109951700817,126538200
2009-07-30,34.21729278564453,34.74477748730733,34.16540790888756,34.37294411723933,108969900
2009-07-31,34.1135139465332,34.45940310331606,34.07892404125244,34.21728036370057,78208300
2009-08-03,34.62371826171875,34.64101322173076,34.27782565883127,34.47671275095485,111722800
2009-08-04,34.62371826171875,34.753425513794305,34.390241249571154,34.45941779094285,100690800
2009-08-05,34.35564041137695,34.71017873226053,34.12216347342797,34.701532904340326,118093000
2009-08-06,34.05297088623047,34.52857036563821,33.93190956041836,34.43344981002191,116937500
2009-08-07,34.48535919189453,34.64965635118585,34.234587239284565,34.51994581054591,107442100
2009-08-10,34.24321365356445,34.459395566273,34.01838591576421,34.36427829556757,87163200
2009-08-11,33.94921112060547,34.15674723878966,33.767619078865984,34.13080646101965,91922700
2009-08-12,34.47671127319336,34.77936811241633,33.89734498166776,33.92328577123571,147240000
2009-08-13,34.66695785522461,34.727488572638265,34.2778294585106,34.684252817153755,110107000
2009-08-14,34.269168853759766,34.55452735588347,33.966512098487335,34.476701710090595,124480200
2009-08-17,33.27472686767578,33.7330315670287,33.257431915045025,33.689795834789265,131797200
2009-08-18,33.750335693359375,33.81951552268623,33.38715148542085,33.48227210140737,84496200
2009-08-19,33.98379898071289,34.07027373253959,33.32660736020244,33.3525481364132,88036300
2009-08-20,34.381591796875,34.45077163627241,33.897346115798356,33.966522656519466,81473500
2009-08-21,34.83988952636719,34.90042021832891,34.364289818664254,34.58047180386335,114660200
2009-08-24,34.8052864074707,35.08199897961133,34.67557594610989,34.90040697264543,109904900
2009-08-25,34.90906524658203,35.24630860797859,34.80529881969276,34.88312446452852,92900400
2009-08-26,34.848533630371094,35.107951340041325,34.65829573590634,34.831238676569725,96407500
2009-08-27,34.93501663208008,34.99554733531181,34.30376221493326,34.83989601309423,121957800
2009-08-28,34.96958923339844,35.52301776762313,34.727466517513925,35.367366507790344,114300900
2009-08-31,34.61507034301758,34.76207585892291,34.407537412967805,34.710190977072244,96415300
2009-09-01,33.966514587402344,35.0993094483548,33.86274815163339,34.49399919213078,162958900
2009-09-02,33.94058609008789,34.130827373430535,33.75899393708448,33.784934730748766,92757200
2009-09-03,34.165401458740234,34.21728632570177,33.741686590585275,34.104870763289526,76783100
2009-09-04,34.900421142578125,34.9177160976931,34.174049521126065,34.225934386470996,74866600
2009-09-08,35.22901153564453,35.263598140172824,34.9868855118981,35.17712668084,71024400
2009-09-09,35.53166198730469,35.704608190263514,35.09929812924485,35.25494938204035,99280800
2009-09-10,35.86891555786133,35.91215129633466,35.45384653090158,35.54896713474816,99289100
2009-09-11,35.90351104736328,35.98998253774726,35.64409327753545,35.894861919119336,93868400
2009-09-14,36.0418586730957,36.06779945418656,35.635435509738365,35.670025416976245,90435600
2009-09-15,36.15427780151367,36.27533919015609,35.94674163621564,36.01592145754013,91594600
2009-09-16,36.68174743652344,36.73363228602626,36.18020708602708,36.318563386026874,96888500
2009-09-17,36.673133850097656,36.88931596505901,36.50018749839311,36.58666232358403,102169600
2009-09-18,36.73457717895508,36.890379142118995,36.53549762643861,36.8211356595286,87444200
2009-09-21,36.847103118896484,36.95962749749053,36.4922215881324,36.52684498183342,71351400
2009-09-22,36.91633605957031,37.072137970917545,36.73456496175366,37.05482628056038,75638400
2009-09-23,36.74322509765625,37.36642948595153,36.682635827986815,37.07214063433859,143924100
2009-09-24,36.414306640625,36.95095582974514,36.15463789117121,36.89036656493483,111016400
2009-09-25,36.09404754638672,36.43161724076291,35.99018071008648,36.14597931360325,109216000
2009-09-28,36.708595275878906,36.9249864301347,36.25850127880281,36.29312465593181,84478500
2009-09-29,36.54412841796875,36.890352181627655,36.37966907600472,36.70858445806678,106686400
2009-09-30,36.570106506347656,36.87305281346405,36.007488162426235,36.69128502919421,173102700
2009-10-01,35.4881591796875,36.466248393797024,35.4881591796875,36.44027920278562,140119100
2009-10-02,35.38429641723633,35.70455452726076,35.2458061559932,35.2458061559932,145286400
2009-10-05,35.66992950439453,35.8343889521303,35.34101721265925,35.566062638681714,97054200
2009-10-06,36.301788330078125,36.47490195906757,35.85169421545269,35.86900590853842,124628000
2009-10-07,36.4056510925293,36.42296278209803,36.15463654658335,36.25850338212861,93787600
2009-10-08,36.56145095825195,36.890363136117564,36.47489251523444,36.62204021743072,107850400
2009-10-09,36.769187927246094,36.82977719187833,36.405652339452715,36.48355329424662,62828000
2009-10-12,36.847103118896484,37.106771967917034,36.59608846736691,36.91634990629853,53221900
2009-10-13,36.85573959350586,37.00288397999228,36.673968531203016,36.812458725135336,70939300
2009-10-14,37.35777282714844,37.40105040236258,37.08944657783302,37.3144952519343,91004900
2009-10-15,37.27122116088867,37.32315293525336,37.10676173708676,37.1586968133191,85772800
2009-10-16,37.02885055541992,37.21062162113886,36.76918184965009,37.132720679221244,111859300
2009-10-19,37.40106201171875,37.452997099216866,36.86441264837835,37.05483800066974,83512000
2009-10-20,37.409706115722656,37.617439787597675,37.16734576271223,37.617439787597675,89847900
2009-10-21,37.3404541015625,37.92903825881118,37.271210654639155,37.40104335582045,110397400
2009-10-22,37.48762512207031,37.643427101943935,37.03753088042083,37.27123385023126,85871800
2009-10-23,37.33180236816406,37.85113981083451,37.236589733238866,37.85113981083451,117020400
2009-10-26,37.21062088012695,37.87710266764607,37.03750731243887,37.39238864035944,107068600
2009-10-27,36.64801025390625,37.314495482294014,36.509520031245636,37.1586935690674,121438200
2009-10-28,35.825721740722656,36.63069716095297,35.74782078709175,36.518172827515606,143553600
2009-10-29,36.43162155151367,36.51817670836093,35.95556158511856,36.03346254702813,85207600
2009-10-30,35.453521728515625,36.48354561416988,35.41889835548076,36.40564467577474,162796500
2009-11-02,35.60067367553711,35.98152091892059,35.176545559744646,35.488149350634295,142456600
2009-11-03,35.71319580078125,35.76513086815471,35.34966023476826,35.41024949577042,95107000
2009-11-04,35.773780822753906,36.24118312312116,35.73049995813249,35.94689107377402,107970600
2009-11-05,36.65666198730469,36.699942861747694,36.163290395832114,36.189259580871344,135204800
2009-11-06,36.873050689697266,36.916331561250004,36.42296000272441,36.457580077352915,96312300
2009-11-09,37.66072082519531,37.66937832174237,37.11541740996002,37.15869498709286,101620800
2009-11-10,37.75592803955078,37.88576405412177,37.56550606721154,37.617437831546326,72846500
2009-11-11,37.998294830322266,38.20602852665907,37.747280253870024,38.04157240857013,84676200
2009-11-12,37.78189468383789,38.22333116034472,37.695336245986795,38.024251706087384,92426100
2009-11-13,38.09349822998047,38.20602255733815,37.76458604519194,37.89441875965045,87959500
2009-11-16,38.48297882080078,38.64743811182877,38.188686896812,38.257933609216416,87776100
2009-11-17,38.60418701171875,38.60418701171875,38.301240666179595,38.37914162672788,81884000
2009-11-18,38.3878059387207,38.508987810741694,38.12813710241252,38.483018615803,100240800
2009-11-19,37.79056930541992,38.15410833718195,37.52224295583053,38.12813914085487,114558000
2009-11-20,37.60013961791992,37.69535228914528,37.461649360283445,37.591485421384974,70912100
2009-11-23,38.20602798461914,38.431076671303344,37.9636709083754,37.989636794582225,91621500
2009-11-24,38.07619094848633,38.2146811623836,37.85114228723629,38.188711977244196,60670000
2009-11-25,38.24064254760742,38.27526592247596,38.09349485534952,38.206019172738884,37630100
2009-11-27,37.66072082519531,37.93770458295398,37.132729101186655,37.19331836954613,61230000
2009-11-30,37.70400619506836,37.755937973066295,37.314501350744415,37.57417014633775,84819400
2009-12-01,38.09349822998047,38.34451276721412,37.98097720448984,37.98963139804025,81817800
2009-12-02,38.14544677734375,38.50898577040842,38.06754580039191,38.223347754295595,81653600
2009-12-03,37.9896240234375,38.51761887792795,37.98096983156705,38.28391607502891,72460400
2009-12-04,38.18870544433594,38.716700326329146,37.79054656022737,38.47434331893551,125062600
2009-12-07,38.00695037841797,38.335865928174066,37.9290494140512,38.16275230715151,67471900
2009-12-08,37.773231506347656,38.08483523199898,37.53087452055942,37.790543191313425,86621400
2009-12-09,38.15408706665039,38.188707139338526,37.49625615757477,37.738613175725405,78820500
2009-12-10,38.34451675415039,38.55225374149769,38.292584983714114,38.318550868932256,76722400
2009-12-11,38.19736862182617,38.595527565175935,38.04156672192982,38.55224999339741,66643700
2009-12-14,38.5609245300293,38.60420212463915,38.249320565848244,38.457057642591884,47965500
2009-12-15,38.34451675415039,38.66477477868788,38.2319924150928,38.43972940244009,61171100
2009-12-16,38.396461486816406,38.69075370017824,38.33587220481852,38.491674159061155,61629700
2009-12-17,37.929039001464844,38.266608653759256,37.877103938855406,38.22333108585145,90440900
2009-12-18,38.547210693359375,38.56455126635208,38.14838743665552,38.28710871322104,96442600
2009-12-21,38.98072814941406,39.12812141552116,38.72929471788722,38.74663529668672,82357400
2009-12-22,39.214813232421875,39.26683495851318,39.04141078616077,39.11077308761584,51569100
2009-12-23,39.500919342041016,39.50958797418619,39.19746429894594,39.29283578942222,73932200
2009-12-24,39.865081787109375,39.865081787109375,39.535617371919734,39.544289315870216,31770400
2009-12-28,40.073143005371094,40.142501981246696,39.830378321367235,39.960430948775574,49381400
2009-12-29,39.908424377441406,40.09916742137398,39.873746530034815,40.0818268439822,32410200
2009-12-30,40.02981185913086,40.10784281685807,39.84774072689321,39.865081307207866,57612700
2009-12-31,39.6656608581543,40.12517455946196,39.6656608581543,40.107833982966625,50079200
2010-01-04,40.2465705871582,40.307264281652785,40.11652117507049,40.1685429243324,62822800
2010-01-05,40.2465705871582,40.31593291950742,40.02114962177934,40.220561366216266,62935600
2010-01-06,40.003807067871094,40.35928073520301,39.94311668374451,40.229231329522285,96033000
2010-01-07,40.02981185913086,40.116514760704156,39.81305956626389,40.06449301976018,77094100
2010-01-08,40.359283447265625,40.359283447265625,39.82173859143204,39.943119367841746,88886600
2010-01-11,40.194549560546875,40.43731109340216,39.98646588425818,40.41130187413276,104673400
2010-01-12,39.69166564941406,40.00378937682056,39.4749134284236,39.95177096050376,90673900
2010-01-13,40.18585968017578,40.30724369980531,39.54427497044433,39.81304560261169,100661000
2010-01-14,40.22056198120117,40.333274119303034,40.07317198377252,40.107849843099316,75209000
2010-01-15,39.752357482910156,40.359264385696314,39.57895834557972,40.28990539223945,126849300
2010-01-19,40.39393615722656,40.43728593149398,39.83905110890172,39.8477197408049,84388200
2010-01-20,39.81306457519531,40.40263115055778,39.38823187985873,40.10784786287655,145680000
2010-01-21,39.44023513793945,40.18585999146711,39.27550133514005,39.92575799071315,204939600
2010-01-22,38.2871208190918,39.431572539461555,38.18308065561559,39.31019179750979,171098700
2010-01-25,38.417179107666016,38.66860926379344,38.25244524180797,38.52121928631797,154218700
2010-01-26,38.451873779296875,38.920059749059156,38.19177156522197,38.373842784336496,140816500
2010-01-27,38.75531768798828,38.88536710297924,38.15707913394428,38.382503411733595,161632700
2010-01-28,37.758243560791016,38.52121245277151,37.55883187567578,38.495203239566884,221439800
2010-01-29,37.09931182861328,38.16573238458757,36.960590536146135,38.07036087588332,212099600
2010-02-01,37.5068244934082,37.52416507797213,37.17736330882858,37.19470389339251,136827100
2010-02-02,37.84492874145508,37.95763748418607,37.30738099933204,37.56748623917406,110727700
2010-02-03,38.05302047729492,38.12238277753827,37.64552523180654,37.66286580686738,93581600
2010-02-04,36.9519157409668,37.853605726049004,36.9519157409668,37.77557479835196,151652500
2010-02-05,37.2640495300293,37.29873068669131,36.51842119868175,37.04729726195744,213618600
2010-02-08,36.99526596069336,37.43744232535277,36.96925675361091,37.203349539481835,94354400
2010-02-09,37.37677764892578,37.7235794419957,37.07332235918872,37.43746804539748,118956000
2010-02-10,37.298744201660156,37.5501777174994,37.064651270435164,37.37677517873515,94102900
2010-02-11,37.862281799316406,37.96632526160837,37.073303734175255,37.307396563266835,93050800
2010-02-12,37.940311431884766,38.04435489058306,37.420107367900414,37.52414751922193,93938500
2010-02-16,38.42584991455078,38.45185913383821,38.01835450636595,38.217769545495685,83861400
2010-02-17,38.642601013183594,38.642601013183594,38.37382696194628,38.59925121327505,82691700
2010-02-18,38.885353088378906,38.95471539727783,38.53855146601505,38.61658240983788,65752600
2010-02-19,38.86803436279297,39.05877418851472,38.6859598687525,38.781331435302626,80416500
2010-02-22,38.78999328613281,39.04142344197054,38.633931364645875,39.02408286098558,72055000
2010-02-23,38.2871208190918,38.78998767275159,38.105049706164145,38.76397515134967,95814400
2010-02-24,38.67728042602539,38.833342344536966,38.42584696760368,38.48653734620512,86591000
2010-02-25,38.6685905456543,38.75529340870908,38.000996690700696,38.26976729773042,97961300
2010-02-26,38.807315826416016,38.89401869842376,38.49519540931731,38.65992590506744,66222400
2010-03-01,39.37089157104492,39.440253901512285,38.97206809299144,38.980736730610886,77290100
2010-03-02,39.49225997924805,39.75236202232188,39.405560400682404,39.50960055643656,76368500
2010-03-03,39.53561782836914,39.72636090895125,39.38822785328485,39.58763957053997,65735500
2010-03-04,39.6656608581543,39.717682587640304,39.362209037927876,39.56162070655907,54470900
2010-03-05,40.26388931274414,40.35059218111348,39.87373798089902,39.960437541892105,68136300
2010-03-08,40.3419189453125,40.437290443768504,40.2638880199736,40.2812285930907,58712400
2010-03-09,40.56736755371094,40.79278852542725,40.2292344424474,40.25524366412055,98002800
2010-03-10,40.896827697753906,40.99219925134361,40.576035178079685,40.593375761221274,102578900
2010-03-11,41.0528678894043,41.0528678894043,40.73207553968146,40.80143783550062,67510300
2010-03-12,41.061561584472656,41.20895158011108,40.83613731100699,41.18294235908737,64068300
2010-03-15,40.957515716552734,41.078896474344866,40.67140109543335,40.97485298991367,60150500
2010-03-16,41.21761703491211,41.27830741266267,40.94884299960424,41.0875643355166,74950600
2010-03-17,41.3303337097168,41.52974876869646,41.20895293112268,41.27831526596398,75643500
2010-03-18,41.46903610229492,41.51238588459422,41.26962115044068,41.36499265592496,77829400
2010-03-19,41.21821212768555,41.61746121532944,41.07066153648217,41.59142092811269,86337100
2010-03-22,41.5914192199707,41.756328892243324,41.00990470022942,41.05330076259847,71902800
2010-03-23,41.877845764160156,41.92124183334041,41.46123754039559,41.65218421787813,59182600
2010-03-24,41.6782112121582,41.80839938850917,41.582737896289935,41.80839938850917,62995700
2010-03-25,41.61747360229492,42.18162922599122,41.574077525227274,42.025400699820935,76294800
2010-03-26,41.66086959838867,41.94728966611365,41.43520801153045,41.79106114024702,78067900
2010-03-29,41.860477447509766,42.00802802328927,41.747645043785106,41.86915864597704,57993300
2010-03-30,41.99934387207031,42.13821323961937,41.71292725002213,41.99066598512026,49437300
2010-03-31,41.79973220825195,42.05143404894127,41.72161795806933,41.86916856881779,59947400
2010-04-01,41.79973220825195,42.268417709347666,41.4785973179047,41.97331979875865,83728600
2010-04-05,42.19028854370117,42.28576185027273,41.782358346861514,41.8951907374376,56220300
2010-04-06,42.31182098388672,42.44201252666207,41.999363929952665,42.094837286533455,54097100
2010-04-07,42.2076530456543,42.41595545863377,41.98198823553486,42.25104910578276,77211500
2010-04-08,42.30311584472656,42.37254886148437,41.869148729544705,42.086132287135634,68314300
2010-04-09,42.554840087890625,42.572199180344384,42.20766817154041,42.31181941535464,54227300
2010-04-12,42.589542388916016,42.702374792330154,42.47670998550188,42.572183302936374,44280600
2010-04-13,42.80653381347656,42.83257079174665,42.40728469576593,42.546154098052575,59376000
2010-04-14,43.3186149597168,43.32729284875836,42.96276191267439,43.03219826863763,69004800
2010-04-15,43.509559631347656,43.56163358502308,43.28389479572904,43.28389479572904,72254200
2010-04-16,42.988807678222656,43.500889319951355,42.70239092859588,43.35334199973025,127388000
2010-04-19,42.9627685546875,43.101637977175415,42.44200904808487,42.83257702258275,98251700
2010-04-20,43.17973327636719,43.29256566725882,42.901994553331434,43.197092360420264,69543700
2010-04-21,43.42276382446289,43.56163321793969,43.153706236987055,43.47484108860701,74748700
2010-04-22,43.665771484375,43.709167532879945,42.754437911239904,43.006139627837335,110477200
2010-04-23,43.848045349121094,43.891441406013165,43.474833300216886,43.65709872570771,77205200
2010-04-26,43.752586364746094,43.96089214131002,43.65711302177546,43.89145577881938,67361000
2010-04-27,42.823875427246094,43.76992387892318,42.711043049273684,43.57897728710931,112608000
2010-04-28,42.84992599487305,43.075590822440816,42.51143206442882,43.04955053562458,130082100
2010-04-29,43.59635543823242,43.68315088652415,43.05823690245492,43.09295508177161,84180200
2010-04-30,42.737083435058594,43.64841372489139,42.70236527084053,43.57897739645526,110897000
2010-05-03,43.33597183227539,43.54427426769605,42.90200456242357,42.91936365052654,74169700
2010-05-04,42.03408432006836,42.806545793402144,41.73030845220967,42.806545793402144,141136500
2010-05-05,41.81708526611328,42.094824046495916,41.348399832627294,41.591420437735245,128560200
2010-05-06,40.419715881347656,41.93860149989791,37.00873248453073,41.53067115999675,274356800
2010-05-07,39.41292190551758,40.619350832560464,38.432154585534526,40.11595033485372,288200400
2010-05-10,41.461238861083984,41.487275841239935,41.06198971445558,41.166140945987344,136041600
2010-05-11,41.417850494384766,41.99936523208451,40.96652399258821,41.04463825849355,113016100
2010-05-12,42.1989860534668,42.23370423762039,41.57407529324364,41.643508350642534,85462400
2010-05-13,41.53064727783203,42.346507488474614,41.4264961080777,42.01669158819557,102844300
2010-05-14,40.7321662902832,41.24424777697035,40.25480297816304,41.21821080149879,147386100
2010-05-17,40.86236572265625,41.027272117504005,39.98574985464049,40.810288450695275,120969600
2010-05-18,40.29817581176758,41.29630123431906,40.11591046671553,41.209505847933244,153072100
2010-05-19,39.977054595947266,40.47177687645667,39.53440625386628,40.150638805250765,159000300
2010-05-20,38.49291229248047,39.3000920311675,38.40612012503606,39.195940768052424,189289800
2010-05-21,38.91819381713867,39.612540945941895,37.74648324421501,37.894030560563316,190631100
2010-05-24,38.761962890625,39.3434808511116,38.74460379962008,38.900832307756296,113038000
2010-05-25,38.79668045043945,38.84875441171102,37.520815424757856,37.911386688834675,155643000
2010-05-26,38.362701416015625,39.55177062544929,38.29326507428463,39.06572616605337,140203200
2010-05-27,39.81216049194336,39.82951958182653,39.135172541038884,39.23064587994241,110671600
2010-05-28,39.57781219482422,39.916309433716314,39.230640378568765,39.88159125881855,128535300
2010-06-01,39.21328353881836,40.1419732496678,39.1698874731624,39.43026717800575,104242700
2010-06-02,40.141971588134766,40.16800856426912,39.169885851865374,39.43894343434021,97249300
2010-06-03,40.523860931396484,40.593297281177456,39.994423663399836,40.254803353263696,98928400
2010-06-04,39.13516616821289,40.176688215245356,39.004974670743586,39.66460673525732,112849900
2010-06-07,38.4234619140625,39.456302809439556,38.38006584988669,39.334792505384314,88436600
2010-06-08,38.354034423828125,38.60573628947052,37.83327491158918,38.492903847819065,133030100
2010-06-09,38.03288269042969,38.97893125785636,37.920050298652164,38.623078309241194,101949200
2010-06-10,39.11783218383789,39.16122827387334,38.39744781870295,38.501599096969926,76892300
2010-06-11,39.491031646728516,39.525749831805186,38.71857023876861,38.71857023876861,74346800
2010-06-14,39.48233413696289,40.13328488460244,39.41289780131278,39.85554285290872,68085000
2010-06-15,40.54121398925781,40.593291243848235,39.44761813011416,39.690638696388994,76332600
2010-06-16,40.70612716674805,40.91442958134306,40.358952061213444,40.42838840668324,78399700
2010-06-17,40.83631896972656,40.94915138566797,40.480465944902875,40.93179229776102,77111900
2010-06-18,40.87023162841797,41.165888755864025,40.74849104367821,40.913709934799,75921400
2010-06-21,40.52241134643555,41.461558983472614,40.28762775435948,41.3919910175366,95488100
2010-06-22,40.20935821533203,40.99197778817547,40.13109592632943,40.69632062051925,94493400
2010-06-23,40.04413986206055,40.40936501849857,39.73109067573736,40.25284042533698,92397600
2010-06-24,39.43541717529297,39.99195067487621,39.30498227970719,39.870206794941986,114145900
2010-06-25,39.443275451660156,39.7830778195933,39.16446308188396,39.652383067139496,88740300
2010-06-28,39.30385208129883,39.68721809118924,39.042466014386996,39.443258205232084,71350000
2010-06-29,37.78782272338867,38.737528362052565,37.52643655169427,38.70267598617184,136384200
2010-06-30,37.212772369384766,38.04920946072356,37.15178237253958,37.665843291453,101313200
2010-07-01,37.10820388793945,37.430579932868056,36.393747072852165,37.32602616872715,158695000
2010-07-02,37.00365447998047,37.30860437950117,36.67256364356898,37.1691982363339,78565300
2010-07-06,37.11691665649414,37.78780970438095,36.81196678186575,37.55256123379433,88591900
2010-07-07,38.30187225341797,38.34543604847132,37.204049329032784,37.23890169455727,72448400
2010-07-08,38.5109977722168,38.66783015303058,38.05792681916651,38.606840152014755,78264600
2010-07-09,38.87692642211914,38.88564117612192,38.406432740817706,38.493560338616724,47851200
2010-07-12,38.99018478393555,39.234144653076584,38.73751016306579,38.842067241586754,60927500
2010-07-13,39.49555969238281,39.6436773309878,39.03377393807754,39.3300125389936,93310500
2010-07-14,39.695945739746094,39.913768086888396,39.417133401300376,39.573962433434,87687100
2010-07-15,39.73080062866211,39.85278395290256,39.199316815433086,39.61753538456886,95992500
2010-07-16,38.63297653198242,39.75694078377089,38.598124154321,39.59139365173195,98831900
2010-07-19,38.96406555175781,39.04248173577793,38.42386369575007,38.746243187669194,81800800
2010-07-20,39.43455123901367,39.43455123901367,38.21474824468108,38.33672821174386,89061200
2010-07-21,38.894351959228516,39.87019499789996,38.82465054689007,39.85277213759392,83577000
2010-07-22,39.878929138183594,40.06189917368745,39.4171466703768,39.44328429724697,82890300
2010-07-23,40.13159942626953,40.166448483604896,39.53912224339042,39.60882368176714,81056100
2010-07-26,40.46267318725586,40.48009937179545,40.00089092992392,40.18386088203225,64850900
2010-07-27,40.445255279541016,40.70664477742134,40.262285289989215,40.63694002499844,67655600
2010-07-28,40.12286376953125,40.58464926852451,39.97474621281752,40.40167602521942,51988200
2010-07-29,39.82664489746094,40.436548252786345,39.425852498480715,40.35813205962014,85669500
2010-07-30,39.913761138916016,40.15772106166248,39.269005641180065,39.495542704048646,98958100
2010-08-02,40.6630744934082,40.76763161393806,40.26228216915956,40.41911452624908,68706800
2010-08-03,40.488807678222656,40.689203782958224,40.29712300251719,40.63692523766464,60856600
2010-08-04,40.89832305908203,40.941890187854106,40.51495692130679,40.6717892785115,43820600
2010-08-05,40.80247116088867,40.8808839910785,40.53237033665265,40.69791407322711,39150200
2010-08-06,40.741485595703125,40.81990176447749,40.122870999652456,40.35811950597557,71339200
2010-08-09,41.020301818847656,41.116140849887564,40.76762712428494,40.950597079504185,26927600
2010-08-10,40.6630744934082,40.907037784272596,40.323272160949344,40.6892154353933,86694500
2010-08-11,39.55653381347656,40.009601304732605,39.39098672657073,39.99217844435756,92219700
2010-08-12,39.24286651611328,39.417125021522146,38.72880575319462,38.79850716113545,66000200
2010-08-13,38.96406555175781,39.26030409986655,38.95535079591919,39.09475697598768,46387300
2010-08-16,39.03377914428711,39.303880156464295,38.59813428034706,38.77239289066439,55472900
2010-08-17,39.5304069519043,39.88763554348421,39.2341683644693,39.312584558899324,56927100
2010-08-18,39.68722915649414,39.922477679416325,39.30386303971637,39.45198063357196,61835400
2010-08-19,39.08603286743164,39.608805042216105,38.82464678003941,39.45197272503988,82969500
2010-08-20,39.138328552246094,39.23417094326078,38.80724088618503,39.025063293507074,65806700
2010-08-23,38.754947662353516,39.50425699209213,38.737521477510185,39.382277021893735,69612200
2010-08-24,38.031776428222656,38.441280108456475,37.87494410006343,38.310588717460234,79095800
2010-08-25,38.39772033691406,38.56326411234609,37.700689540746325,37.76167952767943,87247900
2010-08-26,37.93593215942383,38.615536664560324,37.90107979410798,38.52840907497521,91199000
2010-08-27,38.39772033691406,38.4761365092145,37.43930340764655,38.21475037611472,109568800
2010-08-30,37.9969367980957,38.55456156349227,37.988222041551886,38.21475917981035,49373200
2010-08-31,37.86622619628906,38.20602843779713,37.62226629442776,37.79652479163057,72066900
2010-09-01,38.998905181884766,39.12959989824438,38.3977167987809,38.42385441257094,83523100
2010-09-02,39.43455123901367,39.45197742340905,38.97276898550321,39.068611337825345,41816800
2010-09-03,40.08802032470703,40.096735079219634,39.68722803345724,39.87019799376193,64041100
2010-09-07,39.81793975830078,40.10546362955495,39.75694974549819,39.922493591147166,51195200
2010-09-08,40.29713439941406,40.47139294263907,39.922479694777145,39.93119444997629,66879800
2010-09-09,40.45397186279297,40.68922042728835,40.358129485734956,40.65436804950259,61476400
2010-09-10,40.602088928222656,40.66307892666181,40.29713893602687,40.49753511999919,66995700
2010-09-13,41.16841125488281,41.27296501949612,40.89831042895217,40.91573661033843,64523400
2010-09-14,41.34270477294922,41.56052723927276,41.02032845342836,41.11616754669678,91405800
2010-09-15,41.604061126708984,41.647624923880834,41.11613795675211,41.23812124201984,67108200
2010-09-16,41.769615173339844,41.80446754914337,41.4211013864211,41.52565519012617,66885800
2010-09-17,41.911102294921875,42.042099777677926,41.70150165842745,42.042099777677926,76372600
2010-09-20,42.644691467285156,42.73202310595369,42.01589300810865,42.068290658714375,84475000
2010-09-21,42.63595199584961,42.94161603178834,42.45255357428637,42.670885980382074,82272000
2010-09-22,42.52239990234375,42.81060015340959,42.28660060551352,42.461267121478876,88315900
2010-09-23,42.504966735839844,42.932899873857224,42.199302588319824,42.242968419181345,85040000
2010-09-24,43.36956024169922,43.39575907113721,42.92416348380832,42.985296306822974,79495900
2010-09-27,43.13376235961914,43.44816165032812,43.09882836476501,43.34336299725483,43859800
2010-09-28,43.11628341674805,43.2647511880003,42.43508736326461,43.23854903337449,104922900
2010-09-29,43.04641342163086,43.25601064362801,42.889213839389114,43.05514525109417,81679200
2010-09-30,42.85430145263672,43.52676593074743,42.57483612816077,43.26476760548741,122458600
2010-10-01,42.80188751220703,43.256019360028745,42.60102207919735,43.21235354093768,77675400
2010-10-04,42.33901596069336,42.83681353504622,42.09448475406047,42.67961395035712,71359900
2010-10-05,43.36956024169922,43.456891894151866,42.79316267364036,42.819361503078355,99301300
2010-10-06,42.9940071105957,43.413204834014046,42.71454196165014,43.31713806441012,81831200
2010-10-07,43.15121078491211,43.26474455357894,42.79314582048997,43.2385424029711,75693300
2010-10-08,43.448150634765625,43.55294926126895,42.863021361009785,43.168685409764585,83223900
2010-10-11,43.46561813354492,43.68395055133559,43.334617350275195,43.47434996440169,46880000
2010-10-12,43.762550354003906,43.84988198852286,43.02021813463954,43.39575015975001,88571700
2010-10-13,44.12061309814453,44.321478512313384,43.91101252208374,44.04201329855775,71122900
2010-10-14,44.03328323364258,44.225416839647636,43.81495080190538,44.1468170309627,68464000
2010-10-15,44.96773910522461,44.97647093469711,44.21667517405376,44.5747401492064,104654000
2010-10-18,44.801795959472656,45.1685960267938,44.801795959472656,44.97646249955476,72399400
2010-10-19,44.382625579833984,44.80182353515661,44.03329228465387,44.382625579833984,105739800
2010-10-20,44.70573425292969,45.03760038347741,44.426269089780305,44.504868875134036,80861400
2010-10-21,44.79307556152344,45.159872390953275,44.356410765637634,44.98520580630135,85885400
2010-10-22,45.0987548828125,45.142420710914216,44.723222764457276,44.801822587636025,47406900
2010-10-25,45.31707763671875,45.614009868219135,45.2821436491332,45.2821436491332,51413900
2010-10-26,45.43935775756836,45.54415975375832,44.90662593714924,45.09002776473693,60498300
2010-10-27,45.579078674316406,45.61401266404317,45.11621497064692,45.20354661347521,57483400
2010-10-28,45.675140380859375,45.80614116196468,45.273409538319186,45.77120717613817,61220000
2010-10-29,45.57035446166992,45.84108793008416,45.56161929703346,45.675153116883195,46668700
2010-11-01,45.605281829833984,46.06814554362722,45.39568121837762,45.736279296941596,60555600
2010-11-02,46.09434509277344,46.22534589342175,45.91968180056069,45.9808146191329,48137500
2010-11-03,46.3039436340332,46.32141062877006,45.727546133671325,46.138012181265964,126225800
2010-11-04,46.87159729003906,47.037532043561576,46.723132859506265,46.81046448552697,84201000
2010-11-05,46.87159729003906,46.99386623055123,46.73186468951314,46.89779944303566,77937100
2010-11-08,46.93275833129883,47.011358169022316,46.679491817357615,46.793025656622596,39623500
2010-11-09,46.67947006225586,47.19473468463822,46.46986948218159,47.116134883546394,66828700
2010-11-10,46.9152946472168,46.95896048648576,46.37382757951372,46.74062795865097,83553700
2010-11-11,46.61833953857422,46.7056711745172,45.98954109902201,46.20787352036782,85163600
2010-11-12,45.858551025390625,46.60961526329408,45.50922106853286,46.373815793383294,99164300
2010-11-15,45.683876037597656,46.1816736808054,45.66640904449532,46.09433871529369,56723400
2010-11-16,44.93281555175781,45.63147867376657,44.40881571163482,45.36074525646194,101097000
2010-11-17,45.063812255859375,45.29961168022874,44.84547982568275,44.95901362219137,77836200
2010-11-18,45.788658142089844,46.10305724150591,45.52666000307215,45.55285881752779,71488300
2010-11-19,45.82361602783203,45.92841467182878,45.53541559247994,45.727549216048004,54506100
2010-11-22,46.20785903930664,46.20785903930664,45.56159380880094,45.64019358911262,69918900
2010-11-23,45.474281311035156,45.80614755976271,45.21228304371918,45.73627957835113,76818300
2010-11-24,46.39128112792969,46.50481494229588,45.902218539562746,45.919685536502854,53444200
2010-11-26,46.08561325073242,46.400012507028976,45.998278273156295,46.09434508274566,23640300
2010-11-29,46.05067825317383,46.19914604606382,45.50047956668053,46.024479426217994,89269100
2010-11-30,45.49174118041992,46.059406780257554,45.308342755175715,45.570340981451466,118862100
2010-12-01,46.45241165161133,46.6882111013948,46.14674754901545,46.164214545090765,81758800
2010-12-02,46.92400360107422,46.99387157502705,46.46987176484589,46.52227274531052,56844600
2010-12-03,47.046260833740234,47.10739363430232,46.7231298405567,46.7231298405567,38014200
2010-12-06,47.02880096435547,47.116135929445186,46.880336520935366,47.05500311962652,39312000
2010-12-07,47.054996490478516,47.61392686235701,47.00259551880698,47.59645987179984,59067300
2010-12-08,47.229671478271484,47.290804290368186,46.88907009896192,47.177270497265,48066900
2010-12-09,47.2733268737793,47.544056887234035,47.116127296907926,47.517858068251364,51679800
2010-12-10,47.587730407714844,47.64012805050311,47.23839724218253,47.413063824948686,44696200
2010-12-13,47.42180633544922,47.80607357037859,47.39560750815448,47.77113957965978,53110200
2010-12-14,47.50914001464844,47.70127029537682,47.360672223892934,47.54407067292447,69884800
2010-12-15,47.299537658691406,47.77113650861153,47.18600386189838,47.48293610094195,76951900
2010-12-16,47.66633605957031,47.73620070236741,47.21220422117982,47.34320167573252,65519400
2010-12-17,47.70833969116211,47.84834935746401,47.61208241968697,47.725841316711566,36844200
2010-12-20,47.74334716796875,47.918356762765704,47.39332130218674,47.795848711170215,48159600
2010-12-21,48.0321159362793,48.0321159362793,47.79584897628004,47.92710951119987,35775400
2010-12-22,48.02333450317383,48.09333762679539,47.94457890279218,48.01458202641374,35766500
2010-12-23,47.900848388671875,48.01460393372089,47.787089505529515,47.935848297405926,21664800
2010-12-27,47.927101135253906,48.005856774823314,47.437065673700516,47.76084071309336,29263700
2010-12-28,47.839603424072266,48.05836876624511,47.73459699449568,48.02336884844905,24160500
2010-12-29,47.94461441040039,48.04087169749818,47.892109525230424,47.97086518393823,24132700
2010-12-30,47.83085250854492,47.95336056153164,47.73459522745705,47.94461141693006,27553300
2010-12-31,47.65583038330078,47.795840036584075,47.437065091414794,47.76958926974766,38540100
2011-01-03,48.39962387084961,48.732144638897665,48.084601384831274,48.102103004953705,90994300
2011-01-04,48.36464309692383,48.609659216267204,48.05836960965035,48.574655959762644,43851500
2011-01-05,48.775917053222656,48.79341534124166,48.18962426176998,48.21587503189236,43787400
2011-01-06,48.933414459228516,48.96841770390557,48.72340166735246,48.82840806329049,46139600
2011-01-07,48.88969039916992,49.047201753385785,48.408407189330376,49.02095097371483,72261700
2011-01-10,49.07343292236328,49.16093770574228,48.63590232928127,48.78466112864427,55551800
2011-01-11,49.14344787597656,49.31846082283154,48.95968578392128,49.274708420641375,56663800
2011-01-12,49.49345397949219,49.49345397949219,49.178431468735354,49.37969510880934,51979300
2011-01-13,49.51096725463867,49.64222443962004,49.36220510594727,49.52846554216117,47364500
2011-01-14,49.87848663330078,49.8959882572521,49.405952800895506,49.52846083046129,43867400
2011-01-18,50.018489837646484,50.07974384453154,49.43220053229145,49.502203680977374,65805600
2011-01-19,49.44970703125,50.10600293241808,49.283446604667766,50.10600293241808,67767200
2011-01-20,49.09967803955078,49.30969083073029,48.723401505753266,49.2396876797015,92357800
2011-01-21,48.72340774536133,49.43220851707203,48.69715697762545,49.344700394463175,59673300
2011-01-24,49.39720916748047,49.40595831138524,48.72341159162323,48.81966886504481,64103300
2011-01-25,49.46720504760742,49.48470667093319,49.047176102068896,49.15218250393019,55305100
2011-01-26,49.72972106933594,49.8609782239684,49.39719693569965,49.5372065701634,60547700
2011-01-27,50.0359992980957,50.184758098666315,49.80848151851371,49.88723715943155,53656100
2011-01-28,48.76717758178711,50.07102070125245,48.53966305780857,50.02726495524968,123359900
2011-01-31,49.00343704223633,49.14344672883323,48.469649068931176,48.83717658255695,70571300
2011-02-01,49.922237396240234,50.03599627916758,49.31844641102899,49.370947943077496,76952900
2011-02-02,49.843482971191406,50.02724501401299,49.738476566449556,49.8172322045293,48661000
2011-02-03,49.930992126464844,50.00099528504774,49.35345188125854,49.74722674173605,45341900
2011-02-04,50.21101379394531,50.24601370583295,49.79098480845078,49.92224198874014,47647800
2011-02-07,50.44728469848633,50.72730404420967,50.228519376009096,50.307275025624655,45627100
2011-02-08,50.779788970947266,50.8147922122337,50.36851256915653,50.464766475554995,38099900
2011-02-09,50.69228744506836,50.858547844663754,50.53477618730723,50.70103658690263,62540800
2011-02-10,50.771060943603516,50.84106411719547,50.30727948701243,50.35978103268285,70194700
2011-02-11,51.13858413696289,51.173587392136064,50.55229463423587,50.62229780648808,47853500
2011-02-14,51.26109313964844,51.33109630863623,51.086080210037956,51.13858175225531,48506100
2011-02-15,51.191070556640625,51.25232456205413,50.954803676577285,51.13856569281779,39723800
2011-02-16,51.52360153198242,51.66361118269052,51.304836244120175,51.322337867720364,53061700
2011-02-17,51.50611114501953,51.60236842677347,51.23484092717608,51.269844182012804,38361900
2011-02-18,51.3923454284668,51.6023615915745,51.19983089045921,51.50610432257071,44334300
2011-02-22,49.90473937988281,50.86730870682944,49.82598373802439,50.692295798467,92598100
2011-02-23,49.49345397949219,50.079743278217315,49.11717746254297,49.90473040134207,97842900
2011-02-24,49.7559814453125,49.90474025025419,49.12593629945675,49.598470158848556,98716100
2011-02-25,50.44728469848633,50.508538721732435,49.98349994493074,50.03600482403909,54094600
2011-02-28,50.55229187011719,50.797307966744036,50.254770893601474,50.64854914753315,51402800
2011-03-01,49.73848342895508,50.771056009313796,49.615975383504704,50.771056009313796,91993900
2011-03-02,50.000999450683594,50.32477117955195,49.694729347442404,49.71223097306959,61552900
2011-03-03,50.98981475830078,51.077319540032214,50.46477605363181,50.46477605363181,64146600
2011-03-04,50.727294921875,50.981060113362396,50.39477075684144,50.97231097079799,62328400
2011-03-07,50.044769287109375,50.98108488687488,49.58973687649797,50.937332476605405,98470000
2011-03-08,50.24601745605469,50.47353525982071,49.67722962282741,49.98349973778872,62399100
2011-03-09,49.90473937988281,50.11475553753645,49.63347254310993,50.06225066359965,84764200
2011-03-10,49.125938415527344,49.45846262772934,48.9246747270638,49.344703729695595,102894400
2011-03-11,49.43220901489258,49.58096781768541,48.84591627083629,48.84591627083629,81679400
2011-03-14,49.2572021484375,49.51971987492402,48.880925516505684,49.160944869837174,73565800
2011-03-15,48.55714797973633,48.845916443037794,47.66458514555193,47.813343948869196,101276500
2011-03-16,47.384559631347656,48.425881132725,47.05203548056851,48.15461099155081,176507700
2011-03-17,47.822078704833984,48.33836476055461,47.36704664402154,48.13709781946503,94434500
2011-03-18,47.71431350708008,48.38906176653901,47.67926086801123,48.38906176653901,94887200
2011-03-21,48.63442611694336,48.87978791774603,47.75813015087231,48.4416399347105,57423000
2011-03-22,48.54680252075195,48.730823889030624,48.44164458790344,48.704536077220574,36162100
2011-03-23,48.818443298339844,48.95865050722505,48.03854048999069,48.37153386464437,60365100
2011-03-24,49.685970306396484,49.79112486170864,48.91482910090025,49.18648199015995,69502400
2011-03-25,49.80866241455078,50.14165581476383,49.71226932426776,49.84371505516348,74131100
2011-03-28,49.53700637817383,50.036494775976614,49.51071857075376,50.02773328777112,37824000
2011-03-29,50.018985748291016,50.018985748291016,49.27413201657146,49.42310410003718,47994800
2011-03-30,50.25556945800781,50.32567473585104,50.01897250229603,50.26433428914004,44935900
2011-03-31,50.325687408447266,50.36950154673037,50.08032555981828,50.16795383638449,50004300
2011-04-01,50.351959228515625,50.73753154566037,50.202990537112186,50.57979802370178,68031800
2011-04-04,50.18547058105469,50.544751794885165,49.966396588650646,50.49217283329881,48659100
2011-04-05,50.054019927978516,50.37825181168196,49.94886535794677,50.08907256559027,55349400
2011-04-06,50.17671585083008,50.58857610916151,49.887539860898606,50.43960736888262,49532100
2011-04-07,50.14165496826172,50.47464502004936,49.782373765056505,50.15918128827219,60697000
2011-04-08,49.90507125854492,50.44837398833287,49.64218305657042,50.36950719346004,42782200
2011-04-11,49.738563537597656,50.20300272850701,49.56330699757596,50.097844793128914,42451700
2011-04-12,49.39680099487305,49.633401298818285,49.20401816198722,49.51072040258084,50422800
2011-04-13,49.81739807128906,49.94884373402574,49.42306776868314,49.76482248043604,49979800
2011-04-14,49.72978973388672,49.79989500677968,49.27411548849267,49.47566313385483,53544100
2011-04-15,49.64215850830078,49.834941311587535,49.31792665482164,49.537000605268155,68530000
2011-04-18,49.29164505004883,49.30917136942528,48.476689584463735,49.14267634955442,69065000
2011-04-19,49.59834671020508,49.59834671020508,49.160198759256964,49.42309020406869,38608400
2011-04-20,50.720008850097656,50.7725844659702,50.41330327202536,50.47464371907909,67397500
2011-04-21,51.12308883666992,51.237008208228616,50.96535535075869,51.21071706537498,43666800
2011-04-25,51.254539489746094,51.2808272923447,51.0705148431469,51.16690790974577,25376800
2011-04-26,51.543724060058594,51.727745394963094,51.27207113033991,51.38599053219659,49400000
2011-04-27,51.894248962402344,51.95558941352733,51.40352201059857,51.64012232613947,56465500
2011-04-28,51.81537628173828,51.90300453255152,51.596302311901674,51.73650951888496,48100000
2011-04-29,51.77153778076172,51.955559026508986,51.68390622840451,51.718958849347395,44831200
2011-05-02,51.675167083740234,51.99939561062109,51.54372136978141,51.85042357861419,48149400
2011-05-03,51.429805755615234,51.701458691130476,51.114342035963375,51.648879733120026,38100000
2011-05-04,51.35094451904297,51.58754484135973,50.92156134887121,51.4561024463864,53097200
2011-05-05,51.07051467895508,51.675160879202956,50.89525820512383,51.09680582427214,72200000
2011-05-06,51.237022399902344,51.876718006480125,51.09681518945795,51.57877726643534,72507000
2011-05-09,51.429805755615234,51.63135341378321,51.123103524229975,51.32465118239795,40022000
2011-05-10,51.86795425415039,51.946821020590704,51.508673060989764,51.57877833907166,38053600
2011-05-11,51.49114227294922,51.973107660927106,51.14062594136927,51.78908299333403,61900000
2011-05-12,51.79784393310547,51.867945857034634,51.03546754280911,51.33340824081505,66100000
2011-05-13,51.18444061279297,51.76279574175321,51.16691429460588,51.675167493621174,63506600
2011-05-16,50.29939270019531,51.10558343108541,50.18547328202901,50.947849880640995,73115300
2011-05-17,50.43959045410156,50.44835194178974,49.93133725529948,50.03649182157449,63136000
2011-05-18,50.860206604003906,50.947834842695464,50.30813934039861,50.369479776043306,42351100
2011-05-19,51.009178161621094,51.12309755260181,50.69371113601495,51.0179429916675,35015800
2011-05-20,50.62361145019531,51.00918041922138,50.55350617793419,50.9566048078289,44703300
2011-05-23,49.87876892089844,50.08031995147772,49.642171932104525,49.9313478866327,43700000
2011-05-24,49.57206726074219,50.01021528556247,49.563305771079605,50.001453795899884,39314800
2011-05-25,49.76485061645508,50.0014509374688,49.48443616402487,49.51072397431397,41369000
2011-05-26,50.07155227661133,50.21175950113917,49.60711647213858,49.615877961194855,40564100
2011-05-27,50.325687408447266,50.37826638006968,50.115374864762074,50.15919234584966,30127200
2011-05-31,51.140628814697266,51.140628814697266,50.53598250955427,50.79887395151395,47590100
2011-06-01,50.02773666381836,51.14063293801901,49.98392253422699,51.01795203804165,51795000
2011-06-02,50.13289260864258,50.308152474584645,49.852478160256844,50.124131119607235,50198100
2011-06-03,49.3792839050293,49.940116217066155,49.3091819552774,49.554543793615544,57773700
2011-06-06,48.97616195678711,49.53699062205763,48.949874157728345,49.26534111764364,50175600
2011-06-07,48.888553619384766,49.30041045766085,48.853500977845215,49.10762761480111,46311100
2011-06-08,48.53803634643555,48.87102977230853,48.3978291159844,48.78339816402403,46426400
2011-06-09,48.62565994262695,48.86225688900067,48.39782114143251,48.55555466755066,45307500
2011-06-10,47.88080596923828,48.49421374894211,47.83699184414589,48.397820668056774,53740600
2011-06-13,47.88080596923828,48.13493257469898,47.71431095676582,47.90709377573302,37736800
2011-06-14,48.49422073364258,48.608140149533554,48.22256777045761,48.24885892354258,40565300
2011-06-15,47.5741081237793,48.32772317873281,47.47771503403355,48.02978242079313,59022400
2011-06-16,47.39008712768555,47.75812982638895,46.98698844550073,47.60039628614355,66316200
2011-06-17,47.24166488647461,47.953054225955036,47.10114324593402,47.77740468800443,70337000
2011-06-20,47.48757553100586,47.62809716743671,47.1099230049167,47.1099230049167,37402900
2011-06-21,48.506351470947266,48.55904833362545,47.45243766948086,47.65443728429781,55892800
2011-06-22,48.15504837036133,48.5853943496283,48.146263884898985,48.304351120225505,36833300
2011-06-23,48.60297393798828,48.62932070134782,47.47880069730726,47.636887978065594,80743300
2011-06-24,47.75983428955078,48.41853004191562,47.66322504315596,48.374617661817936,56298300
2011-06-27,48.52392578125,48.7698378171856,47.70714269012078,47.812533084050294,49968900
2011-06-28,49.24407958984375,49.252864073440726,48.55903728242919,48.629296399710725,47028800
2011-06-29,49.446083068847656,49.54269229426105,49.09478075406153,49.358258327725906,65407300
2011-06-30,50.10479736328125,50.139928612950776,49.59540764427464,49.621754406376596,50347200
2011-07-01,50.86008071899414,50.930343188271124,49.99060108833566,50.13112602688962,53203900
2011-07-05,51.11479187011719,51.16748538695624,50.78983623184341,50.912792238201064,43128800
2011-07-06,51.28165817260742,51.36948628093534,50.88644006088117,51.05331179155434,49282700
2011-07-07,51.98426818847656,52.13357430294336,51.58905341259951,51.6680970378349,54799800
2011-07-08,51.84375,51.8525344868867,51.264097826582166,51.53635996496786,69519500
2011-07-11,50.904014587402344,51.5627104387413,50.72836169031855,51.29923276826578,52080800
2011-07-12,50.51757049560547,51.00061335043189,50.46487363223726,50.89522297399514,84000700
2011-07-13,50.72835922241211,51.23775226414338,50.5439251970819,50.88644648706663,82378100
2011-07-14,50.139915466308594,51.097219991846295,49.946696994088306,50.860089144203066,98774200
2011-07-15,50.807395935058594,50.807395935058594,50.33313755598654,50.70200555640922,68281500
2011-07-18,50.53514862060547,50.75471391351707,50.04332115837531,50.52636413272074,59512200
2011-07-19,51.68564224243164,51.729557958849554,51.01816556664401,51.01816556664401,73904600
2011-07-20,51.46607971191406,51.98425369952158,51.37825497515304,51.97547256596506,57085500
2011-07-21,51.80861282348633,52.09843718313236,51.237741888908474,51.51878511354078,70148800
2011-07-22,52.344356536865234,52.432184650865665,51.74713876286221,51.78227000846238,43620400
2011-07-25,52.23897171020508,52.52879949180317,51.83497239370502,51.93158165423772,48916100
2011-07-26,52.37070846557617,52.54636134937925,52.0984463281664,52.203836718328205,40918900
2011-07-27,51.018192291259766,52.07210638167962,50.88645177359459,52.028193992558066,83969500
2011-07-28,51.10599899291992,51.755913513060925,50.842521401084134,51.04452099983488,61031900
2011-07-29,50.93914031982422,51.47488009027037,50.44731293131792,50.69322830072106,82860500
2011-08-01,50.7020149230957,51.65931969428758,50.087231458516456,51.55392929616839,85421100
2011-08-02,49.419734954833984,50.693213767804,49.3670381014335,50.46486408670091,90853300
2011-08-03,49.894012451171875,49.955490457873346,48.61174874638381,49.48122867734763,103612300
2011-08-04,47.575401306152344,49.261664329376345,47.575401306152344,49.18262069781428,132830000
2011-08-05,47.27678680419922,48.330697225116324,45.95061094240928,48.05843848484253,214111800
2011-08-08,44.431217193603516,46.65321610491881,44.431217193603516,45.82765209979873,204804500
2011-08-09,46.57417297363281,46.618088697475656,43.85156561034394,45.098694440535816,193707100
2011-08-10,44.66836166381836,46.58297119764143,44.61566478984421,45.52027603308193,205917900
2011-08-11,46.63565444946289,47.153828536692465,45.08991667331853,45.30948190773276,143825300
2011-08-12,47.048431396484375,47.33825907237646,46.44243264275426,46.92547541894196,90483300
2011-08-15,47.74226760864258,47.74226760864258,47.01330938404811,47.241659115971586,73554300
2011-08-16,47.33826446533203,47.73347919522872,46.70591553701815,47.27678646955702,89219200
2011-08-17,47.057220458984375,47.79495639601356,46.56539315066547,47.399741672690624,84416600
2011-08-18,44.74739074707031,45.79251994707922,44.33460707760076,45.78373881275613,130019400
2011-08-19,43.939395904541016,45.37974338051953,43.90426801145112,44.28191715184081,96674600
2011-08-22,44.097476959228516,45.00208792287716,43.96573984045978,44.993303438112996,77107700
2011-08-23,45.91550064086914,45.91550064086914,44.21167488976342,44.396108962503,75688400
2011-08-24,46.27555847167969,46.363386558302,45.41486332457471,45.78373458779052,80197700
2011-08-25,45.52025604248047,46.45999477203982,45.36216884028367,46.24921071901114,93623700
2011-08-26,46.66200637817383,46.820093621150114,44.92305005573439,45.37096167730073,91573300
2011-08-29,47.96184158325195,48.01453510767044,47.10992720194895,47.12749282685524,45985800
2011-08-30,48.27800369262695,48.567828053159495,47.522698767755,47.78617637286627,61617900
2011-08-31,48.35704803466797,48.95426573537303,47.95304546045015,48.56782878179942,60900400
2011-09-01,47.917930603027344,48.86645092371334,47.83010247591722,48.48001721533023,57158400
2011-09-02,46.79374694824219,47.9618357348218,46.53905379390902,47.0572279394075,58185700
2011-09-06,46.80253982543945,46.87279897879281,45.590538439813784,45.70471333310113,52992200
2011-09-07,47.988162994384766,47.996947477347454,47.33825196768742,47.46998905944026,48952200
2011-09-08,47.76861572265625,48.45365823728192,47.61052847308112,47.74226896449368,61422800
2011-09-09,46.705936431884766,47.63689462057478,46.41610859331392,47.43489157231577,63663500
2011-09-12,47.30314636230469,47.338277612590126,46.17018866785251,46.18775429299522,65973000
2011-09-13,47.935489654541016,48.03209555566283,47.250443758231654,47.47879350710145,59020000
2011-09-14,48.62051010131836,49.165030766025026,47.70711822159858,48.181379776487525,90757300
2011-09-15,49.340694427490234,49.428519171670054,48.64686755745227,49.14747596993555,83536100
2011-09-16,49.792972564697266,49.8457671702118,49.35302758828414,49.44981602013724,91902100
2011-09-19,49.81055450439453,50.07452073276,48.7722844305127,49.17703287110726,73042900
2011-09-20,49.59059524536133,50.46168436573565,49.47620861866596,50.0657365963911,66570100
2011-09-21,48.728328704833984,50.092158081125085,48.719527921652535,49.84578985628975,79938000
2011-09-22,47.14448547363281,47.918785890072044,46.41417550853373,47.4876418739999,151885500
2011-09-23,47.64604187011719,47.84841615471,46.71335731995944,46.748553723327,85940600
2011-09-26,48.20036315917969,48.28835415489354,46.818936413348354,47.88360228763638,96261400
2011-09-27,48.70189666748047,49.449804974226105,48.3763383974806,49.01865751678327,81148600
2011-09-28,47.980384826660156,49.247428157609825,47.866001581014984,48.91306912788557,76757100
2011-09-29,47.408477783203125,48.77230671671167,46.607777955929265,48.710714680499386,116900200
2011-09-30,46.18541717529297,47.17089281352677,46.159018198808866,46.77494173139745,104870100
2011-10-03,44.99756622314453,46.502177055436604,44.97117060182785,45.7718702280634,99149500
2011-10-04,45.92143630981445,46.009427282369444,44.08246693982006,44.54000992756883,137013700
2011-10-05,47.100502014160156,47.232486832633924,45.455108954824226,45.8070662330787,108825700
2011-10-06,47.892391204833984,47.901188623970036,46.81892481856367,47.03889721860185,71939200
2011-10-07,47.57563781738281,48.094772896542224,47.267677751997134,47.86600304175757,72525200
2011-10-10,49.22103500366211,49.22103500366211,48.29715136994855,48.385142365286626,48230200
2011-10-11,49.55538558959961,49.67856960547194,49.00985493794527,49.089045141936445,66449100
2011-10-12,49.80176544189453,50.35609700140444,49.76657239794408,50.03053868839668,85627600
2011-10-13,50.25929260253906,50.32088460551606,49.65216999183189,49.70496457574607,63443700
2011-10-14,51.19200134277344,51.20079876605753,50.60247328731827,50.87524040032159,65643600
2011-10-17,50.40008544921875,51.11279737830153,50.127321765993585,50.954416949616466,65161300
2011-10-18,51.024803161621094,51.28876938987756,49.85454829578341,50.32088874425359,91434600
2011-10-19,50.039337158203125,50.90162884854733,49.87215928726851,50.7432483996562,67639400
2011-10-20,49.792972564697266,50.08333450374275,49.089061273739034,50.030543254742,80378300
2011-10-21,50.41769027709961,50.73445117612127,49.960147129236496,50.32090185167481,60455800
2011-10-24,51.46475601196289,51.605538246066445,50.42648577675668,50.60246105200121,61449500
2011-10-25,50.452884674072266,51.315176333533685,50.34729883076423,51.29757813356344,65299200
2011-10-26,50.39130401611328,50.84004646875287,49.45861934644232,50.7344606016343,98193800
2011-10-27,51.781517028808594,52.089480494373326,51.060007610591185,51.59674096337782,104455500
2011-10-28,51.86071014404297,51.92230216928956,51.47355979156245,51.49115799256342,42950000
2011-10-31,50.98961639404297,51.59673916928214,50.95441999522853,51.411963110276304,60520200
2011-11-01,49.66098403930664,50.95442324794178,49.37941954384387,49.7313768414291,99933000
2011-11-02,50.08332061767578,50.294495624669906,49.6081827258365,50.18010902269339,65003800
2011-11-03,51.12160110473633,51.19199390684024,49.89855469854605,50.47928188984911,78994200
2011-11-04,50.857627868652344,51.07760031043415,50.347293549105345,50.875226066776456,61527800
2011-11-07,51.21839904785156,51.253595455444454,50.303312589521425,50.822447853716966,65559000
2011-11-08,51.80791091918945,51.89589855413068,51.00721135777704,51.58793847532326,62906900
2011-11-09,49.986541748046875,50.88402976481362,49.828161312351966,50.804839546966164,69539000
2011-11-10,49.96013641357422,50.52326528815775,49.47619774676104,50.479271474177075,66052400
2011-11-11,50.901615142822266,51.051198129393335,50.3296888816127,50.39128088887353,54471000
2011-11-14,50.58487319946289,51.04241300613701,50.40009376450231,50.760848499023545,44617600
2011-11-15,51.14799880981445,51.35037307605224,50.38249221031224,50.43528681057519,52203900
2011-11-16,50.303287506103516,51.17437969883498,50.20650246825557,50.77842870213886,68342800
2011-11-17,49.12423324584961,50.18889875370271,48.816269901615385,50.17130056061686,101706900
2011-11-18,48.74590301513672,49.18584797608014,48.657912009039826,49.133053372422005,60417000
2011-11-21,47.81322479248047,48.15638137021013,47.320485162924435,48.08599191256733,52283700
2011-11-22,47.971588134765625,48.112370356284956,47.39965847180481,47.69002369172696,51940100
2011-11-23,46.889339447021484,47.663640239272716,46.862940464287135,47.610848986832046,48437300
2011-11-25,46.528564453125,47.223674708066305,46.51976367720087,46.68694485463379,25448100
2011-11-28,48.14757537841797,48.20916740158737,47.63723763614175,47.6636332584962,46710700
2011-11-29,47.8484001159668,48.481918381659256,47.7076179062004,48.12116375935083,52056700
2011-11-30,49.61699295043945,49.66098677593355,48.98347112248049,49.15065235847729,66918600
2011-12-01,49.96013641357422,50.092121212029106,49.581783571617244,49.60818254521593,45362200
2011-12-02,49.819366455078125,50.45288827314571,49.775372630270915,50.45288827314571,36938900
2011-12-05,50.364891052246094,50.699246742451265,50.08332324265868,50.567265293111234,40492200
2011-12-06,50.224124908447266,50.54968328221842,50.056943653296955,50.40890101060001,38670000
2011-12-07,50.224124908447266,50.452894841134366,49.58180222789206,50.083339280314746,44576200
2011-12-08,49.37942123413086,50.2857101316559,49.28263280615612,49.898556419756936,51692600
2011-12-09,50.17132568359375,50.32090536495639,49.48501259213917,49.50260743752341,55757900
2011-12-12,49.60819625854492,50.162524509659086,49.1858494858568,49.643389305550265,55411700
2011-12-13,49.06264114379883,50.1361074976032,48.86026694466581,49.93373329847017,68557700
2011-12-14,48.29715347290039,48.913077041032366,48.024389766758866,48.87788064136461,63682800
2011-12-15,48.165164947509766,48.763486871575566,48.09477215849442,48.71069563632698,58732900
2011-12-16,48.41314697265625,49.075010986974924,48.33372315628143,48.42197034495813,60978900
2011-12-19,47.93660354614258,48.71319159031448,47.804229398171834,48.59846755316747,46733900
2011-12-20,49.357421875,49.41919560018699,48.6867309066619,48.713207764896,81758800
2011-12-21,48.65142059326172,49.10148666186406,48.08663048112756,49.06618643825202,78552300
2011-12-22,49.06618881225586,49.09266566445324,48.68671980610287,48.75732025674285,40334100
2011-12-23,49.48978042602539,49.48978042602539,49.048537747618234,49.16325842018567,26594600
2011-12-27,49.67437744140625,49.83336060889043,49.400566545875854,49.45356318127606,21443500
2011-12-28,49.10028076171875,49.69206162364992,48.967790799223266,49.61256832002457,38180100
2011-12-29,49.45357131958008,49.48889904630236,49.020773815984164,49.17976037899011,28077900
2011-12-30,49.3122444152832,49.568386407883,49.30340995763865,49.347572137786315,21832400
2012-01-03,50.25733947753906,50.51348152240862,50.12484954070108,50.26617056762737,39514100
2012-01-04,50.46931076049805,50.539972946637995,49.957023388417355,50.17783766606697,29403400
2012-01-05,50.884456634521484,50.92861882829013,50.169016965775434,50.363334661588794,41260600
2012-01-06,51.06109619140625,51.17591719302727,50.69896090080161,50.893275179353324,46325200
2012-01-09,50.89328384399414,51.21125700585227,50.725466172728645,51.19359145582025,39195500
2012-01-10,51.26424026489258,51.58221334369095,50.91093609525922,51.432057892321374,35949900
2012-01-11,51.37022018432617,51.48504452254484,51.06108162299623,51.2553958461075,37144100
2012-01-12,51.5733757019043,51.64403787921124,51.105250569999015,51.48505134962868,26188300
2012-01-13,51.387908935546875,51.40557448550971,50.946280294553425,51.29958455509184,35980400
2012-01-17,51.85602569580078,52.07683998001321,51.661711416857685,51.83836014874076,41790800
2012-01-18,52.54496765136719,52.54496765136719,51.829528169835875,51.95318362777396,48692700
2012-01-19,52.87178039550781,52.968939233706585,52.68629717859692,52.78345264743662,47774500
2012-01-20,52.79229736328125,52.81879400817078,52.60681411033513,52.64214184706792,41041700
2012-01-23,52.8099479675293,53.180914368412886,52.500805930767534,52.80111350882706,40958300
2012-01-24,52.712791442871094,52.85411246405739,52.47431158786443,52.5714704216848,38440200
2012-01-25,53.375240325927734,53.50773027218969,52.84528727959852,53.22508482887357,61591800
2012-01-26,53.18974304199219,53.70203040216432,52.93359767722692,53.60487158315967,37852700
2012-01-27,53.3487434387207,53.44589891359148,53.048435815354736,53.07493245674138,45532300
2012-01-30,53.39289474487305,53.47238802218486,52.69512079617585,52.89826953389302,42797800
2012-01-31,53.46356964111328,53.75504620202677,53.11909979229523,53.65788734838894,51449600
2012-02-01,53.8963623046875,54.090679994126006,53.57838912900969,53.7727068184482,46146700
2012-02-02,54.06416320800781,54.24081529183422,53.852183402902725,54.07299766534617,46373600
2012-02-03,54.806095123291016,54.86792284255465,54.479290982989255,54.5676153335493,36453800
2012-02-06,54.76193618774414,54.779601732772846,54.46162866097251,54.60294965184397,28541300
2012-02-07,54.87677001953125,54.98275993864312,54.47046915244467,54.717783456184065,37935700
2012-02-08,55.16822814941406,55.16822814941406,54.682437502009094,54.88558619567452,41171100
2012-02-09,55.565704345703125,55.627532073509926,55.04458251893257,55.3802211622827,46856400
2012-02-10,55.17707061767578,55.327222703308564,54.9827529827549,55.16823616007482,58090500
2012-02-13,55.68936538696289,55.76002757974864,55.336064531110544,55.592206556561884,36810200
2012-02-14,55.8306770324707,55.83951148976553,55.37138296452834,55.565700592715785,51648200
2012-02-15,55.44205093383789,56.404801348637264,55.35372319845897,56.09565932884894,105709100
2012-02-16,56.201637268066406,56.263464981273174,55.318380371560885,55.45970134022746,83642300
2012-02-17,56.02500534057617,56.25465073364501,55.777694398908366,56.21048854682703,76112300
2012-02-21,56.183982849121094,56.43129375091081,55.83067867282864,56.08682403217276,38141300
2012-02-22,55.927818298339844,56.24579127402006,55.84832505441979,56.077973701014244,43174700
2012-02-23,56.29881286621094,56.360640597868056,55.72469436441349,55.99850529700835,54250000
2012-02-24,56.493133544921875,56.590292382626146,56.35181251808631,56.45780244587322,41364900
2012-02-27,56.572628021240234,56.75811123005558,55.93668174032029,56.18399268540741,42678500
2012-02-28,57.146724700927734,57.146724700927734,56.55494413343447,56.62560631010365,43717500
2012-02-29,56.890594482421875,57.37638185646087,56.70510455666625,57.190898669422296,59784400
2012-03-01,57.341060638427734,57.394060657221665,56.93476310083807,57.102584139368794,67558900
2012-03-02,57.29689025878906,57.48237344035267,57.11140707722546,57.26155916629359,33358200
2012-03-05,56.70512390136719,57.33224260221541,56.51964402041152,57.2615803910326,45788800
2012-03-06,56.14865493774414,56.2811448536973,55.84834738169436,56.14865493774414,54638600
2012-03-07,56.58146667480469,56.71395663205023,56.32532459048134,56.41364898240531,42741800
2012-03-08,57.190895080566406,57.35871607966318,56.79343209595646,56.91708754622251,43711100
2012-03-09,57.429378509521484,57.53537179637866,57.25272977014363,57.288060865762695,43117200
2012-03-12,57.45588302612305,57.50887630124515,57.16440653551631,57.411717471042905,32687300
2012-03-13,58.52462387084961,58.52462387084961,57.6501943922876,57.76502214089425,61559100
2012-03-14,58.72775650024414,58.94857075196276,58.36562463155801,58.586438883276635,59926900
2012-03-15,58.89558410644531,59.01923956220647,58.60410764412961,58.904418564347374,65531200
2012-03-16,58.8539924621582,58.98670727152236,58.71243494895054,58.98670727152236,53023100
2012-03-19,59.26982879638672,59.41139305914879,58.79205953479808,58.95131595532762,60966200
2012-03-20,59.375999450683594,59.43793212545085,58.800906470613256,58.960162884322656,47290600
2012-03-21,59.384849548339844,59.71220508273632,59.30521796554384,59.384849548339844,39648100
2012-03-22,59.26100158691406,59.40255913653208,58.99557189991393,59.03096297485777,56953900
2012-03-23,59.225608825683594,59.34947420938163,58.88939699836848,59.33177529733497,45541700
2012-03-26,60.260780334472656,60.260780334472656,59.57067117753305,59.62375442032593,40855300
2012-03-27,60.349266052246094,60.59699689893859,60.278483881717,60.30503225828489,37278200
2012-03-28,60.11034393310547,60.61465474362094,59.756440070427736,60.38461622035721,44421900
2012-03-29,59.88032150268555,60.10151063253439,59.45563540330688,59.80953936109634,53975300
2012-03-30,59.76531219482422,60.181142134796275,59.526424128080535,60.14575781024498,39480900
2012-04-02,60.38462448120117,60.4642493173654,59.59719182285071,59.703365021225345,40031600
2012-04-03,60.366943359375,60.65006518997811,60.03073154480095,60.43771875440811,45539900
2012-04-04,59.544105529785156,59.95109264401128,59.19905109054658,59.91570157971049,54088100
2012-04-05,59.91570281982422,59.96878604229645,59.39369304827733,59.43793356710782,42979900
2012-04-09,59.46448516845703,59.70337321002647,59.06634743271675,59.17251389549732,36908200
2012-04-10,58.508941650390625,59.66797719082766,58.323143605776146,59.43793862361906,69254200
2012-04-11,58.79205322265625,59.18134815330017,58.6416462722365,59.022091749869006,62950000
2012-04-12,59.46448516845703,59.52641785513123,58.818616686019986,58.90709098838932,57407400
2012-04-13,58.562049865722656,59.45564929904782,58.53550824396264,59.261008489421656,55227500
2012-04-16,57.90732192993164,58.88940238345525,57.72152383739444,58.85401130628277,57588000
2012-04-17,59.08403396606445,59.26983200839193,58.06656271032792,58.15504375442705,47362400
2012-04-18,58.93363571166992,59.278690234214736,58.75668709760071,58.915936800168836,42536100
2012-04-19,58.27006530761719,59.42909419593577,58.05772563154769,58.7212930256519,81110900
2012-04-20,58.110801696777344,58.845151142396645,58.02232740517213,58.588570971632464,59906900
2012-04-23,57.5799560546875,57.668430356829894,57.0579461967812,57.56225714416508,70514400
2012-04-24,57.270286560058594,57.71266477410146,57.02254909006367,57.473776758431036,49661500
2012-04-25,58.79205322265625,58.82744428454705,58.367373980276376,58.45584825992595,57526900
2012-04-26,59.137115478515625,59.26983029066211,58.70358672564916,58.783218312999345,41799500
2012-04-27,59.491050720214844,59.67684885499279,59.075213906595934,59.384884214718475,46003800
2012-04-30,59.06633377075195,59.42908035161039,59.02209325472177,59.314064460148934,37787700
2012-05-01,59.16367721557617,59.836087382186356,58.915939693493335,59.004420755030125,37643800
2012-05-02,59.3317756652832,59.376016195517074,58.73014090495144,58.87170520157406,38299300
2012-05-03,58.70358657836914,59.41139440793739,58.5531796083865,59.36715388728098,51297600
2012-05-04,57.24374008178711,58.70358958622407,57.23489737732733,58.163887607310066,107554000
2012-05-07,57.29684829711914,57.571120726107935,56.8810115498405,56.89870371454762,50267800
2012-05-08,57.084495544433594,57.279143085605575,56.16435120225409,56.93408853540342,72659700
2012-05-09,56.90752410888672,57.2260369122138,56.190870301400786,56.42090882606029,85715300
2012-05-10,56.79251480102539,57.181803022292556,56.580171782515016,57.16411086457132,49448900
2012-05-11,56.783660888671875,57.38529545628936,56.54477627725809,56.59786287148699,47099900
2012-05-14,56.25282669067383,56.695204994154764,56.16434900493047,56.297063846006196,46360000
2012-05-15,56.06702423095703,56.8633031378711,55.969700465926984,56.403232680584864,66908600
2012-05-16,55.68657684326172,56.42977249095891,55.571560920163165,56.26166995906826,52825900
2012-05-17,54.50984573364258,55.792743268433604,54.5009962790487,55.70426559788503,62253900
2012-05-18,53.80204772949219,54.8195157503526,53.75780720134651,54.677954835490354,79496500
2012-05-21,55.306129455566406,55.35921606263486,53.83743374412261,53.90821588688055,61473000
2012-05-22,55.24418640136719,55.695414039078244,54.846048735840334,55.46537549336108,62954800
2012-05-23,55.35037612915039,55.483087598942014,54.29751357671183,54.77528296815057,56951100
2012-05-24,54.98762512207031,55.48308666776965,54.58063451300189,55.43000343077537,83131200
2012-05-25,54.91684341430664,55.13803257043808,54.75758695188571,55.04070880172766,32078900
2012-05-29,55.61579132080078,55.872371502859416,55.10263095668351,55.4299932752044,44216700
2012-05-30,55.146881103515625,55.341525262599255,54.57178795717003,55.11149002910819,56431800
2012-05-31,54.907997131347656,55.2176605987624,54.49216043932329,55.07609967436157,55260100
2012-06-01,53.44813537597656,54.253263585866534,53.43043984250802,53.91705520012013,71430800
2012-06-04,53.85512161254883,53.934749824275805,53.12077554891371,53.59854481927556,74119500
2012-06-05,54.076324462890625,54.18249768890524,53.6427956027731,53.66933722173739,47916900
2012-06-06,55.31497573852539,55.35921288767284,54.43021925526378,54.483305859287604,58781800
2012-06-07,55.09377670288086,55.898904822752705,55.049539561694445,55.898904822752705,38414800
2012-06-08,55.624664306640625,55.69544647734107,54.81953567786119,55.005333813330374,39730800
2012-06-11,54.686805725097656,56.07587329331834,54.65141465168449,56.0493283007192,51008900
2012-06-12,55.35037612915039,55.37691774809297,54.57178934774045,54.94338551325144,48802600
2012-06-13,54.96992874145508,55.60695120116473,54.784127289589435,55.19111789241449,50840100
2012-06-14,55.17341232299805,55.394601433738046,54.67794749991238,54.96106929165334,65170600
2012-06-15,55.85890197753906,55.93871321055081,55.300223346456825,55.32682596318231,41536100
2012-06-18,56.382118225097656,56.52400451092631,55.539666922999345,55.62834458307879,32191200
2012-06-19,56.96738052368164,57.20681758227123,56.62153300853662,56.66587520921467,36476500
2012-06-20,57.011722564697266,57.260022650191154,56.58606382549277,57.09153040689034,51389700
2012-06-21,55.59286880493164,57.02946778494867,55.53079377006173,56.96739275007876,42492700
2012-06-22,56.17812728881836,56.249072090027234,55.62831861078686,55.779074621938555,29504200
2012-06-25,55.09626007080078,55.73474652902746,54.93663761053532,55.717013707073676,33136400
2012-06-26,55.44211196899414,55.60173444181787,55.03418937526037,55.28248949617042,30611100
2012-06-27,55.77909469604492,56.02739482396704,55.5928662172678,55.65494124924833,35705800
2012-06-28,55.15833282470703,55.39776650524527,54.57305162211412,55.362294097128114,49793400
2012-06-29,56.896446228027344,56.896446228027344,56.053991719256665,56.22248397414488,44761300
2012-07-02,57.06492614746094,57.09152876075826,56.63926742052955,56.976248514579964,33425600
2012-07-03,57.54380416870117,57.54380416870117,57.01173150694905,57.10040915629591,15895100
2012-07-05,57.579288482666016,57.863061078631645,57.18023559528923,57.490610814990326,37016200
2012-07-06,56.86098098754883,57.36645105027487,56.44418857753993,57.313239046107604,40684100
2012-07-09,56.75456237792969,56.985129681977924,56.47078983666688,56.79890458605587,35628300
2012-07-10,56.195892333984375,57.206835973113506,55.9741947906627,57.06494629786502,47365700
2012-07-11,55.88551712036133,56.27570357874386,55.424385824362304,56.1249508730629,43432000
2012-07-12,55.36231231689453,55.59287627986469,54.856842174797215,55.44212357000654,57680400
2012-07-13,56.20476150512695,56.32891158675281,55.4775938417446,55.51306287732627,32357200
2012-07-16,56.04512405395508,56.32889655992264,55.82342657224073,56.0805964629098,27621400
2012-07-17,56.3377571105957,56.523985546819304,55.53964828914289,56.399832128391985,42467800
2012-07-18,57.100406646728516,57.26889890905198,56.213616660892484,56.23135286654944,44489700
2012-07-19,57.730010986328125,57.91623602070419,57.393033319219356,57.49944375848064,53017800
2012-07-20,56.96738052368164,57.730020368788594,56.94077790954278,57.712287547919324,40573100
2012-07-23,56.275691986083984,56.47078686650419,55.43324081852943,55.858902990870845,48657800
2012-07-24,55.83229446411133,56.453048105945115,55.4687107197685,56.37323687509741,57269700
2012-07-25,55.45985412597656,55.82343793467943,55.11400652536113,55.39777908908845,46264400
2012-07-26,56.195892333984375,56.51513733762136,55.841178294371325,56.25796737548756,41928200
2012-07-27,57.52606964111328,57.63248011090913,56.435314966010495,56.603807230748274,42621000
2012-07-30,57.48173141479492,57.91625664977842,57.28663651910035,57.667956515502134,37821300
2012-07-31,57.46399688720703,57.80097466435491,57.41078488453134,57.57040736121635,34588300
2012-08-01,57.29549789428711,57.88964552337461,57.064930618197096,57.87191270167703,30920200
2012-08-02,57.0915412902832,57.659086384080645,56.67475226487073,56.86098074732694,40534900
2012-08-03,58.173423767089844,58.421723889363946,57.80984337823732,58.01380129338922,42117400
2012-08-06,58.61680603027344,58.87397589118839,58.35077314239791,58.47492317654038,23523600
2012-08-07,59.10455322265625,59.3439835391561,58.77643849606625,58.8651161404858,28223300
2012-08-08,59.07795715332031,59.20210722240097,58.8562596348661,58.95380708423966,20723500
2012-08-09,59.25532150268555,59.33513613965586,58.962679109915,59.0690963706513,20726200
2012-08-10,59.290775299072266,59.30850812078873,58.89172253658448,59.04247520102029,20312000
2012-08-13,59.43267059326172,59.44154038880916,58.971542709869546,59.27304810176603,19890300
2012-08-14,59.459259033203125,59.778503903728804,59.290766805517556,59.65434710681835,24218700
2012-08-15,59.610008239746094,59.698685861853676,59.40604361979667,59.41491341170809,29100400
2012-08-16,60.31946563720703,60.452485518599566,59.760790254165045,59.831735092997356,35699900
2012-08-17,60.58550262451172,60.594372420377475,60.31059984372033,60.452482749212955,22584800
2012-08-20,60.674156188964844,60.6830259813079,60.301706098587125,60.541136366495884,26924000
2012-08-21,60.434722900390625,61.082075630023944,60.19528587878026,60.83377558218273,41391000
2012-08-22,60.68304443359375,60.79832470643062,60.133232157516034,60.301724434922534,44555700
2012-08-23,60.18644332885742,60.60322897057666,60.0268208487009,60.408140842093076,28800400
2012-08-24,60.55888748168945,60.70077035784698,59.94700024122946,60.044547678568605,38384800
2012-08-27,60.65645217895508,60.89588256058219,60.52343229330783,60.8160746885973,20671400
2012-08-28,60.65645217895508,60.82493771948066,60.39928220421638,60.60324016529272,27337900
2012-08-29,60.65645217895508,60.8072048920415,60.39928220421638,60.65645217895508,26672400
2012-08-30,60.044559478759766,60.41700971324796,59.94701202225021,60.390407091594774,24425400
2012-08-31,60.44361877441406,60.700781959455014,59.83173141700538,60.47908442597904,42128000
2012-09-04,60.38152313232422,60.61209040868809,59.787375502531006,60.32831790149803,32017200
2012-09-05,60.31946563720703,60.612108023136166,60.15984313267043,60.35493805662319,26129300
2012-09-06,61.65849685668945,61.676236442369124,60.67415958722492,60.6918991729046,43100000
2012-09-07,61.56982421875,61.67624144444994,61.39246894158691,61.516618988735104,32958600
2012-09-10,60.780601501464844,61.543241619506524,60.73625928491754,61.41022173553696,25490000
2012-09-11,60.68304443359375,61.02889201777563,60.5854969851659,60.78946167706174,29810100
2012-09-12,60.86041259765625,61.020035113744235,60.487962315341846,60.90475481655341,42203400
2012-09-13,61.68511199951172,61.951151713390196,60.851533976323026,60.91360900747188,45417800
2012-09-14,62.234920501708984,62.45661799469517,61.88907295390418,61.906805776448024,38880300
2012-09-17,62.26153564453125,62.28813826653439,62.03983810694255,62.270405440422934,31798400
2012-09-18,62.31471633911133,62.341325716303395,62.09301888886227,62.101888681259624,27169800
2012-09-19,62.430015563964844,62.58963803001709,62.12850345445702,62.3058655087765,36484600
2012-09-20,62.367958068847656,62.430033113891966,61.96003537774614,62.12852091962498,42520200
2012-09-21,62.38574981689453,62.73258379867817,62.32349773772741,62.679226812239996,23678500
2012-09-24,62.0211067199707,62.1278274452422,61.73652490421241,61.869924114560355,32341600
2012-09-25,61.14955520629883,62.32345560919629,61.12287673111348,62.181161361590206,41299600
2012-09-26,60.65155792236328,61.10511254832003,60.34029760453652,61.069538971287535,32770400
2012-09-27,61.48750686645508,61.629801144144665,60.69601360545944,60.80273431372663,25339500
2012-09-28,60.98059844970703,61.46972657271457,60.927241485366196,61.28297041255668,30112600
2012-10-01,60.89164733886719,61.65646189915821,60.695996155774694,61.2740546190127,37715300
2012-10-02,61.069541931152344,61.34523547027474,60.58930879538722,61.15847248556076,33254300
2012-10-03,61.4608268737793,61.576435882834815,60.99837726762838,61.23849715908178,38236000
2012-10-04,61.674278259277344,61.84325105955223,61.363017931112786,61.558669218806585,26128600
2012-10-05,61.34525680541992,62.07449846113668,61.18517903782509,61.98556109083052,25207900
2012-10-08,60.78495788574219,61.11400838860523,60.64267036083259,60.989504259947026,30911500
2012-10-09,59.81560516357422,60.77606464459846,59.67331084936835,60.62488202447948,67974000
2012-10-10,59.513248443603516,59.96680320556909,59.40653446547145,59.79783036023586,45134300
2012-10-11,59.32646942138672,60.00235375827858,59.29089584734341,59.957885094483075,30469400
2012-10-12,59.2997932434082,59.63773203251465,59.18418421199525,59.31757663863875,24891200
2012-10-15,59.73556137084961,59.81560361676213,59.16639769867721,59.522126690026504,22220100
2012-10-16,60.58039093017578,60.65153126801088,59.806681235912585,59.82446462413059,33960600
2012-10-17,60.54481506347656,60.7404662512404,60.18908624799349,60.2691216693717,33439400
2012-10-18,59.84226989746094,60.54483264620538,59.619940171337944,60.34918140162277,61707600
2012-10-19,58.41046142578125,59.824475118381294,58.339314290502635,59.77111815940447,75362600
2012-10-22,58.71284866333008,58.864038078921546,58.250405679958554,58.38380491255487,38621500
2012-10-23,58.1525764465332,58.65059298025335,57.97471533733784,58.2326186951476,52591200
2012-10-24,57.94804000854492,58.57945580106699,57.85910266413234,58.48163015018657,39872400
2012-10-25,57.94804000854492,58.446056569414885,57.77906719612114,58.34823091853446,52688700
2012-10-26,58.11699295043945,58.35711287034144,57.49447238951809,57.94802696102665,54213100
2012-10-31,57.76125717163086,58.152559640735895,57.56561272204278,58.04583893508059,38524500
2012-11-01,58.579463958740234,58.695073023622626,57.956936385993906,58.125909221948554,26945000
2012-11-02,57.95693588256836,58.88182874849686,57.90357889692729,58.84625516308026,44083000
2012-11-05,58.339324951171875,58.45494076336781,57.8413084831448,57.965812600151565,28094700
2012-11-06,58.44606399536133,58.84625495619769,58.214839083450194,58.437168902796536,29608400
2012-11-07,57.06761169433594,57.894678825484306,56.827498494632835,57.82353166076965,70737800
2012-11-08,56.169395446777344,57.361083202497554,56.169395446777344,57.22768397759148,58585800
2012-11-09,56.40950012207031,57.014237267163644,56.16938360335833,56.20495717483029,51542100
2012-11-12,56.400604248046875,56.800798440330766,56.24942166011876,56.73854638736243,32663700
2012-11-13,56.00931930541992,56.54291282753282,55.83145479804896,55.964854026698006,43288300
2012-11-14,55.351226806640625,56.34726333026104,55.26229285387238,56.285011259564975,82655300
2012-11-15,55.164459228515625,55.57354856715233,54.95991625543874,55.38678898957524,55124200
2012-11-16,55.40458679199219,55.5646645231772,54.52416266295822,55.208938870253306,70873100
2012-11-19,56.72076416015625,56.76523282369225,55.99152285893782,56.00930964585567,55306400
2012-11-20,56.738548278808594,56.81858711993356,56.196063177015205,56.70297470664581,52012700
2012-11-21,56.854156494140625,56.93419193687343,56.56067963419108,56.80079613983644,19611700
2012-11-23,57.716800689697266,57.734584083151674,57.13874202043525,57.174315592309156,16462900
2012-11-26,57.96580123901367,58.00137480618122,57.396637734261354,57.574498785134885,26430900
2012-11-27,57.77015686035156,58.161459360616725,57.67233123528528,57.95691302139676,25828600
2012-11-28,58.268184661865234,58.31265333101602,57.138752386078124,57.49448138438549,37295800
2012-11-29,58.61501693725586,58.81955650205865,58.321540046922806,58.57944336403682,41136100
2012-11-30,58.51717758178711,58.66836014378375,58.34820484487102,58.62389149144886,33497400
2012-12-03,58.401554107666016,59.02408123354307,58.37487563376438,58.97071750077696,28240000
2012-12-04,58.36600112915039,58.49050524123727,57.98359370346491,58.42825318519383,49584500
2012-12-05,57.716800689697266,58.28596426974953,57.405540417006975,58.27706918053978,54076200
2012-12-06,58.09031677246094,58.23261106915586,57.387753948702176,57.53893655021639,47512300
2012-12-07,57.74347686767578,58.437144529118164,57.547825622660795,58.37489247706474,30089400
2012-12-10,57.91246032714844,58.21482555440574,57.58340982839838,57.58340982839838,33219600
2012-12-11,58.66838073730469,58.99742445421291,58.26818308070626,58.312651748650346,40750800
2012-12-12,58.54386901855469,58.97963341105031,58.383791333663304,58.97963341105031,45917700
2012-12-13,58.0814094543457,58.83733587269676,57.832401272520734,58.42824324831107,45467700
2012-12-14,57.53004837036133,57.876882238101686,57.334397104463584,57.69012606200807,39630300
2012-12-17,58.294857025146484,58.31264041788894,57.50336374129328,57.583399186081564,42302900
2012-12-18,59.184200286865234,59.27313085710369,58.42827347741939,58.588351217835644,55596000
2012-12-19,58.926292419433594,59.370952021906,58.890718837039756,59.35316183822554,34832500
2012-12-20,58.926292419433594,59.059691657168734,58.63281545340971,59.03300638164804,40754300
2012-12-21,58.306556701660156,58.37810012983439,57.76999463586708,58.02038981172006,51152900
2012-12-24,58.19029235839844,58.25289114010927,58.05615016251652,58.15452065131289,11418300
2012-12-26,57.68055725097656,58.288662623587,57.492760906564506,58.23500847454226,21751300
2012-12-27,57.59113693237305,57.80576037194352,56.87571637012995,57.73421695116799,52933200
2012-12-28,57.036678314208984,57.61795659336966,57.009851240560145,57.152934652316645,33082100
2012-12-31,58.243934631347656,58.351249730722074,56.857817083887184,56.974069991143885,57544000
2013-01-02,60.095088958740234,60.12192285578685,59.45121870748504,59.67478675691898,70695900
2013-01-03,59.7820930480957,60.22028449991119,59.60324134365209,60.09508694224962,47366500
2013-01-04,59.585357666015625,59.8089257289085,59.442277653597216,59.8089257289085,33972500
2013-01-07,59.603240966796875,59.70161145044545,59.24553073741616,59.43332707272113,26766200
2013-01-08,59.48699188232422,59.755276308139045,59.17399793404449,59.59430701720142,28734900
2013-01-09,59.71055221557617,59.87152148562831,59.51381806129509,59.576416842828955,25600300
2013-01-10,60.06826400756836,60.15768986595162,59.513819591938756,60.12192498080284,37528000
2013-01-11,60.14875030517578,60.175577379634284,59.91623762194298,60.041435184586305,21158600
2013-01-14,59.880435943603516,60.05034976046905,59.6210963157174,59.844664254644876,36768500
2013-01-15,59.585357666015625,59.67479034937743,59.31708008419768,59.585357666015625,31675300
2013-01-16,59.8267936706543,60.03247239446253,59.55850936170494,59.66582444983536,33822300
2013-01-17,60.11296463012695,60.34547725933181,59.969877835922766,60.068248301249675,32024200
2013-01-18,59.97883224487305,60.04143102185467,59.71054787337751,59.93411590870546,31992000
2013-01-22,60.07719039916992,60.12190672616229,59.67477074725294,60.04141870212674,32123100
2013-01-23,60.4438591003418,60.622717646947756,60.32760616211487,60.417032024039884,31975700
2013-01-24,59.61219787597656,60.166642364087636,59.52276518314628,59.61219787597656,42596300
2013-01-25,59.91624069213867,60.08615460275645,59.683727996991585,59.799987755943036,39240100
2013-01-28,60.050357818603516,60.25603652927559,59.85361691430643,59.925160301824086,32926100
2013-01-29,60.0593376159668,60.19347301766529,59.58536751318995,59.978849552190745,35554700
2013-01-30,59.93412399291992,60.34549523743555,59.79998861183428,60.166636691394864,34445000
2013-01-31,59.799983978271484,60.22923080999741,59.746323007239205,59.907292274825274,34870500
2013-02-01,60.50642013549805,60.61372836165502,59.97879634013964,60.22024667174372,53120800
2013-02-04,59.451210021972656,60.327592826975696,59.43332075988844,60.157678950947705,48483700
2013-02-05,60.327613830566406,60.51541021130716,59.56748367344711,59.71056370616334,35120300
2013-02-06,60.13086700439453,60.40809605439187,59.95201527509494,60.13086700439453,43593200
2013-02-07,60.18450927734375,60.24710804541988,59.522743074534425,60.20239171561378,46017900
2013-02-08,60.801551818847656,60.92674935395234,60.47961335064877,60.488557981085954,39837200
2013-02-11,60.81947708129883,60.86418661444225,60.61379139601354,60.8373595300046,17650400
2013-02-12,60.56907272338867,60.85523961880617,60.50647392822725,60.738979840108556,22057900
2013-02-13,60.78367233276367,61.016184976144906,60.60481382910338,60.747900632031616,23494700
2013-02-14,60.765769958496094,60.855202602404894,60.470665430956636,60.50643712396959,24478800
2013-02-15,60.586936950683594,60.90887546406481,60.41702306230047,60.756850839066715,25333600
2013-02-19,61.025142669677734,61.043031937250234,60.685321636121856,60.703204080937844,23436500
2013-02-20,60.08613586425781,61.034061969439726,60.0771912341843,61.00723490197287,38200300
2013-02-21,59.442291259765625,59.92519920488115,59.2276677806334,59.862600405852696,45855600
2013-02-22,60.04143142700195,60.05037605884682,59.54957901685954,59.782091685540955,21968000
2013-02-25,59.29917526245117,60.64058328791639,59.245521124713854,60.42595991421309,40927600
2013-02-26,59.52274703979492,59.63006214482621,58.986185160147414,59.379667055841004,42088800
2013-02-27,60.13086700439453,60.49752191904166,59.442280341559375,59.52276157291735,36339500
2013-02-28,60.00566864013672,60.5780023536754,59.99672400696254,60.13981084672523,28557300
2013-03-01,60.25606155395508,60.36337667980014,59.50487614130701,59.79998762031409,31617200
2013-03-04,60.52433395385742,60.53327858492621,59.97882744548716,60.05931547959732,19380500
2013-03-05,61.4185905456543,61.49907173672815,60.882028803570506,60.882028803570506,35581900
2013-03-06,61.26657485961914,61.62428501383123,61.18608683411341,61.60639575360609,29071100
2013-03-07,61.42755126953125,61.52592174400917,61.21292105825879,61.33811860345714,21775900
2013-03-08,61.49909591674805,61.72266396574747,61.257645425841055,61.633238110698784,26159900
2013-03-11,61.677947998046875,61.69583043808394,61.23081194681876,61.418608269604,23187900
2013-03-12,61.45439147949219,61.64218783744146,61.159279992962205,61.49910099933385,27575400
2013-03-13,61.3739128112793,61.60642554737678,61.159289344058465,61.534882117384164,34297300
2013-03-14,61.579559326171875,61.71370146645655,61.4454171858872,61.588503954924896,31530800
2013-03-15,61.40835952758789,61.65933405933812,61.255976271702586,61.62347957786765,30752600
2013-03-18,61.273929595947266,61.52490422052897,60.709236690638434,60.843682497703185,36163000
2013-03-19,61.157386779785156,61.57866156262978,60.61061788886168,61.462139623359135,33125100
2013-03-20,61.58766174316406,61.72211441904652,61.30083255927017,61.58766174316406,28035400
2013-03-21,60.88849639892578,61.17532549032028,60.74507843395605,61.02294903144867,30050800
2013-03-22,61.48008346557617,61.52490329295245,61.067767040187405,61.139476028571245,28837200
2013-03-25,61.25597381591797,61.81170799861603,60.960186323095236,61.67725540812779,24909800
2013-03-26,61.58766174316406,61.60559241384021,61.354610894204285,61.48906357008674,19725200
2013-03-27,61.66832733154297,61.71314032477871,61.07673837704309,61.16637120206077,22539500
2013-03-28,61.82069396972656,61.90136144782807,61.52489953959746,61.66831750761585,23662800
2013-04-01,61.399417877197266,61.92825629611935,61.22911073416676,61.86551263898375,28112800
2013-04-02,61.883460998535156,62.0896158572584,61.641444795715024,61.695229973312664,29431900
2013-04-03,61.3187370300293,62.00891710812722,61.166353748580136,61.91928430868576,35131200
2013-04-04,61.336669921875,61.489046387305656,61.00502099251539,61.29185009625645,32287400
2013-04-05,60.82577133178711,60.915404168004464,60.22522380672907,60.36863497696743,55610800
2013-04-08,61.1484375,61.166361326691245,60.67337744941361,60.85264307050637,17891600
2013-04-09,61.56074905395508,61.81172363914898,61.031903887829735,61.30977446876118,30931400
2013-04-10,62.76186752319336,62.89632019881229,61.74003813016494,61.775892632899804,55271300
2013-04-11,62.73497772216797,62.87839573165891,62.53778137839147,62.609490383136944,37233600
2013-04-12,62.690147399902344,62.73496038657475,62.21508734219467,62.582583922507226,32783700
2013-04-15,61.45318603515625,62.555689357927044,61.3814838949665,62.45709122180345,48795800
2013-04-16,62.26884078979492,62.340549746082544,61.677252158235746,61.80273941246785,27682600
2013-04-17,61.049827575683594,61.74897293699021,60.69128956414222,61.73104911375784,60204800
2013-04-18,60.207298278808594,61.2470584156701,59.94735824459322,61.21120391041132,56798200
2013-04-19,61.03190231323242,61.15739644113623,60.234158757214146,60.3237983969375,43062800
2013-04-22,61.659358978271484,61.88344444911625,61.022957061697845,61.247042532542615,34412100
2013-04-23,62.250938415527344,62.47502387683384,61.68624551491137,62.00892912627637,53078300
2013-04-24,62.22404861450195,62.44813407350423,61.95515016682651,62.09856130454431,44500700
2013-04-25,62.55567932128906,62.788730045512004,62.37640690321622,62.38537223375574,26437100
2013-04-26,62.35848617553711,62.537751763963406,62.08958095435381,62.40330599191561,24079800
2013-04-29,62.932159423828125,63.17417554889862,62.52880833343798,62.55569749432459,31664000
2013-04-30,63.3892822265625,63.398247557804545,62.77976963444001,63.01282037692497,30135800
2013-05-01,63.093505859375,63.505822313177255,62.968018540328494,63.40722415699128,28537200
2013-05-02,63.89124298095703,64.02569561986795,63.147277639055865,63.201062797747404,31744200
2013-05-03,64.64417266845703,64.84136211883015,64.45594171227461,64.50972003159953,34061700
2013-05-06,64.89514923095703,64.99374737838538,64.70691826910621,64.76069659005061,19244300
2013-05-07,64.85930633544922,65.04753733095902,64.6172901708319,65.00271749646052,25838100
2013-05-08,65.17300415039062,65.2267824640267,64.71586796885057,64.82343143466719,24252100
2013-05-09,65.0833740234375,65.52257955945635,64.95788672743211,65.04751953335814,29337200
2013-05-10,65.477783203125,65.50467236787654,65.10131438096401,65.21784321294932,20663700
2013-05-13,65.55840301513672,65.71974472484463,65.30742854193363,65.3701721602344,29730100
2013-05-14,65.89905548095703,66.09625179911492,65.54948267642119,65.57637867861689,36009800
2013-05-15,66.03350067138672,66.09624432565656,65.61221891905548,65.77356072125583,27214400
2013-05-16,65.9618148803711,66.4189512871208,65.92596721264955,66.08730907158781,27253400
2013-05-17,66.59822845458984,66.62511762652676,66.08731367214352,66.30243388618716,31114500
2013-05-20,66.4996109008789,66.71473105228098,66.23070558271657,66.47272173677193,25132400
2013-05-21,66.5712661743164,66.81328215792529,66.23065893793304,66.46370959363824,25900000
2013-05-22,65.98865509033203,67.1807839326468,65.6480409880632,66.65194579908085,59843200
2013-05-23,65.83631134033203,66.06039682050817,65.28058372616474,65.40607104797968,48222100
2013-05-24,65.80047607421875,65.8183999070483,65.2178523483208,65.39711803080597,26430300
2013-05-28,66.2306900024414,66.81331349570443,66.02453523375345,66.57129739858155,27057100
2013-05-29,65.91697692871094,66.15002771198473,65.54051501318459,65.97075524848749,32090300
2013-05-30,66.26654052734375,66.58025874693139,65.9259331515835,65.9438569761838,32390500
2013-05-31,65.65704345703125,66.51753085099618,65.58533446456435,66.01558158081978,38347600
2013-06-03,65.77356719970703,65.7914978675762,64.92204511666671,65.66601054667647,47613100
2013-06-04,65.4329833984375,66.16798376033006,65.16407799151764,65.90804369058715,35251900
2013-06-05,64.5814437866211,65.46882045115751,64.52765861644994,65.21784578551463,48654200
2013-06-06,64.89514923095703,64.90411456396289,64.06155106359172,64.67106377562814,62524100
2013-06-07,65.78252410888672,65.8542330940874,65.00270428155609,65.16404607898501,31969800
2013-06-10,65.80941009521484,66.11416984834888,65.66599897027434,65.90800823547484,25390000
2013-06-11,65.15509033203125,65.73770705535364,64.93100487273941,65.15509033203125,40278900
2013-06-12,64.40215301513672,65.5584346868946,64.3035548760961,65.53154552870986,42081900
2013-06-13,65.21784973144531,65.36126090396957,64.13327666726958,64.31254234256168,28221500
2013-06-14,64.78756713867188,65.28951622607663,64.6889690195683,65.21781409826411,27690700
2013-06-17,65.4150619506836,65.79152406327572,65.07444751101077,65.29853307877497,32441900
2013-06-18,65.9528579711914,66.07834532688267,65.48675621701132,65.50468688985178,24853100
2013-06-19,65.21784973144531,66.04248277946446,65.1461407259096,65.97077377392876,43145100
2013-06-20,63.667179107666016,64.68005007068129,63.452058915625045,64.46492304009273,60908400
2013-06-21,63.32908630371094,63.81464308967337,62.79856788823696,63.64379712974728,51558900
2013-06-24,62.69963836669922,63.18518808892802,62.17811386779732,62.80753525600401,41492300
2013-06-25,63.15822219848633,63.409990786982526,62.77157562038731,63.30209388344388,28897400
2013-06-26,63.724674224853516,63.8415647610908,63.47289891113531,63.69769315325183,23742300
2013-06-27,63.99448013305664,64.39911424496144,63.95851219909742,64.05742230243979,23545000
2013-06-28,64.08436584472656,64.46202554032773,63.65276456429474,63.79662937104579,28301100
2013-07-01,64.48002624511719,65.01054460770224,64.41708408618481,64.51599417310437,24942800
2013-07-02,64.5069808959961,64.9026211235841,64.1563022797899,64.4530324504809,23067900
2013-07-03,64.76775360107422,65.07347751541145,64.21925478256375,64.27321009696433,18847500
2013-07-05,65.2623062133789,65.28928044141844,64.61489729970995,65.1364219090744,28795900
2013-07-08,65.32524108886719,65.63095811950105,65.08245934319507,65.60398389446621,20558500
2013-07-09,65.72087860107422,65.86475029049947,65.32524517551425,65.63096222527331,26108600
2013-07-10,66.09854125976562,66.19745133554616,65.62197827292123,65.65793933667776,25598900
2013-07-11,67.41133117675781,67.46527962582151,66.76392234727676,66.80888396161596,47768900
2013-07-12,67.70805358886719,67.75300833786294,67.27644546540195,67.45627818174174,31412600
2013-07-15,67.86090850830078,67.90586325492795,67.59115258782568,67.77997898808704,19783600
2013-07-16,67.77102661132812,67.96883994538128,67.60018065081974,67.91489147792873,31747100
2013-07-17,67.94184875488281,68.10370097702724,67.75302230574428,67.97781667760155,24631500
2013-07-18,67.77102661132812,68.10371797419414,67.66312281624153,67.93287887386727,36278800
2013-07-19,67.06963348388672,67.20451145488363,66.87182023462697,67.18653092683405,37732400
2013-07-22,67.26744079589844,67.42030612604135,67.06063389186899,67.32139609013952,21135900
2013-07-23,66.77290344238281,67.40232476328706,66.7189481433211,67.39333107008045,24739500
2013-07-24,66.98873138427734,67.45630071908407,66.8358728383002,67.42932648863878,24426900
2013-07-25,67.41133117675781,67.49225385035335,66.95274877917888,67.30342741845125,23162200
2013-07-26,67.77102661132812,67.78001344911587,67.03370116202352,67.1415980969286,20885600
2013-07-29,67.64510345458984,67.92384619001486,67.46526389933372,67.63610976178265,20958400
2013-07-30,68.0047836303711,68.29252012116308,67.75301505845049,67.8878930391734,24104600
2013-07-31,68.13065338134766,68.52629354434796,68.00476912224349,68.13964707419156,25007600
2013-08-01,68.82305145263672,68.92196153331992,68.52632121058711,68.59825706202588,16880000
2013-08-02,69.20970916748047,69.22768970313076,68.67919075334692,68.83205617719103,18105300
2013-08-05,69.254638671875,69.30859397950537,69.03883802189047,69.17371600069792,15462800
2013-08-06,68.84103393554688,69.22768057275773,68.56229107855089,69.16473841601088,23675400
2013-08-07,68.71514892578125,68.850026934638,68.22060537354719,68.64321307303358,20281200
2013-08-08,69.05684661865234,69.21869887089063,68.60725779134388,69.09280768787767,19994000
2013-08-09,68.778076171875,69.1827101107269,68.58025604979349,68.93992837537995,18558500
2013-08-12,68.93992614746094,69.06581042832117,68.50832485884837,68.51731169306782,20515900
2013-08-13,69.32657623291016,69.47943474461037,68.53530258983338,69.02984604418918,23917000
2013-08-14,69.06583404541016,69.3985322501235,68.96692395374352,69.29962215845686,29921000
2013-08-15,67.89688110351562,68.32848237382308,67.699060996217,68.29251445793437,39406600
2013-08-16,67.86990356445312,68.22058215200519,67.75300612848366,67.9058646184057,23825000
2013-08-19,67.75298309326172,68.4543400299127,67.7350025723986,67.87886731983109,29586900
2013-08-20,68.04972839355469,68.3644390305269,67.82493410140634,67.87888253626518,18842800
2013-08-21,67.8159408569336,68.41838791742899,67.56417234569237,67.83392824212363,30705100
2013-08-22,68.48133087158203,68.52628561024137,68.0766970625871,68.11266496962067,17269500
2013-08-23,68.93992614746094,69.02984251090699,68.69715128013871,68.96690037047688,20697300
2013-08-26,68.97589111328125,69.48842190918836,68.83202630995955,68.99387850130802,27525500
2013-08-27,67.5641860961914,68.49933137124685,67.40233389742836,68.15764644504881,40068900
2013-08-28,67.82495880126953,68.11269532559753,67.48327382243623,67.48327382243623,20490400
2013-08-29,68.301513671875,68.64319861016389,67.7080601621965,67.80697022383943,27287900
2013-08-30,67.86090850830078,68.37343926906105,67.61812680783758,68.37343926906105,26228500
2013-09-03,68.2475814819336,68.7331382110755,67.923876995839,68.41842056168636,27241500
2013-09-04,68.97589111328125,69.09278169474129,68.27453390416399,68.4813477054009,27142900
2013-09-05,69.09281921386719,69.29063942851204,68.99391596672699,69.02089020323633,17809700
2013-09-06,69.1737289428711,69.5423881697288,68.38245517143046,69.32658747936867,27715100
2013-09-09,69.98298645019531,70.09987705549506,69.44348132239509,69.47045554975811,25161900
2013-09-10,70.32466125488281,70.4235713143555,70.06389899447109,70.38760339634918,27619400
2013-09-11,70.1897964477539,70.2347580687431,69.76718190710412,69.85710514908253,28132900
2013-09-12,70.14481353759766,70.36061413934789,70.00094189631254,70.20775566561554,18332700
2013-09-13,70.1897964477539,70.26173229726454,69.81214352809332,70.21677067627535,16932500
2013-09-16,70.0009994506836,70.78328670796371,69.83914715125263,70.78328670796371,25704300
2013-09-17,70.46854400634766,70.55846038541117,70.11786532587398,70.1538263893554,27174300
2013-09-18,71.31375885009766,71.45763052991167,70.43256882186428,70.57643364149901,31714700
2013-09-19,71.4845962524414,71.6554421368553,71.35871197766649,71.5385446958654,26435700
2013-09-20,71.23928833007812,71.73532361361077,71.20321241120503,71.6541510759518,26328900
2013-09-23,71.09502410888672,71.61811485104356,70.76132686700436,71.53694227619386,30319400
2013-09-24,71.09502410888672,71.47381110943569,70.86053396916449,71.24834167375924,21871300
2013-09-25,70.85147857666016,71.24830679101596,70.70718178648025,71.14909973742701,22746400
2013-09-26,71.40164947509766,71.57300842462992,71.11304891212657,71.1401041397832,22421700
2013-09-27,71.31143951416016,71.43770178866966,70.87853537242908,70.98676312805634,25151600
2013-09-30,71.1401138305664,71.32950733074243,70.34646389447913,70.57193333003835,28031900
2013-10-01,71.86161041259766,71.89768634378194,71.11305032227948,71.14912625346376,33129700
2013-10-02,71.83452606201172,71.93373311235395,71.30241489374181,71.37456672685934,25503800
2013-10-03,70.99579620361328,71.89767368205192,70.61700931405605,71.74435616210432,42998200
2013-10-04,71.60906982421875,71.70827689268215,70.93266174693855,70.99579289225356,22852700
2013-10-07,71.01382446289062,71.56397022668286,70.95069332019865,70.97774854124114,20227100
2013-10-08,69.64298248291016,71.07696442226708,69.61592725851163,71.01383327174406,43660700
2013-10-09,69.42654418945312,69.84140708075712,68.85835686899604,69.8053311492376,64526700
2013-10-10,70.89659118652344,71.05892941258136,70.15705190798829,70.17508643053726,48062700
2013-10-11,71.45574188232422,71.5098523187599,70.70718206800092,70.71620276766613,25214100
2013-10-14,71.96076965332031,71.96076965332031,70.9596855911567,71.0137960115626,31471900
2013-10-15,71.68122863769531,72.24940900075558,71.59103538066844,71.9066980187036,38684000
2013-10-16,72.49288940429688,72.52896531925681,71.96078514038653,72.01489557243782,46735900
2013-10-17,72.90776062011719,72.93482272008066,72.10509034065151,72.16822147901023,32193500
2013-10-18,74.08922576904297,74.11628098865148,73.3677211358515,73.57515595414694,39628200
2013-10-21,74.25157165527344,74.4409650929204,74.01708159309105,74.26058547555746,31176900
2013-10-22,74.35978698730469,74.76563593545424,73.89081377876953,74.54016659118616,43944800
2013-10-23,73.90887451171875,74.13434393595314,73.54812893756835,73.99906778603712,38021300
2013-10-24,74.2335205078125,74.38684488263738,73.8457129823669,73.95394073857658,23155100
2013-10-25,74.765625,75.10833587608133,74.40487272578015,74.92796317936006,35824500
2013-10-28,74.78367614746094,74.9009246191026,74.44998589624414,74.77466232716453,28618400
2013-10-29,74.9099349975586,75.0903146068815,74.58525858155589,75.03619728369536,36878100
2013-10-30,74.83780670166016,75.29775932611744,74.47705428345007,75.17149701186092,33535500
2013-10-31,74.66642761230469,75.12638699346023,74.38684783198377,74.64838621183212,31309900
2013-11-01,74.68447875976562,75.00915523277578,74.31471253709168,74.91896885266846,30867800
2013-11-04,74.79269409179688,74.91895637908111,74.53114881648564,74.90993567833836,16834000
2013-11-05,74.87384033203125,75.05421989619855,74.28762567062375,74.50407426684771,27975600
2013-11-06,74.85585021972656,75.21660268127901,74.61234626462767,75.18954745079924,25576800
2013-11-07,73.44890594482422,74.97307424386125,73.3857747949325,74.86485334734932,52173200
2013-11-08,74.44095611572266,74.45899063489466,73.51202356085928,73.71945149483835,31470500
2013-11-11,74.32374572753906,74.5311737485609,74.08023489147581,74.33275955051852,24822900
2013-11-12,74.44095611572266,74.54918387308871,74.0621692861085,74.09824520523053,20108500
2013-11-13,75.34281921386719,75.35183991213755,73.9539275536302,73.9539275536302,31345900
2013-11-14,75.57733917236328,75.6314496218886,74.98209670446703,75.14443493382242,31101200
2013-11-15,75.72163391113281,75.72163391113281,75.40597816296888,75.59537161186724,20511300
2013-11-18,74.9820785522461,75.85690063861229,74.83778176151789,75.7035831482205,31679600
2013-11-19,74.765625,75.29772927187186,74.63936273613965,74.93697699765201,25545300
2013-11-20,74.58525848388672,75.24363201569075,74.3688098337612,74.96405222257953,32177400
2013-11-21,75.34281921386719,75.40595034020629,74.83777020315435,74.90090132949346,28125000
2013-11-22,75.74870300292969,75.77575823189987,75.41501267125676,75.46912312919711,25361300
2013-11-25,75.92906188964844,76.10041391983741,75.73966845789516,76.019248255134,21695100
2013-11-26,76.32588958740234,76.51528303482169,75.78476446895,75.94710269256363,26621000
2013-11-27,76.85800170898438,76.87603623145512,76.41608366026874,76.47921481008525,21638100
2013-11-29,77.31793975830078,77.41713992559885,77.08344974641545,77.16461539623496,16708900
2013-12-02,77.09247589111328,77.5253731489506,76.97522743649986,77.40813157511505,26354600
2013-12-03,77.02934265136719,77.2367705748578,76.73172149424309,77.0383564701084,37147000
2013-12-04,77.10150146484375,77.35402605054456,76.46116929945127,76.70468006479055,37193200
2013-12-05,77.00230407714844,77.25483557538227,76.8129106140579,77.1646423141946,39829300
2013-12-06,77.56146240234375,77.72380062213796,77.19168933695398,77.65164877316741,36842900
2013-12-09,77.87709045410156,78.03942861618204,77.74180750557174,77.87709045410156,22590000
2013-12-10,77.82298278808594,77.96727955906776,77.66966531867499,77.7508309622066,26965900
2013-12-11,76.82191467285156,77.92220616547715,76.71368691134177,77.81397840396737,36830600
2013-12-12,76.62349700927734,77.03835975472437,76.56938657141232,76.84896634141886,33662600
2013-12-13,76.52432250976562,77.02035800382527,76.39806018051061,76.98428206964084,34072000
2013-12-16,76.94818115234375,77.39009916125681,76.84897408574183,76.90308452905974,24902500
2013-12-17,76.79486846923828,77.13757943308994,76.65056477028237,76.94818598879462,24454900
2013-12-18,77.6877212524414,77.75987309821224,75.80280072693485,76.88505089038242,68387200
2013-12-19,77.47126007080078,77.57046712250177,77.12854229918733,77.56144642304415,44964100
2013-12-20,78.26021575927734,78.4230696635524,77.56356716482306,77.61784949870255,40475400
2013-12-23,79.08352661132812,79.08352661132812,78.66733908503387,78.9025740123663,28181800
2013-12-24,79.11967468261719,79.1739638892333,78.95682086803434,79.10158288216698,13852500
2013-12-26,79.38208770751953,79.44541939260418,79.11066915828647,79.26447369311546,15241100
2013-12-27,79.18303680419922,79.52684326872908,79.08352150948498,79.48160339624818,15827400
2013-12-30,79.06544494628906,79.17401652907373,78.83925932579902,79.06544494628906,18983700
2013-12-31,79.58113861083984,79.58113861083984,79.18304975632506,79.21019782583551,24890500
2014-01-02,78.95685577392578,79.23733057464419,78.73067020382413,79.21018941065371,29177500
2014-01-03,78.38687896728516,79.02924522644386,78.36878715691071,78.95686417967305,35723700
2014-01-06,78.09738159179688,78.49547054788252,77.80786423354503,78.4049976676735,32073100
2014-01-07,78.82117462158203,78.9387886698941,78.31451409219922,78.45927621563372,25860600
2014-01-08,78.9930648803711,79.21020804865982,78.66735703057543,78.83926031314465,27197400
2014-01-09,78.73066711425781,79.29160979104617,78.45924858236839,79.2825604358592,23674700
2014-01-10,78.98400115966797,79.07447400411063,78.33258563546389,78.92066947829454,38008900
2014-01-13,77.81689453125,79.14686694272699,77.51832788731912,78.8754414659468,48842300
2014-01-14,79.30068969726562,79.36402140270226,78.07928857662274,78.07928857662274,37178900
2014-01-15,79.95209503173828,80.10589959591503,79.56305549123175,79.64447900074747,39835600
2014-01-16,79.96110534667969,80.07872623888616,79.76206788031972,79.8887312237463,31630100
2014-01-17,79.50875854492188,79.95208728478653,79.31876347182414,79.71685233124984,36895800
2014-01-21,80.11492919921875,80.15111281499007,79.44541496264421,80.01540699925863,26412700
2014-01-22,80.32303619384766,80.52208064368098,80.08780121653216,80.32303619384766,29376900
2014-01-23,80.0516128540039,80.08779647670731,79.49067006518433,80.07875402234991,35011900
2014-01-24,78.47732543945312,79.78015623275485,78.45018428169837,79.66254224827287,63974600
2014-01-27,77.71733856201172,78.6130312021459,77.12925488616527,78.47731852269925,63519300
2014-01-28,77.67214965820312,77.75358008034706,77.18358783325388,77.35549113350588,44378800
2014-01-29,76.83975982666016,77.5725988427779,76.68595530027616,77.0026137083125,51939300
2014-01-30,78.26021575927734,78.53164123394797,77.69927299952181,77.78070340297761,65833600
2014-01-31,78.05213928222656,78.42308705302094,77.3102506432759,77.39168106478802,45187000
2014-02-03,76.2607421875,78.26022218020378,76.061697743429,77.90737317576412,65596900
2014-02-04,76.82166290283203,77.12927193511484,76.41452477449668,76.64975967735921,37675500
2014-02-05,76.62261199951172,76.89403049268361,75.76310284788097,76.5683227787697,41721800
2014-02-06,77.5997314453125,77.69925363437851,76.83070199559462,76.8488007041347,32308600
2014-02-07,78.98400115966797,79.03828348580645,77.80783347400666,78.0340190364311,38359400
2014-02-10,79.43637084960938,79.47255446462438,78.90256934255959,78.95685166771754,30205400
2014-02-11,80.34111785888672,80.49492239106753,79.51779906432616,79.60827191251275,38635500
2014-02-12,80.49491119384766,80.67585686505046,80.25062694482547,80.50396054819826,32507200
2014-02-13,81.09205627441406,81.15538796431503,79.88875416629583,79.90684597656617,40454500
2014-02-14,81.2549057006836,81.43585830660004,80.82063325175639,81.06491064144842,33212400
2014-02-18,81.65299224853516,81.80679678228759,81.19157174464193,81.39061615426787,29546600
2014-02-19,81.09205627441406,81.68918955288298,80.92920237143495,81.49919448318009,41749900
2014-02-20,81.4720458984375,81.6258504309593,80.80253163457338,81.14633812213492,41814800
2014-02-21,81.36347198486328,81.85203363518255,81.26394978372589,81.73441272330982,31192200
2014-02-24,81.79776000976562,82.16870078767226,81.46300285190749,81.55347570730157,31500400
2014-02-25,81.70729064941406,82.07823837716214,81.44491450353702,81.91538445567423,26771700
2014-02-26,81.63490295410156,82.18678942146789,81.30919516516121,81.92442022175564,42953700
2014-02-27,82.16454315185547,82.24630462673949,81.51951054638063,81.64669968372563,28742400
2014-02-28,82.07369232177734,82.63696348321625,81.34689820161492,82.14637381318013,48609800
2014-03-03,81.46501159667969,81.68305610078505,80.73821737686352,81.30148168424539,38885700
2014-03-04,82.50065612792969,82.65510597140138,82.2735317519085,82.35530013154478,33189000
2014-03-05,82.72783660888672,82.87319963514082,82.46437132226912,82.63698818312321,27203300
2014-03-06,82.65513610839844,82.9821889523331,82.3553301592292,82.9185943811113,24063900
2014-03-07,82.24633026123047,83.00038533286228,81.82842197523087,82.91861690120459,31167800
2014-03-10,82.31900024414062,82.36442791439923,81.79206976681384,82.2008980052733,18131700
2014-03-11,81.96470642089844,82.72784156053791,81.71940803223504,82.51889086190421,27484300
2014-03-12,82.27357482910156,82.3190025006054,81.29240227874021,81.59220134428115,27977200
2014-03-13,81.11070251464844,82.60972564126293,80.73822192889118,82.58247180953555,48542000
2014-03-14,80.55650329589844,81.20153594244739,80.52016254987318,80.8472223328119,38732300
2014-03-17,81.2651596069336,81.68307487018741,81.02895507014446,81.07437582046958,28467200
2014-03-18,82.24633026123047,82.34626560476192,81.33783217915561,81.36508601261141,31250200
2014-03-19,81.8011474609375,82.3644186246831,81.26513012375744,82.27356329441326,40869400
2014-03-20,82.02827453613281,82.27356591432213,81.3832418721503,81.54677176803943,31634500
2014-03-21,81.04122161865234,82.54367262235871,80.88642544691906,82.49814106731249,62754000
2014-03-24,80.33097839355469,81.39635014972723,79.5934144003799,81.3326101373188,77735300
2014-03-25,80.59505462646484,81.2688786781486,79.92122362764005,80.74985082329985,41723300
2014-03-26,79.5569839477539,81.17780722645162,79.54787624755343,80.99568795814079,40930400
2014-03-27,79.11080932617188,79.8028487597303,78.67373690813349,79.44772481489629,64784500
2014-03-28,79.26563262939453,80.13978463498516,79.04708941763992,79.36579653132974,39895100
2014-03-31,79.83014678955078,80.36738990918705,79.78462218604417,79.88478603975366,33924300
2014-04-01,81.2324447631836,81.28707707362425,79.86658142504594,80.22170533719051,38683800
2014-04-02,81.44186401367188,81.66040015914542,81.07763247312342,81.5784447626311,34631600
2014-04-03,80.79536437988281,81.6604082961356,80.33096894573073,81.52382058642739,30319100
2014-04-04,78.64640045166016,81.41455052428984,78.43696505118089,81.33259512509743,131213200
2014-04-07,77.89971923828125,78.88313527670498,77.35336850376585,78.15467920924807,83995800
2014-04-08,78.61911010742188,78.7283817028225,77.71764202357795,77.99081753850857,51495700
2014-04-09,79.96672821044922,80.01225975751714,78.70102900991441,78.91046440043267,45685200
2014-04-10,77.48997497558594,80.02137379700171,77.27143879707648,80.02137379700171,73659600
2014-04-11,76.58848571777344,77.79955248157285,76.4063734445254,76.7979141372949,93657400
2014-04-14,77.189453125,77.59921611458444,76.47920561295155,77.26230080498885,46500700
2014-04-15,77.44444274902344,77.89062276250033,75.83272035483718,77.47175890025724,84631500
2014-04-16,78.473388671875,78.473388671875,77.48085786802541,78.11826481973645,46970900
2014-04-17,78.4915771484375,78.88312475078628,77.97254957761584,78.1728772272553,53719500
2014-04-21,79.0743637084961,79.0743637084961,78.30948371382495,78.67371526006121,25947900
2014-04-22,79.7026596069336,79.90298729631269,79.21094808222273,79.34753577472107,38593400
2014-04-23,79.00153350830078,79.72998975092607,78.95600195376302,79.70267359705934,34376700
2014-04-24,79.75729370117188,80.32185293421394,78.901357573375,80.3036444834688,48926300
2014-04-25,78.4825210571289,79.37488134421403,78.29130099561067,79.28382516451123,44334000
2014-04-28,78.73745727539062,79.32022498543265,77.49907415476656,78.85582957841385,58623800
2014-04-29,79.3657455444336,79.51143397819952,78.59175099087251,78.9741978921766,36742700
2014-04-30,79.5751953125,79.65715072302338,78.80120749849476,79.00153522739636,38689400
2014-05-01,79.81196594238281,80.2672538177562,79.50236657461525,79.7026943513222,37127200
2014-05-02,79.66627502441406,80.2308345229982,79.47505493952477,80.08513905995375,40074200
2014-05-05,80.08512115478516,80.1033365571642,79.00154091600916,79.1927609581461,27924400
2014-05-06,79.04705047607422,80.00315745184403,79.01062662539222,79.95762590170673,33698500
2014-05-07,78.81941223144531,79.2929153768846,77.88152058781014,79.21095997023025,67489100
2014-05-08,78.74657440185547,79.70267453413082,78.35502664850272,78.53713897451519,46556900
2014-05-09,79.03792572021484,79.09255800607662,78.17287516029329,78.70101041408071,35081500
2014-05-12,80.340087890625,80.36740404696212,79.43861304865729,79.51146076364992,38951100
2014-05-13,80.39469909667969,80.68608293301055,80.2399029533155,80.4129075470772,30311900
2014-05-14,79.97586059570312,80.44935687452715,79.78464054384298,80.148865244258,26483600
2014-05-15,79.34752655029297,80.09419797572365,78.83760663452699,79.95761029910409,59680300
2014-05-16,79.86656188964844,79.9120934353054,78.89224655798049,79.43859037017157,66804100
2014-05-19,80.4219970703125,80.54947703570036,79.49321347289563,79.62979418785615,32017000
2014-05-20,80.13063049316406,80.67697431164429,79.80282281264822,80.3855904786456,33716000
2014-05-21,80.89553833007812,80.94106989195156,80.23082198842803,80.27635355030148,36837700
2014-05-22,81.25064849853516,81.47829235553895,80.85910078660307,80.98658079075406,30617100
2014-05-23,81.84252166748047,81.86073706748444,81.1504893044007,81.33260162160283,22687300
2014-05-27,82.86235046386719,82.88055891272289,82.13388746115379,82.20673515085274,29725200
2014-05-28,82.6073989868164,82.95341512774023,82.54365898856362,82.83504283016758,30468100
2014-05-29,83.13553619384766,83.14463694584137,82.7348807976789,82.89878464637167,33036100
2014-05-30,83.14462280273438,83.27210278035088,82.70755057866,83.15373050031776,29906400
2014-06-02,83.06269073486328,83.26301843834953,82.53455532515211,83.24480303959308,30409900
2014-06-03,83.02625274658203,83.16284042544046,82.68023664766021,82.7895012330366,21774500
2014-06-04,83.33586120605469,83.4724489114727,82.68935347735797,82.81683348317765,20118300
2014-06-05,84.03700256347656,84.19179871059677,83.12642718445588,83.40870332886786,35583100
2014-06-06,84.51961517333984,84.51961517333984,84.1826997471708,84.34660361028824,22680600
2014-06-09,84.45587921142578,84.66531463710132,84.2282353321497,84.53782767333803,23399500
2014-06-10,84.60157012939453,84.64709473454467,84.28286315764602,84.38302701497165,20626000
2014-06-11,84.58336639404297,84.70173872032481,84.22824246805699,84.31019093691201,22878200
2014-06-12,83.81847381591797,84.49229771066923,83.527089946798,84.40124155415789,35275900
2014-06-13,84.06431579589844,84.27375118254594,83.70008426750286,84.18268809009311,39447100
2014-06-16,84.13720703125,84.38305944553873,83.73655144796535,83.91867077997755,25212300
2014-06-17,84.18268585205078,84.41032968285366,83.93683357152456,84.07342125943397,19977900
2014-06-18,84.65621185302734,84.77458417615486,83.7547439839417,84.26466408004828,34514000
2014-06-19,84.60157012939453,84.83831474931007,84.21912315272422,84.7836824442741,38422200
2014-06-20,84.7010726928711,84.79238049226876,84.48194929909229,84.63716141277698,25897500
2014-06-23,84.7193603515625,84.74674991259583,84.46371516083937,84.69197079052917,20837900
2014-06-24,84.63716888427734,85.43150083483137,84.3906559152407,84.71021234392069,31945800
2014-06-25,85.17584228515625,85.32192221564216,84.43629652864357,84.4454217353069,32818600
2014-06-26,85.22150421142578,85.23976855957945,84.56413395985875,85.2306363855026,22563900
2014-06-27,85.59583282470703,85.61409020408801,85.08454261235893,85.11193216433377,22877800
2014-06-30,85.74195098876953,85.95194227435434,85.52282056145158,85.57760665118569,19751900
2014-07-01,86.68232727050781,86.91058281359147,86.0066858475996,86.04320757038975,31862500
2014-07-02,86.82843017578125,86.95625275647298,86.65496065387575,86.73712932754547,18777300
2014-07-03,87.376220703125,87.376220703125,86.87406267864655,87.11145039821821,15291700
2014-07-07,87.11148071289062,87.38538328543117,86.94713638304273,87.2758180769296,23266400
2014-07-08,86.06145477294922,87.01099847894368,85.70537675392691,86.94708721824237,40612400
2014-07-09,86.70062255859375,86.80105559872912,86.04324519254746,86.28976518771952,29919000
2014-07-10,86.42671203613281,86.78279024909939,85.48629302244777,85.58672605336744,44245300
2014-07-11,86.98363494873047,86.98363494873047,86.38104382875422,86.6458211422828,19566300
2014-07-14,87.5040512084961,87.7049172228735,87.23014870636909,87.3762286476754,19579000
2014-07-15,87.20277404785156,87.76884349508869,86.58191851818532,87.64102091243461,39467500
2014-07-16,87.54972839355469,87.92407096823942,87.45842753522956,87.83276314410531,22052600
2014-07-17,86.39017486572266,87.62275361083364,86.11626538200576,87.31232239823399,43111500
2014-07-18,87.75971984863281,87.80536679136006,86.73713220338607,86.83756522951782,36682200
2014-07-21,87.6501693725586,87.79625633176815,87.23931198994858,87.57712589295383,29750700
2014-07-22,88.20710754394531,88.34406231717134,87.96971973474082,88.06102059495512,25770400
2014-07-23,88.77317810058594,88.87360416405595,88.3531816331613,88.51752595690743,28947500
2014-07-24,88.67273712158203,89.02881529680728,88.54491454410672,88.92838227653266,24707200
2014-07-25,88.32577514648438,88.44447250332546,87.86013878994686,88.21621692885546,29898900
2014-07-28,88.35320281982422,88.5814584927724,87.66843580097968,88.41711412961729,25603400
2014-07-29,88.19795989990234,88.74577193092128,88.12491643821771,88.5449128600004,27022200
2014-07-30,88.544921875,88.85534617005297,88.19796887957772,88.69100184743417,35348500
2014-07-31,86.7553939819336,87.9605833907554,86.62757139052891,87.81450341449668,50047900
2014-08-01,86.4358139038086,87.04753713362742,85.8606123995351,86.57276863315187,60708000
2014-08-04,87.02930450439453,87.36712533740801,86.29888371737415,86.61844716532612,33230500
2014-08-05,86.36278533935547,86.92886173417425,85.96106022072391,86.68234875150962,50331100
2014-08-06,86.29886627197266,86.83755306081112,85.75105427535256,85.82409773245055,34431900
2014-08-07,86.02497863769531,86.8649576422047,85.72367954940108,86.70061331820864,33274700
2014-08-08,86.64582824707031,86.74626126960294,85.79671712571792,86.16192748349035,40236900
2014-08-11,87.15709686279297,87.43100630435971,86.91970914448889,86.98362041874694,28277500
2014-08-12,87.12059783935547,87.34885344486571,86.67321880298171,87.06581872309167,28152300
2014-08-13,88.04277038574219,88.07929212596667,87.43104691005374,87.4766938609771,27996500
2014-08-14,88.49922180175781,88.51747917661032,88.04271080659055,88.16140115764425,25006600
2014-08-15,88.92838287353516,89.13837412402232,88.08840393997033,89.0105515456889,55205500
2014-08-18,89.61314392089844,89.6953125877794,89.26619097413621,89.39402051007488,38938300
2014-08-19,90.11530303955078,90.17008911722762,89.7683570547002,89.82313616656931,21363400
2014-08-20,90.11530303955078,90.29791168879402,89.96009091204982,90.0422665456612,23435600
2014-08-21,90.29791259765625,90.34355953607071,90.0240031039383,90.16095785079727,19339500
2014-08-22,90.43485260009766,90.61745425559988,90.133553599293,90.33441959982945,24692000
2014-08-25,90.75442504882812,91.01007019811765,90.53530163026682,90.86398327520484,24124700
2014-08-26,90.84571075439453,90.94614375570916,90.63571257915304,90.89136465164907,20100400
2014-08-27,90.86399841308594,90.97356362352403,90.67226451917607,90.87313058874138,15589100
2014-08-28,90.7635498046875,90.87310802210982,90.4622507751615,90.55355161161587,23563900
2014-08-29,91.10137176513672,91.22006913239748,90.63572840191605,90.96441701527088,17906300
2014-09-02,91.36612701416016,91.39351656435369,90.99179155183813,91.32047311996676,18326800
2014-09-03,90.82748413085938,91.61267709622612,90.66313979722236,91.61267709622612,25950700
2014-09-04,90.74530029296875,91.50311059446088,90.51704468161391,91.03746719687062,24663500
2014-09-05,91.20181274414062,91.25659186254495,90.41661287323886,90.88225627710119,30798200
2014-09-08,91.3752670288086,91.60352258775397,90.95527763624592,91.22918012749626,25571300
2014-09-09,90.61748504638672,91.7222414589141,90.44400853864961,91.38442061906,36449200
2014-09-10,91.36612701416016,91.40264873635361,90.48049440693595,90.73613949648391,31080100
2014-09-11,91.29310607910156,91.33875998455143,90.6083392922014,90.97354963837643,28691900
2014-09-12,90.82748413085938,91.23834148204737,90.54444241049008,91.21095192074272,30444400
2014-09-15,89.95096588134766,90.93703176814374,89.67706333444313,90.92789959350445,32972200
2014-09-16,90.73616027832031,90.90963675702002,89.5218458248459,89.61314666833759,38166900
2014-09-17,90.87310791015625,91.30222950335117,90.32529592629761,90.7178957917943,37196500
2014-09-18,91.55786895751953,91.56700113032998,91.0557109058546,91.1561369435421,30196700
2014-09-19,91.50115203857422,92.03195955853533,91.1350728306706,91.94044150215446,46918000
2014-09-22,90.65003204345703,91.29066549962481,90.25649806827369,91.28151159814212,48658000
2014-09-23,90.40290069580078,90.80558846162303,90.21986461081562,90.28392793879833,33989600
2014-09-24,91.37301635742188,91.41877887578902,90.18326768605606,90.49443046733667,35959000
2014-09-25,89.45109558105469,91.199120175629,89.41448696844603,91.08014043905612,68642500
2014-09-26,90.40290069580078,90.56763596523905,89.58837824757238,89.74395961804768,56106200
2014-09-29,90.2839584350586,90.53105793149213,89.4602818096444,89.50604433753797,33342700
2014-09-30,90.41204071044922,90.87879173257657,89.98189829617283,90.53101344918136,41834300
2014-10-01,88.96604919433594,90.24732278549455,88.68234115701758,90.15580473949308,58164900
2014-10-02,88.96604919433594,89.24061031471969,87.83121006268314,88.92944057945948,54501300
2014-10-03,89.84465789794922,90.21073715761673,89.17656970775856,89.4877325399282,41627800
2014-10-06,89.65240478515625,90.3479541909516,89.37785077034644,90.12830958262852,36038700
2014-10-07,88.38032531738281,89.48770973342688,88.37117141806924,89.23145641168172,45154000
2014-10-08,90.10089874267578,90.38461379517418,87.91358437317935,88.4260980583228,64931600
2014-10-09,88.645751953125,90.21073392429004,88.50847136287246,89.98193526799606,62497100
2014-10-10,86.43099975585938,88.61831478469338,86.41269194959624,88.12410875132245,77579400
2014-10-13,85.07647705078125,86.93432070677169,85.00325981744673,86.27537957152038,80835900
2014-10-14,85.08563995361328,86.18387064031819,84.84768741128772,85.60730057715517,71814500
2014-10-15,84.5364990234375,84.89342423770438,82.58713071834174,83.80434079898434,108847800
2014-10-16,84.00568389892578,84.72868821887046,82.72441050892735,82.75186522017947,93165800
2014-10-17,85.11306762695312,85.92758997361005,84.61886188026608,85.11306762695312,69546700
2014-10-20,86.38520050048828,86.4584177296519,84.93004472835267,85.10392691964215,41479300
2014-10-21,88.65492248535156,88.65492248535156,87.23636775726783,87.4560125534469,53609800
2014-10-22,88.1972885131836,89.04841960060952,88.14237210012499,88.92943985763193,39178000
2014-10-23,89.52432250976562,90.01852835998089,88.92944470955948,89.0850260932255,48123800
2014-10-24,90.25650787353516,90.32057122611162,89.35961395508276,89.71653934549194,43157600
2014-10-27,90.32054901123047,90.48528430339259,89.70736337895033,90.08259648202295,29545700
2014-10-28,91.68417358398438,91.70247439940074,90.67746115898724,90.74152448651309,34495100
2014-10-29,91.34556579589844,91.62928085440076,90.69577850332135,91.38217441578198,40552800
2014-10-30,91.53776550292969,91.7574172454814,90.73239672738313,90.93374066686503,35935800
2014-10-31,92.80072784423828,93.12104453707897,92.4987119699684,93.05698119851083,54254100
2014-11-03,93.07524871826172,93.32235506603364,92.82814935286754,92.96542988136552,33481000
2014-11-04,92.76412963867188,93.00208220108682,92.13264310019338,92.78243045929717,22773300
2014-11-05,92.77325439453125,93.37727903873991,92.45293078398277,93.37727903873991,25818600
2014-11-06,93.0661392211914,93.09359394145378,92.36143548334802,92.76412333354425,24671900
2014-11-07,92.98375701904297,93.26747205356521,92.49870506574906,93.23086343677589,20931700
2014-11-10,93.3132095336914,93.43218227845325,92.78239516651698,93.0295015364402,20360000
2014-11-11,93.60607147216797,93.60607147216797,93.07525710474853,93.3315173728112,15454000
2014-11-12,93.77082824707031,93.87150020132091,93.23086684007156,93.23086684007156,22050300
2014-11-13,94.17351531982422,94.52128671569974,93.73421888816786,93.94471669513192,28027800
2014-11-14,94.4663314819336,94.4663314819336,93.83484534957195,94.14601495913294,19251300
2014-11-17,94.18267822265625,94.45723240910327,93.73422784807913,94.2467415643986,23361600
2014-11-18,94.88734436035156,95.01547100248803,94.25585806526588,94.26501196324087,26336800
2014-11-19,94.45721435546875,94.78668490213784,94.01792494816279,94.78668490213784,23760200
2014-11-20,94.87820434570312,94.96057547477452,93.98131771950833,94.05452796688591,22874000
2014-11-21,95.06122589111328,95.81168487021343,94.75921012354941,95.7201598625557,34049100
2014-11-24,95.80255126953125,95.84831378305527,95.2351282207778,95.3174993486452,17928300
2014-11-25,95.94895935058594,96.23267430880564,95.70185998168782,95.94895935058594,17526000
2014-11-26,96.57130432128906,96.62622073006867,95.93982497054296,96.04049690719704,18973800
2014-11-28,97.01976013183594,97.23940483239119,96.7635068174583,96.82757014605271,17360400
2014-12-01,95.92151641845703,96.9373826931491,95.56459118490345,96.7543466183345,35969500
2014-12-02,96.30593872070312,96.47982096093064,95.82087967776192,96.02222362343916,26031300
2014-12-03,96.47980499267578,96.61708556767833,95.8757802379967,96.4523502741513,32974300
2014-12-04,96.43402862548828,96.80925466823831,96.0313408877656,96.38826611624576,31008800
2014-12-05,96.44320678710938,96.73606878695863,96.23271593410756,96.58964127822442,25622200
2014-12-08,95.75679016113281,96.61707515487777,95.25343741687855,96.19608655732027,32685800
2014-12-09,96.0588150024414,96.13203223906652,94.30164321771882,94.64026770032494,46035100
2014-12-10,94.54871368408203,96.1228488771479,94.37483152836744,95.88489642223895,39330100
2014-12-11,94.9971923828125,96.13203161359802,94.8049953923271,94.82330319255426,47576000
2014-12-12,93.96298217773438,95.17103818252058,93.95383526349994,94.09110880078919,46889400
2014-12-15,92.9928970336914,94.7958309926784,92.72748983838268,94.44805267629796,52968400
2014-12-16,91.50115203857422,93.77998445964455,91.48284423786997,92.40719266679108,65348600
2014-12-17,93.16679382324219,93.43219405791137,91.44622386201509,91.56520360415566,79715300
2014-12-18,95.40901184082031,95.41816573946824,94.24671807817163,94.5029713812829,49840900
2014-12-19,95.828857421875,96.21466977585361,95.26850790416371,95.50734712689281,51419900
2014-12-22,96.0676498413086,96.09520685196742,95.62671664558114,95.67264966894278,33869200
2014-12-23,95.72777557373047,96.42591696680017,95.61754050901538,96.41672895930819,30156900
2014-12-24,95.8104476928711,96.17788386904806,95.78288367210158,95.84718570377213,14291300
2014-12-26,96.49022674560547,96.69232087626932,96.05848146798664,96.08603848427775,13924300
2014-12-29,96.47183990478516,96.68312201997199,96.34323583759179,96.39835687238612,17073800
2014-12-30,95.828857421875,96.41676396367065,95.70025330388212,96.19630076259698,18604000
2014-12-31,94.84590911865234,96.3707958641541,94.70811704997273,95.99416467698954,24367100
2015-01-02,94.56116485595703,95.71860166820436,94.10186253123743,95.31442038816127,31314600
2015-01-05,93.17405700683594,94.25801062383027,92.90766085427671,94.14777555809657,36521300
2015-01-06,91.92475891113281,93.46801486691254,91.51138965856902,93.31185377224593,66205500
2015-01-07,93.10977172851562,93.33023489126575,92.31058312699975,92.53105329814746,37577400
2015-01-08,94.89186096191406,95.07557908432202,93.79871921091448,93.899766280758,40212600
2015-01-09,94.26720428466797,95.21336587833613,93.71603593134185,95.18580886234918,41410100
2015-01-12,93.28429412841797,94.55196587450978,93.04545498492944,94.45091881412603,34129800
2015-01-13,93.25672912597656,95.18580425239728,92.50347368909482,94.19370967453457,56162300
2015-01-14,92.74231719970703,93.21999550417516,91.92475968731779,92.31975993553705,51354200
2015-01-15,91.53894805908203,93.32103618364178,91.42871298614561,93.17406309479,51005400
2015-01-16,92.61372375488281,92.73313984051453,91.27256176022875,91.41953486497566,35362200
2015-01-20,93.34861755371094,93.5874497435232,92.12687154980192,93.17408040789591,30964100
2015-01-21,93.82625579833984,94.26718900786439,92.74230229200408,93.0730004470486,40128800
2015-01-22,95.56242370605469,95.66347076034374,93.36695954176741,94.1937049821341,40887200
2015-01-23,95.77373504638672,96.06768829172594,95.27768763080212,95.55326485608366,34783000
2015-01-26,95.66345977783203,95.83799685309307,95.17660057673041,95.66345977783203,19960900
2015-01-27,93.18325805664062,94.21209078056867,92.87092883087868,94.15697674418604,45253200
2015-01-28,92.70555877685547,94.7816067819832,92.68718977167545,94.68055973250381,43591700
2015-01-29,93.59660339355469,93.77114047529614,91.82369659018758,92.63206595331418,46539700
2015-01-30,92.87088012695312,94.23041738139186,92.74227610390544,93.51390725058516,42927600
2015-02-02,93.6792984008789,93.76196944926801,91.63080709834415,93.08220402061384,43624700
2015-02-03,94.57951354980469,94.64381558111762,93.40370097242774,94.01916427333664,30750400
2015-02-04,94.49685668945312,95.12150809094359,93.98243335338067,94.19371549275992,34073200
2015-02-05,95.31439971923828,95.37870175041924,94.49684231919647,94.73567443021388,23605500
2015-02-06,94.73568725585938,95.69103685445486,94.3958080486299,95.46138571080392,34169300
2015-02-09,94.43254089355469,94.88265511470772,94.20288977952211,94.3682388619614,22604700
2015-02-10,95.9023208618164,96.03092494409887,94.80917915401865,94.95615925285395,23686500
2015-02-11,96.2513656616211,96.47182875011899,95.82880848850212,96.01252656085116,20303600
2015-02-12,97.3720703125,97.4088153309839,96.72905001002101,96.87602307556092,22520300
2015-02-13,98.20801544189453,98.22638444913223,97.4639409934324,97.6476661077919,29030200
2015-02-17,98.29985809326172,98.36416012045945,97.95997194470499,98.20799905560716,17675300
2015-02-18,98.43766784667969,98.4927818774993,98.05184860575261,98.18045268326277,15149600
2015-02-19,98.92450714111328,98.98880916686801,98.34578190092554,98.37333891076398,19828100
2015-02-20,99.5859146118164,99.64102863769226,98.54788706851477,98.86021623473518,28336700
2015-02-23,99.68695068359375,99.71451470382912,99.31032650779191,99.53078961090507,17868000
2015-02-24,99.76044464111328,99.87986770830588,99.25521638460818,99.55835053515285,19745000
2015-02-25,99.51243591308594,99.99929521953224,99.29196576766375,99.61348297763858,19472300
2015-02-26,100.0176773071289,100.0727983548912,99.33791179084035,99.61349600445884,22255500
2015-02-27,99.57672119140625,100.04521141107031,99.42056012098342,99.98090237318323,27757600
2015-03-02,100.47695922851562,100.51370425008692,99.75126082137427,99.76963683635805,22988600
2015-03-03,100.0084457397461,100.27484180930901,99.37460657394487,100.17379478263362,20788900
2015-03-04,99.62263488769531,99.82472895778933,99.08066170734745,99.67775591215396,21007400
2015-03-05,99.79719543457031,100.10033661104816,99.38382620002515,99.87987348651717,15381000
2015-03-06,98.66732788085938,99.86150970944804,98.419300703019,99.66860357579289,30990400
2015-03-09,98.95206451416016,99.20008461201157,98.46520531617371,98.86938647594621,26237100
2015-03-10,97.11488342285156,98.27232722875083,97.11488342285156,98.24476320256508,34234500
2015-03-11,96.55452728271484,97.38127280055666,96.51778225876667,97.26184972062596,25459700
2015-03-12,97.18836975097656,97.29859781790607,96.4167382404854,96.48104028232659,21473200
2015-03-13,96.76580810546875,97.48232560203637,96.15953269563106,97.09650633207008,42021100
2015-03-16,98.01509094238281,98.05183596098945,97.0230034735864,97.12405052265574,25674100
2015-03-17,98.17127990722656,98.32744101322766,97.51907145710683,97.7487226159545,19603800
2015-03-18,99.13581085205078,99.58593217072179,97.3996486468832,97.9048840011477,40622200
2015-03-19,99.28277587890625,99.55835302341582,99.08986977523071,99.23684285062325,31314000
2015-03-20,99.9254379272461,100.42262606483112,99.90702667378659,100.10037644542828,31761400
2015-03-23,99.73208618164062,100.14640610917021,99.6952566509357,99.8701951656554,17268500
2015-03-24,99.3730239868164,100.18325272697182,99.35461273058111,99.72289405141434,22445300
2015-03-25,97.09883117675781,99.62159423676627,97.06200164729238,99.52952392535995,41581400
2015-03-26,96.7673568725586,97.31978567666141,95.97553967768965,96.29778922804019,47846300
2015-03-27,97.15406036376953,97.38423962707164,96.60163153674719,96.7489496370271,33878400
2015-03-30,98.26814270019531,98.35100387040211,97.74333421534281,97.74333421534281,30570200
2015-03-31,97.22772979736328,98.19448561628248,97.20010940673949,97.99192671902213,30488100
2015-04-01,96.72135162353516,97.24616018428539,96.0952636015423,97.22774190523295,32970500
2015-04-02,96.7857894897461,97.0988299494738,96.472742005504,96.81340988036743,19164200
2015-04-06,97.57760620117188,97.84460799187714,96.06762361952985,96.21494173462249,24451100
2015-04-07,97.41188049316406,98.24052033588717,97.41188049316406,97.52236205911935,19379400
2015-04-08,98.18526458740234,98.32337354831034,97.4394860328181,97.4486881455687,25866900
2015-04-09,98.80216979980469,98.83899933421897,97.80780046868092,98.13925222937856,23114700
2015-04-10,99.2072982788086,99.2165074195273,98.54438063738492,98.76535084302074,17164300
2015-04-13,98.95866394042969,99.78730360147311,98.84817537418446,99.28091347800358,17783500
2015-04-14,98.67326354980469,99.14283130252501,98.11162547927047,98.85741120994744,23755700
2015-04-15,99.29014587402344,99.50191393445527,98.81137598996025,98.93106670484724,21128600
2015-04-16,99.15202331542969,99.3269547817062,98.88501452272855,99.02312348785173,16195300
2015-04-17,97.6052474975586,98.47071702330129,97.1817183627237,98.20371517540725,46514000
2015-04-20,99.06915283203125,99.24409131876982,98.05636548544115,98.09319501025524,28945900
2015-04-21,99.49271392822266,99.81497061818168,99.3730232023483,99.64003207500573,22759800
2015-04-22,100.03590393066406,100.20163327243279,99.10597778937772,99.7504768826376,21429200
2015-04-23,100.4134292602539,100.86458580735112,99.67685961464353,99.69527087036461,29473200
2015-04-24,101.7761001586914,101.9142091707718,101.30653232742456,101.4722617370178,32508100
2015-04-27,101.51827239990234,102.34691921918696,101.29729523175031,102.15356244092537,31121300
2015-04-28,101.31571197509766,101.78527966967334,100.45944477887804,101.59192289433727,36849200
2015-04-29,100.68042755126953,101.34334507984163,100.12799861896444,100.75408661544753,34043900
2015-04-30,99.0967788696289,100.51468404550396,98.57197040400425,100.10957329847822,44080500
2015-05-01,100.4041976928711,100.46864760576322,99.46506236271313,99.48348063754725,32874300
2015-05-04,100.56993103027344,101.19601893369153,100.51468322809477,100.72645124999947,23507300
2015-05-05,98.93106079101562,100.35817526746905,98.88502914551007,100.17403463641723,47843300
2015-05-06,98.24971008300781,99.3913971944702,97.59600185690785,99.1059771727329,42687200
2015-05-07,98.8389892578125,99.11520722550209,98.14845136310326,98.22211042442245,29335800
2015-05-08,100.07278442382812,100.28454550896404,99.71370517119169,99.86101631417534,33023300
2015-05-11,99.68604278564453,100.33975814401839,99.61239075224152,100.13719924700275,19679300
2015-05-12,99.23490142822266,99.74129871199116,98.33260248107239,99.0967924395117,33665000
2015-05-13,99.43745422363281,100.18323288246542,99.29013610486787,99.66763351581714,20738400
2015-05-14,100.8921890258789,100.97505019928988,99.87940154527355,100.24768279311948,23904200
2015-05-15,100.8921890258789,101.28809768937636,100.64359145661692,101.14998870917687,23937400
2015-05-18,101.3341293334961,101.53668823452087,100.65280059556103,100.72645965493632,17631100
2015-05-19,101.2236557006836,101.6011461166611,101.05792631636017,101.44462587160982,14212900
2015-05-20,101.2880859375,101.89575554555297,100.75406835576207,101.29728805046831,21131900
2015-05-21,101.81293487548828,101.95104389459343,100.96587652760088,101.11318766333427,16771800
2015-05-22,101.71163177490234,102.07992006547919,101.62876357287799,101.69321349689032,13543800
2015-05-26,100.54232788085938,101.62877459238017,100.1372170393625,101.49067261489012,25488400
2015-05-27,102.16278839111328,102.27327699337145,100.62519222172595,100.84616240172694,30572700
2015-05-28,101.93262481689453,102.20884285294943,101.619584265581,101.96945435666962,17302400
2015-05-29,101.32492065429688,102.00624934808648,101.0855322390952,101.86814037683497,30383000
2015-06-01,101.66558837890625,101.94180634012882,100.83694151975311,101.86814728053419,24570200
2015-06-02,101.34333801269531,101.84052612445312,100.79090911891369,101.2880972306715,19449600
2015-06-03,101.64718627929688,102.02467670081077,101.39858868690817,101.80370652664374,20507200
2015-06-04,100.87379455566406,101.72085988936051,100.55154487548855,101.0763535044933,31374600
2015-06-05,100.63440704345703,100.99348624042646,100.01752109332875,100.75409776760826,22641700
2015-06-08,99.6124267578125,100.6620441267261,99.40986778758058,100.58838504218414,24549200
2015-06-09,99.4466781616211,99.80575734890488,98.70089236728776,99.37301909127684,27554600
2015-06-10,100.80933380126953,101.1039630521713,99.67685547182523,99.78733705059126,30297900
2015-06-11,100.95664978027344,101.41700841399606,100.78171125161396,101.1499995634951,17593500
2015-06-12,100.12799835205078,100.63439563628094,99.98988936321393,100.42262758346243,27201800
2015-06-15,99.63080596923828,99.78732620515562,98.80215909597788,99.3822154195175,31238800
2015-06-16,100.17404174804688,100.33977113756501,99.48350379580717,99.52953544458063,16456900
2015-06-17,100.45024871826172,100.7724983449179,99.83336985801773,100.33976714598818,23296700
2015-06-18,101.91415405273438,102.08908548387996,100.76325794869506,100.81849871384499,43032400
2015-06-19,101.41029357910156,102.04705170579145,101.33646512137854,101.96399293068573,27877600
2015-06-22,102.15782928466797,102.4623665172776,101.92712054008591,102.15782928466797,19120900
2015-06-23,102.24085235595703,102.33313441339858,101.81634925919018,102.26853626912254,18127900
2015-06-24,101.7148666381836,102.55464275942973,101.68718271691979,102.12091625851063,15815900
2015-06-25,101.51179504394531,102.21315123563612,101.34568455224667,102.11163887733869,18326700
2015-06-26,100.83812713623047,101.72405449084357,100.45976863579692,101.49334585573301,32311700
2015-06-29,98.4572525024414,100.2752382853493,98.4111079436247,99.72153174223354,50874900
2015-06-30,98.80793762207031,99.40778174653423,98.50340039940329,99.19552661055275,34809900
2015-07-01,99.59232330322266,99.9891425224605,99.1309059339075,99.78611775345459,21293000
2015-07-02,99.6200180053711,99.96146943027675,99.3154878595591,99.87841767432923,20499400
2015-07-06,99.38932800292969,99.96148824516602,98.78026055599511,98.9925086660358,24311000
2015-07-07,99.63845825195312,99.73074030878674,97.66359266490147,99.5000316463679,44230800
2015-07-08,97.9035415649414,99.04786179805829,97.71897741930107,98.9278887667883,39691500
2015-07-09,97.84818267822266,99.29703318008562,97.83895235789521,99.20475109882567,28381000
2015-07-10,99.3431625366211,99.7122978458364,98.78946309313332,99.14936808343388,26415800
2015-07-13,101.08731842041016,101.17037016761651,100.19216759472211,100.20139791352403,25780700
2015-07-14,101.75176239013672,102.02860859313898,101.17037198655808,101.22574685969491,21977200
2015-07-15,101.86250305175781,102.25932229879642,101.57642651575468,101.9455618452021,28631500
2015-07-16,103.30213928222656,103.32059288203155,102.49927039761688,102.70229519882885,29838900
2015-07-17,104.8248062133789,104.8248062133789,103.95734625046454,104.13268008260441,35926800
2015-07-20,105.18470001220703,105.56305857017493,104.72328267182138,105.04627340195736,26539000
2015-07-21,105.12010955810547,105.38772543932184,104.81557240140636,105.22161490300145,35468900
2015-07-22,103.92965698242188,104.43721189446305,103.51437710092921,103.51437710092921,35575000
2015-07-23,103.54203033447266,104.37258281066045,103.27441451944364,104.03113854426616,25698300
2015-07-24,102.52696228027344,104.28035010612138,102.37008202739719,104.09578593105189,30844700
2015-07-27,101.6779556274414,102.38853544492311,101.45647720962103,101.94557860928235,35994800
2015-07-28,102.55464935302734,102.75767417624404,101.31805385259429,102.13014610478889,33553500
2015-07-29,102.94222259521484,103.16370097117756,102.3792928157787,102.77611205307515,26714100
2015-07-30,103.43131256103516,103.60664636247265,102.08397477393784,102.70227231939971,25438100
2015-07-31,103.31136322021484,103.80969490618253,103.0991151380834,103.75432706574327,22081700
2015-08-03,102.98837280273438,103.61590081252783,102.30547695229406,103.3298242482903,25001800
2015-08-04,102.7945785522461,103.1267996782216,102.37007534475994,102.94223551520032,22132300
2015-08-05,103.58821868896484,104.28034487174189,103.24676723748638,103.36674028186424,28989900
2015-08-06,101.9271240234375,103.81893860993188,101.46570651850448,103.6805119503175,42125400
2015-08-07,101.79792022705078,102.03785928342501,100.95814409074879,101.6779542191996,30006800
2015-08-10,102.96067810058594,103.1821564806522,102.43466254750935,102.4438928668744,21500800
2015-08-11,101.64102935791016,102.81303355490678,101.07809953869214,102.41621428956738,36123300
2015-08-12,101.9917221069336,102.19474693544137,99.8692058104258,100.9396907598227,41889000
2015-08-13,101.8255844116211,102.58231567663483,101.60410603979808,102.09320733788121,22510500
2015-08-14,101.98247528076172,102.13012518697788,101.3826312552075,101.58565603684161,17924900
2015-08-17,102.83147430419922,102.85915821960778,101.47490612381797,101.73329872185816,21224900
2015-08-18,102.30547332763672,102.77612107847474,102.16704669025245,102.69306227977567,13984400
2015-08-19,101.63179016113281,102.53617132896208,101.04117647463347,101.9916951563224,42511400
2015-08-20,98.81717681884766,101.01352165819905,98.80794649714845,100.69053080545217,57747300
2015-08-21,94.498291015625,98.25422861195213,94.498291015625,97.42367583031455,97763400
2015-08-24,90.86231994628906,94.61825756452063,78.20102447431297,86.95873241083373,150829900
2015-08-25,90.52085876464844,94.81204183218097,90.44703733432107,94.19374422908234,75088300
2015-08-26,95.07968139648438,95.26425260627613,91.29605960415026,93.16941337933814,104103800
2015-08-27,97.48828125,97.55287941334595,95.31039025623434,96.45470359579319,69377700
2015-08-28,97.46983337402344,97.82050813268732,96.75924649481146,96.97150163865551,49919600
2015-08-31,96.26091003417969,97.46059826865715,96.02097801982165,96.9253523153874,39549400
2015-09-01,93.25244903564453,95.31959678747715,92.86485311163155,93.86151627508781,73155500
2015-09-02,95.88257598876953,95.90102959435353,93.85233438152227,94.94128016849233,43963600
2015-09-03,95.41187286376953,96.91609079228786,95.14424997329641,96.2608790427859,45131800
2015-09-04,94.27679443359375,94.91354557611942,93.75077190614013,94.1014535911092,49379600
2015-09-08,96.9345932006836,97.05455922093726,95.68876730797716,96.08558665579785,37343500
2015-09-09,95.84562683105469,98.10656936772399,95.59645748203677,98.07888544909335,47146700
2015-09-10,96.88839721679688,97.52515530788928,95.62411839214762,95.73485403187232,47686700
2015-09-11,97.42366790771484,97.42366790771484,96.16861203767418,96.44546528926311,29106100
2015-09-14,97.12834167480469,97.8020140308712,96.75920642657657,97.7835533960917,19718800
2015-09-15,98.27268981933594,98.57722703629163,96.99918014934637,97.35908520914063,30020200
2015-09-16,98.82637023925781,98.91865934701946,97.94968004088558,98.29113143386056,31329100
2015-09-17,98.86331176757812,100.3398534113505,98.41112458552581,98.72489214906277,56139800
2015-09-18,97.45716857910156,98.61351848406908,97.29065391047425,97.3461635052165,48384000
2015-09-21,97.762451171875,98.56727328378369,96.88362802655175,97.9937211635706,35772600
2015-09-22,96.30081939697266,96.59684469255433,95.40349073473452,96.26381535279998,47359700
2015-09-23,96.37482452392578,96.81886598255373,95.87528052964417,96.55983768130436,21775100
2015-09-24,96.0232925415039,96.38407312322072,94.6079144234619,95.44048771119272,38284300
2015-09-25,95.20923614501953,97.14265710115517,94.61718548328437,97.05015050859666,44700000
2015-09-28,92.49874877929688,94.86695841842545,92.2212290093102,94.80220309964852,44077500
2015-09-29,92.01773071289062,93.67362515543076,91.35167182451671,92.73003937763373,49315500
2015-09-30,94.1361083984375,94.23786772589983,92.97050604792197,93.33128655154383,41411400
2015-10-01,94.56168365478516,94.5709364314512,93.05379865925013,94.30266237054128,39339100
2015-10-02,96.21755981445312,96.21755981445312,92.95202898360978,93.24805426141938,59370900
2015-10-05,97.59591674804688,97.85493795708774,96.71709378054409,96.92985817748541,32853500
2015-10-06,97.13339233398438,97.68843887861863,96.3748270761643,97.36466231573196,33051500
2015-10-07,97.7161636352539,97.92893506616534,96.47656025715456,97.74392195408413,37389300
2015-10-08,98.104736328125,98.27125100959685,96.40258546665719,97.34617101426441,50188900
2015-10-09,98.54876708984375,98.73378731667448,97.88270838885309,98.15098242440766,23916200
2015-10-12,98.78931427001953,98.97432748477333,98.3822767281991,98.73381171715374,16162000
2015-10-13,98.15099334716797,99.22408960880607,98.05848675235798,98.22500144613628,26999600
2015-10-14,97.99369049072266,98.6412434416608,97.58665317424848,98.15095234197936,30902600
2015-10-15,99.6033706665039,99.61262344350179,98.22500332145698,98.35451396822376,38393800
2015-10-16,100.01963806152344,100.07514059521452,99.33507387627004,99.81611936092375,27091100
2015-10-19,100.59317779541016,100.6579331005914,99.66809797407859,99.8901222128134,23776300
2015-10-20,100.07514190673828,100.63018842432109,99.73285980962585,100.41742400385073,23404700
2015-10-21,99.46460723876953,100.68571266380819,99.42761024638128,100.58396034803913,30195200
2015-10-22,101.49053192138672,101.57379279633916,100.06590779067325,100.35268740684201,42778700
2015-10-23,104.33051300048828,104.75604891982007,103.67370709948922,104.21950792627982,53170900
2015-10-26,104.39527130126953,104.59879002021025,103.85872323457131,104.25650789673725,25918000
2015-10-27,104.6080551147461,104.75606425462372,104.09000548067247,104.11776381108776,31390500
2015-10-28,105.47762298583984,105.47762298583984,103.92348823735227,104.76531446094165,42221900
2015-10-29,105.31111907958984,105.4868865635676,104.88558306483439,104.99659522173633,24913300
2015-10-30,104.83932495117188,105.53313499655239,104.81157367860477,105.35736752655976,27199200
2015-11-02,106.02339935302734,106.15290996395858,104.89480083679886,105.11681801870971,22176900
2015-11-03,106.39346313476562,106.7727423016365,105.65339623959181,105.81065816103093,20418400
2015-11-04,106.40269470214844,106.81898492199115,105.95866027034293,106.74497683075687,28633000
2015-11-05,106.11590576171875,106.75421309876006,105.56085927889102,106.49519187729372,25004100
2015-11-06,106.18993377685547,106.3101916357415,105.23710250852692,105.9124069544412,29924900
2015-11-09,105.06135559082031,105.93093321711419,104.41380228898551,105.79216977877769,33479800
2015-11-10,104.79306030273438,104.89481966641841,104.19175689672882,104.50628776387951,35452100
2015-11-11,104.66356658935547,105.58864673036642,104.48779910406695,105.07984982968985,22748800
2015-11-12,103.64595794677734,104.74680534048225,103.57194985726107,104.23800854730776,31196900
2015-11-13,101.61080932617188,103.32221340213627,101.55530677073158,103.21120123345362,52836000
2015-11-16,103.07240295410156,103.09090850486248,101.27775270927441,101.5090226891882,33980600
2015-11-17,103.13713836669922,103.8772049827534,102.87811716841975,103.24815047644684,30579500
2015-11-18,105.1168441772461,105.21860354798638,103.45170431184295,103.55346368258321,32966500
2015-11-19,105.1908187866211,105.67186421475509,104.98730010993351,105.1723202968306,26188100
2015-11-20,105.9031753540039,105.98642917714656,105.58864444281768,105.69040382074841,22727600
2015-11-23,105.59788513183594,106.32869919067753,105.14459790063559,105.94016022041968,20696200
2015-11-24,105.5053939819336,105.75516251712244,104.38604078902392,104.91334325026976,26374400
2015-11-25,105.59788513183594,105.79215108806464,105.37586790440317,105.66264045057883,14159900
2015-11-27,105.74590301513672,105.95867454164286,105.38512234402711,105.82916389343946,8828000
2015-11-30,105.47762298583984,106.06042792764806,105.13534788825785,106.06042792764806,25041600
2015-12-01,106.5322265625,106.5322265625,105.77365411313733,105.90317181892681,28639400
2015-12-02,105.87541198730469,107.07801891049976,105.7181500680902,106.61547887200948,22395500
2015-12-03,104.08072662353516,106.3471692309198,103.46091781534798,106.16215610052868,42754300
2015-12-04,106.51371002197266,106.68947747945651,104.18251154082995,104.3952759872365,40037300
2015-12-07,106.03266906738281,106.65247095554538,105.52387225901049,106.58771563973437,25892100
2015-12-08,106.04192352294922,106.38420568203881,104.88557346118793,104.92257751010037,30792600
2015-12-09,104.4322738647461,106.16217589339992,103.79396644763321,105.57937101419256,48509200
2015-12-10,104.90408325195312,105.60714609408711,104.35828233069881,104.67281323025914,30154600
2015-12-11,102.48959350585938,103.96971979765078,102.42483820114971,103.69219303015288,56022200
2015-12-14,103.26668548583984,103.31294231237621,101.18525533211809,102.62838503800306,53098500
2015-12-15,103.89571380615234,104.79304237358653,103.76620319413081,104.21949739400519,48428000
2015-12-16,105.44060516357422,105.61636553702955,103.50718459317193,104.59877910630165,44944100
2015-12-17,103.90499114990234,105.90316744980466,103.88649265429615,105.90316744980466,45668800
2015-12-18,101.91181182861328,103.81401290528059,101.91181182861328,103.58203664622212,53746100
2015-12-21,103.04389953613281,103.06245452958234,102.11599411781323,102.87687627766103,26432800
2015-12-22,103.72126007080078,103.86972832658144,103.04389312203072,103.59135388667073,26540300
2015-12-23,104.49141693115234,104.5656510545755,104.07386237576947,104.2594406049717,25656900
2015-12-24,104.47284698486328,104.760502421604,104.42645597073776,104.49140905399759,11468600
2015-12-28,104.41718292236328,104.43574499291728,103.47072262542372,104.2223236576803,19183600
2015-12-29,106.05960083007812,106.29157720365279,104.97394602143731,105.03889912286394,27725700
2015-12-30,105.10386657714844,106.00393616222769,105.08531157964575,105.96681908786422,19520100
2015-12-31,103.79547119140625,104.92751661305854,103.77690912387008,104.73265738005594,29886800
2016-01-04,101.6056137084961,101.69840280742747,100.32510715279224,101.55921561935317,50807600
2016-01-05,101.42933654785156,102.23661679075269,100.95610989313785,102.10671060169132,38795200
2016-01-06,100.45503997802734,101.0396178279198,99.66632180867381,99.66632180867381,41891100
2016-01-07,97.30944061279297,99.55496995327663,97.25376147553658,98.3115730517762,61386300
2016-01-08,96.51142120361328,98.627043913093,96.40935106593182,98.01462308700424,69344000
2016-01-11,96.8083724975586,97.48573947803335,95.32372526704225,97.1980910681898,50024100
2016-01-12,97.93113708496094,98.43220685211811,96.57639604606472,97.7362777998481,46734200
2016-01-13,94.55358123779297,98.57141415007654,94.40511294498572,98.33015671394368,69870700
2016-01-14,96.56710052490234,97.41149771308947,93.41222121196718,94.92471132281769,78445700
2016-01-15,93.56997680664062,94.59067840651213,92.33586800932063,93.36584356602269,91443900
2016-01-19,93.77412414550781,94.98968512015011,92.67919541225572,94.84121684747198,56563800
2016-01-20,93.48648834228516,94.48862808013668,90.2388187720817,92.29877031787943,86675000
2016-01-21,93.57926177978516,94.97111993341416,92.62352031365697,93.88547227262913,61660100
2016-01-22,96.2887191772461,96.32583623464846,95.13811871519175,95.462884118269,42229800
2016-01-25,94.85974884033203,96.49285684577649,94.77623369359479,95.9453961924337,38881500
2016-01-26,95.71341705322266,96.12169050276562,94.4236294689562,95.25874551472157,36143900
2016-01-27,93.32872772216797,95.56497607625482,92.92972811318398,95.15670251031888,54524700
2016-01-28,94.64632415771484,94.9154174974897,93.03177119842012,94.87830044241512,47641500
2016-01-29,96.62278747558594,96.65990454138611,94.5906794483604,94.61851547787143,54245100
2016-02-01,96.8825912475586,97.24447373131353,95.78766276150752,96.15881920069342,32750300
2016-02-02,94.78553009033203,96.47431749377081,94.4978746264525,96.43720043135552,44928100
2016-02-03,94.33087921142578,95.41652697826238,92.67920142778219,95.41652697826238,61572900
2016-02-04,94.32157897949219,95.07318003752705,93.1988143705596,94.08032160950528,49321600
2016-02-05,91.04609680175781,94.02467282293136,90.67493315900822,93.98755575072063,70749900
2016-02-08,89.6541976928711,90.05319718854838,88.00252058747957,89.34798729585853,91673100
2016-02-09,89.37580871582031,90.730549157188,88.31799758928182,88.45718475421651,73778400
2016-02-10,89.71915435791016,91.57496472283965,89.6542012783118,90.40580221071474,59421700
2016-02-11,89.58928680419922,90.30377098766388,88.327334645903,88.57786603821046,76839200
2016-02-12,90.95325469970703,91.04605087310115,89.75626335168856,90.60065331061324,49186500
2016-02-16,93.00395965576172,93.00395965576172,91.72344569639579,92.29874958244108,40565900
2016-02-17,95.11027526855469,95.24018141964632,93.4400432125847,93.68130052719243,41766500
2016-02-18,94.024658203125,95.42579029459145,93.90402596735773,95.40723530105002,38991500
2016-02-19,94.30300903320312,94.59066447778906,93.36582981765974,93.56996302821852,28257900
2016-02-22,95.83403778076172,95.92682687507046,95.09171794693764,95.18450704124639,23979100
2016-02-23,94.2566146850586,95.53712135012238,94.19166160232395,95.27730901918379,29869700
2016-02-24,95.15666961669922,95.27729472958517,92.57708752511564,93.15239122830693,40739100
2016-02-25,96.09387969970703,96.09387969970703,94.49788129991875,95.3515596370458,29389300
2016-02-26,95.9732437133789,96.84547694487914,95.74126739260592,96.82691487477823,30925000
2016-02-29,95.11027526855469,96.59492205199786,95.11027526855469,95.88043822099387,27553900
2016-03-01,98.16309356689453,98.16309356689453,95.72270539945241,96.01963478514634,37699800
2016-03-02,98.20021057128906,98.21876556066698,97.43932857840505,98.04246838383439,29209800
2016-03-03,98.01460266113281,98.12595380976784,97.30939995783767,98.09811779244741,25474600
2016-03-04,98.05177307128906,98.68274909823005,97.40224204915445,98.12600721077793,31655400
2016-03-07,97.4486083984375,98.11670132593169,96.75267944552363,97.55067854454664,25861200
2016-03-08,96.641357421875,97.62493496796768,96.47433415184445,96.78054466012662,28898500
2016-03-09,97.26302337646484,97.28157836566233,96.46502433322951,97.00321105157053,31047400
2016-03-10,97.11457824707031,98.22806184585316,95.86190034924452,97.67132004646174,44236100
2016-03-11,98.8126220703125,98.8126220703125,97.85688085373602,98.163091266626,31454000
2016-03-14,98.97965240478516,99.21162871983115,98.41362962972447,98.44146565483314,25374900
2016-03-15,98.9425277709961,99.05387894226237,98.31155195919672,98.6270434047738,26524600
2016-03-16,99.82406616210938,100.08387854539725,98.67345835132518,98.7013014604116,31693100
2016-03-17,99.76837158203125,100.00034789968599,99.16523881961326,99.53639526437652,29623700
2016-03-18,99.92472076416016,100.17599522141568,99.39424615408309,100.00847654979371,37682300
2016-03-21,100.31561279296875,100.4086771600215,99.69207372332362,99.74791092348406,17288600
2016-03-22,100.62271881103516,100.85538324928642,99.72928822019291,99.74789825109674,18840300
2016-03-23,99.7944564819336,100.50175142145244,99.57109345858964,100.42730418069456,20912900
2016-03-24,99.8223648071289,99.85028340708323,99.14298144003088,99.31050014011285,19017300
2016-03-28,99.6827621459961,100.1201724683255,99.50593488368696,100.10155533526355,13892300
2016-03-29,101.28346252441406,101.34860826867725,99.32908309616454,99.49660173860613,29963900
2016-03-30,101.7767333984375,102.40958096047547,101.56267898906728,101.88841488598135,23807200
2016-03-31,101.62782287597656,102.08385028311226,101.46961276347076,101.70227719963404,21447200
2016-04-01,102.70740509033203,102.74463225789572,100.8740079148682,101.013608018143,26389000
2016-04-04,102.3165283203125,102.78185725449568,102.07455528643754,102.70740292094092,17163000
2016-04-05,101.33001708984375,101.90702747275809,101.19972556795267,101.52545437268036,20107900
2016-04-06,102.99588775634766,103.03311491704135,101.43238250898723,101.43238250898723,25056000
2016-04-07,101.51615905761719,102.58641699544195,101.07874873604356,102.40028116692346,28567200
2016-04-08,101.44169616699219,102.3909639610958,101.0880487731801,102.1489980549716,22898000
2016-04-11,101.0694580078125,102.39099067193669,101.0601494396547,101.87913302897105,25772100
2016-04-12,101.91632843017578,102.11176569842208,100.52964332158483,101.14388082209167,28564100
2016-04-13,103.2192611694336,103.37747129313126,102.56779644187839,102.6980879673183,25356700
2016-04-14,103.22856140136719,103.61013450727707,102.37235793003765,103.23786996746037,17199700
2016-04-15,102.96798706054688,103.35886166524666,102.70740399074701,103.14481432949226,21353300
2016-04-18,103.51708221435547,103.55430228235589,102.6050343405053,102.67018011004056,17126100
2016-04-19,102.88420104980469,103.7124857500405,102.26065505832554,103.7124857500405,42481400
2016-04-20,102.96798706054688,103.44262456645727,102.53057672180162,102.8842312596924,18078300
2016-04-21,102.97731018066406,103.34957480456953,102.5119811758715,102.91216440400738,20216000
2016-04-22,101.42308044433594,102.11176516220954,100.62271424504168,101.6371277416153,39074000
2016-04-25,101.42308044433594,101.4323819091882,100.9298258933275,101.11596169569526,14351900
2016-04-26,100.92987060546875,101.80469151325758,100.62275882113177,101.63717276709288,19118300
2016-04-27,100.12016296386719,100.35282740256346,99.29187813013687,99.89679999046304,33059800
2016-04-28,98.91031646728516,100.81816792510588,98.71487916824864,100.23184892764031,29818200
2016-04-29,98.38916778564453,99.11507991090669,97.60741135049949,98.91033400883639,67502800
2016-05-02,99.31979370117188,99.45939378020809,98.23092586532843,98.64041043671834,24813800
2016-05-03,98.3984375,99.05920358645032,98.13784739094451,98.61248478556679,38569400
2016-05-04,97.76557922363281,98.16576225724145,97.5236062706627,97.80279927760944,27474500
2016-05-05,97.73768615722656,98.33331372497676,97.54224885702124,98.11925929121509,20788100
2016-05-06,98.25888061523438,98.27749065245442,97.16070380995511,97.25376819677045,30758500
2016-05-09,98.5380630493164,98.9940905656786,98.22164274851666,98.26817138668066,19289600
2016-05-10,99.88750457763672,99.93403320798217,98.71487374745502,98.8917010036923,21178900
2016-05-11,98.98478698730469,100.03642798752983,98.95686838292767,99.73861770691298,20966300
2016-05-12,98.54737854003906,99.33843644796701,97.84938501533371,99.21745345981338,29196300
2016-05-13,98.18441009521484,99.06853227488702,97.98897278498278,98.46361031003575,21059300
2016-05-16,99.412841796875,99.77579768280239,98.24021126522679,98.33328270293437,18311900
2016-05-17,98.1657943725586,99.61761836464176,97.90520420699342,99.32911669963958,29932700
2016-05-18,98.5193862915039,99.04986068973412,97.75624755895602,97.94237618626936,27524400
2016-05-19,98.00757598876953,98.37984054913464,97.29097256786032,98.13786751984394,27334600
2016-05-20,99.08714294433594,99.48732610594537,98.34261382029553,98.39845811982993,29549600
2016-05-23,98.95684814453125,99.55246858395022,98.86378378218873,99.19881406655065,15729800
2016-05-24,100.93914794921875,101.06013091166123,99.47801543203455,99.50593403103238,29931300
2016-05-25,101.66507720947266,101.97219605137597,101.14391100529029,101.32073829614802,37951700
2016-05-26,101.96288299560547,102.09317454091648,101.52547262190849,101.76744567763895,21885900
2016-05-27,102.49334716796875,102.50265573463231,102.0094082068032,102.02801823977435,19870000
2016-05-31,102.68880462646484,102.84702188938395,102.16763839668145,102.632967416233,24366100
2016-06-01,102.69805908203125,102.93072346921318,102.28857458883152,102.37233036004729,19571500
2016-06-02,102.91211700439453,102.92141846794915,101.93492370426632,102.49331683275936,15696600
2016-06-03,102.42817687988281,102.76321419600055,101.75810224764734,102.71668557453403,20269900
2016-06-06,102.80047607421875,103.07036773115578,102.43752004256196,102.6143473247792,12502400
2016-06-07,102.53987884521484,102.95867202388307,102.49334311409362,102.85629909570093,12184300
2016-06-08,102.71672058105469,102.9307679335288,102.33514741307357,102.71672058105469,14568700
2016-06-09,102.5491943359375,102.66086873759993,102.10247542821935,102.29791273148474,17571600
2016-06-10,101.3858642578125,101.81396599906358,101.0322097452118,101.61852871068955,32965000
2016-06-13,100.5389404296875,101.37653369840378,100.40864893237098,100.80883198851575,25154700
2016-06-14,100.5389404296875,100.90189632940555,99.80372006605621,100.26904887085925,24588500
2016-06-15,100.25047302246094,100.9205478658909,100.08295431160344,100.78094775678358,24605700
2016-06-16,100.54829406738281,100.64135844999124,99.11507985406983,99.7572361646753,32079900
2016-06-17,99.36970520019531,100.48013992798381,99.13642107212323,100.34016802728723,29208800
2016-06-20,99.99494934082031,101.00273173903585,99.92029668339123,100.5268370662813,20562800
2016-06-21,100.31216430664062,100.51745545639722,99.93890831792554,100.125539871916,22804100
2016-06-22,100.06957244873047,100.9560565386426,99.98559356739827,100.3681758922466,22724200
2016-06-23,101.49726867675781,101.51593539625136,100.42416724170738,100.84407587983428,18714200
2016-06-24,97.31678009033203,99.37901034266142,97.10215562096536,97.88599377075604,68012700
2016-06-27,95.38522338867188,96.67294932020283,94.94664805219813,96.67294932020283,48222600
2016-06-28,97.47545623779297,97.52211591926044,96.39302139657234,96.43967395877196,28260600
2016-06-29,99.20176696777344,99.40705819465724,98.19398467466796,98.2406372412434,31356700
2016-06-30,100.34950256347656,100.41482183533266,99.03377664846101,99.36970636636852,36300800
2016-07-01,100.85337829589844,101.2266342593047,100.26549783977232,100.30282414803948,19902800
2016-07-05,100.23751831054688,100.4614761901386,99.69629744709965,100.32150429521035,21167900
2016-07-06,101.05870819091797,101.10536075469562,99.4443785557276,99.76164873804886,24579300
2016-07-07,101.3572998046875,101.58125059473973,100.88139814646766,101.1520086141116,19161700
2016-07-08,102.92495727539062,102.98094318639728,101.7305365928729,101.89850144515925,29457900
2016-07-11,103.51283264160156,103.8954149061051,103.26088891807646,103.27021515724168,20218500
2016-07-12,104.03540802001953,104.31535187592499,103.8954360920668,104.14738698623532,21906100
2016-07-13,103.78343963623047,104.34332009601583,103.77410627810859,104.27800082769531,21107800
2016-07-14,104.49264526367188,104.68860310598014,104.23136102132652,104.47397854387052,20871000
2016-07-15,104.32466888427734,104.79123715814393,104.09138474734404,104.73524412417846,17999300
2016-07-18,105.01519775390625,105.20182223319335,104.3713311976109,104.38999791710013,20713900
2016-07-19,104.63263702392578,104.95924063118837,104.4460124934353,104.65130374853653,18936700
2016-07-20,105.85502624511719,106.05098409173118,105.07118773939341,105.20182630380275,24997900
2016-07-21,105.6124038696289,106.13495810328095,105.32313379303831,105.92966690598408,18885400
2016-07-22,106.05097198486328,106.17227717531856,105.36045292049168,105.68704929423048,20003400
2016-07-25,106.06031799316406,106.08831095435639,105.70572150001362,105.96699863016583,12968100
2016-07-26,106.1816177368164,106.56420005221385,105.64973014371535,106.02298621870692,21223800
2016-07-27,106.91878509521484,107.19872178207667,106.4708764292625,107.07741659636322,27646100
2016-07-28,107.29204559326172,107.41335078402103,106.75082467584258,107.08675440946362,16939700
2016-07-29,107.52532196044922,107.8145919971036,107.1893922511173,107.5346481995715,22385300
2016-08-01,108.09452819824219,108.36513863619102,107.4693284550155,107.59996699481611,13990100
2016-08-02,107.27338409423828,108.02922247202545,106.58286499454053,107.9359102346502,21278400
2016-08-03,107.62796783447266,107.63730119350394,107.12408035505507,107.18939962974008,15011300
2016-08-04,107.93592834472656,108.038573958842,107.33872138220144,107.59067229658243,12835300
2016-08-05,108.9716796875,109.21429717168853,108.36513953666194,108.48645183838947,23196600
2016-08-08,108.85039520263672,109.05568641142668,108.50513206792017,109.02768633082705,12358200
2016-08-09,109.10234069824219,109.44760383841557,108.86905652443345,108.93437580832918,13276500
2016-08-10,108.82239532470703,109.19564427776426,108.53311813104003,109.16765131821171,14688400
2016-08-11,109.2889404296875,109.52222453544816,108.97167034383473,109.19562109197051,12969800
2016-08-12,109.36357879638672,109.37291215340255,108.98099658992285,109.10230175406691,19379000
2016-08-15,109.83016967773438,110.0821205343783,109.46624699081929,109.50357330733199,11777800
2016-08-16,109.22364044189453,109.63421569939553,109.20497372335025,109.62488945939056,14161400
2016-08-17,109.41959381103516,109.45692012733511,108.64508876616138,109.25162894731875,15980300
2016-08-18,109.44759368896484,109.60622520382002,109.13032353998716,109.31695513328795,10036300
2016-08-19,109.41959381103516,109.66220418808459,108.95302553618593,109.25162894731875,18743000
2016-08-22,109.50357818603516,109.69020977691359,109.0556766064614,109.26096067752681,14500600
2016-08-23,109.69952392578125,110.11943961952363,109.65287137265418,109.93280804921598,11997900
2016-08-24,108.99036407470703,109.77419544710477,108.62644134905555,109.62489728442945,17728700
2016-08-25,108.81306457519531,109.1489943364187,108.57978041430505,108.7104189748622,24266300
2016-08-26,108.9716796875,109.68086542321525,108.31848698306919,108.850374505039,23896000
2016-08-29,109.12100219726562,109.4102722807805,108.98103027582475,108.99968987635862,11184900
2016-08-30,108.76639556884766,109.26095680844473,108.39314663884254,108.94369379408698,19843300
2016-08-31,108.65442657470703,108.76639840892554,108.19718452075749,108.5984335383306,16169800
2016-09-01,108.93438720703125,109.06502578849249,108.15988907958783,108.6917767667568,20944700
2016-09-02,109.2889404296875,109.69951561472543,108.87835812538366,109.47556486658966,18088200
2016-09-06,109.97012329101562,109.97012329101562,109.23294468087221,109.47556213821117,18525200
2016-09-07,110.03546905517578,110.22210065164094,109.61556042184723,110.07279537446883,17546900
2016-09-08,109.39158630371094,109.73684222484688,109.102309170679,109.70884927116191,20125300
2016-09-09,106.63885498046875,108.7197528377155,106.62019537998894,108.47713531587216,50813300
2016-09-12,108.5517807006836,108.70107885234583,106.03230764825369,106.04164100750357,39646000
2016-09-13,107.58131408691406,108.32781905801227,107.05875989521863,108.01055604713059,45863900
2016-09-14,108.09452819824219,108.6824087466114,107.66528626471641,107.69328633975924,28221800
2016-09-15,109.7741928100586,109.9421576885757,108.11321074431577,108.12254410402991,38521400
2016-09-16,109.72180938720703,109.8340689010926,109.1792324424166,109.65632645504986,27596500
2016-09-19,109.24472045898438,110.33922400616727,109.02956530207047,110.00245258594104,16222900
2016-09-20,109.45049285888672,109.89952366222262,109.26340085413987,109.63758486363355,18078600
2016-09-21,110.52632141113281,110.68535037446328,109.27278178127584,109.91826151575243,31546800
2016-09-22,111.40567016601562,111.52728643555928,111.05954912095761,111.1718015087148,22614400
2016-09-23,110.6947021484375,111.32146836667258,110.53567319224727,111.32146836667258,22213400
2016-09-26,109.7685775756836,110.19890213876832,109.60954861899381,110.0679362759527,16403900
2016-09-27,110.85372924804688,110.9098554346789,109.59084008909754,109.69374285599233,20238400
2016-09-28,111.04081726074219,111.10630018846858,110.47017726036776,110.99404781928268,14794300
2016-09-29,110.23631286621094,111.05953500300863,109.75922600468039,110.8537294688092,27207500
2016-09-30,111.05953216552734,111.3869468083412,110.41405248604865,110.52631199377223,25543200
2016-10-03,110.90049743652344,111.04081289248592,110.47017291456001,110.91920378495058,19216400
2016-10-04,110.73212432861328,111.47115007473221,110.31115650160397,111.22792469493379,21239700
2016-10-05,111.12501525878906,111.48049299478468,111.0127557508991,111.05953233012924,14481300
2016-10-06,111.0688705444336,111.30273912736148,110.52629371913625,110.98467414328613,11987100
2016-10-07,110.82563781738281,111.33079477921824,110.283061028326,111.17175872925174,19984200
2016-10-10,111.52728271484375,111.77050810871167,111.34954025735126,111.3963168420929,19687300
2016-10-11,109.93692779541016,111.4523986094562,109.45048433867424,111.43369226527871,27774400
2016-10-12,109.8434066772461,110.21759787945867,109.50663530896514,110.0398554525594,14267800
2016-10-13,109.45049285888672,109.74984434874315,108.45889238694396,109.09501519502672,22821000
2016-10-14,109.58150482177734,110.43279021708942,109.51602187883837,109.99311597002543,21313300
2016-10-17,109.28211212158203,109.73114294514124,109.14178954315086,109.48791761833405,14182700
2016-10-18,110.25501251220703,110.76952628311552,110.19888633250909,110.58242712228369,19276700
2016-10-19,110.24566650390625,110.40469545326967,110.0492177187331,110.17082683228679,13702900
2016-10-20,110.11470031738281,110.35792568086576,109.47857738473013,110.1334138037836,18132200
2016-10-21,110.52632141113281,110.59180434527504,109.83407223061437,110.19890674042169,15707800
2016-10-24,111.85469818115234,111.92953786242191,111.21857516457078,111.23728865344059,19143000
2016-10-25,111.49921417236328,111.93888835388042,111.33082846746532,111.92017486605596,20341800
2016-10-26,110.74149322509766,111.34955321195784,110.41407850512851,110.7789130698235,20463700
2016-10-27,110.23631286621094,111.31210998045987,110.07728391236742,111.21856395685215,19099800
2016-10-28,109.5440444946289,110.48887558252471,109.20727315908393,109.9182356604681,35369300
2016-10-31,109.44115447998047,109.94631154207715,109.38502829655985,109.94631154207715,18749400
2016-11-01,108.6179428100586,109.64696331410796,107.67311158368327,109.62825696477059,23498700
2016-11-02,107.74795532226562,108.79568935230375,107.47666685545832,108.5431072355399,26960100
2016-11-03,106.69087982177734,107.92570599483199,106.56926355735604,107.57022108296016,36205200
2016-11-04,106.31669616699219,107.14926804053074,106.12959695337916,106.42894855805477,26997500
2016-11-07,108.84244537353516,108.95470487126461,107.86020153253969,108.03793681589889,26591200
2016-11-08,109.5534439086914,110.04924436327907,108.47764656428299,108.73022873287655,20777900
2016-11-09,110.05857849121094,110.23631379643416,108.14085287410178,108.27181873567855,70234400
2016-11-10,108.28116607666016,110.74146127647451,106.83117784455028,110.59178907785677,72825400
2016-11-11,108.32795715332031,108.56182579386106,107.42989529299183,107.81344328928884,41115200
2016-11-14,107.23344421386719,108.45892071750401,106.67216091591133,108.35601794688327,35906000
2016-11-15,108.7208480834961,109.09503931281523,107.88827634524064,108.04730529814245,31796600
2016-11-16,109.3663558959961,109.44118845141767,108.20636207313794,108.20636207313794,16538100
2016-11-17,110.16148376464844,110.18019011511164,109.08568661685395,109.31019850793402,20598600
2016-11-18,109.74986267089844,110.47953160316895,109.64695990997785,110.2924395671881,16428700
2016-11-21,110.89117431640625,110.99407710671497,109.98376269483246,110.02118254013615,20268500
2016-11-22,111.22794342041016,111.49923194026036,110.95665490055995,111.3308462085294,18850600
2016-11-23,110.77891540527344,110.9847209870516,110.29247168779342,110.86311184195804,22926000
2016-11-25,111.13436889648438,111.18113833730364,110.77888403331859,110.90984988697849,7162800
2016-11-28,110.88179016113281,111.39630398549004,110.76953779007594,110.99404966929366,13479000
2016-11-29,111.26533508300781,111.79855524224796,110.66663199674183,110.98468988883774,18553000
2016-11-30,109.91825103759766,111.4430718656129,109.88083120206856,111.4056520300838,30405300
2016-12-01,108.01923370361328,109.89018256585763,107.85084802052715,109.88082582315742,39796600
2016-12-02,108.23441314697266,108.66473776263669,107.78538931591339,108.0847409156546,32876800
2016-12-05,109.07632446289062,109.50664187324384,108.29987892074932,108.79568639723625,21419700
2016-12-06,109.33827209472656,109.52537130283503,108.8798915247946,109.38504868102993,27293300
2016-12-07,110.72277069091797,110.86309330385757,108.7863386162442,109.1137532883669,26622400
2016-12-08,110.91924285888672,111.19988814388273,110.55440827065553,110.7695706074333,18578400
2016-12-09,111.78919219970703,111.82661203262796,111.32145499385052,111.3308117363566,21863100
2016-12-12,111.2840576171875,111.51792626730862,110.82567706133942,111.29341436158168,23259300
2016-12-13,112.687255859375,113.2953157034095,111.62081551505158,111.62081551505158,54477900
2016-12-14,112.45338439941406,113.19241008202187,112.12596976461408,112.82757561222992,28746000
2016-12-15,112.6311264038086,113.29531241391126,112.33177486211298,112.60306331194708,22762300
2016-12-16,112.21361541748047,113.13309469177646,111.98843959532627,112.90791171141194,26283900
2016-12-19,112.67334747314453,113.36765090062329,112.16670368084715,112.32620291761522,21138700
2016-12-20,113.10493469238281,113.31134166167188,112.8985205648843,113.02987370816345,11461800
2016-12-21,113.0205078125,113.22692197381674,112.76718589701802,113.15186097729963,7079300
2016-12-22,112.7015380859375,113.05806717309534,112.26056356658736,113.02992108176873,16645000
2016-12-23,112.77655792236328,112.82347283256323,112.41064452907666,112.5138516049483,9007500
2016-12-27,113.35826110839844,114.01502685110948,112.97358607572761,113.02049382408713,16110600
2016-12-28,112.47631072998047,113.70541111334617,112.40125690208035,113.6022040469977,17975200
2016-12-29,112.3167953491211,112.71085473220695,111.96026645369226,112.44814847681637,13267500
2016-12-30,111.16277313232422,112.5419810954125,110.84376753805913,112.53260384132325,41749000
2017-01-03,112.15730285644531,112.57950834098551,111.54744492239135,111.90397383915398,22307600
2017-01-04,112.7671890258789,112.97360319292287,112.26992243702438,112.27929969319123,19749100
2017-01-05,113.40516662597656,113.4802204487799,112.68271721059739,112.68271721059739,20644300
2017-01-06,114.39970397949219,114.69994075690377,113.23628736179852,113.52713972666957,24074300
2017-01-09,114.7750244140625,114.98143858147336,114.41848824918527,114.49354924791847,18909200
2017-01-10,115.02832794189453,115.3754796368615,114.55920751214927,114.82191380749306,16176600
2017-01-11,115.33794403076172,115.33794403076172,114.48414145053232,115.07523774706324,20686000
2017-01-12,115.15967559814453,115.2347365812948,114.09008164198602,114.92511539445698,19622500
2017-01-13,115.55376434326172,115.75079409316355,115.21599701251266,115.21599701251266,16930800
2017-01-17,115.20658874511719,115.4317645329244,114.86882148430175,115.25349649021369,14538500
2017-01-18,115.44116973876953,115.55376123205801,115.08464074733847,115.37549315723722,12499700
2017-01-19,115.38484954833984,116.01346912722408,115.14090495123224,115.61002532201907,12710700
2017-01-20,115.6382064819336,116.18238799511333,115.32858522530951,115.89152840940088,22091000
2017-01-23,115.73200988769531,115.90089353063075,115.00018315437828,115.56312624475986,17434200
2017-01-24,116.51075744628906,116.68902551127925,115.76016184884517,115.95719158257691,17640900
2017-01-25,117.68356323242188,117.71170931574875,117.1393817607343,117.24258883840643,15036200
2017-01-26,117.80554962158203,118.04949431063096,117.59913543532613,117.84308012437506,16052200
2017-01-27,118.03070068359375,118.14328500328111,117.6460185027698,118.05884676351559,15053000
2017-01-30,117.11125183105469,117.63666454752314,116.46386319239792,117.63666454752314,25006700
2017-01-31,116.87669372558594,116.90483981331663,116.20115898720331,116.69842562567621,19091100
2017-02-01,117.68356323242188,117.91812347109304,117.14876617458005,117.70232490190298,22861900
2017-02-02,117.58032989501953,117.93685880121878,117.1487400112387,117.47712284039707,15101400
2017-02-03,117.91810607910156,118.0400748082654,117.58972322503791,117.70230754174011,16957200
2017-02-06,118.05885314941406,118.07761481764028,117.6084943716757,117.72108585566278,11630100
2017-02-07,118.49044036865234,118.73438499922801,118.19020357648606,118.30278789966731,17541100
2017-02-08,118.68746948242188,118.85635312453553,118.10575756887268,118.33094053049737,12569100
2017-02-09,119.11907958984375,119.38178593134216,118.74378174846991,118.80945833384452,17542700
2017-02-10,119.51314544677734,119.68202912645069,119.17537808743066,119.3817922690549,13915700
2017-02-13,120.18867492675781,120.33878260265578,119.83213877410513,119.87904652804693,19120200
2017-02-14,120.59211730957031,120.60149456587045,119.8509060438367,120.23558114025919,16333500
2017-02-15,121.30518341064453,121.36148990146087,120.44200333162338,120.50768707936439,17891400
2017-02-16,121.26765441894531,121.6241905953973,120.95803315777735,121.38023876248926,15098300
2017-02-17,121.79305267333984,121.80244424513664,121.07060314958726,121.08937197676042,15563700
2017-02-21,122.39350891113281,122.4685698927439,121.96192616239202,122.02759557354024,18479600
2017-02-22,122.44044494628906,122.52488319651792,122.0745315455432,122.28094570149429,12110900
2017-02-23,121.980712890625,122.62810150115664,121.49283785591255,122.62810150115664,17489000
2017-02-24,122.21525573730469,122.21525573730469,121.38961347197697,121.42713680913818,18624500
2017-02-27,122.36539459228516,122.3747718487635,121.7836897293418,121.99010390324212,12008700
2017-02-28,121.9901123046875,122.39354910737232,121.65234493471792,122.33725693178124,16598600
2017-03-01,123.3223876953125,123.54755635155836,122.53426876561171,122.76882899348125,25813800
2017-03-02,122.70314025878906,123.31299109983605,122.55301828312778,123.29423659019307,19951400
2017-03-03,122.92830657958984,122.96582991021526,122.2902954276166,122.61868541536398,13722700
2017-03-06,122.6562271118164,122.86264125220757,122.16835215854621,122.52487396033293,12026200
2017-03-07,122.44979858398438,122.98460269845643,122.23400721399194,122.4122752521493,15500900
2017-03-08,122.66558837890625,123.05025616694948,122.40288214084033,122.52484369081765,15776000
2017-03-09,122.75943756103516,122.92832836983118,122.1026717855399,122.63747597757043,20855300
2017-03-10,123.27547454833984,123.47251144179123,122.74068466569244,123.32238945786831,21922600
2017-03-13,123.48189544677734,123.51004153074885,123.16289695081963,123.22856637461274,10731600
2017-03-14,123.1816635131836,123.24734725982358,122.68439689247884,123.2004323431411,14019700
2017-03-15,123.94159698486328,124.23244929900633,123.0408796515147,123.4349390109746,22709100
2017-03-16,123.85717010498047,124.17618287613425,123.57570930163784,124.17618287613425,18457300
2017-03-17,123.81393432617188,124.14299304483214,123.74811397472168,124.01136668812866,21234500
2017-03-20,123.92676544189453,124.20882604818895,123.59770668971635,123.77633120571106,10105200
2017-03-21,122.04638671875,124.50968648985713,121.97116959684303,124.39686798009623,35841900
2017-03-22,122.8737564086914,122.99598602078285,121.9241528308091,122.08399817563574,29177900
2017-03-23,122.5634765625,123.05238060639202,122.35663309570711,122.71391078311245,20311700
2017-03-24,122.81731414794922,123.43783010932663,122.34721803849057,122.95833724230891,22967600
2017-03-27,123.01476287841797,123.23101744685678,121.66088360730832,121.94294417982228,18472400
2017-03-28,123.7669677734375,124.13364235649796,122.74216116260214,123.01481073617951,23721900
2017-03-29,124.34042358398438,124.3874360651644,123.71989326327616,123.85151960286319,13710000
2017-03-30,124.54727172851562,124.67889807307434,124.18059731537379,124.2934157975111,16092400
2017-03-31,124.46266174316406,124.80113154631283,124.22761366726063,124.36863677432427,19841400
2017-04-03,124.38744354248047,124.8669364484724,123.69169607929967,124.56608237398606,23700300
2017-04-04,124.5848617553711,124.60366961607879,123.98313932847326,124.03015180714536,13400000
2017-04-05,124.07719421386719,125.49687959655674,123.84214611000613,124.76353066020609,32011200
2017-04-06,124.14302062988281,124.4720937678613,123.82335859917235,124.19944423489063,18832200
2017-04-07,124.07719421386719,124.45326544156576,123.63530263091259,124.10539883863468,16743100
2017-04-10,124.12419891357422,124.64130757885322,123.7857290914095,124.1994160236327,15619300
2017-04-11,123.58827209472656,124.19940568324714,122.6950922997149,124.01135575065886,33778400
2017-04-12,123.08998107910156,123.67289574692232,122.9583547235873,123.56947401428992,15955200
2017-04-13,122.60107421875,123.64468827996384,122.58228070139225,122.92075051438583,23683000
2017-04-17,123.61648559570312,123.6352934595522,122.90194457760192,122.94895706412626,13325500
2017-04-18,123.42845916748047,123.78573687617788,123.11819394880078,123.20280782311404,12841100
2017-04-19,123.62592315673828,124.37806571729985,123.4566810382721,123.96439304747088,17764800
2017-04-20,124.66008758544922,124.93275137313316,123.93614987871938,124.12418546038693,21977900
2017-04-21,124.63189697265625,124.81993257545678,124.31223501327567,124.77293443440432,22454900
2017-04-24,126.13622283935547,126.25843810273545,125.79775298269108,126.01399322977717,22469900
2017-04-25,127.04821014404297,127.27384715009381,126.43707644485937,126.54990929408304,19384400
2017-04-26,126.86956024169922,127.40546243062738,126.79434313082918,127.09519722811234,25398500
2017-04-27,127.63116455078125,127.63116455078125,127.10465891137856,127.17987605217934,16136500
2017-04-28,127.8567886352539,128.18584741642093,127.64994512882909,128.13883492019718,22771900
2017-05-01,128.9943389892578,129.1635810085669,128.2233890125137,128.27979823688628,24815500
2017-05-02,129.21063232421875,129.26705591801087,128.8251643502548,129.15422307662388,18345100
2017-05-03,128.7969512939453,128.96617902565032,128.44907037955784,128.9191665403335,23827600
2017-05-04,128.84396362304688,129.21063809498702,128.39267527593546,128.77815761331294,14630100
2017-05-05,129.31405639648438,129.31405639648438,128.693540315533,129.1730332749494,19330700
2017-05-08,129.5961151123047,129.5961151123047,129.11662215981985,129.37987488034454,13279900
2017-05-09,130.0474090576172,130.33886638247697,129.68072027914621,129.79355311336664,28426100
2017-05-10,130.1226348876953,130.16964738143875,129.66194974912656,130.1226348876953,20499400
2017-05-11,130.01919555664062,130.05681128502792,129.1636314094881,129.76535394791253,27232100
2017-05-12,130.31065368652344,130.33885830678193,129.9627727930097,130.0756056202391,19738600
2017-05-15,130.7244110107422,130.79962816227703,130.244917809188,130.3671474737077,20481300
2017-05-16,131.26963806152344,131.28844592355944,130.6773266962447,131.0627946177133,21786000
2017-05-17,127.93196105957031,130.47047716048036,127.91315319841249,130.22601800401256,55642200
2017-05-18,129.05081176757812,129.4833066110785,127.74394482331611,127.88498229989595,41319900
2017-05-19,129.5961151123047,130.14142841801933,129.4268873689091,129.5115012406069,36730100
2017-05-22,130.6867218017578,130.75254214495394,129.84055452137557,129.88755265657838,19509700
2017-05-23,130.8184051513672,131.0816579464845,130.4799352224733,131.07226118458794,19687500
2017-05-24,131.42007446289062,131.48589480801957,130.8465566038628,131.21323101562186,15891900
2017-05-25,132.53895568847656,132.87742560782138,131.6363644548234,131.91842511197757,23928600
2017-05-26,132.77392578125,132.8303350102751,132.3884435879885,132.56708237736296,13851600
2017-05-30,132.88681030273438,133.04664131316147,132.6235575389486,132.70817142455124,20306400
2017-05-31,132.8397674560547,133.35687610470234,132.16284217969348,133.35687610470234,33229400
2017-06-01,133.35693359375,133.41334286224796,132.54836727080658,133.11248864819132,20120700
2017-06-02,134.88002014160156,134.90822476844127,133.6107545490197,133.8269948035237,37222900
2017-06-05,134.8517608642578,135.08680891513706,134.66372529279334,134.87056872526261,15727500
2017-06-06,134.31588745117188,135.13385025212372,134.11844073394337,134.69195867441013,22393000
2017-06-07,134.8424072265625,134.95522573627923,134.0714568331664,134.69197298280747,18842400
2017-06-08,134.9834442138672,135.19968447209595,134.25008086480614,135.14327521744488,25417400
2017-06-09,131.60812377929688,135.2936761437743,129.84996864026886,135.14325626786277,109783700
2017-06-12,130.9029998779297,131.13804800673608,129.2482662157643,130.49872398255832,104454000
2017-06-13,131.96539306640625,132.1534286589689,130.94998365113256,131.6363200197745,51193000
2017-06-14,131.3919219970703,132.50134243079742,130.32949971858153,132.50134243079742,60093800
2017-06-15,130.80892944335938,130.94995251770402,129.26701499702287,130.0661696619637,55145200
2017-06-16,130.2414093017578,130.83534869683277,129.7606101252031,130.74106757894572,48087400
2017-06-19,132.41917419433594,132.54172237776356,131.30671748944005,131.5047020707893,39626500
2017-06-20,131.38218688964844,132.45692578322556,131.33504631658354,132.28723698253174,40935100
2017-06-21,132.68316650390625,132.74915178533934,131.5989910720844,131.68383545618997,35743400
2017-06-22,132.64547729492188,133.1357133746096,132.30608529902784,132.89060252740754,24099100
2017-06-23,133.15455627441406,133.3242450590655,132.12694366576918,132.49461708446245,21654300
2017-06-26,132.53233337402344,134.1444343459917,132.24008199227958,133.91818263639988,34411100
2017-06-27,130.12828063964844,132.19291336309357,130.11885828217612,132.03264697439272,65957800
2017-06-28,132.00439453125,132.11752038689716,129.85491696226333,130.6091085136201,57427200
2017-06-29,129.7134552001953,131.45755499099076,128.45016891798227,131.45755499099076,88769400
2017-06-30,129.76058959960938,130.73162454207605,129.33635340678123,130.08112233327716,68898300
2017-07-03,128.39361572265625,130.5053745905554,128.3087713507021,130.3545449466186,32797000
2017-07-05,129.65695190429688,130.00576626872504,128.36538357306063,128.79904234203335,42116600
2017-07-06,128.48789978027344,129.2138241816536,128.02595965826086,128.66702529096415,48430500
2017-07-07,129.8737335205078,130.2225621419188,128.91213518544913,128.92155754294942,36970400
2017-07-10,130.72225952148438,131.03337003542043,129.62866154254843,129.95863116240625,24853500
2017-07-11,131.0899200439453,131.25018646527263,130.04346274034097,130.53369874899494,31517700
2017-07-12,132.64547729492188,132.79632137871556,131.9478485816223,132.2118185356195,36045800
2017-07-13,132.93771362304688,133.25826086103524,132.5511954819748,132.80572866103356,31073600
2017-07-14,133.9841766357422,134.15387981425283,133.10742243349867,133.53165880185142,34544800
2017-07-17,134.0501251220703,134.52150188140791,133.79557764415043,134.12554712979758,25343200
2017-07-18,134.94577026367188,134.9740517251533,133.5316396484796,133.95587595598116,25748500
2017-07-19,135.73768615722656,135.93567078192234,135.28516836756918,135.3417312931162,33752300
2017-07-20,135.9168243408203,136.1713719147777,135.30404007659675,136.08652751855274,36139400
2017-07-21,135.86024475097656,135.86024475097656,135.14375707301653,135.41714933353475,39697100
2017-07-24,136.48243713378906,136.57670385877765,135.6810908523586,135.84135723158914,26712700
2017-07-25,136.13360595703125,136.45415309470215,135.76593265039702,136.0299024918125,28120900
2017-07-26,136.5767059326172,136.65212794491993,136.25617316928899,136.47300246386067,18610600
2017-07-27,135.71876525878906,137.60427177350522,134.1537913991091,137.47228689288602,80665900
2017-07-28,135.60569763183594,135.8319637133473,134.6912253321552,134.90806905475057,38013200
2017-07-31,135.0305938720703,136.161895313104,134.73834255820842,135.99220657032419,33848600
2017-08-01,135.3417510986328,135.53029900647485,134.92693707021036,135.49259517901973,20149400
2017-08-02,135.70936584472656,136.2467422541501,134.44607958488191,136.21846079947275,41769700
2017-08-03,135.18150329589844,135.91685030756688,134.9363924204374,135.84142825697458,27112800
2017-08-04,135.42660522460938,135.72829340704803,134.8703838216829,135.48318254777985,29472900
2017-08-07,136.2845001220703,136.2845001220703,135.48316794623832,135.6717158472998,17933900
2017-08-08,136.0487823486328,137.14238007865742,135.66224988427038,136.02050088882868,30810400
2017-08-09,135.8696746826172,135.93567435434397,134.61581038734192,134.9269208713078,36169500
2017-08-10,132.9565887451172,135.190911008829,132.82460376720348,135.09664424476705,63331700
2017-08-11,133.96531677246094,134.2575681401734,132.83400073769138,133.13568884970485,45862500
2017-08-14,135.69049072265625,135.8978976226485,134.9928624092963,135.0305662159879,34161000
2017-08-15,135.7848358154297,136.03938338271638,135.41716238947433,136.02994663763923,25509200
2017-08-16,136.0205078125,136.66158783301117,135.5679900473206,136.1242112988203,31913000
2017-08-17,133.23936462402344,135.69995203282613,133.23936462402344,135.49254509528123,70191000
2017-08-18,133.14508056640625,134.05955266572707,132.5982817781841,133.3147836866782,60751900
2017-08-21,132.97543334960938,133.42795116949233,132.15522771854896,133.13569977779122,37111500
2017-08-22,135.0023651123047,135.14378683843594,133.6447970990344,133.6919376744115,36294200
2017-08-23,134.52151489257812,134.82318856738854,134.22926357516607,134.32353030498498,25702300
2017-08-24,134.1255645751953,134.974037098251,133.37135878510196,134.82319306317652,38160800
2017-08-25,133.84274291992188,134.9834668324727,133.66361741664207,134.64408931292743,26380400
2017-08-28,134.25753784179688,134.56864824262104,133.82386487496626,134.2481010996255,15362100
2017-08-29,134.7854766845703,135.0117427160932,132.98481394505424,133.10737651028884,24498300
2017-08-30,136.36927795410156,136.59554395609825,134.81374054804215,134.8985849043125,33642700
2017-08-31,137.83058166503906,137.84001840818013,136.68042105360556,136.75584307233814,38480700
2017-09-01,137.6420440673828,138.19826531354403,137.27437068946335,138.0097174453023,22293600
2017-09-05,136.4070281982422,137.52890734567404,135.37943017011415,137.23665601522288,44794300
2017-09-06,136.82183837890625,137.13294880179754,135.83194419430282,136.75583872013596,30722700
2017-09-07,137.14239501953125,137.4912093186364,136.64273666151746,137.07639534927827,22721100
2017-09-08,135.9545135498047,137.02925216190562,135.81309186764858,136.96325249984355,27890100
2017-09-11,137.51950073242188,137.75518919704058,136.98213851343806,137.01984233825286,27126300
2017-09-12,137.8494415283203,138.02856702564085,137.1989392002738,137.90600444636274,30256700
2017-09-13,138.03802490234375,138.05688400830365,137.3875224069154,137.61378852258528,28450900
2017-09-14,137.2272186279297,137.91542476272392,137.14237425212198,137.50062524145991,35296400
2017-09-15,137.69863891601562,138.19829735608272,136.97271435042845,137.19898047594853,46422400
2017-09-18,137.51812744140625,138.29286994219893,137.10240562386483,137.85826216332518,24858200
2017-09-19,137.75436401367188,137.9527675715396,137.29139835070094,137.76380699655252,20871200
2017-09-20,137.3292236328125,137.85831910394157,136.27101827378408,137.70714485025601,34236200
2017-09-21,136.48831176757812,137.24415406456242,136.00644572396777,137.2347110817188,28841800
2017-09-22,136.3560333251953,136.55443687559364,135.91196806147133,136.05368488318442,21702400
2017-09-25,134.91986083984375,135.89302112694526,134.2584918704683,135.81743404233632,54947700
2017-09-26,135.2694549560547,135.86469430932434,134.79704643232043,135.60958966981391,29628800
2017-09-27,136.48831176757812,136.9985067597193,135.64742495793055,135.98754534151286,33249400
2017-09-28,136.44100952148438,136.5827262872167,135.84577027188553,136.15756157325816,24149400
2017-09-29,137.42367553710938,137.5276060183951,136.3560417749213,136.71506255109804,43102400
2017-10-02,137.5465087890625,138.10394755437702,136.9323688737976,137.63153888883556,27351300
2017-10-03,137.83937072753906,137.99998790987019,137.42364888302777,137.72599728513245,19715200
2017-10-04,137.9717254638672,138.26461663969613,137.442629866657,137.57490376595956,26381100
2017-10-05,139.32276916503906,139.39834186432483,138.33070808988597,138.47242492200715,31562400
2017-10-06,139.51171875,139.51171875,138.85034955761876,138.85034955761876,23561100
2017-10-09,139.35108947753906,139.84238402545935,139.1715719087057,139.69122423512707,13704800
2017-10-10,139.45506286621094,139.9652579512448,138.84092286713332,139.8235410989494,19223100
2017-10-11,139.8707733154297,139.89913110324235,139.20940396316394,139.38892159094405,12439100
2017-10-12,139.6156463623047,140.1636420866921,139.47391512749232,139.66289010724213,14513500
2017-10-13,140.1541748046875,140.31479199273548,139.62507949893754,140.182518166298,18409900
2017-10-16,140.63609313964844,140.67387949694037,140.20147073854957,140.50381926396986,21809400
2017-10-17,140.81553649902344,140.8344368780207,140.3714857183254,140.58878961811635,13138200
2017-10-18,140.6455078125,140.97619964351298,140.43764684730928,140.9572992602861,17218200
2017-10-19,140.12588500976562,140.14478539698638,139.14328112585687,139.82355089809036,27680300
2017-10-20,140.50375366210938,140.81553061031855,140.33367909177628,140.6927141938849,30173300
2017-10-23,139.58729553222656,140.80610335252504,139.3888775808093,140.7966603707494,29297100
2017-10-24,139.82351684570312,140.11640790082348,139.3038644494729,139.86130319417086,20289500
2017-10-25,139.2943878173828,140.00300069164905,138.25509758518515,139.5494924888131,36179100
2017-10-26,138.85037231445312,139.55898536887818,138.8125715448262,139.2093931252919,28230200
2017-10-27,142.8941650390625,143.15871271379393,140.96672978971415,141.18403371893632,60165100
2017-10-30,143.2154083251953,143.79174745591712,142.657969577203,142.79024342277353,31733400
2017-10-31,143.75392150878906,143.96178243209815,143.26262697802704,143.6783488246452,26319300
2017-11-01,143.7067108154297,144.39642337758804,143.139814693501,144.33027924943056,29481600
2017-11-02,143.43267822265625,143.60275279331674,142.4500748054733,143.54605165858692,31017400
2017-11-03,144.81214904785156,144.83103501344485,143.46105283601557,143.95236186002572,26199200
2017-11-06,145.3033905029297,145.36009162927107,144.65147892600862,144.69870823948293,28693900
2017-11-07,145.3884735107422,145.57743406499927,144.87826415580528,145.19005555787425,21333100
2017-11-08,145.9742431640625,146.01202950500024,145.14279949578267,145.3128740719149,17373500
2017-11-09,145.20892333984375,145.284510427931,143.7161107878373,144.77430118753284,40594500
2017-11-10,145.1995086669922,145.31289654086785,144.61372658290867,144.86883127816998,20150800
2017-11-13,145.37901306152344,145.56798802858128,144.65151422206108,144.65151422206108,12522400
2017-11-14,144.84991455078125,145.0294321154568,144.15075908848556,144.86881493042225,25173800
2017-11-15,144.16964721679688,144.55702571304516,143.40434762264562,144.22633393980573,24808000
2017-11-16,146.01210021972656,146.34279213433933,144.86887903893637,144.89722241255782,34790600
2017-11-17,145.45462036132812,146.15379035293043,145.31290353312326,146.04985987332424,28725800
2017-11-20,145.3413543701172,145.69093241602673,145.1334932572038,145.5586584729708,21143900
2017-11-21,146.91908264160156,146.98522676926981,145.9648224074061,146.0309521183072,20147800
2017-11-22,147.0985870361328,147.24030384447573,146.76789526097824,147.0513432944299,17299000
2017-11-24,147.63711547851562,147.68435921706782,147.1647069265236,147.2497514226235,8280600
2017-11-27,147.57106018066406,147.92063807202436,147.2309252750692,147.58996056896714,22653400
2017-11-28,147.94895935058594,148.04344686121794,147.108072406333,147.90171559526993,25227300
2017-11-29,145.3695831298828,147.81665635524033,144.67041317259472,147.77887000849617,71986300
2017-11-30,146.58840942382812,146.87185751863638,145.64359205231324,145.98372688272934,56595500
2017-12-01,145.96485900878906,146.67347212526303,143.85790562906485,145.69085386369417,59015800
2017-12-04,144.2830810546875,147.04194631542236,144.14134978523757,146.8813290767954,51319100
2017-12-05,144.3775177001953,146.02150486007602,143.70670554451013,144.25468684770362,40604200
2017-12-06,145.02944946289062,145.25621079540954,143.66891030131168,143.8389849048927,28647800
2017-12-07,145.5207977294922,145.9365197428684,144.8688713373132,145.02004559977206,32666200
2017-12-08,146.1632080078125,146.94740796044664,145.93646112197686,146.5883728355197,28081700
2017-12-11,147.29702758789062,147.34427134146728,146.21993632348224,146.22939372425924,20821500
2017-12-12,147.0985870361328,147.53319485956163,146.78679564101256,147.2308608628415,20310300
2017-12-13,147.38201904296875,147.8544275750956,147.16470073812013,147.69381040418418,24418500
2017-12-14,147.2781219482422,148.01507827194212,147.1175047409504,147.63714271057836,24594700
2017-12-15,148.9503936767578,149.1110252528554,147.60875527223266,147.8544169179608,49816200
2017-12-18,150.1992645263672,150.32235225870707,149.65959994402485,149.9341636004943,26844500
2017-12-19,149.3092498779297,150.0666871504061,148.89265865572196,149.91519680652794,31415000
2017-12-20,149.14833068847656,149.85842558394518,148.56132353123613,149.83002294387984,38972600
2017-12-21,149.16726684570312,149.83001917542106,148.99683656268007,149.35662259034862,18638700
2017-12-22,148.99681091308594,149.0536161820089,148.5991595837103,148.94000564416297,23330400
2017-12-26,148.19204711914062,148.38140283322556,147.65236816473785,148.16364448437363,21918700
2017-12-27,148.21099853515625,148.60866438537064,148.0689853364493,148.20153580421493,22388200
2017-12-28,148.39089965820312,148.7128203377215,148.21100663206826,148.68440324951018,25393800
2017-12-29,147.47250366210938,148.55184733245954,147.41569838160427,148.523444692207,33186000
2018-01-02,150.0572509765625,150.09511634577575,147.86068394235434,148.2299326915804,32573300
2018-01-03,151.51528930664062,151.64783975460128,150.17084492106406,150.1992475565617,29383600
2018-01-04,151.7804412841797,152.23489805200398,151.56268285643972,152.0360795366084,24776100
2018-01-05,153.30474853515625,153.40889636185685,152.2159421671278,152.49998300784918,26992300
2018-01-08,153.9012451171875,153.97699031054225,153.24795546555637,153.30476074884282,23159100
2018-01-09,153.9107208251953,154.3651775767213,153.44680134129658,154.20422444486667,24782400
2018-01-10,153.55088806152344,153.5793051438427,152.5472897521407,153.2289818956677,34004000
2018-01-11,154.60186767578125,154.611344854569,153.57934365102702,153.8160419700184,20473500
2018-01-12,155.73802185058594,155.89897496424405,154.270489471221,154.4693079570089,37762700
2018-01-16,155.2930145263672,157.5653122786025,154.82908068789757,156.77000951001182,41231800
2018-01-17,156.9688262939453,157.2055245758842,155.27407295190625,156.03151034349398,33849900
2018-01-18,156.9972381591797,157.357009711862,156.35341134131488,156.7226600709863,26432200
2018-01-19,157.4895477294922,157.7451858904341,156.73211042290708,157.4611450946003,38937600
2018-01-22,159.17483520507812,159.17483520507812,157.2528465627643,157.4327395450257,26081400
2018-01-23,160.49095153808594,160.63297922287998,159.59150065540942,159.66724586458196,37989700
2018-01-24,159.4494171142578,161.18205008697086,158.5310267224878,160.83172684314468,54287400
2018-01-25,159.3926544189453,160.6045486612282,158.8813779576241,160.54774337595228,28925000
2018-01-26,161.83534240722656,161.85428231492003,159.9701732365444,160.28260225544508,32038200
2018-01-29,161.04949951171875,161.81639955132164,160.70865344446023,161.49449338972056,37277800
2018-01-30,159.72398376464844,160.40567591264175,158.89081570914632,159.5819705866979,44987700
2018-01-31,160.3867645263672,160.94538350177467,159.38316603195054,160.62346282965103,42449200
2018-02-01,159.02340698242188,160.69922070011876,158.51213051671303,159.15595746484286,38037900
2018-02-02,155.85162353515625,158.77721094899687,155.71907306987626,158.39849946160183,68478100
2018-02-05,149.70693969726562,156.93097660692078,149.59332913359566,154.3935777055045,105372200
2018-02-06,153.6739959716797,153.86335171489213,146.84762535687182,147.51984041231358,118537900
2018-02-07,151.68569946289062,154.8479843357779,151.67622228770395,153.18161955722104,91028300
2018-02-08,145.28538513183594,152.24431956459966,145.28538513183594,152.07388930965706,94184800
2018-02-09,147.79444885253906,148.87379270197872,142.1420913537335,147.3399776392549,113836600
2018-02-12,150.41702270507812,151.4395610379046,148.13526219949108,149.30927645624536,63050600
2018-02-13,151.19338989257812,151.49635616705604,149.3282063613805,149.55544190242588,31785600
2018-02-14,154.02430725097656,154.26100554545883,149.59332211278897,150.30341699623577,52107400
2018-02-15,156.8836212158203,156.8836212158203,153.79708076442938,155.4066262213275,51633900
2018-02-16,156.18299865722656,157.88721470724101,155.91788329377826,156.37235439090412,62256300
2018-02-20,156.49539184570312,157.81143339681964,155.56753885025378,155.633821287671,36785600
2018-02-21,156.0504608154297,158.79615529303103,155.95577571747754,157.2623549452458,41161800
2018-02-22,156.03152465820312,157.5653250428683,155.6338732416943,156.73214239099192,37074400
2018-02-23,159.22218322753906,159.22218322753906,156.64690501229617,157.29073178956452,50096900
2018-02-26,161.33358764648438,161.33358764648438,159.83766680571406,159.97021730224768,39266700
2018-02-27,159.3358154296875,161.64599306449716,159.26008468975158,161.38089213396987,42209900
2018-02-28,158.31332397460938,160.76551530808132,158.20917612720336,160.24477607105132,42936300
2018-03-01,155.72848510742188,159.12748244442994,154.32723572389867,158.39844789924905,76809900
2018-03-02,157.15818786621094,157.4327515015732,153.34261292616782,153.85387483050005,57445100
2018-03-05,158.9002685546875,159.30738260409905,155.8326540795313,156.41967555468176,38540200
2018-03-06,159.57247924804688,160.11215817019274,158.56888102115886,159.67662705160586,29480900
2018-03-07,159.94175720214844,160.0743221099568,158.07658801921463,158.35115167144852,34609400
2018-03-08,160.82229614257812,160.93590670541016,159.96071084932066,160.60453774817742,25828400
2018-03-09,163.94671630859375,163.94671630859375,161.73122365637659,161.96792195973956,38310500
2018-03-12,164.8177490234375,165.19646049487721,164.06031163364145,164.429560374716,37635000
2018-03-13,162.57383728027344,165.8876128800213,162.1572460362273,165.19644356743788,55638900
2018-03-14,162.5454559326172,163.54906889887178,161.83536100513376,163.42598115509412,40536400
2018-03-15,162.40342712402344,163.35022026971095,161.80694281922692,162.6590653184958,28810400
2018-03-16,161.9205780029297,163.03778705057613,161.84483281288146,162.67801545649425,31176700
2018-03-19,158.46580505371094,160.47625819963685,157.08123814260344,160.36246333337064,71395100
2018-03-20,158.9873809814453,159.35722878223228,158.0011250027983,158.53218702748168,34075700
2018-03-21,158.2951202392578,160.0400426256779,157.6028439228635,158.57014383135225,43863500
2018-03-22,154.387939453125,157.20447729122225,154.18878402795607,156.10441235391258,66607300
2018-03-23,150.31967163085938,154.8621770660647,150.24380355067035,154.2078275359964,80110400
2018-03-26,155.9053497314453,156.09502719035933,150.93611286764113,153.3638338500124,57481500
2018-03-27,150.8602294921875,157.062296858714,149.5325597661083,157.062296858714,78889100
2018-03-28,149.124755859375,151.52402740333153,147.9772712438351,149.99721692350883,89369700
2018-03-29,151.85592651367188,153.3542880613637,148.53677503305576,149.9308198125427,68692600
2018-04-02,147.4746551513672,151.48609771795935,145.92888853703812,150.77485088321868,85549400
2018-04-03,149.1342315673828,149.7601322568049,146.45995098494458,148.7643837909705,64090000
2018-04-04,151.48609924316406,151.95077125217992,146.0806116684279,146.2513184350684,65768700
2018-04-05,152.34912109375,153.23107501111707,151.23957736830815,152.99399264746646,43054900
2018-04-06,148.53675842285156,152.16885980192058,147.8255117565408,150.67049842178386,59870900
2018-04-09,149.57998657226562,152.567232751884,149.32394806257432,149.81706891332942,41810400
2018-04-10,152.880126953125,153.37324762252294,150.8507034388034,151.93179793764102,48296800
2018-04-11,151.9981689453125,153.62929596129516,151.82747667334667,151.92230088987702,41622100
2018-04-12,153.82850646972656,154.3595685774862,152.83275778249867,152.91810394902637,30467900
2018-04-13,153.03189086914062,154.82423262467816,152.36806326900754,154.5966428591219,44604900
2018-04-16,154.19833374023438,154.75784449546558,153.13619519617177,154.10349503207254,28180800
2018-04-17,157.51747131347656,157.85887037265869,155.44062824264807,155.75357858609453,35536100
2018-04-18,157.83987426757812,158.37093616941692,156.76825791328454,157.51744589436908,29573900
2018-04-19,156.3889617919922,157.41315899859802,155.84840723696925,157.04331121318657,34705700
2018-04-20,153.91387939453125,156.10451820506583,153.37332463849822,155.99072329657875,49197100
2018-04-23,153.52499389648438,155.26991592755007,152.69995222893388,154.6629858962945,33040600
2018-04-24,150.27224731445312,154.4923092456779,149.25752815226338,154.25522695212194,70256800
2018-04-25,150.452392578125,151.0782932014775,148.3850422693183,150.5377531870203,52089300
2018-04-26,153.61984252929688,154.1319338977122,151.90335463156612,152.396489835845,43005500
2018-04-27,153.71463012695312,155.91476015219357,152.84216926291492,155.87681889225448,51043400
2018-04-30,152.62413024902344,155.0328804680718,152.2447898209811,154.07507301918568,35615300
2018-05-01,154.3690185546875,154.38798918946975,151.86543016654926,152.2257998756392,36513500
2018-05-02,153.4586181640625,155.11819404857624,153.27843332420161,154.63453695834895,38646800
2018-05-03,153.43971252441406,154.00870152933192,150.99302073329676,152.68104604749746,60337100
2018-05-04,156.35104370117188,156.71141345794322,152.66204338224694,152.77585273564426,41543200
2018-05-07,157.6502685546875,158.16236001139805,156.95797774477631,157.08126518469194,32500200
2018-05-08,157.48899841308594,157.83038294948977,156.34151399666138,157.31829167453236,26040200
2018-05-09,159.20550537109375,159.3193002407522,157.21400832994246,157.77351906623613,29122700
2018-05-10,160.85560607910156,160.9694154312959,159.59432641409032,159.71761384965237,27067600
2018-05-11,160.703857421875,161.0831832779089,160.00208867082307,160.6659161540593,24688800
2018-05-14,160.97886657714844,161.9935856715931,160.71333558372166,161.07370527638108,21821700
2018-05-15,159.1959991455078,159.79345110061075,158.351986837203,159.70810495569702,49361600
2018-05-16,160.24867248535156,160.61852031374204,159.32879195595757,159.4046600323397,22941200
2018-05-17,159.6322479248047,160.84610808198119,158.85461107423765,159.68914535867944,27480200
2018-05-18,158.8072052001953,159.56585694092237,158.57012291362952,159.01582429964716,26217900
2018-05-21,159.69857788085938,160.7417454388089,159.01577992844702,160.03997685706554,22954600
2018-05-22,159.489990234375,160.69437231211054,159.20550306435084,160.4288413065183,19477700
2018-05-23,160.83665466308594,160.85561083038135,158.2571978159536,158.276153983249,26557800
2018-05-24,160.78921508789062,161.0737167354747,159.1675658259098,160.78921508789062,27696500
2018-05-25,160.95042419433594,161.52890555356723,160.46678153806891,160.77023934091653,27460500
2018-05-29,160.2391815185547,161.14009133882874,159.2813742631577,160.22021088339542,41220500
2018-05-30,161.38662719726562,161.67112880001466,160.47623943289182,160.81763846212016,22665800
2018-05-31,161.2823486328125,162.35395075337792,160.8650814834151,161.38665094980712,35670900
2018-06-01,163.8143768310547,163.90920106051405,162.04099154295287,162.0884108928595,45543300
2018-06-04,165.29376220703125,165.33168900342926,164.1273214856095,164.23162379329236,20459600
2018-06-05,165.80587768554688,166.08090126329938,165.07567460333357,165.6826047265406,24779300
2018-06-06,166.7731475830078,166.80159629692582,165.14202045672715,165.97655465259714,25036600
2018-06-07,165.4170379638672,166.83953161383826,164.58251819572465,166.80160481679465,39600300
2018-06-08,165.42657470703125,165.8438419377458,164.23167046082906,164.63945960733923,31780300
2018-06-11,165.8722686767578,166.28004329886582,165.27481663284033,165.30326535204063,22319700
2018-06-12,166.74473571777344,166.90594995571973,165.91969389111992,166.09986429563205,22511800
2018-06-13,166.7352752685547,167.98706250102745,166.3654129260621,167.00080633212036,37858600
2018-06-14,168.42330932617188,168.69831848863998,167.38014118503395,167.50342863908438,35916000
2018-06-15,167.83526611328125,168.1671870588284,167.01022449538445,167.78784676815272,49615700
2018-06-18,167.73834228515625,167.88089031659635,166.2557847528763,166.77848503703288,31633200
2018-06-19,167.2631378173828,167.30114578630443,165.08682268886398,165.61902126170753,38236000
2018-06-20,168.4511260986328,169.14488408086777,167.88090492061724,168.03296583493164,33038000
2018-06-21,166.987548828125,169.04982565555568,166.66441581956997,168.8787535332237,43469400
2018-06-22,166.616943359375,167.61480868746378,166.01821256145996,167.5482910995439,30073200
2018-06-25,162.86300659179688,165.3529568706742,161.38044896848186,165.105854265904,77799700
2018-06-26,163.52828979492188,164.46913597990505,162.86302685438105,163.46175770033645,39008100
2018-06-27,161.30447387695312,164.9633628452151,161.19043540565778,164.2220837791323,52843500
2018-06-28,162.69192504882812,163.24313489216246,160.77219621532913,161.10482759536131,46407700
2018-06-29,163.1290740966797,164.33603377295162,162.89148440851014,163.47120382769677,36408500
2018-07-02,164.22198486328125,164.2695056981416,161.2473575171621,161.59898559274757,31770000
2018-07-03,162.32131958007812,164.83976512147632,162.15976029075517,164.83976512147632,25512700
2018-07-05,164.3360595703125,164.46910923652052,162.53988182584095,163.37620229990637,31626200
2018-07-06,166.89251708984375,167.01606837992483,164.41207992821478,164.71620171877586,37005600
2018-07-09,168.39413452148438,168.43214250563818,167.09214716960918,167.75739565227062,27362100
2018-07-10,168.51766967773438,168.89780748811478,167.93795009104113,168.70773858292458,23902500
2018-07-11,167.66229248046875,168.28003438182662,167.07307468343188,167.19661146264426,30280600
2018-07-12,170.55140686035156,170.55140686035156,168.28954814023365,168.40358656265124,27930100
2018-07-13,170.69393920898438,170.96953687161985,170.06669894065317,170.54187832551185,28049800
2018-07-16,170.2853240966797,171.01710461041762,170.00022798863841,170.73199400104835,21405300
2018-07-17,171.3212127685547,171.68233931032128,168.479634274446,168.479634274446,31034100
2018-07-18,170.99807739257812,171.48276973361803,170.47539157578655,171.34020719158946,23220800
2018-07-19,170.14279174804688,170.9506027989385,169.9432244539965,170.38038152756448,31094100
2018-07-20,170.104736328125,171.22615281408937,169.91465295645455,170.6559462030538,35897300
2018-07-23,170.64642333984375,170.72245378379418,168.91677786927548,169.60103736350507,22184700
2018-07-24,171.34974670410156,173.01287511040613,170.64647575752866,172.40464587329646,36900300
2018-07-25,173.74461364746094,173.84913920072938,171.340192391803,171.42573571016183,35026600
2018-07-26,171.11212158203125,171.93892917850303,170.8840302272378,171.38771928041322,40873500
2018-07-27,168.80270385742188,172.30952970176955,167.83334844617394,172.19549130075748,59456100
2018-07-30,166.41737365722656,168.90730972528303,165.6190755363528,168.8122825211761,60193000
2018-07-31,167.6907958984375,168.33704737895636,166.141721021214,167.0730685211876,47285100
2018-08-01,168.3275604248047,168.83124947181568,167.3582048067792,168.08047233613019,37101900
2018-08-02,170.61788940429688,170.8174711038701,167.06354278845032,167.1395732215581,47178200
2018-08-03,171.14065551757812,171.15015388738092,170.19029648949385,170.94107374109615,28934400
2018-08-06,172.14801025390625,172.19553109908531,170.81751359684836,171.02659371457545,24808800
2018-08-07,172.77523803710938,173.09835655869747,172.26203614863422,172.6326755119441,29895700
2018-08-08,172.9843292236328,173.2979493975018,172.07197830862066,172.53765938521263,22680700
2018-08-09,172.87977600097656,173.56403550979823,172.62317505983725,172.87977600097656,18852900
2018-08-10,171.55877685546875,172.2240251238088,170.91252532242083,171.71082324442887,33818500
2018-08-13,171.36871337890625,172.97480764104336,171.29268293137446,171.87240240514498,26089200
2018-08-14,172.44259643554688,172.64217815843048,171.10258708549367,172.02443625527576,20913000
2018-08-15,170.33282470703125,171.6158150460653,169.27792572865306,171.07410350250498,58528000
2018-08-16,170.89353942871094,172.00545756947528,170.56090802277626,171.64431655746912,27711800
2018-08-17,170.9315185546875,171.35917707490873,169.42045168262172,170.44684083194653,36092600
2018-08-20,170.77952575683594,171.37825662460662,170.11427729338456,171.31172452759702,24939000
2018-08-21,171.40676879882812,172.43315837263296,171.188190264998,171.29273034662617,26258700
2018-08-22,172.07196044921875,172.27154217599377,170.82699275270716,171.0455712143565,18042400
2018-08-23,171.82489013671875,173.01283874869645,171.53977956957894,171.76787092355596,25776200
2018-08-24,173.42149353027344,173.5640560706057,172.35709616882636,172.3951041454524,23136100
2018-08-27,175.18914794921875,175.18914794921875,174.02021061728036,174.2958083048027,29343600
2018-08-28,175.44573974609375,175.83539033685028,175.07510039182705,175.65481984350825,20277000
2018-08-29,177.4700469970703,177.56507419740714,175.68336741533673,175.74988500543972,29175600
2018-08-30,177.1564483642578,178.2113475753993,176.5672158445477,177.12793875055095,29315500
2018-08-31,177.38450622558594,177.88819534875773,176.74776741895988,176.93783632370486,28653200
2018-09-04,176.6242218017578,177.1469076384183,175.67386282408106,176.84280030625186,29063500
2018-09-05,174.34332275390625,176.33908207786902,173.74460655777725,176.31057247335454,42623300
2018-09-06,172.7847137451172,174.62841195206084,171.61577659895138,174.41933187696478,46091400
2018-09-07,172.11947631835938,173.6020336699037,171.48273768667426,171.5397568922992,46629500
2018-09-10,172.69923400878906,173.2029231051753,171.75837340354244,173.10788140719305,26132000
2018-09-11,174.0297088623047,174.31481941902902,171.55878454045302,172.0054543623452,30116500
2018-09-12,173.51657104492188,173.89670889496466,172.02450025577855,173.77317206943195,36204000
2018-09-13,175.3697052001953,175.70233657502786,174.5238864627353,174.599916905592,31133200
2018-09-14,174.85658264160156,175.7689192913569,174.16281003140995,175.49332152252006,31224100
2018-09-17,172.33810424804688,174.68549222898176,172.1765449519549,174.5619409137763,33071200
2018-09-18,173.7636260986328,174.60944497999554,172.39510689702868,172.48065022312394,31877300
2018-09-19,173.630615234375,174.20083652960201,172.49968551635038,173.7921745510457,31843400
2018-09-20,175.55026245117188,175.78785212918598,174.40983489696876,174.8279950504853,33295800
2018-09-21,174.59048461914062,176.272609862045,174.37189157519555,176.02552170523325,38605400
2018-09-24,175.07601928710938,175.14267110986125,172.61016333892775,173.32421529880133,34945600
2018-09-25,175.31399536132812,175.44728444804895,174.40000267565628,174.99981082961034,25277500
2018-09-26,175.437744140625,177.0753038469411,175.0949987479677,175.46630504606154,36210600
2018-09-27,176.9230194091797,177.55138856147443,176.05663295926632,176.15184568928296,33113300
2018-09-28,176.88490295410156,177.35142201991485,176.10421388494765,176.42791387636706,28076800
2018-10-01,177.24668884277344,178.54150329934453,176.7992152383203,177.91313425554816,27371300
2018-10-02,176.84683227539062,178.2082840917509,176.4374495426125,177.0943650072503,25618600
2018-10-03,177.0372314453125,178.00834591383887,176.7611378214499,177.58943322045806,29128700
2018-10-04,173.63836669921875,176.4374521710363,172.38162851700616,176.32319400065782,80557300
2018-10-05,171.51524353027344,174.20008538071755,169.87768350675893,173.61932264531507,83325600
2018-10-08,170.4679718017578,171.98175815346252,168.4495754720636,170.91544543187248,66864500
2018-10-09,171.0202178955078,172.34359367923273,170.182392238787,170.5917750763233,49097900
2018-10-10,163.49879455566406,170.0585489533993,163.27982276773452,169.9538207891862,114471100
2018-10-11,161.47093200683594,165.0887831180603,159.7667201103321,162.82286844277954,143084500
2018-10-12,165.96466064453125,166.47877146783264,162.73713306841375,165.8218415904784,102078400
2018-10-15,163.955810546875,165.69808405043642,163.33695697413913,165.38391406137598,64885300
2018-10-16,168.7256622314453,169.13504491103075,165.37437542500382,165.67904446532552,71979700
2018-10-17,168.7923126220703,169.71582074711415,167.05955453469255,169.5444552941801,66987600
2018-10-18,164.87933349609375,168.211575623605,164.17481160097051,168.1544537972353,82486200
2018-10-19,164.7270050048828,167.63081875800606,164.1271968039725,166.21223052387776,82923700
2018-10-22,165.57435607910156,166.8501253052679,164.3176177769631,165.71716064642507,52909300
2018-10-23,164.9650421142578,165.7838222458832,160.72833688038043,162.46109535165695,77567000
2018-10-24,157.4151153564453,165.0507142778861,157.12949169583248,164.7746206066615,102997400
2018-10-25,162.86094665527344,163.83206125702893,159.14788277712347,159.86193464041557,83481100
2018-10-26,158.6718292236328,161.81365995182347,156.35829390901748,157.2818020372794,130970900
2018-10-29,155.40623474121094,161.7184575073842,152.41673835569682,161.09961840488236,111871900
2018-10-30,157.96734619140625,158.08158986563012,154.24475151374008,154.94928806878005,92584000
2018-10-31,161.68038940429688,163.04184131039764,160.46172753175563,160.53789480675334,73828600
2018-11-01,163.81300354003906,163.98438352865588,160.69021812060242,161.91839536885564,52706800
2018-11-02,161.261474609375,164.27953202168183,160.15707092705455,163.30841743706063,75966800
2018-11-05,160.86160278320312,161.5280482529188,159.0717082124624,161.47092643086057,39573500
2018-11-06,162.08026123046875,162.98472403927326,160.63311201992792,160.87112931316187,34410400
2018-11-07,167.1642608642578,167.1642608642578,163.63207881813966,164.02243055759402,51169600
2018-11-08,166.09800720214844,166.89774188294302,165.30778798395005,166.38361635427236,40296500
2018-11-09,163.29891967773438,164.9459953908708,162.00410493368454,164.5461280544262,50602700
2018-11-12,158.357666015625,162.4610817938873,158.21484692436925,162.15642721523568,62578400
2018-11-13,158.49095153808594,161.35667443118766,158.04347787828496,159.1002752090499,64128100
2018-11-14,157.28184509277344,160.61408763510943,156.3773821653386,160.06188569908852,75270700
2018-11-15,160.0332794189453,160.46170757603178,155.62520969825405,156.99617689544667,73254300
2018-11-16,159.4715576171875,160.242731183367,157.83399777379054,158.47188226096887,65390700
2018-11-19,154.2922821044922,158.9002920489606,153.7972022136445,158.70988117630176,67280500
2018-11-20,151.53134155273438,153.64493639742926,149.5986421854341,150.7791987285593,102652800
2018-11-21,152.6832733154297,154.20658925137468,151.59791543247954,153.6163112267193,42965800
2018-11-23,151.57894897460938,153.13081194571666,151.46469078800388,151.46469078800388,23503700
2018-11-26,155.0825653076172,155.15873259373518,153.05465308107136,153.7020677493619,42012600
2018-11-27,155.60618591308594,155.99653775546375,153.45450031285287,154.2352039976085,36608100
2018-11-28,160.61407470703125,160.61407470703125,155.63475674795546,156.72963054133936,70141000
2018-11-29,160.0904541015625,161.14725165264412,158.8242146603999,159.93813404763316,44885700
2018-11-30,161.2519073486328,161.3471200510199,159.50961949236356,160.30936842112658,36722800
2018-12-03,164.07005310058594,165.0030766562481,161.3852115378138,164.81266576105054,50771700
2018-12-04,157.77688598632812,163.6701957996208,157.58647507956982,163.21319219049573,70594700
2018-12-06,158.89077758789062,158.90982303350162,154.01618948559965,154.59695209367874,71715500
2018-12-07,153.64491271972656,159.1097799392625,153.14983273064016,158.19580175817202,80432200
2018-12-10,155.25396728515625,155.92992843796517,151.7693897215402,153.35934390957314,73960800
2018-12-11,155.76803588867188,157.82450876138103,154.4541757987595,157.78641785961466,59058300
2018-12-12,157.1390380859375,159.56681766340148,157.05335533703771,158.04350099942525,53780000
2018-12-13,157.18658447265625,158.82414417693397,156.16786375529165,158.16721429787364,46378500
2018-12-14,153.3592987060547,155.9584433887387,152.9975077843354,155.3872106215959,56547400
2018-12-17,149.88424682617188,153.92102545443825,148.68464486689876,152.702378043532,74834100
2018-12-18,150.82679748535156,152.2834621659795,149.51293737050176,151.0457693286856,63642100
2018-12-19,147.1232147216797,153.01652388824098,145.99025033878092,150.59826060278556,81856500
2018-12-20,144.9906005859375,148.39900979512382,143.18167506025776,146.76144973870086,99002100
2018-12-21,140.49684143066406,146.70432138674312,139.6875768998414,145.7141759333399,141129400
2018-12-24,137.01280212402344,141.29027089150622,136.9746168125307,139.47616993139565,56163300
2018-12-26,145.56773376464844,145.64410437689799,137.57610718480598,138.5213574124602,98982100
2018-12-27,146.131103515625,146.2552167258528,140.43098689376546,143.57225014025494,85824300
2018-12-28,146.05467224121094,148.55622499705024,144.86118110670995,147.18132087906773,77856600
2018-12-31,147.2863311767578,147.97378315404575,145.80641400105085,147.4868440738759,53015300
2019-01-02,147.87835693359375,148.70902225134913,144.05918461253182,144.16421243412046,58576700
2019-01-03,143.04708862304688,146.33156417582867,142.73200519716977,145.7014118930589,74820200
2019-01-04,149.16729736328125,149.90249200849834,144.88028637457657,145.45315339882367,74709300
2019-01-07,150.9432373046875,151.6784320691638,149.0527510507349,149.53969028568113,52059300
2019-01-08,152.30856323242188,152.8718875311288,150.09343677319163,152.3276486002206,49388700
2019-01-09,153.54983520507812,154.21818746942017,152.26085867678609,152.9005683132982,46491700
2019-01-10,153.98902893066406,154.0749568125092,151.52566100153157,152.3849835269423,38943400
2019-01-11,153.4256591796875,153.58797220933155,152.56633690812345,153.0819331848583,30176600
2019-01-14,152.06988525390625,152.72869475522367,151.4206184377583,152.127170502893,30710200
2019-01-15,155.03929138183594,155.2493470065144,152.68095151575173,152.76687938885158,40874200
2019-01-16,155.01063537597656,156.37598224953632,154.9533355632049,155.2970615949166,33812200
2019-01-17,156.23281860351562,156.92981357191172,154.2659469095011,154.51418790083702,39329000
2019-01-18,157.77957153320312,158.51476635430825,156.4142242915669,157.33081757724173,57183200
2019-01-22,154.619140625,156.71968176608038,153.49247760151414,156.6432965976253,56711700
2019-01-23,154.8196563720703,156.11817524401582,153.072398259532,155.41163785199,38106100
2019-01-24,155.82225036621094,156.05140598351733,154.73378667973512,155.3257538132079,32417800
2019-01-25,157.68406677246094,158.1614632986494,156.53831802340574,157.07299980169913,36515900
2019-01-28,155.73631286621094,155.74585555297276,154.43779358621956,155.65038497839228,33491200
2019-01-29,154.26593017578125,155.86043292533694,153.71214842226706,155.82223304220537,30784200
2019-01-30,158.1901092529297,158.76299092400328,155.5262429911055,156.0131822132278,41346500
2019-01-31,160.5579833984375,161.35046328253006,158.94438100772962,159.16397930339883,37258400
2019-02-01,159.88006591796875,160.97808647874677,159.44086934884416,159.76549543367247,32143700
2019-02-04,161.8660888671875,161.8660888671875,159.7655467560812,159.90875990745675,26718800
2019-02-05,163.2982635498047,163.48921925696897,162.01884428591865,162.0856722273822,28156400
2019-02-06,162.811279296875,163.62284447018712,162.07608473012428,163.33641827312553,27970000
2019-02-07,160.62484741210938,161.78969621966328,159.40271334664087,161.38868484527399,42036200
2019-02-08,160.93992614746094,160.96856877557246,159.03989716079016,159.22129561583432,29020700
2019-02-11,160.78717041015625,161.91383397154402,160.3861590110485,161.52236525968118,21434100
2019-02-12,163.16458129882812,163.40327955776894,161.6751064940751,161.9615473186012,29722100
2019-02-13,163.27911376953125,164.37713424629575,163.097715372936,163.89018058732862,26094100
2019-02-14,163.4796600341797,164.06208435195768,162.15249833550328,162.69672277432053,30326800
2019-02-15,164.16709899902344,164.7590659545719,163.40326173990624,164.7208806476588,32521700
2019-02-19,164.4917755126953,164.9882720686354,163.63246743844257,163.66111006965176,19487700
2019-02-20,164.46310424804688,165.25558423450155,163.57515369717936,164.6063173791591,32593000
2019-02-21,163.861572265625,164.47263921132222,162.99272169602946,164.02388532959307,25207400
2019-02-22,165.07415771484375,165.18872821035853,164.12890741989287,164.21484986051362,27735400
2019-02-25,165.6757354736328,166.76419923959108,165.56115037211816,166.3345451736319,32608800
2019-02-26,165.8475799560547,166.3727191426124,164.99781457016616,165.27471276352767,21939700
2019-02-27,165.74258422851562,165.94309725458848,163.99531054327667,165.08377444583638,25162000
2019-02-28,165.360595703125,165.9525626785042,164.89274190610905,165.22692527097536,25085500
2019-03-01,166.50633239746094,166.75457330535846,165.35102658401135,166.55407495601366,31431200
2019-03-04,166.53500366210938,167.84306549133208,164.67316011019014,167.60436722649663,38063500
2019-03-05,166.65911865234375,167.1747004545302,165.83799610146548,166.65911865234375,22319900
2019-03-06,165.71385192871094,166.85005780070875,165.44651108459183,166.8214151794805,27194600
2019-03-07,163.68016052246094,165.35104830845088,163.0690935720583,165.29376305825457,39407400
2019-03-08,163.4319610595703,163.51788895667252,161.68468764021398,161.84700074662558,39303200
2019-03-11,166.83096313476562,166.94554819228236,164.08116942708895,164.10981204922217,30518400
2019-03-12,167.74752807617188,168.1771818678532,166.86912055991806,167.27013173675263,33953500
2019-03-13,169.0078887939453,169.88629652827095,168.37773654189635,168.61643477086477,42426100
2019-03-14,168.72145080566406,169.3229603937988,168.6737082494038,169.12246205408147,23751500
2019-03-15,170.28736877441406,170.7934079921965,169.26573308293666,169.38030360198547,38192000
2019-03-18,170.69287109375,171.20940575625607,169.8702542496272,170.21460582613204,32935100
2019-03-19,171.2667694091797,172.1754703614326,170.53979697098097,171.39110843505935,36893300
2019-03-20,171.9459228515625,172.99811227296433,170.4920069544405,171.27635439953295,50105000
2019-03-21,174.63381958007812,174.8825123115078,171.41030114675652,171.42943584778968,42428500
2019-03-22,170.7981414794922,174.3468772560875,170.61639828777814,173.8781718982724,70794500
2019-03-25,170.47288513183594,171.0659294347799,169.23895248122832,170.17636298036396,46336500
2019-03-26,171.2667694091797,172.8354786664307,170.39632325054464,171.79286404327203,33248100
2019-03-27,170.16680908203125,171.90770199655512,168.9233308236576,171.52509554713254,37096700
2019-03-28,170.5589599609375,171.19983367769865,169.53547986254216,170.60678940751626,30368200
2019-03-29,171.85028076171875,172.01288920247762,170.82678607544503,171.8789755103528,35205500
2019-04-01,174.12680053710938,174.33723840839122,172.9120173475694,173.61984055506585,30969500
2019-04-02,174.78684997558594,174.9590330905085,173.87814873357826,174.31815927571364,22645200
2019-04-03,175.79116821289062,176.8816123624139,175.2459534358773,175.77203351679466,31633500
2019-04-04,175.7242431640625,176.4798959169721,174.71030846659704,175.83902216564402,28530800
2019-04-05,176.63296508789062,176.73818405021353,176.02078601496646,176.2312239396123,25674700
2019-04-08,177.08248901367188,177.2259627447028,175.64769332137635,176.34595647155447,22697500
2019-04-09,176.4607696533203,177.06338863142693,176.0877232848494,176.47990435299815,25631900
2019-04-10,177.4077606201172,177.4651501302414,176.49905932031487,176.69036255256256,24563000
2019-04-11,176.98683166503906,177.7042295174117,176.661614808216,177.7042295174117,20654100
2019-04-12,177.75210571289062,177.86688472890083,177.01557297065727,177.77124041405915,24989100
2019-04-15,177.78079223632812,177.98167010054664,176.59468894229946,177.76165753604545,21073000
2019-04-16,178.3929901123047,178.78517123423867,177.84776056295726,178.43124492140737,27195700
2019-04-17,179.0146942138672,179.76078690698398,178.48861406537347,179.58861840649482,29651600
2019-04-18,179.2442626953125,179.62686908461552,178.19207323148194,179.31122684096454,28580900
2019-04-22,179.751220703125,179.81818484802227,178.32598491736357,178.4599132071581,17936000
2019-04-23,182.03736877441406,182.2573667651012,179.9521386985504,180.210391498074,33665600
2019-04-24,181.46340942382812,182.41993993356303,181.40600533302631,182.19036735684764,24977100
2019-04-25,182.19993591308594,182.90777377771232,181.21471060970615,182.8216895307369,29517500
2019-04-26,182.36257934570312,182.40084874870024,180.39212836087393,181.913008731242,26359500
2019-04-29,182.71652221679688,183.0034843833008,182.06607366635453,182.36259588672448,21716200
2019-04-30,181.3008270263672,181.59736381106268,180.0286540073373,181.2434375182005,31495300
2019-05-01,180.7173309326172,183.00345322605676,180.59299187151976,182.4869184951919,34797100
2019-05-02,179.9329833984375,181.597352004566,178.74688012327127,180.65994144712027,44110100
2019-05-03,182.80252075195312,182.9364344207812,181.09989785021241,181.4251146751527,30386200
2019-05-06,181.68345642089844,181.932149166214,178.64168098880194,178.91908308502047,38371800
2019-05-07,178.14427185058594,180.4686343025898,176.48946333274444,179.70340687061966,58818100
2019-05-08,177.69473266601562,179.0338699618569,176.91994504517163,177.5608189364315,37165300
2019-05-09,176.7381591796875,177.3503381664661,174.17464963814712,175.71466445425392,55351700
2019-05-10,176.9582061767578,177.80951804427454,173.1607775576488,176.10689430924106,58526400
2019-05-13,170.81727600097656,173.38077159894735,170.31987588663074,172.4529355336589,67185800
2019-05-14,172.69204711914062,173.73467668053587,171.08508254001813,171.71639630845922,43360600
2019-05-15,175.13119506835938,175.57120559405928,171.51551034054117,171.5537797404279,40944500
2019-05-16,176.89122009277344,177.98167913172063,174.99729334268207,175.20773126997005,39281200
2019-05-17,175.08338928222656,177.51298566095647,174.93035544849283,175.14079338981594,44702300
2019-05-20,172.12771606445312,173.30424487212645,171.54423168746848,172.6442508745061,38608300
2019-05-21,173.92599487304688,174.40426026688064,173.05554835334905,173.6103379616564,31613800
2019-05-22,173.15118408203125,174.15554419367925,172.89291671720758,172.95988086921724,24332600
2019-05-23,170.50157165527344,171.2381042703414,169.4398221539929,171.16158007437997,45351300
2019-05-24,170.41549682617188,172.03203589088756,170.20505892452258,171.41985688486199,25903300
2019-05-28,169.7746124267578,171.85028196699938,169.755477729035,170.89375141782827,24763800
2019-05-29,168.3781280517578,169.30596416425297,167.47898669775194,168.72247974913233,42178800
2019-05-30,169.0859375,169.56420285445284,168.1294067910943,168.82767012185536,30354800
2019-05-31,166.38853454589844,167.67028235199257,166.31201032822835,167.09637261272013,45446200
2019-06-03,162.72499084472656,166.38850501579356,161.91194854284458,165.938934438959,75842300
2019-06-04,167.30679321289062,167.36418272131644,163.92066626076243,164.55198004444745,47797800
2019-06-05,168.55029296875,168.93289943756213,166.79983991270717,168.90420468217627,34412700
2019-06-06,169.88943481445312,170.30073604981033,168.09115225214333,168.83724510342046,29913200
2019-06-07,173.1703338623047,173.86861187221265,170.5781435041325,170.79814150679422,45888300
2019-06-10,175.18856811523438,176.81468176117068,174.28944163935552,174.32769644014897,41385300
2019-06-11,175.42771911621094,177.34078045704422,174.83467477111253,177.0155635320225,41260300
2019-06-12,174.41380310058594,175.3129442875019,174.08858616780785,174.94945795351458,27758100
2019-06-13,175.4468231201172,175.8772589273955,174.79638938387387,175.14074094879598,23715800
2019-06-14,174.7007598876953,175.15033046741155,174.03119134200077,174.54771147853666,22844100
2019-06-17,175.75294494628906,176.24077031802707,174.89205861348762,175.08336182227706,20379500
2019-06-18,178.30685424804688,179.55990686945484,177.36944384802652,177.8285889974028,48177300
2019-06-19,178.97637939453125,179.37812035645183,177.50332920082244,178.54594369215158,31672900
2019-06-20,180.640869140625,181.5113011807149,179.02432955895262,181.4730463661354,40922000
2019-06-21,180.3730010986328,181.5208350194933,179.99038006134586,180.43039060535082,39980400
2019-06-24,180.3787841796875,180.91562344837783,180.28291375551868,180.73347841912081,19375200
2019-06-25,177.28231811523438,180.3595768290091,177.01389852604305,180.25412523127173,33921100
2019-06-26,178.10675048828125,179.58307282840747,177.81916852519063,178.4614592890434,22595700
2019-06-27,178.78741455078125,179.20922097917295,178.29851053302093,178.74907516082374,19709200
2019-06-28,179.0175018310547,179.41053544775764,178.37521097260034,179.21880923486822,21179200
2019-07-01,181.4332275390625,182.68906533085067,180.58962951348138,182.44940397503714,31025600
2019-07-02,182.1522674560547,182.17144446617473,180.8581045145205,181.37576676557964,18035800
2019-07-03,183.5231170654297,183.5231170654297,182.4206658423936,182.61240666571888,15792100
2019-07-05,183.14926147460938,183.48477868848337,181.55790612310952,182.26730919767232,21415600
2019-07-08,181.8646240234375,182.0179961692824,181.11686715901726,181.9604797861196,17598800
2019-07-09,182.77537536621094,183.00544095065231,180.84848832988772,181.00187513802936,19193500
2019-07-10,184.5967559814453,185.1048368734933,183.55183600555551,183.88736774684062,28374500
2019-07-11,184.46255493164062,185.34450698647373,183.8777806245724,184.87478007978802,23736100
2019-07-12,185.5266571044922,185.53623829321938,184.49131823896153,184.66388203043448,20211900
2019-07-15,186.12103271484375,186.15938672943233,185.44040254748813,185.9580647222689,15606100
2019-07-16,185.16238403320312,186.0635131999019,184.5967866635587,185.89096402045934,20190900
2019-07-17,184.25164794921875,185.48830874029272,184.23247094492385,185.1623581783531,16765100
2019-07-18,184.46255493164062,184.81724906571245,182.80410240612667,183.37928089696462,28877000
2019-07-19,183.11090087890625,185.8142886411855,182.91917467389686,185.72801404309706,29387900
2019-07-22,184.56802368164062,184.96107186165185,183.52310355916498,183.52310355916498,18954900
2019-07-23,185.77589416503906,185.79507116969515,184.3379259989733,185.5745868133403,23786700
2019-07-24,187.07965087890625,187.0892466950327,185.04732723661704,185.0665042411014,20422900
2019-07-25,185.30618286132812,186.4757315717548,184.95147407028406,186.44697337623364,23434700
2019-07-26,187.21388244628906,187.4631396502938,186.38944669071915,186.4853170965318,20431200
2019-07-29,186.5715789794922,187.10841810883542,185.39244913270122,187.04132053155212,20451700
2019-07-30,185.7662811279297,186.49484627449758,185.0089577931924,185.14316754723822,18705000
2019-07-31,183.19715881347656,186.3894354196617,181.49077101314333,186.26482145296498,41627500
2019-08-01,182.2864227294922,186.9166819134034,181.40447068890458,183.51348771011567,63251600
2019-08-02,179.6022491455078,181.17442725803681,178.50939380664948,180.915588864479,55214000
2019-08-05,173.25601196289062,175.92104551099516,171.78928539245075,175.84435210909214,75040000
2019-08-06,175.68136596679688,176.1990427192213,173.58194464613536,174.85693026622062,41897200
2019-08-07,176.6304473876953,176.87968997147158,172.45075209099508,173.7736876668343,49990600
2019-08-08,180.47457885742188,180.5321098691038,176.9371895968058,177.42609348784185,38418100
2019-08-09,178.77780151367188,180.22535092800092,177.37817267131044,179.61181840356954,33608900
2019-08-12,176.726318359375,178.2122073047734,175.9114637660263,177.6753681209171,24642900
2019-08-13,180.5992431640625,181.83588954612682,176.4099665923143,176.57293458822846,40241900
2019-08-14,175.20204162597656,178.26012302959205,174.87610567536257,177.69452571039088,51000500
2019-08-15,175.00079345703125,175.99777865133785,173.66827638211072,175.43218114083916,36685000
2019-08-16,177.80958557128906,178.2601501830868,176.48666456205672,176.59211616540878,32781400
2019-08-19,180.63755798339844,181.02102494613362,179.7460247221059,180.37873423979224,22494100
2019-08-20,179.2379608154297,180.83889713897352,179.19002561206494,180.1870251820782,19902900
2019-08-21,180.82931518554688,181.404493740183,180.18702442092956,180.81013817872793,20418500
2019-08-22,180.24452209472656,181.62497388692196,178.82571629287642,181.16481353767767,24243700
2019-08-23,174.5406036376953,180.65675234634185,174.05168504170277,179.01747663492193,55372400
2019-08-26,177.17686462402344,177.22478519580514,175.5088162229292,176.52497809122357,27598900
2019-08-27,176.80300903320312,178.71071913002302,176.11279762734003,178.41354132094145,28012800
2019-08-28,177.4356689453125,177.73284667111506,175.3458290491736,176.22778103882771,21792400
2019-08-29,180.148681640625,180.66635846262503,178.9599558158205,179.64060063651797,25358900
2019-08-30,179.71726989746094,181.15523812219482,178.70110802575874,181.11688411131783,26319800
2019-09-03,177.97251892089844,179.43924526428412,177.37816343287164,178.5189538394535,27964200
2019-09-04,180.5417022705078,180.6950890556503,179.17083164842148,179.6885083913351,21592100
2019-09-05,183.84902954101562,184.3762874821664,182.46857770519148,182.53568991032395,33932600
2019-09-06,183.66688537597656,184.2229015138667,183.26425602669806,184.1558039362049,19487800
2019-09-09,183.2834014892578,184.31874019255113,182.3535143565157,184.2420468114442,24407600
2019-09-10,182.75619506835938,182.85206547866488,181.0977422900243,182.29604927998884,23744700
2019-09-11,184.4721221923828,184.5679925808352,182.67946002490984,183.1012663296723,25063600
2019-09-12,185.23910522460938,186.657911398039,184.98986260765298,185.60339527289165,28689900
2019-09-13,184.57757568359375,185.40201129842833,184.33791433774377,184.97062380145195,27669800
2019-09-16,183.753173828125,184.13664082859663,183.20675346563723,183.38889846238996,20319000
2019-09-17,184.63514709472656,184.63514709472656,183.3793090803526,183.77235728421536,20953400
2019-09-18,184.5584716796875,184.63516508994803,182.24813206432015,184.25169803864532,29781300
2019-09-19,184.8651885986328,186.0155602350535,184.51049445624344,184.88436560377437,26039400
2019-09-20,182.90956115722656,185.31575605454987,182.29602863296483,185.1240298834248,29086100
2019-09-23,182.99024963378906,183.53778655007187,182.24099939054713,182.85576919672687,22485900
2019-09-24,180.55995178222656,184.2293542329539,179.77227033326935,183.82591299956079,40820700
2019-09-25,182.58685302734375,183.06714251405586,178.86941709051914,180.3775184570137,34704900
2019-09-26,181.9143829345703,182.5099369859888,180.5695640782084,182.3466403801891,26826000
2019-09-27,179.6570587158203,182.34668239093853,178.42751897701254,182.2506186443283,40773500
2019-09-30,181.3668670654297,181.65504361492887,180.0124475428713,180.3870726600398,26307700
2019-10-01,179.88754272460938,183.0766557746974,179.58976572992887,182.02962871041277,32367600
2019-10-02,176.7945556640625,178.6964978485925,175.80516053501646,178.66768165316563,48544300
2019-10-03,178.73483276367188,178.8693131555183,174.6523744987996,176.77524458846565,39392500
2019-10-04,181.3668670654297,181.62622742570576,179.5129571581588,179.70506997206886,31887600
2019-10-07,180.81935119628906,182.26021933738292,180.50235844637618,180.84816738652944,21216000
2019-10-08,178.11050415039062,180.45431856770648,177.9664232055835,179.6858526617765,32379300
2019-10-09,179.84915161132812,180.6656493951779,179.08068569545804,179.61862209665486,20147400
2019-10-10,181.24200439453125,181.96243850822913,179.7435037832028,179.8971999118697,25177700
2019-10-11,183.57618713378906,185.03627079175718,183.2015620450574,183.30722628327746,40976700
2019-10-14,183.55697631835938,184.14292989905076,183.13431935428463,183.31683164852305,14975000
2019-10-15,185.8911590576172,186.32341645961353,184.0084187116191,184.12368344354746,23234200
2019-10-16,185.4300994873047,185.90078831090023,184.84414591395813,185.25720236267813,20457100
2019-10-17,185.92002868652344,186.83257561023527,185.2091951016722,186.54439904030806,19045200
2019-10-18,184.13333129882812,186.03527299962525,183.1919682873401,185.58379984306856,27700800
2019-10-21,185.7662811279297,185.89116102701843,184.56555796673842,185.11309476372892,15801200
2019-10-22,184.2870330810547,186.75571276681055,184.2293860458164,186.49635240867647,22392300
2019-10-23,184.64248657226562,184.6809032809893,183.6146600623311,183.91245184834358,14828400
2019-10-24,186.43875122070312,186.55403065319715,185.1419785276271,185.95846178091116,18998500
2019-10-25,187.92762756347656,188.0236913021506,185.43973209886622,185.47814879997466,21507100
2019-10-28,189.78155517578125,190.03130038009007,188.80176072349929,188.80176072349929,18818700
2019-10-29,188.31185913085938,189.75272731271048,188.2830429398039,189.46456540215553,18569700
2019-10-30,189.22442626953125,189.54141903773228,187.5914305562647,188.67688930883773,21764300
2019-10-31,189.3108367919922,189.85835898535908,188.2157777479918,189.77191042702745,26801800
2019-11-01,191.0303192138672,191.03993438342292,189.8392107706093,190.12737271186805,22131900
2019-11-04,192.2117919921875,192.62483377246946,191.03026971012468,192.29824055216278,19015900
2019-11-05,192.3175048828125,192.644098185743,191.6835193014035,192.4519853403292,15048900
2019-11-06,191.88522338867188,192.1157675863927,190.9534607432963,192.09655190559852,19725500
2019-11-07,192.52877807617188,193.76793278323902,191.97165533935913,192.84577079990376,17832400
2019-11-08,193.29727172851562,193.31648740893957,191.67389117852713,192.1830114375095,15258800
2019-11-11,193.03787231445312,193.1147057002415,192.05807808709793,192.3174384002466,10147600
2019-11-12,193.59503173828125,194.23863238891317,192.9034285339982,193.2012055965862,14778300
2019-11-13,193.64305114746094,193.8255634404703,192.79775188227129,192.92261714280346,15774600
2019-11-14,193.4893798828125,193.61425981664448,192.32708774748286,192.9130413994548,16945400
2019-11-15,194.91102600097656,194.91102600097656,194.0368958731109,194.66126616029058,18427900
2019-11-18,195.064697265625,195.3720747862787,193.8159421930423,194.6036089987458,18365900
2019-11-19,195.35287475585938,195.80434789254411,194.6036245837585,195.80434789254411,16923300
2019-11-20,194.18099975585938,195.42975513502236,192.71131535536787,194.84380147711423,36629000
2019-11-21,193.74876403808594,194.10418820323912,193.14360928916108,193.969693084288,17883600
2019-11-22,193.87362670898438,194.34431561155182,192.82659930369675,194.229036185192,17189600
2019-11-25,196.1693572998047,196.20777399351775,194.68045758058736,194.7092737651886,17752800
2019-11-26,196.54400634765625,196.7937515304405,196.0060846264178,196.29426116487198,14780600
2019-11-27,197.9176483154297,197.92726348402437,196.81298856496463,197.05313326352393,16963100
2019-11-29,197.0146942138672,197.71591255008678,196.91863048243215,197.41813550281276,9854600
2019-12-02,194.99749755859375,197.0915523195465,193.82559024304922,197.02431942492706,28007000
2019-12-03,193.4701690673828,193.54701712606126,191.37609977588366,192.31747750174318,31104100
2019-12-04,194.44998168945312,194.91107011942572,194.1714202547901,194.45959685920525,15300100
2019-12-05,194.83419799804688,195.14157558948258,193.883219718044,195.14157558948258,14962300
2019-12-06,196.9186553955078,197.06273635362115,196.1021575468138,196.25585367364764,16555300
2019-12-09,196.02529907226562,197.48536811866012,195.93883585118544,196.56322079012332,13984100
2019-12-10,195.86204528808594,196.8034232279228,195.42018717183518,196.12140571292034,21799800
2019-12-11,196.8994140625,197.10114203484613,195.9964677565774,196.30385997019678,18780800
2019-12-12,198.36912536621094,199.14720651673042,196.42876671747646,196.6977276124945,32612000
2019-12-13,199.02230834960938,199.71392620409247,197.8408006220625,198.26344294889714,32519400
2019-12-16,201.02032470703125,201.27006991236013,200.26145926535636,200.32870681521547,21296600
2019-12-17,201.1355438232422,201.4429359975188,200.79933546478537,201.27962474414335,15996100
2019-12-18,201.28929138183594,201.84642884722805,201.07796287229863,201.30850706195827,15443300
2019-12-19,202.54766845703125,202.6149013585879,201.3565453384346,201.37576102056687,17865900
2019-12-20,203.3641357421875,204.14220219267574,202.94147874259667,203.5082166932895,27672600
2019-12-23,203.9012908935547,204.22859221546608,203.72801890750017,204.08419889375398,23774700
2019-12-24,204.0071563720703,204.17080701068227,203.54508311663398,204.08417102948368,7089000
2019-12-26,205.8073272705078,205.82658460704587,204.30557817950617,204.3344568397913,17067500
2019-12-27,205.63404846191406,206.54857361492807,205.08532455667964,206.52931627903124,18134100
2019-12-30,204.28634643554688,205.65332362183074,203.27554920448603,205.52817296121955,21815500
2019-12-31,204.67144775390625,204.81584109316393,203.31409160869308,203.63177164410772,18170900
2020-01-02,208.0889129638672,208.0889129638672,205.99030325961107,206.3946193261451,30969400
2020-01-03,206.18276977539062,207.4246109553394,205.31638056676368,205.3356379037904,27518900
2020-01-06,207.5112762451172,207.54015491021366,204.31524823238857,204.56553489290675,21655300
2020-01-07,207.4823760986328,208.06960004320752,206.82777350549108,207.58826942270514,22139300
2020-01-08,209.0419464111328,209.99498661866505,207.12625935782717,207.45356075429507,26397300
2020-01-09,210.81321716308594,211.21753317284433,209.58101179361842,210.7650811571285,23547000
2020-01-10,210.27415466308594,211.66038964103112,209.89871724731324,211.6411469862065,21898500
2020-01-13,212.7000274658203,212.7289061318919,210.80358338553634,211.1405207417673,22756900
2020-01-14,211.8625030517578,212.95031503349864,211.53520173144415,212.59412035993765,24418100
2020-01-15,211.94911193847656,212.94065178670863,211.25599470819185,211.97799059898475,25742100
2020-01-16,213.9803009033203,214.01881557188295,212.55556663638845,213.0080185132253,18805000
2020-01-17,215.0392608642578,215.21253282734727,213.82629836645552,214.94298886984544,24325200
2020-01-21,214.94300842285156,215.4820963868952,214.34616313252403,214.44242044664878,21146300
2020-01-22,215.51095581054688,216.74316095808442,215.2414118525883,216.03080107878418,20736400
2020-01-23,216.2041015625,216.30037356977513,214.38467226174947,215.3858482568453,26496100
2020-01-24,214.38465881347656,217.44592924643237,213.39311889473478,217.21488525689296,37436500
2020-01-27,209.9564208984375,211.09235410320696,209.07075963727306,209.54246892973623,42264400
2020-01-28,213.18133544921875,213.67230209824288,210.88057559990997,211.43892089957654,26731900
2020-01-29,213.5279541015625,214.60613032720178,212.5845499041281,214.36546494190378,28924500
2020-01-30,214.28842163085938,214.38467895209246,211.48707358685505,212.15131226626292,39568100
2020-01-31,210.8901824951172,215.21252160257546,210.13929329376137,215.18364294356675,52015800
2020-02-03,214.07667541503906,214.56762750653175,211.77591494941387,211.92030830307374,25408600
2020-02-04,218.97654724121094,219.35198452662482,216.26183557049177,217.00308881724794,30691200
2020-02-05,219.6985626220703,221.6527638820413,218.37972134420056,221.61426389329836,38534800
2020-02-06,221.59498596191406,221.652743284184,219.46749822768984,220.24725145642293,22467100
2020-02-07,220.6419677734375,221.8356730775583,220.00660778790325,220.60346778448653,25884900
2020-02-10,223.30856323242188,223.3181845582399,219.85261237668485,219.91036970968705,21478900
2020-02-11,223.34703063964844,225.2819891472045,222.7598066913871,224.54073587404466,30198000
2020-02-12,225.52268981933594,225.62858316067638,224.10757638917133,224.66592176268944,24471300
2020-02-13,225.23390197753906,226.15804874919453,223.6840164462156,223.95356047870246,22773200
2020-02-14,225.8788604736328,226.09064714753535,224.82956311869074,225.59005912839783,23438500
2020-02-18,225.9654998779297,226.38907323212206,224.54076515941188,224.78143050256236,24394500
2020-02-19,228.13143920898438,228.60314846880033,227.043642078985,227.31318603058162,22230500
2020-02-20,226.01356506347656,228.10253782476184,223.2218538333266,227.63084330098135,42604000
2020-02-21,221.67202758789062,225.27237154511687,220.75750226626002,224.88731289044486,66017200
2020-02-24,213.1235809326172,215.87679279055124,212.03576898194058,213.4027462416078,84522600
2020-02-25,207.32833862304688,215.62648818279501,206.72187205360916,214.9141136044042,97743000
2020-02-26,208.3968963623047,212.05501192855917,206.8758898751604,208.61831901855945,79537700
2020-02-27,197.96168518066406,208.33917366018667,197.82691317530848,203.0252787407927,121822600
2020-02-28,198.11570739746094,199.43454873734376,190.77059664727153,191.2230486537657,148173700
2020-03-02,208.33917236328125,208.48358038250777,198.25048529776444,201.08071208166103,112933900
2020-03-03,201.6582794189453,211.41004281801688,199.86772886303666,209.003389634755,131953500
2020-03-04,210.07196044921875,210.17785378501702,203.47772434251434,205.35492572157884,73086200
2020-03-05,203.68951416015625,208.2814129720825,202.2551581310623,204.74844753449452,78705500
2020-03-06,200.25279235839844,201.34058955529844,195.33359290565863,197.0278713754721,89828400
2020-03-09,186.3423614501953,193.64895744898524,184.9368694395479,186.25571076647086,116424000
2020-03-10,196.4888458251953,196.67175386646838,186.4482784111388,193.60086123006081,100599200
2020-03-11,187.93072509765625,193.2542404848296,185.53369336473233,191.9065206484735,89168800
2020-03-12,170.69912719726562,183.65654146842257,170.33331116327355,175.2910115179422,137820700
2020-03-13,185.1582489013672,187.21834325086076,171.47884168071033,180.08503502968375,134882000
2020-03-16,162.9785614013672,177.78428224075182,162.8437894066201,167.6474599036412,92054400
2020-03-17,175.3391571044922,177.50514538168073,163.4406609142412,168.9182069521346,121257100
2020-03-18,170.0059814453125,172.5281492023074,160.5718983230018,165.202296553107,114156300
2020-03-19,171.02638244628906,176.6386986810499,165.22153692044924,169.12993881662203,120896500
2020-03-20,164.32626342773438,176.04184843522285,163.74867552282853,174.95405127091365,118983900
2020-03-23,164.44496154785156,168.06263479386743,159.11008585833804,164.88872122263345,124639800
2020-03-24,177.17919921875,177.34319866795943,171.67068132196312,173.56152534407946,94881800
2020-03-25,175.8671417236328,182.82271258391634,173.6290010211754,177.91232809492413,88754900
2020-03-26,185.12838745117188,185.91945904293365,177.13092451289438,177.38174455107878,79887600
2020-03-27,178.76129150390625,183.78743713744916,178.14387587751088,180.33376341717982,58845000
2020-03-30,185.26341247558594,185.69754494822178,179.7645532657839,180.45914755758488,49356900
2020-03-31,183.68128967285156,188.36015209182457,182.52363739279716,184.9547174851546,62659300
2020-04-01,175.87680053710938,181.0380202669156,174.47796982315774,178.25000066836228,53715400
2020-04-02,179.4462127685547,183.39189909121444,174.584067000671,174.84454356405624,56465300
2020-04-03,176.8994140625,180.468863857324,174.89280930185006,179.0024960090891,47487600
2020-04-06,189.54676818847656,190.67548040616995,182.51401830274105,183.75849134675707,64763500
2020-04-07,189.46954345703125,195.5086535852865,189.08366431595329,195.22887869571116,69904500
2020-04-08,193.49246215820312,194.07128103230755,189.24771681302164,191.15784412216092,45940400
2020-04-09,193.77223205566406,196.04895506935992,192.00680569704667,195.2096595639199,68252600
2020-04-13,195.86566162109375,196.24189906848866,191.73669152955702,192.94258267125235,42853900
2020-04-14,204.384033203125,205.00144874228786,199.1359937600668,199.9174086917818,63959600
2020-04-15,202.03982543945312,204.35514534463596,199.81134088697377,201.1233510838053,47036000
2020-04-16,205.72500610351562,206.8054797369004,202.29063086567177,204.22005647977275,64657400
2020-04-17,207.6929931640625,208.86994384961935,204.59627360380796,208.54194506062095,62863200
2020-04-20,205.2329864501953,208.2621837593495,205.06898705655595,205.8311036176268,38249100
2020-04-21,197.6599884033203,203.7087412730322,196.44445567672878,203.16850450565815,72932800
2020-04-22,203.52545166015625,204.856759976232,200.97861056876033,201.72144351385245,40089100
2020-04-23,203.09133911132812,206.8730114526164,202.6861615090846,204.3165137465589,43278500
2020-04-24,206.29417419433594,206.73794854331757,202.1073243259096,203.5254532684973,34231900
2020-04-27,207.9534912109375,208.98574098460935,206.93089798640045,208.5612649924583,36451700
2020-04-28,204.0367889404297,209.65142537562298,203.75702866186316,209.65142537562298,46862800
2020-04-29,211.27215576171875,212.2079285881546,207.54836283847436,208.56131447455314,48716400
2020-04-30,211.18531799316406,212.275433630121,209.68036812806474,212.1886129964464,43359500
2020-05-01,205.2329864501953,209.02430032042034,204.21037861636245,206.93087551406245,48795000
2020-05-04,207.62550354003906,207.84738337681773,203.67017491383618,203.99818847470257,32841000
2020-05-05,209.97938537597656,212.37186892758075,209.1979703863233,209.7671473886203,37783100
2020-05-06,211.27215576171875,213.24016388637955,210.4135617449259,211.65803508958078,36455200
2020-05-07,213.9925994873047,214.87047694425198,212.64199274061437,213.9925994873047,38624800
2020-05-08,216.92530822753906,217.06036742289936,214.6292871860654,215.66153688802146,31852300
2020-05-11,218.86444091796875,219.8870343769063,215.3721844517059,215.60372087877488,35714100
2020-05-12,214.2820281982422,220.05102203475883,214.25308798838932,219.46254656716602,41054100
2020-05-13,211.60009765625,216.68413812912272,209.0629130544002,214.8029511519797,65521200
2020-05-14,214.0022430419922,214.0408250771921,208.3683238004577,210.27845103036063,51549300
2020-05-15,215.3914031982422,215.44928360352137,210.62572022562588,211.05983798556704,55747200
2020-05-18,219.40464782714844,220.61053895240082,217.5138187861491,218.29523388005654,42398100
2020-05-19,218.85475158691406,221.73924822664506,218.71005055162215,219.6651068252477,36237300
2020-05-20,223.22488403320312,223.58182304242948,221.38227913626724,221.40157751308575,37417000
2020-05-21,220.7938232421875,223.94843835442734,220.282526614009,223.27314230969628,43642900
2020-05-22,221.55593872070312,221.7585201594007,219.4721556005788,220.3886297897862,28762400
2020-05-26,220.95779418945312,225.3279563394855,220.71661601024164,225.1253601919948,33055300
2020-05-27,222.1636962890625,222.27947183075904,216.03777906037365,220.62016469647847,55665600
2020-05-28,221.87429809570312,225.2314944563368,220.96746572510492,221.02534613678586,42784300
2020-05-29,225.1254119873047,225.35694839194326,220.68772658068178,222.25057155137748,50691800
2020-06-01,225.80067443847656,226.17691183970598,223.81336843606732,224.25714279871312,25776000
2020-06-02,227.31524658203125,227.37312698581445,223.8229767768599,226.2251165762912,33383400
2020-06-03,228.33787536621094,229.09035017383184,227.04516374494932,227.92304120694092,37228700
2020-06-04,226.7364501953125,229.39905224734326,225.43408201574843,227.9905797903836,38716100
2020-06-05,231.2320098876953,231.82048527560306,227.31527833422862,227.88445534473067,47365600
2020-06-08,233.02639770507812,233.15180036888486,229.5148434318343,231.0873154069286,32937300
2020-06-09,234.71463012695312,235.5635673917598,231.98449110228037,232.16778889183445,35046300
2020-06-10,237.53163146972656,239.07517812818392,235.88196579449584,236.40291904787475,58084400
2020-06-11,225.76210021972656,234.9943943327635,225.70421980527954,233.6148620539446,72919400
2020-06-12,227.5564727783203,231.91696428101858,223.56256215041086,230.6531927971664,72034800
2020-06-15,230.32516479492188,231.00046076334,223.30205728267734,224.23782981046676,45307400
2020-06-16,234.28053283691406,235.76618422078383,230.66285947451794,235.17770876502001,48890100
2020-06-17,235.02330017089844,236.83696473354428,234.16470646801028,235.77577488936907,34749300
2020-06-18,235.66009521484375,235.90127346970752,233.93326538697437,234.7050240262564,30578600
2020-06-19,235.62144470214844,238.28404656279602,233.89460065572752,238.02357000153597,49422100
2020-06-22,238.44715881347656,238.5727795309669,235.20008666743954,235.48999197391447,24068700
2020-06-23,240.4765625,242.7089217688039,239.490854995558,240.04168980734076,32767400
2020-06-24,235.51904296875,240.95015303819852,234.02113469542562,239.7228329340741,46032400
2020-06-25,237.7610321044922,238.06061077313754,233.03538357528126,235.60598561260514,36940800
2020-06-26,232.1462860107422,237.69337180771143,231.62442697535528,237.51941388060038,52824600
2020-06-29,234.6782684326172,234.68794177514607,229.3727939582953,231.9047323814369,34377800
2020-06-30,239.27828979492188,239.8194661067416,234.42700543519746,234.61062198655384,38909200
2020-07-01,242.07110595703125,243.06648676333486,238.77571157121864,239.31688776735123,34689200
2020-07-02,243.71400451660156,245.72409837734443,243.25014123979867,244.51611034175,31956500
2020-07-06,249.70570373535156,250.2275334720887,246.84516606805863,246.8644980106624,34589000
2020-07-07,247.98544311523438,252.11194927639178,247.68586443037847,249.45437549713066,36578200
2020-07-08,251.25186157226562,251.28085210815678,247.87916809870046,249.3094366837607,30426300
2020-07-09,253.3682098388672,254.0350215264384,248.97114563069627,253.16527612713887,40312900
2020-07-10,255.09812927246094,255.34940026725874,250.5464377790206,253.22332913874055,32885300
2020-07-13,249.85055541992188,260.72244625141667,249.02911776983066,257.9392374798514,64108100
2020-07-14,251.6190948486328,252.02499184326626,244.26486240525014,247.3283185826136,72230500
2020-07-15,252.13125610351562,253.86110322281544,248.83586121367767,253.02999212113633,54523900
2020-07-16,250.41110229492188,251.04892356561442,247.02873553609317,249.3480668437676,47594100
2020-07-17,250.7010498046875,251.56112205959127,248.52667106417573,250.86531968295154,35137900
2020-07-20,257.8136901855469,258.4418381944587,250.09223851639513,251.33886119054432,40610100
2020-07-21,255.12701416015625,259.3887985039037,254.2862594003761,259.3791251644478,43243800
2020-07-22,256.0257873535156,256.9535433200769,253.72577361074173,255.61991992355135,29865500
2020-07-23,249.33840942382812,256.32539350200807,247.92745813276528,255.61994734837268,51363500
2020-07-24,246.97071838378906,248.29466846011707,242.87323268912843,245.50180090569262,54054500
2020-07-27,251.37753295898438,251.76408332337135,247.83089576355812,248.61366983631007,36445700
2020-07-28,248.17872619628906,251.11656138758613,247.88882086144542,250.59470229297185,31302400
2020-07-29,251.03919982910156,251.89930135979904,249.24172801134847,249.7152498251216,27556900
2020-07-30,252.35350036621094,252.91399375624596,247.92741633623584,249.0774231371317,41774500
2020-07-31,256.85693359375,257.01155960937103,252.08296226957665,256.97289573249157,53686300
2020-08-03,260.32635498046875,261.0704652695431,258.86709545435406,258.9927309753979,32081600
2020-08-04,261.2926940917969,261.3893390497868,259.07965136899935,259.8237615109109,24911300
2020-08-05,261.9401550292969,262.39435978177585,260.88679283565415,261.7758851460875,21612100
2020-08-06,265.40948486328125,265.7380540741825,261.10903560421986,261.74685683428555,28048200
2020-08-07,262.34600830078125,265.64140316954297,260.2006203903107,264.86827313898436,44969400
2020-08-10,261.2250061035156,262.8388911680453,257.70736012153776,262.6359279347779,35088400
2020-08-11,256.2770690917969,261.35061862362437,255.73589283442016,260.065302893434,43104300
2020-08-12,262.722900390625,263.6699736732556,258.3838165950634,258.4321538139539,38773400
2020-08-13,263.3221435546875,265.59313806305636,262.38474341380515,263.4960867993288,31895700
2020-08-14,263.0128173828125,264.21113205316004,261.6212128338113,263.94054391818173,30799500
2020-08-17,266.0666809082031,266.5691934292546,263.0515467980899,264.72338374822584,24803000
2020-08-18,268.62750244140625,269.1010242326168,265.6703505975668,267.12960933131745,23529500
2020-08-19,266.8204345703125,269.64227843776126,266.30824876267906,268.58891628590754,31999400
2020-08-20,270.5216979980469,271.0048932702151,265.62209086020533,266.02798786526216,27723400
2020-08-21,272.3964538574219,272.8506585193085,270.06744948407925,270.7149440202601,34748900
2020-08-24,274.0972595214844,276.3875995966425,271.81656329392575,275.66280694035754,36418500
2020-08-25,276.2524108886719,276.4457008111197,272.87971703283785,273.3242484641861,34866600
2020-08-26,282.14739990234375,282.39867090339663,276.223420625408,277.4990633342744,42216700
2020-08-27,281.2679138183594,283.973824630563,279.00656382383795,283.1233963607817,49482700
2020-08-28,282.6982116699219,283.32635959628595,281.15198097217353,282.50492177324173,28021000
2020-08-31,284.9692077636719,286.7763531049731,282.78515600775756,283.2200434874042,36321000
2020-09-01,289.8398132324219,289.9557753583132,285.8486162789322,287.61709768256185,36216200
2020-09-02,292.58441162109375,293.29953118889125,286.9117038255347,293.0869240887489,50836800
2020-09-03,277.75030517578125,288.5835347363163,274.8511335919454,288.0810222788682,110083300
2020-09-04,274.0489807128906,279.2191753278148,262.6649028120239,275.9624443503017,123959000
2020-09-08,260.8770751953125,268.86911241785384,260.59681374852715,263.0707705753225,99568600
2020-09-09,268.54058837890625,270.6376391822243,263.82459816912103,266.3758831646691,64837900
2020-09-10,263.186767578125,272.71539260479386,261.4665937831789,271.4977312190594,69667500
2020-09-11,261.3603210449219,265.9699930867914,257.9296170941688,264.935948179579,71809000
2020-09-14,265.9120178222656,267.9027799251302,263.7859468911005,265.1388877146155,38525200
2020-09-15,269.68084716796875,271.0241437036458,265.88294075558133,269.6518566416104,41849900
2020-09-16,265.3804931640625,270.93723879273955,265.0326067242916,270.4733902063783,42321000
2020-09-17,261.2347106933594,265.177571313958,257.7170347987162,258.55778989114464,81570800
2020-09-18,257.9006042480469,262.9451633728137,253.80311834308048,262.65525804629056,86251100
2020-09-21,258.5191345214844,258.65441385696874,251.36782116077168,253.64851809798813,57168600
2020-09-22,263.3221435546875,263.90195437015853,257.5817805462991,260.91581070287015,41128900
2020-09-23,255.28179931640625,263.1868690458098,254.40238014231755,263.0032524329832,48837300
2020-09-24,256.4704284667969,259.6691791552926,252.44056648446087,252.60486587121022,70631700
2020-09-25,262.4329528808594,263.24471721044983,255.41694972183095,256.9728534724651,55242400
2020-09-28,267.8834533691406,267.8834533691406,262.53931518411497,267.28426649719216,58438300
2020-09-29,266.6755065917969,268.3763340489518,266.11498350999346,267.32297179951615,27050000
2020-09-30,268.5019226074219,271.64269161107853,266.5981322162988,266.8687203661687,49380800
2020-10-01,272.76373291015625,273.3725636757455,270.4347281441541,272.3192015146066,50020200
2020-10-02,265.0905456542969,272.75401437277986,264.2497907332789,266.74306496429404,75497400
2020-10-05,270.7439880371094,271.06288395160846,266.94608014130233,267.0523689488354,28184600
2020-10-06,265.9120178222656,271.73935145189307,265.0325989140063,270.05784139208856,49704200
2020-10-07,270.511962890625,271.3043804558178,267.9606785581341,268.550191927096,27539700
2020-10-08,271.951904296875,272.97627567976207,270.88886904334345,272.9086212791073,25443300
2020-10-09,276.1073913574219,276.18471910444345,273.20822017389503,273.59477043331975,30201100
2020-10-12,284.630859375,287.4623751347749,279.74092809632856,280.78461637070285,79370700
2020-10-13,284.6213684082031,287.066335614151,283.2587540297559,286.4285437272974,64240000
2020-10-14,282.2440490722656,286.38987319194996,280.5045577101655,285.42348254813834,36949100
2020-10-15,280.3498229980469,280.9393069061614,276.90947599898783,277.5472971156975,42514200
2020-10-16,278.8133544921875,283.41335357901045,278.4654385490732,281.9927582527519,40570700
2020-10-19,274.2615966796875,281.6834977161468,273.28556238406674,280.7267511204607,36756800
2020-10-20,274.85113525390625,277.95324060963674,273.4402133323062,274.99608793559486,32195400
2020-10-21,274.6385192871094,277.6633262788834,274.1553240358202,275.1023973454302,29306100
2020-10-22,274.6288146972656,276.36833509912185,271.38175713416496,275.4695696201437,32196200
2020-10-23,275.1700134277344,275.33431278433005,272.3095058897191,275.1990039622046,24658500
2020-10-26,271.04351806640625,275.71117074606025,267.4582179216346,272.88932727895894,38421100
2020-10-27,273.1599426269531,273.981380451409,270.78263025156946,272.03892610645653,30559100
2020-10-28,262.51031494140625,269.27504806427874,262.25904398800714,268.66621736451685,53413500
2020-10-29,267.1007080078125,270.09649522850515,263.3607516697765,263.82462976777094,43246300
2020-10-30,260.32635498046875,265.98939083747246,258.0939946213393,265.1196450273543,65838300
2020-11-02,260.9061279296875,264.3271291982488,257.9972829744233,262.71327351609733,39987400
2020-11-03,265.41912841796875,267.5162086489686,261.73718320133173,262.8195357753075,43604100
2020-11-04,277.26708984375,279.0645619395194,272.39647367770004,274.05866644513554,75728200
2020-11-05,284.49566650390625,285.46205684443345,282.1859794339378,283.6645554752687,52054200
2020-11-06,284.70831298828125,285.4331059191332,280.0889672219941,283.8385673696389,40959800
2020-11-09,278.890625,289.0860622560611,278.4364202948612,287.64612038680576,86537100
2020-11-10,273.89447021484375,277.02556670310105,271.18855850986586,275.58565397099085,69024900
2020-11-11,280.0213623046875,280.49488428260526,273.85578528030527,276.4167145872613,36102900
2020-11-12,278.7070617675781,282.2537284830377,277.59571840168735,280.9877590717852,34414600
2020-11-13,281.1519470214844,281.77045102265487,278.1947948091362,280.41751038496193,24806900
2020-11-16,283.3456726074219,283.6452512673449,280.24353823818916,280.85236889928893,30168400
2020-11-17,282.44696044921875,283.86755576263226,281.80913913585965,283.538986508823,21843500
2020-11-18,280.3595886230469,283.5100317065215,280.2726170000673,281.8961757713955,28069600
2020-11-19,282.55322265625,282.8624746544085,279.1418658110282,279.808677529354,22718400
2020-11-20,280.6204833984375,283.22007625179197,280.5335117908258,282.4759366779504,25907300
2020-11-23,280.63006591796875,282.9107326467343,278.3880335632616,281.6157733104522,26875600
2020-11-24,284.5729675292969,285.06583604517687,279.8956417745686,281.69311366936597,24516800
2020-11-25,286.3221435546875,286.95996475108177,284.6889414363206,285.63601463555347,23326800
2020-11-27,288.96038818359375,290.0814045293684,287.8876795585941,288.28390314138545,17163100
2020-11-30,289.5499267578125,289.88816934271773,284.87260011745866,289.279338588268,27836200
2020-12-01,293.26080322265625,294.8843614016269,290.71919191925224,291.82089105884336,27521300
2020-12-02,293.63775634765625,293.975998917608,290.2553896319331,292.09152566494623,23620000
2020-12-03,294.05328369140625,295.59951430318665,293.3284908569994,293.94699489846994,22828700
2020-12-04,295.2515563964844,295.39653853625344,293.4250940494465,294.1015495701713,19332100
2020-12-07,296.9235534667969,297.29078666497236,295.25168687738386,295.43530347647163,20851000
2020-12-08,297.92852783203125,298.2281065199663,294.7007871841629,296.44995158477576,18341500
2020-12-09,291.18310546875,297.9961463758119,290.1200700704839,297.7159143781888,48839300
2020-12-10,292.35235595703125,293.473372140597,288.0712544011982,289.1536067186027,27519500
2020-12-11,291.7049865722656,291.83062205952194,288.438581871194,290.6999321661132,26760400
2020-12-14,293.82135009765625,295.7637747777363,292.8259691496675,292.8935940648919,28804800
2020-12-15,296.9621276855469,296.9621276855469,293.8889836609134,296.07303550095884,25709000
2020-12-16,298.5953063964844,299.3780802348846,296.31460979317626,297.35832790563893,25461900
2020-12-17,300.5474548339844,300.7793791237799,298.991580236775,300.1898950565834,23730500
2020-12-18,299.6390686035156,301.49455154140685,297.2713998246905,301.18529946977486,41173400
2020-12-21,299.07843017578125,299.610896440792,293.9279078078829,296.69677965849587,37095500
2020-12-22,299.89178466796875,300.8115021759439,297.07448687578244,299.9789139342805,26176300
2020-12-23,298.38140869140625,300.298311151002,298.2265024091057,299.9401032992736,21201300
2020-12-24,299.69805908203125,300.14339616488587,298.56534939699964,298.6427877632281,16785000
2020-12-28,302.7185974121094,303.19300702643955,300.47250114875953,302.3023034925782,22497700
2020-12-29,302.98974609375,304.664642578281,302.08938102346127,304.0450174468872,25871900
2020-12-30,302.9993896484375,304.47095478764754,302.3797646138136,304.1514809415962,18138100
2020-12-31,303.744873046875,304.22894406507703,301.82797072381925,302.90259420245957,21611400
2021-01-04,299.4560852050781,305.24558665535034,295.4576528755489,305.0712985910944,45305900
2021-01-05,301.92474365234375,302.1958517702346,298.46849923876596,298.46849923876596,29323400
2021-01-06,297.7425537109375,301.9442886294397,296.23225376955384,297.21974848650024,52809600
2021-01-07,304.9454345703125,305.7780226635541,300.36611142141976,300.39515450501295,30394800
2021-01-08,308.866455078125,309.2150016903521,305.0422809485157,307.23029213060346,33955800
2021-01-11,304.4032287597656,307.08497153497416,303.7545606025091,305.9135279564242,32746400
2021-01-12,303.919189453125,305.52627938374525,301.28584168634455,304.4419649289568,29266800
2021-01-13,305.9715576171875,306.765411477314,303.58024607313826,304.18048929105964,22898400
2021-01-14,304.3354797363281,307.4141645709109,303.86107000917417,306.4169793743503,23500100
2021-01-15,301.92474365234375,305.08089596114627,300.6855230999575,304.1224448556124,35118700
2021-01-19,306.329833984375,306.83325722127717,303.14463832144224,304.23864358090657,24537000
2021-01-20,313.455322265625,314.39442118013466,306.42663149113145,309.9409916510527,30728100
2021-01-21,315.96282958984375,316.70831788759295,313.41664078151587,314.7913859659749,25130600
2021-01-22,315.0528564453125,316.05970308852847,314.3654541916279,314.9269932285715,21609400
2021-01-25,317.6570739746094,319.79668917864336,311.1705399641472,318.4316053421389,39080600
2021-01-26,318.121826171875,319.25456548964087,316.79547615092645,318.3735525859016,25498100
2021-01-27,309.25360107421875,315.8756890037456,307.249539984331,315.86602767429855,55264000
2021-01-28,311.0834655761719,316.0209968128758,309.8345538382475,310.45417904152515,42836300
2021-01-29,304.5387268066406,310.5024847127412,302.79608312978183,309.3987887174759,55259000
2021-02-01,312.1483459472656,313.23266022286646,305.9522137232358,307.97562688848154,35646000
2021-02-02,317.2408142089844,318.3929057368792,314.94632202925646,315.1109191955359,33930800
2021-02-03,315.9822082519531,319.68051798841714,315.92412209235215,319.31261928071063,24824500
2021-02-04,319.7192077636719,319.8063369990852,316.0596321495655,317.3763206460709,22350900
2021-02-05,320.80352783203125,321.81040381264313,319.0318409228675,320.66800331185556,22732000
2021-02-08,322.9527893066406,323.107695569179,320.85193775141437,322.4881000643742,20462800
2021-02-09,322.8850402832031,324.1436130354733,322.01368886741005,322.02337974169393,17597500
2021-02-10,322.1492919921875,324.7729488774115,319.00283008692946,324.31792089699087,28068700
2021-02-11,323.9209899902344,324.32762269625704,321.53936855596993,323.6789544509088,22046100
2021-02-12,325.7314453125,325.89601293620257,322.03313512769773,323.07871567261896,20346800
2021-02-16,324.85040283203125,327.415973443144,323.68862051418506,326.5252697267484,27080800
2021-02-17,323.2916564941406,324.96655281909017,319.6514626027675,321.87817742268214,31360300
2021-02-18,321.878173828125,323.23356672708246,317.89909482097755,319.7095451897931,32236200
2021-02-19,320.4743347167969,323.34971746376925,319.4577974967484,323.2238542841667,39157700
2021-02-22,312.16766357421875,317.3568897599286,311.96436205639856,316.09831716058187,47256900
2021-02-23,311.2382507324219,312.903455886381,301.0921135681425,306.9009646337658,97241900
2021-02-24,313.8039245605469,314.1137371441251,305.8941900752673,308.5856241112255,58206300
2021-02-25,302.86383056640625,313.70703212959273,301.3244884248278,311.151152767555,110182600
2021-02-26,304.13214111328125,308.9437784747402,300.9759887486125,305.7876556554205,104739800
2021-03-01,313.2810363769531,313.6198919537279,307.8110405073471,309.0986562446758,49164500
2021-03-02,308.2564697265625,313.99754586595145,308.0047728460935,313.9201074901199,48370000
2021-03-03,299.31072998046875,308.10144474617294,299.25264383463156,307.16234599468015,86301100
2021-03-04,294.4119567871094,302.09900581292595,290.5490505272397,298.9428537741916,139131600
2021-03-05,298.8460693359375,299.7464343167037,287.97385344428346,297.0259576251309,121523700
2021-03-08,290.3844299316406,300.18201941318887,289.96813608282025,298.303822112301,88409800
2021-03-09,301.837646484375,303.7352262391033,297.14218101960296,297.6746473469426,80391100
2021-03-10,300.97601318359375,306.38792384064425,300.2886405826303,306.08780216084256,76798100
2021-03-11,307.907958984375,309.6699553649419,304.81958294834607,305.71025724263603,53484800
2021-03-12,305.4101257324219,308.0918984967529,301.4698094897482,303.86109232570243,69315600
2021-03-15,308.6726989746094,308.8372961135576,304.0934062516041,305.729568585238,42955700
2021-03-16,310.366943359375,313.871642149708,308.93411213610096,310.8607052243403,54925900
2021-03-17,311.6448974609375,313.53278614012544,305.62305316336887,307.3366833770359,78258700
2021-03-18,302.0989685058594,307.75291294068256,301.64394068864766,306.7750802909561,82718100
2021-03-19,303.16400146484375,304.7033437065261,299.7948566529253,301.93444221012976,78446200
2021-03-22,308.849365234375,310.914117396103,305.5535301852278,305.5535301852278,56194800
2021-03-23,307.50189208984375,311.2533289990368,306.6876292367578,309.93500711765904,53455400
2021-03-24,302.3158264160156,308.9075254809563,302.17042759765224,308.8687426018364,64803700
2021-03-25,301.7923583984375,303.3045948439506,297.97308794522104,300.4740363467963,78729000
2021-03-26,306.31927490234375,306.63915226798906,300.1832087727299,301.5790668600298,63519600
2021-03-29,306.2320251464844,307.2789260718177,302.89740800258596,305.7861256396447,54608000
2021-03-30,304.69073486328125,305.26265651500455,301.9959020456259,304.2739151212453,44635700
2021-03-31,309.35333251953125,310.9139953409303,306.13503491660464,306.47431844641403,55032500
2021-04-01,314.6267395019531,314.7624351906503,312.9206479914796,313.1726923053448,55685600
2021-04-05,320.9082336425781,321.6740401855826,316.86599863468905,317.1083398561629,42172500
2021-04-06,320.68524169921875,322.63364465762453,319.90973217862893,320.5980024249018,33537200
2021-04-07,321.4608459472656,322.29451530644985,319.27977449792263,320.2103566998267,32046400
2021-04-08,324.8148193359375,324.9990010571739,323.5158737532568,324.31076017304844,29940800
2021-04-09,326.7826232910156,326.9862112419978,322.7210111279812,323.45770841704103,36664900
2021-04-12,326.3560485839844,326.7728683332673,324.47547857249293,325.74534404855524,25833000
2021-04-13,330.16571044921875,330.63098669592097,327.66473229251113,327.87799376647325,30374000
2021-04-14,326.2009582519531,330.5340200904296,325.3866953700291,330.40799793322714,42564300
2021-04-15,331.1446533203125,331.53242285748826,325.91979309095314,329.07022829320124,36342800
2021-04-16,331.5325622558594,331.74582375791044,329.6616651585897,331.6682579847966,40860100
2021-04-19,328.4983825683594,331.1156500529259,326.57902941354195,329.96213303614445,34533100
2021-04-20,326.1040954589844,329.11880652263227,324.1362856183164,327.839267157362,38081800
2021-04-21,328.8957824707031,329.07996414438594,323.7387547729154,324.8244385866254,36598100
2021-04-22,324.93109130859375,329.4870880981797,323.7775448352505,328.5080497708654,45936100
2021-04-23,329.0218811035156,330.3305001865313,325.5612409559132,325.5612409559132,36381900
2021-04-26,331.16412353515625,331.4452476291295,328.5177468041697,329.264176683064,30812000
2021-04-27,329.7294006347656,331.66813005738095,328.77944215058864,331.4548686375867,33187200
2021-04-28,328.6146545410156,330.40798526846567,327.9651671336623,329.3998376321553,33615700
2021-04-29,329.79736328125,332.2983119785086,326.5790643638636,331.88149212607755,37708900
2021-04-30,327.6356506347656,329.8361280085452,326.7244452133422,327.35455609823015,38263400
2021-05-03,325.8907470703125,329.5840245077419,325.4448475555954,328.8376242784692,29729700
2021-05-04,320.0261535644531,323.66127206756664,316.21652689036085,323.34136507299735,65147000
2021-05-05,318.95001220703125,322.9341158343506,318.17453241102635,322.07136719733654,46219300
2021-05-06,321.3541259765625,321.50922789045813,316.449142582441,318.6883728457284,46814300
2021-05-07,323.9617919921875,326.33671847175805,321.52867639706886,324.1265674744462,53324500
2021-05-10,315.78033447265625,322.7597443386134,315.57674653434634,322.58526574806535,60700500
2021-05-11,315.34417724609375,316.13906377565684,309.24686211789196,309.90605290829967,71963600
2021-05-12,307.1819763183594,312.73641679705025,306.319227585293,310.4196506802592,91164900
2021-05-13,309.55694580078125,312.5231996658119,307.1916933671056,310.119193940392,69877800
2021-05-14,316.3910217285156,317.30219751217567,312.2130318222759,312.7171204997074,44370000
2021-05-17,314.4716796875,316.37162666229653,311.6023677851809,314.68494115486175,39395000
2021-05-18,312.3487548828125,316.64303422977486,312.07733389792406,315.4216545891111,36528500
2021-05-19,312.7073974609375,313.00789819210576,306.610084387319,306.9590711096651,66319100
2021-05-20,318.75616455078125,319.6092101752247,313.9675304002217,314.1904653366139,46466100
2021-05-21,316.9920654296875,320.7240970996504,316.6334051046405,320.3072772398754,50330400
2021-05-24,322.32354736328125,323.4480142495234,316.8853946382542,319.2797272359701,32475800
2021-05-25,322.7694091796875,324.5530369200139,321.59648601653095,323.8357164110421,31280300
2021-05-26,323.89385986328125,324.3591360264829,322.7500165185231,323.4382572317026,25444900
2021-05-27,322.68218994140625,324.29133921184314,322.47863159725927,323.44799648913676,27931700
2021-05-28,323.6999816894531,325.2897541666594,323.38010432071417,323.8841633687067,29927400
2021-06-01,322.62408447265625,325.50309986724034,321.2766528474929,325.02809087441415,31145400
2021-06-02,323.2541198730469,324.0974626171343,321.53835462068525,323.0408584081203,22047900
2021-06-03,319.8904113769531,321.6934158595787,318.22310259495436,320.4235502295139,37057800
2021-06-04,325.3188781738281,325.7647777608782,321.6158970214758,321.6837596667815,38736500
2021-06-07,326.2882995605469,326.34645910010823,324.09752496148394,324.78576590141046,32611900
2021-06-08,326.443359375,328.89585158541155,324.7663473137233,328.03310255552793,27282800
2021-06-09,326.52093505859375,328.5856874442269,326.3367533239248,327.81020720127617,21485300
2021-06-10,329.9233093261719,330.0299252524659,326.4142135500906,326.8601130664696,33702100
2021-06-11,330.7860412597656,330.79574437440573,329.28353762387894,329.93299548610094,21222800
2021-06-14,333.9559020996094,333.9655756321318,330.0299566115849,331.2125829407871,27827700
2021-06-15,331.7748107910156,333.9170987473574,331.05746071225883,333.606894906958,35963800
2021-06-16,330.563232421875,333.30652288915945,327.11229471716786,332.2402152651931,55399500
2021-06-17,334.7604675292969,335.7686152979436,329.5065263923153,329.554982803743,59722700
2021-06-18,332.1334533691406,334.24666145193623,331.38702356897403,333.1028181318173,55414900
2021-06-21,334.1976623535156,334.51794039002993,330.1119109228464,332.32462521783617,32992600
2021-06-22,337.31298828125,337.75940508657436,333.69305236731316,333.99390169448657,28941600
2021-06-23,337.4779357910156,338.62313566064245,336.64332921884596,337.254742209473,27188500
2021-06-24,339.5645446777344,341.0881905012289,338.86579113679346,339.4092628223047,32581600
2021-06-25,339.14715576171875,340.3699816607992,338.5454571818476,340.1273593549169,28682800
2021-06-28,343.2717590332031,343.40764175017654,340.3700055288033,340.42823251693966,39130300
2021-06-29,344.5139465332031,344.54306002409317,342.2624341314209,343.0970406149218,29426000
2021-06-30,343.970458984375,344.7468680670184,343.388159576637,344.3586487172076,32724000
2021-07-01,344.1063537597656,344.6109974684653,342.2721150035482,343.6211091724462,29290000
2021-07-02,348.0561828613281,348.3764311940493,345.7658134620561,345.9987213403988,32727200
2021-07-06,349.5605163574219,349.8419665254549,345.9696943777668,348.65796848615605,38842400
2021-07-07,350.298095703125,352.0546788214517,348.3474028940629,351.7538295326983,35265200
2021-07-08,348.18243408203125,349.0364694012732,343.9608293377966,345.24185269967666,50890000
2021-07-09,350.3563537597656,350.83188404216685,347.01786817849813,347.60016768536724,35184500
2021-07-12,351.7247619628906,352.1808931403898,350.18165783912826,351.753875458604,25717700
2021-07-13,351.7247619628906,354.68474262269365,350.8707265993189,351.3462569016323,39723000
2021-07-14,352.3555603027344,354.7041278435109,351.5306384672121,354.06360134594,35336400
2021-07-15,349.88079833984375,352.4720178509438,347.88159271368477,352.2682233868746,53391600
2021-07-16,347.04693603515625,351.71498661277093,346.69754453018766,350.73478306539107,47262000
2021-07-19,344.20343017578125,344.69835954632407,341.65103874777697,343.6017019715255,64404600
2021-07-20,348.20196533203125,349.64798533141465,343.3592021795,345.1352146996341,42183700
2021-07-21,350.89013671875,350.89013671875,347.5516508930821,347.7748741118687,30259900
2021-07-22,353.20953369140625,353.21921844324305,351.0938448612465,351.0938448612465,30252200
2021-07-23,357.3341369628906,357.61555750798505,353.1804443520867,354.52940894558446,31960800
2021-07-26,357.6156005859375,358.0038200081069,355.78139116921693,356.6451112644814,28438100
2021-07-27,353.6754150390625,357.35357784691723,349.5314363134525,357.35357784691723,57933100
2021-07-28,355.0340576171875,356.6062750287339,352.5204940964089,354.81086405189757,42066200
2021-07-29,355.6648864746094,356.829455724109,354.47117411731733,354.47117411731733,25672500
2021-07-30,353.811279296875,354.3935787806666,351.7150189254144,351.7441324187549,36484600
2021-08-02,353.8404235839844,356.0531381213734,353.13195569506735,355.47083858690587,27334100
2021-08-03,355.9851379394531,356.1015919037081,351.3170872980283,354.50029066124284,35558500
2021-08-04,356.49957275390625,357.45066302831987,354.84004417214123,355.9463866876559,29602200
2021-08-05,358.7608337402344,358.99374172153244,356.6063460622678,357.3147843777116,21443900
2021-08-06,357.1886291503906,358.46968232861104,356.0822865815548,357.4991928815327,33332100
2021-08-09,357.84857177734375,358.3726147359281,356.5481195184718,357.6447476764634,25960200
2021-08-10,356.0143127441406,358.6540449841331,354.83031454200466,358.3629100233557,35130800
2021-08-11,355.4028625488281,357.77085870550394,354.073297005322,357.27592932393196,34249800
2021-08-12,356.68389892578125,357.04297519552864,353.5492081086965,354.89820232961824,25969200
2021-08-13,357.935791015625,358.26575375009867,356.5382843655151,357.0332432757138,19336200
2021-08-16,358.09112548828125,358.1299237331186,352.96694355657974,356.8197869708104,34856900
2021-08-17,354.93719482421875,356.3152735590482,352.5109706686798,355.3447838968326,44793900
2021-08-18,351.5209655761719,355.8008274852032,351.19100272642396,354.40332034686696,38541900
2021-08-19,353.2193603515625,354.8886035245601,349.337402239195,349.58973899393567,48499400
2021-08-20,356.87799072265625,357.2758948336916,353.97620798451646,354.2867716248824,39486000
2021-08-23,362.2157897949219,362.9048290149169,357.9068142472287,357.9164990022228,34034700
2021-08-24,363.3220520019531,363.923750591973,362.341848392222,362.80769388948636,21732900
2021-08-25,363.7394104003906,364.3120252016674,362.8271480072528,363.57444379011275,20441900
2021-08-26,361.42962646484375,363.56468508570066,360.9928944471551,362.8853603678298,29133300
2021-08-27,364.94287109375,365.4475149594943,361.57527142508087,362.0605161634079,27104700
2021-08-30,369.038330078125,369.5235748062067,365.70952873457384,365.7289574785693,27295700
2021-08-31,368.73736572265625,369.3487490111051,367.1942619056353,369.28083727926315,29628200
2021-09-01,369.34881591796875,371.4159629281201,369.1450214515688,369.79526233368057,28138300
2021-09-02,369.17413330078125,371.02777146554007,367.9610216445504,370.69780864908336,25453400
2021-09-03,370.3097229003906,370.7076271894844,368.0096672925732,368.02906642241,24605400
2021-09-07,370.8336181640625,371.4838589668425,369.26143038110774,370.41631491144716,23970200
2021-09-08,369.54290771484375,370.65896446604796,367.28168071864684,370.65896446604796,32949200
2021-09-09,368.2716064453125,370.8725108772747,368.0289841001596,369.76616838421006,29399000
2021-09-10,365.47662353515625,370.697861587929,365.14666067157793,369.9797088623168,40249400
2021-09-13,365.2242431640625,368.2327660651284,363.1765248567049,367.8057483828101,48741800
2021-09-14,364.1858825683594,367.43699855087266,363.23479223980155,366.7091314592077,41826600
2021-09-15,366.8934326171875,367.2428241323064,362.3515502395031,364.64192016733983,34097900
2021-09-16,367.1458435058594,367.7184286993201,363.64239097884035,365.563941041,35193100
2021-09-17,362.7979736328125,366.71875839113625,361.7595726718765,366.67024577672095,60912300
2021-09-20,355.3014221191406,358.75046688054283,350.66703692248456,357.0113567892473,76203200
2021-09-21,355.73858642578125,358.32295337490024,354.6115672536215,357.12791752385976,41927500
2021-09-22,359.0614013671875,360.5187493428805,355.55403515444647,356.6519087067731,46972900
2021-09-23,362.3743896484375,363.4042463619607,359.5762772004437,360.21751377392695,44652000
2021-09-24,362.7144775390625,363.1322731716639,359.7414899525931,360.1106895280067,36056800
2021-09-27,359.8192443847656,360.69364729673265,357.2737478333367,359.6735155077415,43338100
2021-09-28,349.6371765136719,359.77059480277074,349.1319732652067,355.2722726687899,97701600
2021-09-29,349.06396484375,353.0376631925343,348.44217849629433,350.9002374139958,58076600
2021-09-30,347.781494140625,352.36728337983305,346.945962244198,350.7059150777573,61384600
2021-10-01,349.9383239746094,350.9779057872913,344.3032580391962,348.4032641038666,56375500
2021-10-04,342.5933532714844,348.6559112896858,340.3587649288273,348.3255826438038,76766000
2021-10-05,347.218017578125,349.4623310874055,343.42891877348393,343.6523598204089,47232900
2021-10-06,349.44287109375,349.71490816575323,343.10824696739064,344.0117954940638,56806500
2021-10-07,352.6490478515625,355.29170657655396,351.94951966995245,352.48386870945467,39411200
2021-10-08,350.8905334472656,353.9606834069778,350.35615473302096,353.7274875690188,41822300
2021-10-11,348.19940185546875,352.87262991532845,348.11193486156856,349.35553761585874,34847200
2021-10-12,346.98480224609375,350.08406788914886,346.34356567000145,349.6468813485061,43905100
2021-10-13,349.7635192871094,350.4339017377287,347.266589269575,349.2874617626891,40120800
2021-10-14,356.2049865722656,356.4187321217917,352.68792497082467,353.3485822512437,43433900
2021-10-15,358.44927978515625,358.56586286925926,356.3895662331551,357.4194230091557,40419900
2021-10-18,362.0537109375,362.267456435074,356.5546491815624,357.1570147702311,34513500
2021-10-19,364.7936096191406,364.8421760222479,362.10238452095024,363.1225161847525,29091000
2021-10-20,364.3175354003906,365.86232053598303,362.84073729606274,365.25022970588054,31390300
2021-10-21,366.54248046875,366.7368054154041,363.2197432896632,363.52092620210016,25469300
2021-10-22,363.46258544921875,366.2509731223025,361.8012170845607,365.28913296115627,36275800
2021-10-25,367.1836242675781,368.0968979159917,362.9378891413452,364.8810195167244,32597800
2021-10-26,368.33984375,371.8277597322551,367.1642580007848,369.4182966859178,47191300
2021-10-27,369.19482421875,372.2552490684939,368.52444177120924,368.78675373553443,45760500
2021-10-28,373.2948913574219,373.54750787114443,370.3219033490931,371.089448383217,38007000
2021-10-29,375.1310729980469,375.29625214903933,369.8749306873248,370.22467997203256,37310100
2021-11-01,376.4134521484375,376.539760352915,373.48906141702446,375.56819527208904,30765300
2021-11-02,377.98748779296875,378.4635749766438,375.7528993465057,375.80146575410737,25135300
2021-11-03,382.0,382.41776592199056,377.43366132861297,378.47321356359595,33748900
2021-11-04,386.8966369628906,387.8487813896767,382.7189190909069,383.262993149124,40265300
2021-11-05,387.26593017578125,389.5879557988873,385.8668737874535,388.664986564109,43383800
2021-11-08,386.74127197265625,388.25691143350406,386.10003533155617,387.23677975210165,29256300
2021-11-09,384.0791320800781,388.20828385863103,382.7189468359295,387.80993859966344,50490700
2021-11-10,378.4344482421875,384.118082109329,376.51073807726664,381.31027352271906,54937400
2021-11-11,379.4836730957031,381.5822576249606,379.143619323171,381.40738299331053,32243000
2021-11-12,383.4768371582031,384.0111862152096,379.0367766051723,380.63012828503423,34730600
2021-11-15,383.3893127441406,384.97296869555885,380.95070435957723,384.6523652393564,33716900
2021-11-16,386.1194763183594,386.6149544360584,382.4663814751148,382.66067673603766,27872900
2021-11-17,386.3235778808594,388.3541461304807,385.36173756520316,386.4401609918692,28703300
2021-11-18,390.32635498046875,390.83155825697514,386.1486360963617,388.36380376999676,45721500
2021-11-19,392.502685546875,393.7754338135081,391.1327748129784,391.9586113099856,45191700
2021-11-22,387.946044921875,397.08847871856335,387.83918696183883,394.0377788389632,61715400
2021-11-23,386.1777648925781,388.8495693207287,381.74742974006676,386.78982609208884,70098700
2021-11-24,387.4213562011719,387.70308876680224,381.37821935323643,383.70024480865015,46954400
2021-11-26,380.0763244628906,386.23604437603416,378.6869636697701,384.84668358291367,51533300
2021-11-29,388.3247985839844,389.3352344374346,383.9041899060798,384.6328636211065,54447100
2021-11-30,382.6218566894531,389.78228826501027,380.6107093860575,387.440812314893,81332700
2021-12-01,376.11236572265625,389.0924939464996,375.64603334024446,386.9550383610428,77766500
2021-12-02,378.8230285644531,380.6009800122921,373.41140274344633,374.829879775316,84416600
2021-12-03,372.23577880859375,381.1838859743327,368.12604734982597,380.1831750070444,105349100
2021-12-06,375.218505859375,376.5786912592903,368.51468201368897,372.7215760878553,67588800
2021-12-07,386.5177917480469,387.1298826017134,381.8154194791573,381.8542903912459,56005300
2021-12-08,388.2471618652344,388.45121190853195,384.9535711997848,386.84813523155293,39204000
2021-12-09,382.5344543457031,388.8204836488228,382.3401294064192,387.02308173482663,49973700
2021-12-10,386.6927185058594,386.9550304656138,382.17491609468055,385.3422284930987,52545800
2021-12-13,381.10614013671875,387.00351782984734,380.73694065036705,386.6829143889607,50166400
2021-12-14,377.16168212890625,378.9979252293101,372.72162134697993,376.28724959080563,75199200
2021-12-15,385.76007080078125,386.1195749424606,372.96456974030514,376.90912330737586,73858000
2021-12-16,375.84033203125,387.1493668046247,374.2566757853387,386.7218756836491,82591400
2021-12-17,373.96514892578125,378.1234466204989,370.91442009447013,372.4300593705942,80492500
2021-12-20,370.3375549316406,371.1255254941099,367.2051181161095,369.24801685453167,65336800
2021-12-21,378.62591552734375,378.9372206550842,369.86095132660364,373.6062316713703,48899500
2021-12-22,383.237060546875,383.44134156093884,377.67260722482564,378.3341083954941,37042200
2021-12-23,386.1262512207031,387.5951683998454,383.42185116342694,383.58721159285807,29595500
2021-12-27,392.5078125,392.5078125,387.39084295846783,387.42002595370644,32820700
2021-12-28,390.688720703125,393.5779565780435,389.8132009778117,393.40285857051924,33113700
2021-12-29,390.6303405761719,392.08954996149595,388.25669093436284,390.82491370262477,32248500
2021-12-30,389.46295166015625,392.5953886793781,388.87926202726817,390.4162826957751,23850100
2021-12-31,387.0308837890625,390.15358282325826,386.5347432152214,388.7916603229614,34752900
2022-01-03,390.7568054199219,391.00974454371743,386.0873473183604,388.19832024519195,40575900
2022-01-04,385.6884460449219,391.3404472631714,382.5949296886275,391.3015267055708,58027200
2022-01-05,373.8396911621094,385.12424866501397,373.5867520579978,384.00549782002093,75739800
2022-01-06,373.5769958496094,376.81645685721696,369.7927954770154,372.020529806364,70814300
2022-01-07,369.5301513671875,375.26973173594047,367.7596666339239,373.58676631105357,72652300
2022-01-10,369.7733459472656,370.28896172719385,359.2670509897626,364.62722258681447,91770500
2022-01-11,375.328125,375.4934854420192,366.96198507841575,369.0437750740555,68295700
2022-01-12,376.81646728515625,379.5889707439038,374.54010446184316,377.89626785911645,54576400
2022-01-13,367.3899841308594,378.8788226987878,366.4560985140958,378.19784650025264,77994000
2022-01-14,369.6761474609375,370.0068980546383,364.66617105033026,364.87048175725505,80121200
2022-01-18,360.4732971191406,365.9891209009165,359.71450953046275,363.86841067713556,75450900
2022-01-19,356.5140380859375,364.5007689267913,356.25136140354783,362.029832788458,81791500
2022-01-20,351.8833923339844,363.7029794585667,351.34836090171905,359.73394398670746,88610700
2022-01-21,342.126220703125,352.3309484155579,341.84409858774796,349.6946518810321,143388900
2022-01-24,343.69244384765625,344.35397467492515,325.0632096858729,336.5034209388335,198685800
2022-01-25,335.72515869140625,341.4841848912907,332.38844029940157,337.2427637902628,124398400
2022-01-26,335.1998291015625,347.17507067851926,331.51288540493397,343.3130289963466,146559500
2022-01-27,331.8241271972656,341.71754743294156,330.8026631010949,339.89840499224755,95255700
2022-01-28,342.2333068847656,342.4473254973081,328.7599609225194,333.7018047652764,108167900
2022-01-31,353.17724609375,353.76093569684656,341.9607928414267,343.5951296676344,94326400
2022-02-01,355.580078125,356.2318712803387,349.37360008983933,354.51972302915703,74433000
2022-02-02,358.4692687988281,360.03550187614525,354.3835014643365,359.70475140294946,78777100
2022-02-03,343.93560791015625,352.08772832642944,342.875252752368,348.78019330152955,95384800
2022-02-04,348.27435302734375,351.5721505685939,342.3985953365478,344.4512021440884,86318300
2022-02-07,345.4726867675781,351.23168311671714,344.21775839813677,348.8677710648343,58198100
2022-02-08,349.3542175292969,350.4437559095644,343.2060741689936,344.3345331164691,64720900
2022-02-09,356.7572021484375,356.8350135761256,352.2725504590075,353.8679667596408,55766400
2022-02-10,348.68292236328125,356.52373803272644,346.84433406588846,349.74327756855774,112468500
2022-02-11,337.62213134765625,350.2783500326764,336.39638598494747,348.68293354866245,101569100
2022-02-14,338.0404052734375,341.43551898191356,334.53832682443243,337.0675991070054,80254400
2022-02-15,346.4454650878906,346.6789290679671,342.2526728821173,343.3130280418822,55128800
2022-02-16,346.3578796386719,347.37931413168127,341.17280668796377,344.19824898721663,58947100
2022-02-17,336.0558776855469,343.84803432565775,335.63754850169113,343.14761274914025,61801400
2022-02-18,332.2231140136719,337.3789759165863,329.91756765920456,336.98985930484275,80001500
2022-02-22,328.8863220214844,334.6842686128457,325.2577737302446,329.2851761441837,85967100
2022-02-23,320.4617919921875,332.8747773875307,320.15048692148855,332.03817840867356,86215400
2022-02-24,331.2308044433594,331.76586571589667,309.60533959972105,310.1695541857817,130614100
2022-02-25,336.3671569824219,336.571467640058,328.2150667421436,332.0284500570756,78842100
2022-02-28,337.369140625,339.0618434116752,332.0381822442066,333.19582386799624,77515500
2022-03-01,332.20361328125,338.6144032240385,329.68404853136684,336.3477776117557,67407000
2022-03-02,337.77777099609375,339.11051074418504,330.98757301152676,333.750339065548,70609000
2022-03-03,332.9526062011719,340.521036037841,331.09454309415395,340.4140119353788,71089400
2022-03-04,328.12762451171875,332.02858812358505,325.8123699516075,330.59856136392,76936300
2022-03-07,316.0257263183594,329.2753682803985,315.8214453816355,328.1177268261608,89933800
2022-03-08,314.55694580078125,324.14880236266123,311.23967251525295,315.23789244743244,116153900
2022-03-09,325.88037109375,327.23258609319413,320.14081989375154,322.72848819963866,64723400
2022-03-10,322.2615661621094,323.4678662884436,317.8255713431909,321.8238210937463,69362700
2022-03-11,315.5783386230469,325.5398947178909,315.0919355025774,325.2285895957447,66228400
2022-03-14,309.5176696777344,317.7086788209321,308.81724823450566,314.3427786823765,79802600
2022-03-15,319.2262878417969,320.0045504663024,310.54887481426624,312.15399880126375,76471000
2022-03-16,331.0654602050781,331.1821922156537,319.4695955889141,323.13709448475873,105243000
2022-03-17,335.0733337402344,335.1316997309201,327.8745745746981,329.16839361847946,67810000
2022-03-18,341.93170166015625,342.22356138391706,332.26200396256377,333.4196459184512,85446300
2022-03-21,340.98101806640625,343.31866317461163,336.5979780751096,341.09792410133036,73799100
2022-03-22,347.6821594238281,348.549041489872,341.09788040409666,341.4777283646636,63345900
2022-03-23,342.6855163574219,348.3640045280012,342.6270782050995,344.80887821456724,70615500
2022-03-24,350.3023376464844,350.35105593205935,342.4518273333575,344.6043789419513,53555300
2022-03-25,350.01007080078125,351.29576956009686,345.71468839424256,350.2438234026969,57584200
2022-03-28,355.4256286621094,355.5230355072366,348.7634106520698,350.00039138443765,56833900
2022-03-29,361.5423278808594,362.1656780545059,356.54565799435034,359.31183941200896,68073000
2022-03-30,357.54888916015625,361.3377976846079,356.06840647526775,359.68197082403816,68757700
2022-03-31,353.1171569824219,358.0456391088496,352.279493961754,357.6949804858477,67011400
2022-04-01,352.44512939453125,354.1593648604611,349.269850841836,353.3801696236196,54527800
2022-04-04,359.7014465332031,359.7111961332405,353.01976027347615,353.28273195497076,45950200
2022-04-05,351.71466064453125,358.9612900813736,350.5750570202456,358.250252800888,62738700
2022-04-06,344.078369140625,347.50686952486234,341.448533407247,346.4062347899626,90077100
2022-04-07,344.896484375,347.0880039357675,339.6270937752949,343.08481274808463,63777400
2022-04-08,340.0751953125,343.9127926867397,339.4420954838791,343.16281654814475,61956100
2022-04-11,332.0299377441406,336.7636071517967,331.6890286539163,335.8480363263463,66107400
2022-04-12,330.6272888183594,338.6531115701923,329.2539328859317,336.77328177821795,72790200
2022-04-13,337.3479919433594,338.39990848748874,330.2474586662088,330.9682157478457,61367800
2022-04-14,329.6337890625,337.95183248717245,329.4195059388165,337.43560901526075,73519400
2022-04-18,329.8871154785156,332.17604260732804,327.0624952815199,328.58194696609405,58560600
2022-04-19,337.2603759765625,337.8350377368867,328.22157337418815,329.2442709651318,56515700
2022-04-20,332.3415222167969,338.5264838163348,331.1240112611551,338.068698508038,65500000
2022-04-21,325.465087890625,338.8284920047036,324.5397972136839,336.2181551269493,75801000
2022-04-22,316.9425048828125,326.838439334833,316.51393856889234,325.62092815310405,82562100
2022-04-25,321.01385498046875,321.3255449766904,314.04969696933296,315.3159264323357,101755900
2022-04-26,308.897216796875,319.1437803869639,308.6244657518132,318.95871630604034,105819600
2022-04-27,308.5270690917969,314.4879988119312,306.81280391367983,308.9945743408159,111204200
2022-04-28,319.48468017578125,321.3158217288803,309.2673062384134,313.48478157123293,99450000
2022-04-29,305.10833740234375,318.7249947332458,304.47523745955675,315.28674394766375,91977900
2022-05-02,310.202392578125,310.4361452229706,301.60187658563825,304.69921802742374,115511800
2022-05-03,310.5334777832031,312.8224042977626,307.76729649145034,310.221787848372,78185500
2022-05-04,321.03326416015625,321.7053325216282,305.73159624948295,311.01070660481844,116083400
2022-05-05,304.8647155761719,316.7963218567089,301.57256149551785,316.71841424136176,154607400
2022-05-06,301.21221923828125,306.90042702253174,297.17980856751376,302.8680460761537,139572800
2022-05-09,289.42669677734375,301.3096155262985,288.0338713858974,295.5921888671596,113387300
2022-05-10,292.94293212890625,297.81297672621145,288.86183237841306,296.59546557688515,124124600
2022-05-11,284.2547607421875,296.18637005820534,283.38790825672874,290.6832255838595,140326100
2022-05-12,283.58270263671875,288.0631497956638,277.53411532056,279.978887320911,120910900
2022-05-13,294.09228515625,295.12473233696886,286.4365588211198,288.03394787771657,83684900
2022-05-16,290.6831359863281,294.4038560620916,289.4071870674454,292.3486824097488,59190400
2022-05-17,298.2123107910156,298.5921587961595,292.7383559367014,296.5370143344921,62715300
2022-05-18,283.5730285644531,294.3942555855949,282.3165484808094,293.70271743542173,79477100
2022-05-19,282.0534973144531,286.73850768800816,280.1054794237619,281.77105612186665,79920700
2022-05-20,281.1768798828125,286.1638006552641,272.9270233764225,285.51123134311183,91764200
2022-05-23,285.8521728515625,286.2320209059807,279.82305474608825,282.2191085702212,63648400
2022-05-24,279.7743835449219,281.3522736391497,274.914087314657,280.6412659710401,73491100
2022-05-25,283.68988037109375,285.7645243666123,278.079578831032,278.2841124050644,67144500
2022-05-26,291.550048828125,293.0987490190363,282.60865493867686,282.8911258210658,59462200
2022-05-27,301.06610107421875,301.2121964372333,294.5597299632836,294.6766062536952,66985600
2022-05-31,300.2674560546875,303.2381712461334,296.4201090925534,301.0369313919927,60968300
2022-06-01,298.0467224121094,304.523875630762,295.8357329172192,302.40054336965414,65341700
2022-06-02,306.20892333984375,306.38423780833415,295.514294896039,296.92661969357243,59291300
2022-06-03,298.2414855957031,302.40049218011103,296.9947556078543,300.99791722823267,60914700
2022-06-06,299.2350158691406,304.23168628909286,297.67659568206346,302.67326610201565,51785000
2022-06-07,301.8161315917969,302.59535654257195,294.8227548582987,295.9136400649913,44900300
2022-06-08,299.6440734863281,303.61801620532157,298.7966608845032,301.01739970013836,38342100
2022-06-09,291.6182556152344,301.01743545544304,291.4526907496542,297.9590629986376,55900500
2022-06-10,281.33270263671875,287.20597460384334,280.8846669045221,286.01768266023385,85963500
2022-06-13,268.25189208984375,275.0017690831566,267.39475919080655,272.47908868336503,94442000
2022-06-14,268.73876953125,271.41729371088064,266.2355598004326,270.44328491828765,64697500
2022-06-15,275.44970703125,279.37496173778936,269.4205895185,272.1575818938242,86051400
2022-06-16,264.3362731933594,268.88487782771375,262.28109908553523,268.4270924842186,81910300
2022-06-17,267.55047607421875,269.9854980416754,263.47912647848466,265.1057045070877,82703400
2022-06-21,274.3006896972656,276.6135532851158,271.9195668371507,272.0268994799265,51633700
2022-06-22,273.900634765625,278.3018394534136,271.2071926784864,271.8024660137112,67472900
2022-06-23,277.9797058105469,278.82871750635326,273.5491977794671,276.37924669266306,57457800
2022-06-24,287.50433349609375,287.92398502775217,280.5658327618819,280.80003470957627,58422300
2022-06-27,285.396484375,289.42684893372103,284.2644585476467,288.8608509108106,54151500
2022-06-28,276.70135498046875,288.5192616412146,276.5159351758475,285.9331824998259,61609800
2022-06-29,276.9550476074219,278.45791285837396,274.06644785541357,276.5647011190199,57302700
2022-06-30,273.51995849609375,277.09168696089944,269.12849346614837,273.97862381270477,79313600
2022-07-01,275.3253479003906,275.71569439598346,270.3483481823784,272.22205305536403,56675100
2022-07-05,280.0388488769531,280.15594985091695,270.0751105884705,271.5974828130593,61829300
2022-07-06,281.83441162109375,283.93257952732887,278.7018420529149,280.419402086532,63194700
2022-07-07,287.8654479980469,288.56808365550654,282.6444776054049,282.6444776054049,56620100
2022-07-08,288.2265625,289.59279043284533,284.09857367070816,285.03541142729705,59895500
2022-07-11,282.068603515625,286.04041586080655,281.1903167246997,285.81598233002046,55273900
2022-07-12,279.33624267578125,285.230573832258,277.7455514549801,283.3178548991353,55797100
2022-07-13,278.760498046875,281.1026073001169,273.2662813527627,273.8323092060632,73939400
2022-07-14,279.7558898925781,280.62440871511484,273.0515607161218,276.16462427336086,63741800
2022-07-15,284.8305358886719,284.93789834280494,281.1319365707142,282.7421649119252,63818100
2022-07-18,282.4199523925781,289.01691741139587,281.24891307414424,287.6116464040557,59519600
2022-07-19,291.1053466796875,291.39812890521887,284.44009126466915,286.0405209277583,55172600
2022-07-20,295.72125244140625,296.90206024914977,290.7442528094692,291.52497556868116,67769400
2022-07-21,299.9664001464844,300.02495064223245,293.52557758038677,296.17997591992554,55049400
2022-07-22,294.70635986328125,301.10813827886636,292.88146674837793,299.0392748591571,57127700
2022-07-25,293.0278015136719,295.2040270459721,291.0272572099381,294.7355934056734,40582400
2022-07-26,287.2701416015625,291.5835495722376,286.4601733164211,291.32981093233593,50074100
2022-07-27,299.4101257324219,301.09841102643696,291.2615112895609,291.82753909562643,69304400
2022-07-28,302.3376770019531,302.9134431929837,295.4479598258604,299.19533912815126,55139900
2022-07-29,307.8515319824219,308.7591243003391,302.45490913901483,303.8797173973839,57501000
2022-08-01,307.666015625,311.120642967431,304.9921110110565,306.0850930494122,46358800
2022-08-02,306.74871826171875,310.86693803333435,304.3187836531633,305.3727520054132,48676500
2022-08-03,315.102294921875,315.922031555984,308.3686908175321,308.42724130700196,53735700
2022-08-04,316.5758056640625,316.8880947466427,313.0333526987041,315.1803029145353,38973700
2022-08-05,313.98974609375,316.0195656918979,310.7107998702354,311.4914928430166,53894000
2022-08-08,312.9748229980469,318.5959077315919,311.51100133048016,314.907078320585,43878500
2022-08-09,309.43231201171875,311.3352917367896,307.8123758765423,311.0815531650408,39764200
2022-08-10,318.06890869140625,318.36169088012,314.29225373105913,316.76123163675936,51459600
2022-08-11,316.2635803222656,322.3921133408172,315.56094463561175,320.39156870404844,45897700
2022-08-12,322.42138671875,322.6165450793937,317.25896710802823,318.3129056437859,40928400
2022-08-15,325.0269775390625,325.5246864619341,321.4552489111956,321.4747855946209,38266600
2022-08-16,324.2657470703125,326.35414676715345,321.22100302538877,324.0510520527076,41186900
2022-08-17,320.5671691894531,323.436261971791,318.48853770617495,321.1331968983646,47842200
2022-08-18,321.33819580078125,322.51900384424147,318.9082608747552,320.51845907611624,41937200
2022-08-19,315.0730285644531,318.95704693798035,314.31184232639384,318.30322313147957,51770600
2022-08-22,306.7779235839844,311.0522869439846,305.96795549292,310.8180850442115,51098900
2022-08-23,306.5242919921875,309.35434152618393,305.7728444052722,306.5437988949074,39497100
2022-08-24,307.4123229980469,309.2274475970766,305.4410240635622,306.0460655965721,38057100
2022-08-25,312.84796142578125,312.8674981086766,308.1442369849633,309.1884071663571,38098300
2022-08-26,300.0249328613281,313.75558914966086,299.93710712291096,312.55524449489485,69047700
2022-08-29,297.0679626464844,299.81018609423813,295.9652122628593,297.2728893341187,48321900
2022-08-30,293.7597351074219,299.33203795561866,291.24197482667506,298.7172280617715,51184500
2022-08-31,292.0519104003906,297.5558938041094,291.94457778028476,296.658070136426,50044000
2022-09-01,292.1788330078125,292.5496726386103,285.8844169711918,289.5634784705977,57990700
2022-09-02,288.05084228515625,296.42388916155085,286.4406146175746,295.0478932133879,64666800
2022-09-06,285.9819641113281,289.446360123515,283.8545503145779,288.52902944390166,57005400
2022-09-07,291.75921630859375,292.7546044547529,286.19668131283277,286.46018830853086,49260400
2022-09-08,293.27178955078125,294.58923504644343,288.32409480360485,289.69032244366866,55649800
2022-09-09,299.6833190917969,300.1810279756889,293.27177320994116,295.52605613582205,56125200
2022-09-12,303.24530029296875,303.57709631157707,300.74704692101136,301.0593360378884,45905700
2022-09-13,286.6163330078125,295.71152355943633,285.7282775028178,294.52094725160663,79562200
2022-09-14,288.8901062011719,289.7683933119644,285.9917378884854,287.75808045201677,54907200
2022-09-15,284.07904052734375,289.37806861756616,282.4785809670192,286.97740905861184,65299400
2022-09-16,282.3418884277344,282.73223485810206,278.7311169384049,280.7804729247399,79920400
2022-09-19,284.5406494140625,284.6970745912991,279.6427184448839,279.70137415696615,52613800
2022-09-20,282.27252197265625,284.5601839494864,279.9750741000764,282.0378693199994,51271100
2022-09-21,277.2181701660156,287.37581184198143,277.0813167842155,283.11330785148755,82931000
2022-09-22,273.8061828613281,276.6999734866087,272.58413937353527,275.6930108460692,62757100
2022-09-23,269.34820556640625,271.63586769229045,265.93623941777963,271.3425593161207,74815200
2022-09-26,268.233642578125,273.2391277430711,267.4417608144934,268.878885095722,71176700
2022-09-27,268.3411560058594,273.94298317480377,266.0241369402043,271.5966660995625,69780100
2022-09-28,273.67913818359375,274.9598376182292,266.84547923320525,268.32168776244924,79652100
2022-09-29,265.78961181640625,270.0716577150531,262.8273790808432,269.69036575980726,81216000
2022-09-30,261.28271484375,269.0353524973825,261.12628967839305,264.9683877032516,78482400
2022-10-03,267.4125061035156,269.00605596137075,261.5466959774545,263.05226226362504,61267400
2022-10-04,275.82012939453125,276.52402769113763,272.7503415958443,272.7503415958443,66696900
2022-10-05,275.6734619140625,277.462520407493,269.2601802392383,272.0562013477238,55766300
2022-10-06,273.503173828125,277.8243037680566,273.18053757441095,274.67631791285686,53489400
2022-10-07,263.08160400390625,268.99628425911965,261.75200479094065,268.8691869260728,71354700
2022-10-10,260.45172119140625,263.66814841441,257.74368321845105,263.2770705805112,60393000
2022-10-11,256.8735656738281,261.6444286795512,255.19203248058224,258.77996563092654,66522500
2022-10-12,256.7855529785156,259.4251489637878,256.0914406437089,257.50899316310165,50580200
2022-10-13,262.8078308105469,264.12764394193346,248.5734536032913,249.45333399672413,112894100
2022-10-14,254.908447265625,265.73086992391836,254.32189034786515,265.13452711251534,77244300
2022-10-17,263.325927734375,264.1960071537805,260.77428550467795,260.8720549473756,64576500
2022-10-18,265.4083251953125,271.0101539048648,262.7295853642135,270.34536935380896,69781000
2022-10-19,264.44049072265625,267.5591488670149,262.0746306486932,263.8930174905795,53115400
2022-10-20,263.0912780761719,268.6931360370133,261.92792015057984,263.5507676104997,60605500
2022-10-21,269.26019287109375,269.7978800833209,260.85252752642265,261.9865874878013,77897700
2022-10-24,272.2224426269531,273.1511778563182,265.88735790217254,269.5241608272236,63963600
2022-10-25,277.8536682128906,278.23496022929834,271.68479301222135,273.16103158591875,59014500
2022-10-26,271.7140197753906,277.62872793281883,271.2252023988285,272.2321650011446,63492400
2022-10-27,266.7671813964844,272.05618881434197,266.24903618804586,270.59952262808065,57760300
2022-10-28,274.93048095703125,275.3997564380177,265.97534191478553,266.14155297108766,62651300
2022-10-31,271.733642578125,273.503159426672,269.81745662103884,272.68194966008537,47742000
2022-11-01,268.9571228027344,275.7614831825195,268.59540266363206,275.204224129554,45895900
2022-11-02,259.7380065917969,271.9877694465551,259.6695649953625,268.9277677479085,79803100
2022-11-03,254.66412353515625,258.58444930817916,254.28286141146174,257.1277827515424,70038900
2022-11-04,258.7603454589844,260.6471732712029,253.2855851672492,259.59134092171047,78313200
2022-11-07,261.6052551269531,262.142972091056,257.67517453380106,259.8064109324985,47333800
2022-11-08,263.51171875,266.7476878754442,259.5816073657685,263.1206707578258,63213800
2022-11-09,257.4308166503906,262.55361373285587,257.14729418920933,261.77151778448103,64862100
2022-11-10,276.42633056640625,276.71960916879374,267.7253839532547,269.83707939561333,99256700
2022-11-11,281.51971435546875,282.18452870756767,274.90113736604735,276.24049229556425,66961800
2022-11-14,279.05609130859375,282.741763917315,278.07845646792043,279.4666812340499,55290700
2022-11-15,282.9178161621094,286.7012589614155,279.5742912260636,285.67472427703444,73985400
2022-11-16,279.05609130859375,283.00574441872726,278.2348816226339,280.96249118192577,48859800
2022-11-17,278.440185546875,279.9164237510192,274.4416625000356,274.5980876597836,55462100
2022-11-18,278.4499206542969,281.54900592608294,276.00583391974624,281.45126632473546,53588600
2022-11-21,275.5855407714844,278.21535143793466,274.7545450656288,277.0617493138327,40083500
2022-11-22,279.5547180175781,279.71111335033106,274.18748200532116,276.3187488109687,41873400
2022-11-23,282.3604736328125,282.9861443541074,279.3982415549333,279.5742086482621,46390000
2022-11-25,280.50299072265625,281.47083963013006,280.0141733212983,280.7669413787728,15498800
2022-11-28,276.38720703125,280.5421561500874,275.4584715998371,278.52823025811415,38714200
2022-11-29,274.2950439453125,277.0128679016486,272.9263609879941,276.6120339936034,35618900
2022-11-30,286.7989196777344,286.9064750158597,273.70840571881683,274.5589431887968,74718100
2022-12-01,287.1509094238281,289.13550697653733,284.3744300291789,287.121581571721,51547300
2022-12-02,286.007080078125,286.88697536237026,281.9107874314308,282.0867843893096,53583200
2022-12-05,281.2069091796875,285.15653258522,279.75021293114065,283.88561918438853,41482100
2022-12-06,275.3801574707031,281.1873104465043,273.9919327917334,281.05045709162715,53937600
2022-12-07,274.2558898925781,276.25027324305955,272.54502898857334,274.19723419124455,45614300
2022-12-08,277.501708984375,278.46955811599247,273.53251315292846,275.6050946410666,42594900
2022-12-09,275.732177734375,279.2516696245524,275.2922300599584,276.4849459273226,47860500
2022-12-12,279.1929626464844,279.2516481889468,274.871833080141,275.90812369116725,35732500
2022-12-13,282.1943359375,290.2402827040122,279.51562559274254,290.01541591406703,80667700
2022-12-14,280.1021728515625,284.8925776911261,276.856417960983,281.6077090523937,64984400
2022-12-15,270.6972961425781,276.68041594822324,269.5045805722666,276.0156016536726,60554100
2022-12-16,268.1163330078125,271.55759662339494,266.51299768012547,270.02273272438384,68300400
2022-12-19,264.34832763671875,268.4740151270423,263.113549233201,268.38582094200126,44167900
2022-12-20,264.1425476074219,265.8869024245036,261.60441519925917,263.1821610584661,51064200
2022-12-21,267.9742431640625,269.27759708328415,264.3385134662635,265.1813077297633,46394700
2022-12-22,261.418212890625,265.093120157277,257.2043012809809,264.9657185869975,60278400
2022-12-23,262.0062561035156,262.67266222528946,258.25296279970826,260.1541178129993,39373600
2022-12-27,258.3019104003906,261.50644919316005,257.7629358770659,261.39863634460903,38009000
2022-12-28,254.89158630371094,260.15404897861896,254.5290002209293,257.9001177088302,47139000
2022-12-29,261.10467529296875,262.04544340160635,256.99857554474977,257.69434977774887,45893600
2022-12-30,260.9478759765625,261.07527757710335,257.03778328615977,258.34113754746767,37858300
2023-01-03,259.1839904785156,264.7404360908657,256.88104154378675,263.27047250356884,42335300
2023-01-04,260.41864013671875,262.094419519153,257.2729276346424,261.30064187756807,47754900
2023-01-05,256.34197998046875,258.919320349099,256.02841054713053,258.7527412605254,45396700
2023-01-06,263.41741943359375,264.5346059307866,255.12683454248378,258.0765705578795,54659700
2023-01-09,265.1225280761719,269.77741078699546,264.5149481705316,265.40669938269843,45568700
2023-01-10,267.36669921875,267.4745120737934,263.58400819036984,264.09358467777196,35247800
2023-01-11,271.9921875,272.1000003561461,267.65090322153156,268.4349015637978,44077000
2023-01-12,273.462158203125,274.4911504479409,268.25849055952096,272.55078814271513,60600000
2023-01-13,275.34368896484375,275.58868281451504,270.63000968968595,270.96319773646184,44802900
2023-01-17,275.90228271484375,277.18604809737275,273.98150939661457,275.14768251608376,36269700
2023-01-18,272.3155822753906,278.9892126837552,272.1097958051242,277.4408347282873,47754500
2023-01-19,269.6402282714844,271.82558420366604,268.40547959041226,270.6888091384825,44150400
2023-01-20,277.0194396972656,277.35262774545413,270.1890099432116,271.2474001259053,60613600
2023-01-23,283.1737060546875,284.39867540350957,277.06847796030434,277.8622557058228,52799900
2023-01-24,282.59552001953125,283.7518838905232,281.03736261916526,281.55674841928726,44875100
2023-01-25,281.9682922363281,282.5856515284954,275.54943634148947,278.08756867530457,50872000
2023-01-26,287.4659729003906,287.64236129032844,282.7424844155557,285.388429890523,51596300
2023-01-27,290.3275146484375,292.28746540168373,286.0352177137922,286.152809973951,56441900
2023-01-30,284.45751953125,288.4852349810713,284.08515390782713,287.06425833411,49405800
2023-01-31,288.7203369140625,288.81834043174297,284.38886255344715,284.4966454883634,46705100
2023-02-01,294.8941650390625,297.3538825772445,286.44675327264645,288.5145165990588,67562200
2023-02-02,305.47796630859375,307.39870992894157,300.5878980976118,301.4110739349037,83070600
2023-02-03,300.048828125,306.13449622905244,298.44168419535396,298.8336683313794,76170800
2023-02-06,297.51068115234375,299.7842308991494,296.16811985122564,297.4322962915616,40802300
2023-02-07,303.67474365234375,304.8017092397127,296.26613294999623,297.38328921452313,67584000
2023-02-08,298.275146484375,303.30242572488396,297.58918155909504,302.36165759241106,56720900
2023-02-09,295.6389465332031,302.80256370985006,294.1886022038024,302.6555733935558,49137800
2023-02-10,293.6986999511719,295.5312495423064,291.29774776311353,293.4831041224218,50050100
2023-02-13,298.40252685546875,298.9905181113563,293.92403183643796,295.1000143482131,39636700
2023-02-14,300.607421875,301.55799910783185,294.88436973843034,296.8247315897238,64079100
2023-02-15,302.910400390625,303.0769794600468,298.1085269393555,298.7944917715508,43100600
2023-02-16,297.2265625,302.2538416898936,297.0795721536685,298.2849528065457,59498600
2023-02-17,295.1294250488281,295.88399541718906,292.1307024125652,295.0412308426414,58230700
2023-02-21,288.1422119140625,292.74810899592325,288.00503088741164,291.30754373044596,46526700
2023-02-22,288.35772705078125,290.42546054300556,286.7015664298325,288.7203131204909,51389200
2023-02-23,290.8763122558594,292.16007766757474,286.6917980591671,292.0032780111049,69294400
2023-02-24,286.005859375,287.1034271642342,284.2418855081771,285.91766516763073,74332000
2023-02-27,288.0539855957031,290.5529110256689,287.4659943455708,289.1613626370489,48995000
2023-02-28,287.68157958984375,290.1903142523565,287.0935883612757,287.4267764126198,48243100
2023-03-01,285.368896484375,288.04421063661897,284.38892091939636,287.38764375571253,58287000
2023-03-02,287.7306213378906,288.5342085068235,282.5955587679446,282.8797600655393,53565900
2023-03-03,293.6789855957031,293.9141999999953,288.96530687757166,289.47491316481114,60511500
2023-03-06,294.01220703125,297.9125198668912,293.8162298962756,294.91379755285436,56736300
2023-03-07,290.4059143066406,294.9824127073463,289.7983343272335,294.06123341389787,65955800
2023-03-08,291.8563232421875,292.45409396799647,288.97519275474593,290.827330978684,50876300
2023-03-09,286.799560546875,294.9529618127606,285.98616434091986,292.35600347242956,71456700
2023-03-10,282.77191162109375,288.4557873254567,281.62535706186685,286.9662054618756,98593600
2023-03-13,284.8691101074219,288.5734166863263,279.4792442969985,280.988415097732,97123600
2023-03-14,291.4153137207031,291.9640976158507,287.5738264546701,288.4165910413327,73602500
2023-03-15,292.94403076171875,293.2772187994073,287.36796850276227,288.8085334957989,83631500
2023-03-16,300.66632080078125,301.0289069990285,291.2389600204212,292.0327378886065,98198100
2023-03-17,299.24530029296875,302.9594157617402,297.2951586443175,300.5780825063804,89923700
2023-03-20,300.3072509765625,300.6311303110754,296.42054919854286,298.62890724672246,56359500
2023-03-21,304.5964050292969,305.04788323131515,300.72932185078076,302.24082881743965,49757000
2023-03-22,300.4544677734375,309.4154987468772,300.28763082839566,304.5276555015175,75791900
2023-03-23,304.0173034667969,308.33586449885354,301.32802358760387,304.1841703718912,74576000
2023-03-24,305.1362609863281,305.23438628802813,301.26917759155515,303.5953103540764,57195200
2023-03-27,303.0456237792969,306.9127064965641,302.1917301252153,305.8330587920121,50287400
2023-03-28,301.43597412109375,302.49600280278304,299.1294607378363,302.466559225668,48585900
2023-03-29,306.932373046875,307.5507181893601,304.31177457462326,305.1264302220419,53274300
2023-03-30,309.83758544921875,310.46575510812926,307.0207064008411,309.4057262969123,58354800
2023-03-31,314.99041748046875,315.2259960757609,309.7590750261057,310.06333534027965,62138100
2023-04-03,314.22479248046875,314.489814603818,311.54533734186873,312.8703281475286,47126800
2023-04-04,313.1648254394531,315.6774438935838,311.94775434717684,314.6665077964357,45875400
2023-04-05,310.0730895996094,313.15496013444977,308.257322684208,312.21273582508866,62795700
2023-04-06,312.1637268066406,312.6544731339284,307.03053939298894,308.4242421889301,46916500
2023-04-10,311.987060546875,312.03615315052036,307.4525693445177,309.23889313719735,45134700
2023-04-11,309.9847412109375,312.0066431747439,309.47437592996783,311.9477260723513,40113600
2023-04-12,307.2464294433594,312.5268640380153,306.78512675695106,311.937962530485,62813300
2023-04-13,313.2629699707031,313.73406719426043,307.8254932108814,309.0032662225483,54613800
2023-04-14,312.6740417480469,314.43089158193646,309.7688026716277,311.71216841092246,56278300
2023-04-17,312.93902587890625,313.29237871005614,310.1908592044973,312.2617937425751,43007000
2023-04-18,312.9587097167969,315.4713582784349,311.76131752372714,315.04929370487713,46746900
2023-04-19,312.8114013671875,313.8714298207421,310.4263822758413,310.55398106680326,38960100
2023-04-20,310.4264831542969,313.3611364890163,309.14073022453687,309.84740610563057,62462100
2023-04-21,310.75030517578125,311.5256925854782,308.286779534133,310.06327844359055,59002300
2023-04-24,310.1025695800781,311.85941960168043,307.9334495735245,310.52460416943904,44043100
2023-04-25,304.2528991699219,309.1407433849651,304.15477386644125,308.473335566847,57121600
2023-04-26,306.09808349609375,309.11127287941105,305.5778936312846,307.63903402208973,55400500
2023-04-27,314.4211730957031,314.92171397402467,309.21924413400245,309.85723831198396,65430400
2023-04-28,316.59027099609375,316.6786017414344,313.0568914185701,314.1856019905179,59712600
2023-05-01,316.22705078125,317.64040228723445,315.14740310962685,316.12889554696204,41013400
2023-05-02,313.46905517578125,316.4822441061862,311.73179441549286,316.1583348327076,56519400
2023-05-03,311.41778564453125,316.5019099639338,311.3098058864839,313.83224897780207,59882100
2023-05-04,310.31854248046875,312.3404149311977,309.2879572324431,311.19205535831844,50224500
2023-05-05,316.9141845703125,317.76807840609376,310.35779072970627,312.57597376263107,51806100
2023-05-08,317.6993103027344,318.04283866891797,315.3731778659205,316.45282560845146,36465800
2023-05-09,315.6872863769531,316.9043275857456,315.37320156411107,316.0406093268182,31768800
2023-05-10,319.1224670410156,319.9763606733042,315.6479754087776,318.1213255801761,60446600
2023-05-11,320.1628723144531,320.7026812198648,318.1213510973268,319.67212605397896,44278500
2023-05-12,319.0145263671875,321.1149348281114,316.9632105060504,320.6928702621586,48432800
2023-05-15,320.741943359375,320.9774919751465,317.9643028030483,319.4856341539702,33375600
2023-05-16,321.1051025390625,322.8128899714254,319.9861866676694,320.0254547559925,40019200
2023-05-17,324.9917907714844,325.5708677503054,320.9873145634712,322.1650875880521,47486100
2023-05-18,331.0279541015625,331.24388364276535,325.3647533407416,325.3843724071153,64213500
2023-05-19,330.2821044921875,331.95062404196796,329.2220756461821,331.2439481288907,61554900
2023-05-22,331.3910827636719,332.4020186596197,330.01696954739674,330.026794055526,43015900
2023-05-23,327.1903991699219,330.8219342195633,326.837076167616,329.67360450928834,48216700
2023-05-24,325.5119934082031,326.74868358782186,323.46067760334,325.237176696374,62891200
2023-05-25,333.4326477050781,334.69878147156203,330.4391074318428,332.86339520970245,66862800
2023-05-26,341.9519958496094,342.7862705013703,334.3552531548107,334.4534083996253,63007000
2023-05-30,343.50274658203125,347.37962387982896,342.0795705146639,346.18220186431466,72652200
2023-05-31,341.5495910644531,344.11130225670985,340.0970012254624,341.9225630348241,65105400
2023-06-01,345.49517822265625,346.8201691113252,340.2441874526576,341.29439159721204,50488600
2023-06-02,348.08636474609375,349.2445188924592,345.4952397075679,347.2520899972519,53372100
2023-06-05,348.3316955566406,350.883582144611,347.30114037340985,347.8703928659199,47266200
2023-06-06,348.2727966308594,349.2346700680704,346.3981423533168,347.7231632246743,41390400
2023-06-07,342.3642272949219,350.5106032126766,341.73605770611135,348.55744268687283,69225900
2023-06-08,346.61407470703125,347.0753773858951,342.4329369727751,342.6586610808147,47153900
2023-06-09,347.93914794921875,351.04066834896696,346.49635254099377,348.06674678745577,53196900
2023-06-12,353.81817626953125,353.91633149747173,348.6261031777825,349.5977710430219,44606500
2023-06-13,356.53704833984375,357.3712931739135,353.36681613092617,356.5664919227782,57097800
2023-06-14,359.128173828125,359.4128150986078,353.7496129885948,356.5468432282925,69525600
2023-06-15,363.4074401855469,364.8894735642349,357.2436681859802,357.86198333051135,71138800
2023-06-16,361.1205749511719,365.9495318537329,360.67892124082596,365.82193301981806,80932000
2023-06-20,360.60357666015625,361.9992210577164,357.645252046979,359.6698977267216,49204700
2023-06-21,355.6894226074219,359.89597226269495,354.7655515621823,359.4635207098651,53378300
2023-06-22,359.8861999511719,360.0434278097304,354.0382954141332,354.4412630371271,47603000
2023-06-23,356.318359375,358.61819838975356,354.62787557007124,355.99400579954005,48922900
2023-06-26,351.5417785644531,358.57890804736354,351.4533266707655,355.78764942462146,52685500
2023-06-27,357.58624267578125,358.31356381466287,352.35756283184793,353.08485397686843,49428100
2023-06-28,358.2840881347656,360.23008989079324,355.689379134913,355.76802304065137,46498000
2023-06-29,357.56658935546875,358.6280720795625,355.92526531964336,357.9892028503114,46151000
2023-06-30,363.0804138183594,364.1320288029577,360.92799390664135,361.2424796062367,58712500
2023-07-03,363.93536376953125,364.56436496345026,362.63800944013485,363.7191380479652,19432900
2023-07-05,363.92559814453125,365.62592029282894,362.33340387544496,362.372725830964,34460900
2023-07-06,361.1539306640625,361.5962201137862,358.26438224364455,360.220251816887,49374700
2023-07-07,359.95489501953125,364.12215218790664,359.7288612774692,360.92792588819304,47133700
2023-07-10,360.0728454589844,360.7510067003448,357.1734886966623,359.67971589726346,48498800
2023-07-11,361.851806640625,362.3039041308839,358.3627105914411,360.4954841759857,38214100
2023-07-12,366.42193603515625,367.76842027241986,363.9451632833012,365.95016265531314,61975400
2023-07-13,372.6434020996094,373.4689832631112,369.01672377795046,369.59659519062916,46960000
2023-07-14,372.5647277832031,376.289665406279,371.6899868150142,373.07579318427884,55148500
2023-07-17,376.04388427734375,376.91862507940266,372.80052870575423,373.28211004980363,40868900
2023-07-18,379.1202392578125,380.4863996234186,373.4787539929025,375.40510969416385,55262000
2023-07-19,379.0318298339844,381.32186135242125,377.70499127103625,380.18176458690317,54093000
2023-07-20,370.29437255859375,377.50840607614344,369.27221176229006,376.0439558023817,71941700
2023-07-21,369.18377685546875,373.4001640896318,368.7513253445873,372.6728429155879,60499600
2023-07-24,369.7734680175781,371.1002764580917,367.9158882106813,370.15675956883325,40380100
2023-07-25,372.2796936035156,373.9406936381096,370.46143575568584,370.48111172850344,38894400
2023-07-26,371.041259765625,372.7317435500611,368.74142077875103,371.23783950557277,47075700
2023-07-27,370.15679931640625,378.10796279614465,368.86928269570615,376.49612252032574,63940200
2023-07-28,376.8990783691406,377.92120924637163,373.6950139044031,374.2060793430186,56902900
2023-07-31,377.0956115722656,378.27503021734213,375.77861108178536,377.20373944509765,44019900
2023-08-01,376.220947265625,376.97772249392557,374.15697937750934,375.74917375026934,41060600
2023-08-02,367.9650573730469,372.75147785059374,366.72667080407234,372.75147785059374,72687100
2023-08-03,367.3753662109375,369.4983018652998,365.39001240778197,365.5571082205294,47666400
2023-08-04,365.6553955078125,371.6113968871545,365.1541380670017,369.30171945598914,61702800
2023-08-07,368.7513732910156,368.84966319151647,365.1345329059706,367.4638565778944,37230400
2023-08-08,365.6160583496094,366.2647356007834,362.490637952567,366.24508962124304,44726500
2023-08-09,361.5963134765625,366.0584111000442,360.83953821633634,365.90115325495816,51150900
2023-08-10,362.2645568847656,367.93552607556165,360.74116871206576,364.6037180742225,72035300
2023-08-11,359.95489501953125,361.6847010137196,358.4315067818279,359.70918530416867,48707200
2023-08-14,363.994384765625,364.1123206320641,358.44135109912753,359.15880428458615,42130800
2023-08-15,360.1318359375,363.8174817408834,359.4634827031511,363.02135465299926,45539900
2023-08-16,356.318359375,361.12442513825414,356.2200695038346,359.5911991284184,53190500
2023-08-17,352.4263916015625,358.0580698082935,352.0136160226029,357.7140701632501,62604300
2023-08-18,351.98406982421875,353.2421023084122,348.6227478776219,349.1633272225095,61191400
2023-08-21,357.655029296875,358.3331904607531,352.98654504940504,353.4484804799617,50696500
2023-08-22,357.1440124511719,360.269433026143,356.4560132078878,360.2595950388818,44530200
2023-08-23,362.7756652832031,363.8666320990124,358.107180337032,358.3234061027145,51770600
2023-08-24,355.0210876464844,366.34338158228024,354.81469986472706,366.24512168211504,66842500
2023-08-25,357.77294921875,359.46343306019554,352.42630404552017,355.85643166198474,69960500
2023-08-28,360.46600341796875,361.39968237368765,357.9990681887623,360.69203716817907,40910000
2023-08-29,368.3384704589844,368.69230800859503,359.9450490630402,360.2693726558129,58492400
2023-08-30,370.3926086425781,370.97250991801434,367.44409229932364,368.4466070521001,41731500
2023-08-31,371.5032653808594,373.2035874718416,370.402490614343,370.471296535716,35730700
2023-09-01,371.110107421875,374.2944956090259,369.6260112017312,373.87188211383943,39801200
2023-09-05,371.5819091796875,372.80061981456237,369.38032965344104,370.30420061660834,32344200
2023-09-06,368.30902099609375,371.149439669224,366.3040513379726,370.805440073003,42998700
2023-09-07,365.675048828125,366.4514999788388,362.8149839509158,363.8567908141635,52060700
2023-09-08,366.18609619140625,368.41715964189956,365.2229332864503,365.62590082593965,35800100
2023-09-11,370.5008239746094,371.0118894636385,367.2476292407002,369.2133072669349,39936600
2023-09-12,366.3924865722656,370.48109960097645,366.10745492048966,368.8299076129813,41391000
2023-09-13,367.78814697265625,369.3901792248548,365.49814546694387,366.6284042357523,46300700
2023-09-14,370.7956848144531,371.7785238835873,367.47371395562885,369.5376520057161,48039400
2023-09-15,364.4465026855469,369.8619548094555,363.5127937007819,369.45898724728664,69811200
2023-09-18,364.8263854980469,365.9386058426175,363.2220343841815,363.5074786408104,36903500
2023-09-19,364.048828125,364.84607760693416,361.0271378460605,363.5074962674378,37621700
2023-09-20,358.802734375,365.46617463630355,358.7239766256181,365.11185487592627,45514200
2023-09-21,352.2278747558594,355.9090339100719,352.0605670890625,355.1216065339352,69734800
2023-09-22,352.2770690917969,356.10583105545084,351.9620981742192,353.970000227177,51589700
2023-09-25,353.9502868652344,354.0388968388634,350.32821151607146,351.31247308077525,39168000
2023-09-26,348.63525390625,351.91286148829664,347.6509924164087,351.37149964651775,53657700
2023-09-27,349.4522399902344,351.36170985960024,345.8301345452568,349.78688532316824,56066000
2023-09-28,352.37548828125,354.50149684068487,347.68054144851845,348.5368441938577,56453300
2023-09-29,352.63134765625,357.23771418524734,351.40102081312307,355.849901901727,64829600
2023-10-02,355.5743713378906,356.9720060523361,352.2869410494211,352.8971784631042,51625100
2023-10-03,349.33416748046875,355.32831748657793,347.7199639129251,353.1334031343056,60478500
2023-10-04,354.0881042480469,354.9345547909679,349.70812819170675,350.17073233689933,54786700
2023-10-05,353.0447692871094,354.48178270513296,349.5506528835014,354.0782318748588,45897400
2023-10-06,358.9602355957031,360.15118378118626,349.2652523404519,350.05264964515703,75049100
2023-10-09,360.7909240722656,361.3322559289201,355.1018933143861,356.597960109658,45304800
2023-10-10,362.7889709472656,365.436636991541,360.62361350091794,361.12556647967915,46968800
2023-10-11,365.3775939941406,365.5646061019628,362.39528253424044,364.11774034197475,38215100
2023-10-12,364.10791015625,367.8579446931247,361.7161615216667,365.8795991738275,49587900
2023-10-13,359.5310363769531,365.31849875234707,358.13337184276384,364.73778807689456,52469900
2023-10-16,363.5960693359375,364.649236422345,360.7023379238582,360.84997115156034,44201100
2023-10-17,362.4051513671875,364.09808260584856,357.93659506794,360.0527516069459,50999100
2023-10-18,357.651123046875,362.1196789996307,356.32236391560224,359.9149426875973,54280500
2023-10-19,354.3046569824219,360.2594277757286,353.50740747223784,359.06847962452343,72274200
2023-10-20,349.0191650390625,354.373550479642,348.79277406044923,353.802661937845,72559700
2023-10-23,350.07232666015625,353.60582210048005,345.59391848351896,347.70025266627835,60665200
2023-10-24,353.47784423828125,354.2455670218574,350.1904143682358,351.88334538295214,47082100
2023-10-25,344.8262939453125,351.2633748738088,344.24558305656797,351.0862149492334,71190500
2023-10-26,338.2513122558594,344.5604321044559,336.9619320878897,343.6253716602287,78621400
2023-10-27,339.8753662109375,343.34980841162735,338.664713645482,340.9777343824353,63476700
2023-10-30,343.7041015625,345.02300826728754,340.9973826442415,342.3556381791839,55298500
2023-10-31,345.3478698730469,345.72189409468723,341.1647579872037,343.7336964353076,47671900
2023-11-01,351.3420104980469,351.9030468160759,346.0860571858595,346.18448935280355,58992700
2023-11-02,357.72003173828125,357.95624490601404,354.62943595313834,355.8499407400772,58162400
2023-11-03,361.9228210449219,363.21220132553935,358.7830241681351,359.0094151473788,53280500
2023-11-06,363.3992004394531,363.96023673494824,361.1354108770652,362.6905309181117,38848700
2023-11-07,366.8343505859375,367.70047565765793,363.2417713219163,364.44257180716573,50777400
2023-11-08,367.07049560546875,367.9071239093316,364.7870016580929,367.2082765996101,35663400
2023-11-09,364.2456970214844,368.9012351592412,363.7535662221592,367.7595181376134,53859400
2023-11-10,372.4347839355469,372.5824171770866,365.43666791374335,365.96817762056844,58309800
2023-11-13,371.27325439453125,372.3264213585245,369.3342581300096,370.85988140501337,40733500
2023-11-14,379.2654724121094,380.1808584398654,377.1493161843345,377.67097358036534,67792600
2023-11-15,379.55096435546875,381.64744643002416,378.19267850224793,381.15531561580104,54141400
2023-11-16,379.87579345703125,380.11200663962404,377.52339371034566,378.78324741297644,45343500
2023-11-17,379.9643859863281,380.978174311578,378.2419280525446,379.14743197399827,46571900
2023-11-20,384.59033203125,385.24980045802454,379.97414315566067,379.97414315566067,44429600
2023-11-21,382.3561096191406,383.1041580561983,380.6139773793034,382.8876193000648,43337000
2023-11-22,383.92108154296875,386.8837186036944,382.9171455132762,384.4230645764553,44121000
2023-11-24,383.3797302246094,384.1080741677964,382.3856164361023,383.51751122375975,15718800
2023-11-27,383.0450439453125,384.99386240381386,382.1690368318147,382.8875585079216,34139700
2023-11-28,384.04901123046875,384.62972193238,381.9426771250106,382.2970268974436,35491100
2023-11-29,383.6750183105469,387.9368879307099,383.3305207373286,386.5096965719259,38811700
2023-11-30,382.7104797363281,384.4034111332229,379.74787231972573,383.9408069132201,52834400
2023-12-01,383.802978515625,384.3935414950963,379.99389085209225,381.6474431647872,40490100
2023-12-04,380.23992919921875,380.5155212317235,376.6375283217996,380.01353822930184,51186900
2023-12-05,381.1947021484375,382.3856503323413,378.16315945105106,378.3403493760643,42933000
2023-12-06,378.98992919921875,384.2262082878161,378.64546165801414,384.12777611720855,41994100
2023-12-07,384.2853088378906,385.1120851055557,380.8699193550619,381.96246551977697,49593500
2023-12-08,385.9978942871094,386.44079399552544,382.36596649169275,382.5529786032287,46687500
2023-12-11,389.29510498046875,389.56087481431933,385.3679111336152,385.5745976420608,41198000
2023-12-12,392.3955993652344,392.5137059555065,388.20263518688597,389.3345300600356,39221200
2023-12-13,397.3857421875,397.9959795327111,392.5628666775999,393.3305894727491,55408100
2023-12-14,397.0412902832031,399.9054650273427,394.03927446369323,398.60626257953487,55447800
2023-12-15,398.9605712890625,400.14169715869406,397.2184391667707,397.818824291693,62896600
2023-12-18,401.47344970703125,402.37092028167035,399.0276249383445,399.3530667480488,46610000
2023-12-19,403.5248718261719,403.6432143177387,401.739802351394,401.92718799546697,35711900
2023-12-20,397.5285949707031,404.8168311468239,397.3510812317631,402.7260335176809,54042400
2023-12-21,402.1539611816406,402.51889062414244,398.89942259726985,401.4537481111412,45568900
2023-12-22,402.7555847167969,404.3236828046268,400.8817585167201,403.36704094129067,34314000
2023-12-26,405.22119140625,405.8918189348546,403.5150068640605,403.61363564115584,22722500
2023-12-27,406.04608154296875,406.3322463869044,404.644888619348,405.5033831511548,31980500
2023-12-28,405.8487548828125,407.447309237934,405.49354065707996,407.20062265458364,27029200
2023-12-29,404.0923156738281,406.18424303030133,402.1780255292888,405.8289987195395,42662100
2024-01-02,397.25421142578125,400.7078236681065,394.9353514690267,400.461137079369,58026900
2024-01-03,393.0505676269531,395.68519300972525,392.61642703942493,394.6293674371434,47002800
2024-01-04,391.02783203125,394.29395995431605,390.8107466354673,391.1857150566472,39432800
2024-01-05,391.4916076660156,394.2643624530388,390.1002917227411,391.19559581132245,44922800
2024-01-08,399.58294677734375,399.86908153761993,392.56716456476687,392.7151704947561,42473800
2024-01-09,400.372314453125,401.2998583916522,396.38585093731285,396.5832122441471,39132900
2024-01-10,403.08587646484375,404.09234688237234,399.8000244303325,400.68809010616457,33962800
2024-01-11,403.924560546875,405.75004702844257,398.8822718365916,404.35873128129447,54536200
2024-01-12,404.1318359375,405.79943969142045,402.7405199592706,404.96069926457324,39595000
2024-01-16,404.0923156738281,405.67111570510156,401.43796583773303,402.8983611364545,43903000
2024-01-17,401.8129577636719,402.1879261807825,397.57983776151127,400.78676327938865,54386000
2024-01-18,407.516357421875,408.0985341433326,403.73713222559695,405.0790927808669,59562500
2024-01-19,415.5978088378906,415.7556918630463,409.13463247146666,409.71680918810495,70325100
2024-01-22,416.1405334472656,419.10077238644385,415.53860253748337,417.79826002605955,44880600
2024-01-23,417.8673095703125,418.08439494816366,414.9958743913693,416.831207947934,33003800
2024-01-24,420.1861877441406,424.1529273697124,419.69281456588413,421.77486503694314,46948000
2024-01-25,420.6992492675781,423.3535989601469,418.3606655868111,422.6825886567921,44367200
2024-01-26,418.1929626464844,420.56114783250166,417.5417064505357,418.81461765684946,37137000
2024-01-29,422.4754333496094,422.6727946600037,417.995596599009,418.6468527875806,38694700
2024-01-30,419.6632080078125,422.0116691243493,418.7554182347818,421.43936949466547,36739000
2024-01-31,411.443603515625,417.2654006290457,411.2659964098067,415.2721839553905,64010600
2024-02-01,416.2885437011719,416.7819168628328,412.2724789381055,413.2395011756799,51008600
2024-02-02,423.32403564453125,424.5377143092311,417.18647251424335,418.1830657905494,59602400
2024-02-05,422.7714538574219,423.916053037669,419.36716716110675,423.3832317302422,39889200
2024-02-06,421.9228210449219,424.5179684735846,419.5842372747902,423.9160376085168,35846100
2024-02-07,426.2644958496094,427.0933590723248,423.4029377945693,424.7054500501672,37712700
2024-02-08,427.053955078125,427.8137389159285,425.70211741625366,426.382944683857,29889900
2024-02-09,431.2574157714844,432.0468308013728,427.39926461911506,428.1886495358991,36943900
2024-02-12,429.5700988769531,433.3197526076636,428.8892415712298,431.1488988628783,33203300
2024-02-13,422.8701171875,425.55406834305234,419.69279287918516,421.6169602202019,64491700
2024-02-14,427.4782409667969,427.90253465627023,423.1957655614689,425.5442266157376,45092700
2024-02-15,428.751220703125,429.2149927511317,425.6133440250882,428.169043896157,38796100
2024-02-16,424.8633728027344,429.2247747002088,424.15291424350715,429.12612415809764,53716500
2024-02-20,421.6564636230469,424.37986311162143,417.8870852842458,422.87014237875525,53999500
2024-02-21,419.96905517578125,420.05788883742673,416.0418243903044,418.92310656439344,49779000
2024-02-22,432.26397705078125,433.30004866411934,427.9617473429976,428.73140828484816,53887800
2024-02-23,430.9909973144531,434.7504978688127,430.014128227871,433.8229540462202,39853900
2024-02-26,430.76409912109375,432.7869471692382,430.5766149089948,431.8002008373945,33043200
2024-02-27,431.8002014160156,432.185016827134,429.2642561126333,431.86928088648324,33713200
2024-02-28,429.5010681152344,430.88253708025496,428.5439229619259,429.6589511430398,32938800
2024-02-29,433.1816101074219,434.2571599221341,429.2543491340669,432.4218263244893,42495200
2024-03-01,439.7040100097656,440.66115513774344,434.01049462540504,434.0696969951267,43853000
2024-03-04,438.1351013183594,440.1283482078863,437.88841473208,439.7040243935232,34325700
2024-03-05,430.2707214355469,435.1058025012789,427.9025362866196,435.0959254018696,57917100
2024-03-06,432.97442626953125,436.13199642628683,431.09961428378455,434.48414693490355,46234500
2024-03-07,439.54608154296875,440.79923830414236,435.01689024605486,436.55624193353367,44526700
2024-03-08,433.2013244628906,442.69384860902386,432.5303442452579,439.9013398799173,72096000
2024-03-11,431.59295654296875,432.8461134391734,429.66878931111285,431.7113612748173,45860000
2024-03-12,437.7798767089844,438.13509093051266,430.67529114733907,433.9019708917608,55300900
2024-03-13,434.4150695800781,436.8030089363392,433.30004141473387,436.78325473745014,37928700
2024-03-14,433.31982421875,436.1715056274267,430.60627164587515,435.6485312451789,52195200
2024-03-15,428.1689758300781,433.0533520394362,427.0045922881317,430.2904743925129,73069800
2024-03-18,432.2525939941406,435.77005339953286,432.015441232783,433.4876578345993,47323800
2024-03-19,433.32952880859375,433.7346333318046,428.15212113029696,430.2468145521752,43004100
2024-03-20,438.46734619140625,438.80327988606876,432.82558387744643,434.525032667041,43653500
2024-03-21,440.5423278808594,443.97086631640985,440.34473575766197,443.51637126483735,39345700
2024-03-22,441.0462341308594,442.1429563269523,439.17880316614946,440.0285427517674,28253900
2024-03-25,439.44561767578125,440.92769432844847,437.2521430237167,438.2500541325225,27789200
2024-03-26,438.0228271484375,441.88611062299844,437.79556453713616,440.9672001706422,34142000
2024-03-27,439.5147705078125,441.2043596487488,436.64942826389364,441.1055485052493,41359200
2024-03-28,438.7044982910156,440.3150261138087,438.34878428057806,439.46528664376206,36839600
2024-04-01,439.63336181640625,442.1825204613971,437.7264002216161,439.65311198392817,38729000
2024-04-02,435.83917236328125,436.15535592740196,432.7959884791613,434.8214810155187,44259700
2024-04-03,436.8173828125,438.694673809478,433.70502798159896,433.71488798828096,39949800
2024-04-04,430.1381530761719,441.60944178188765,429.9108904729682,440.996824784503,57267700
2024-04-05,435.2068176269531,437.8745673418474,430.75069804531415,431.56090708796177,54744600
2024-04-08,435.3353576660156,437.212648884879,433.9520920391126,436.135676712757,28144900
2024-04-09,436.9458312988281,437.94374236584986,432.21305827665964,437.66708927505294,39443600
2024-04-10,433.1319580078125,433.9915576445621,431.0669348170311,431.77833281863883,61502200
2024-04-11,440.0483093261719,440.99682993017785,432.7268471276374,434.9993827274123,45474600
2024-04-12,433.03314208984375,436.95570613893716,431.6597667487768,435.82934357135736,53665000
2024-04-15,425.9093017578125,436.8667847613836,425.0694522981349,436.7778637813603,63453600
2024-04-16,425.9488220214844,428.5770414842701,424.56555655499864,425.75119974644684,47619000
2024-04-17,420.75164794921875,427.94465825778315,419.82287756668256,427.92490809219123,56880500
2024-04-18,418.3507080078125,423.12298141821606,417.77762150042236,421.3938920422411,46549400
2024-04-19,409.69537353515625,417.69859329896826,408.13426609892537,417.17492743365193,75231000
2024-04-22,413.8155517578125,416.1473377835961,408.9938577655325,412.3235850098198,47807700
2024-04-23,419.9908752441406,421.18640859511777,413.86494655360076,415.7422375545966,44384700
2024-04-24,421.4136657714844,424.59519137964264,419.1312702431236,423.0834744692618,48440300
2024-04-25,419.3782958984375,420.23789551957753,413.1436959522945,414.23052802555014,57392200
2024-04-26,425.85003662109375,427.38150380995216,421.8188012818527,422.51041898043206,41874900
2024-04-29,427.57904052734375,428.5769816169086,424.84215030264795,427.9545047057116,30022200
2024-04-30,419.5166320800781,427.39140091265017,419.43760125575835,425.9982451797064,43665900
2024-05-01,416.4832458496094,425.00027078139163,415.6335364646761,418.0937738009243,52251700
2024-05-02,421.79901123046875,422.6981413555137,415.60394164929187,420.2181234298724,36559000
2024-05-03,430.2765197753906,431.26457091188445,427.4506778454958,429.2489381506173,48515300
2024-05-06,434.989501953125,435.0784229348323,431.3040604511998,432.07473911225696,30227200
2024-05-07,435.05865478515625,436.6889330215927,434.32747648868434,435.4341190165748,30996100
2024-05-08,434.8017578125,436.20480361971187,432.3217399415846,432.44033140017706,24896700
2024-05-09,435.7502746582031,436.3233611678897,433.22086631601803,435.068517003567,24580100
2024-05-10,436.77789306640625,439.00100817482354,435.23653567013787,437.25216847792285,27116600
2024-05-13,437.78564453125,438.78358573741383,436.3727387710848,438.6847746021528,22994200
2024-05-14,440.6015930175781,441.1351490219814,437.1730547027617,437.36078681259016,34478300
2024-05-15,447.48834228515625,447.73535506298566,441.56003561725066,443.0717526114495,41464700
2024-05-16,446.5793151855469,449.2569250327754,446.41133324323863,447.30057313923777,34780400
2024-05-17,446.3619689941406,447.31048959544074,444.1684943734974,446.70776275246817,35803700
2024-05-20,449.47430419921875,450.1362815132888,446.39158976534486,446.5793218760035,24474200
2024-05-21,450.35369873046875,450.54143085979473,447.42907579122794,447.6266980809167,23167700
2024-05-22,450.26470947265625,451.3614617541518,447.6661305372019,450.6105333507106,25120000
2024-05-23,448.2392578125,455.0765544193966,446.4508877649814,455.04691409303155,40899200
2024-05-24,452.47802734375,453.74273158486886,448.1503585670211,449.8498077178615,29669500
2024-05-28,454.1872863769531,454.2465670260158,451.2330234712752,453.6932608661482,26216800
2024-05-29,450.9859619140625,452.764441499339,449.89909987731755,450.0374414787765,29739200
2024-05-30,446.1544494628906,450.19560488160533,444.83046464487313,450.0572632581326,30536800
2024-05-31,445.32452392578125,447.07339375346913,437.76593868344236,446.3817458895466,55941300
2024-06-03,447.7155456542969,450.136252464962,442.54802817081566,449.1383414785647,32997500
2024-06-04,448.94073486328125,450.13626814861834,445.7394592236012,447.458658340774,23767400
2024-06-05,457.9913024902344,458.07033330703183,448.98028172906453,452.50763121803925,33817400
2024-06-06,457.8332824707031,458.98931564893894,456.66738928440026,458.6731320263358,21966800
2024-06-07,457.4280700683594,460.1748505674893,456.32145780294337,457.46760055010213,25829700
2024-06-10,459.2757568359375,459.6314708938704,456.01520042833266,456.3017436759834,20660800
2024-06-11,462.4276123046875,462.54620375164046,456.50919653862604,458.00116317865417,22053300
2024-06-12,468.4844055175781,470.80633154634563,465.6585939506412,466.35021160302534,34532600
2024-06-13,471.0237121582031,472.6737707294216,468.7512067349177,472.01176323840133,25859000
2024-06-14,473.4641418457031,473.5333126495915,470.36164735848314,470.82603251571277,23372600
2024-06-17,479.2640380859375,481.0425179080329,472.42674173146634,473.7309461963046,37054500
2024-06-18,479.4122619628906,480.0940196286849,477.6535322250408,479.2146698362232,24438600
2024-06-20,475.7169189453125,481.0227480217305,473.8890185540874,480.6077834849521,33918700
2024-06-21,474.4424133300781,476.77422981875134,472.9504765366903,475.4403546812365,37456800
2024-06-24,469.041015625,474.9490574140219,468.9024843141438,473.2172197227776,37751000
2024-06-25,474.4047546386719,474.7016290052878,470.1889574276186,471.129109923321,29014700
2024-06-26,475.3844909667969,475.92880093044886,473.1677483971883,473.58337252856364,22737100
2024-06-27,476.61163330078125,478.0861899873957,474.3256098735084,475.1371068150206,26222100
2024-06-28,474.1375427246094,482.1436072423702,473.49429478929665,477.4033117975724,34881600
2024-07-01,476.9184265136719,477.4824878396145,471.3171649653183,475.05793318372764,24898300
2024-07-02,481.9259338378906,481.9853087173538,475.2954570898636,475.4241127289852,26723600
2024-07-03,485.9437255859375,486.0723812066587,481.1737429455758,481.1737429455758,18064900
2024-07-05,491.0106201171875,491.4460560048313,486.4880424937544,486.7849470721582,28495900
2024-07-08,492.1783752441406,492.73256089290976,490.35747522663445,491.37678420928336,22109400
2024-07-09,492.6038513183594,494.8107179929136,491.089731729335,493.6924409381137,25614500
2024-07-10,497.74005126953125,498.2942369269607,493.2175036938141,494.52378120012463,28046900
2024-07-11,486.824462890625,498.05667216311593,485.636935294942,497.84886011902,49966600
2024-07-12,489.6845397949219,494.4347111271838,486.9333931098234,487.39851644367485,37109400
2024-07-15,491.00067138671875,495.8102472892754,488.9620536365076,491.4558887928539,31151400
2024-07-16,491.1887512207031,493.2669624935249,488.0318560940838,492.45546558304693,25950600
2024-07-17,476.7699279785156,483.72696575198995,476.70067742779014,483.21237345638946,56268800
2024-07-18,474.513671875,480.6691197016796,471.3270889769275,480.4909950541686,49347400
2024-07-19,470.3077697753906,476.6908413149235,469.0212737476787,474.1771939398709,42042900
2024-07-22,477.31427001953125,478.3335790011108,472.75209900040915,476.1663054051844,40300000
2024-07-23,475.6318664550781,479.4023218426893,475.15686747764715,476.413675873234,23282500
2024-07-24,458.57080078125,469.2686064367645,457.70983493602466,468.9024513256549,58818600
2024-07-25,453.5138244628906,463.08347745644176,450.9012394618867,458.90727360561084,59256800
2024-07-26,458.1650695800781,461.0943407799324,454.9982686823399,457.848383450134,39992100
2024-07-29,459.0854187011719,463.05381067459047,456.8290828356766,460.8766312425985,28218500
2024-07-30,452.7815246582031,461.7178056143378,449.4365991488919,461.01518280406907,41317200
2024-07-31,466.1810302734375,467.88318054552457,461.56939023161044,463.01422923671885,44552100
2024-08-01,454.8893737792969,470.6144420320547,451.2475742960661,466.8637986918458,56653900
2024-08-02,444.0926818847656,448.8626651255824,439.8571027508125,446.2104865521691,66323200
2024-08-05,430.8515319824219,437.69972643798087,419.05525994795903,420.3021625718776,87483500
2024-08-06,434.9683532714844,442.4301081222253,430.04993302092026,432.6922358150409,63164400
2024-08-07,430.2577209472656,444.3400455113918,429.8618783945526,441.85608592677744,54929200
2024-08-08,443.41973876953125,444.3301736904715,432.6130580671069,436.48248198323597,47890100
2024-08-09,445.7353820800781,447.36825136339667,440.98518120033026,442.1034582237035,33574000
2024-08-12,446.6953430175781,449.6543015423584,443.8946973509151,446.7052488965294,27795000
2024-08-13,457.7790832519531,458.0463003756158,450.9507011946519,451.08926269593627,40084500
2024-08-14,457.9275817871094,460.2828556615313,453.6425036465701,458.69948537304487,34733700
2024-08-15,469.4962158203125,469.89205835527173,463.51889387962433,463.89495485813296,38280600
2024-08-16,470.0998840332031,471.46556648913753,466.75495864422777,467.71489267478665,38383600
2024-08-19,476.275146484375,476.31473980211405,468.4571423782289,470.23847926625564,23737700
2024-08-20,475.2756042480469,477.9277824691398,473.58332983459263,475.364666553884,29209300
2024-08-21,477.4923400878906,479.34292733029224,474.3453511879504,476.0573769337116,25658800
2024-08-22,469.92181396484375,480.50087108600786,468.89259906395546,479.8081238986909,37739600
2024-08-23,475.0182800292969,477.72983304685914,470.34726573430817,474.2661580883122,36061500
2024-08-26,470.4066467285156,475.3943471900069,468.3284356861568,474.4740065086699,27452600
2024-08-27,471.81195068359375,472.8807286031664,466.8143440444415,468.77380546465093,27510000
2024-08-28,466.4580383300781,472.06917457997497,463.0339568494891,471.3467703091291,37372400
2024-08-29,465.7752990722656,472.9698371268016,464.4986787706856,468.36810279423213,41081500
2024-08-30,471.3270263671875,471.9504927515124,465.626826998042,470.1098112366977,33466500
2024-09-03,457.0171203613281,468.41754961460447,454.6420347086688,468.28892418329235,44985200
2024-09-04,455.8295593261719,459.6297325855357,452.9794746829276,453.9097213390106,32505100
2024-09-05,456.2550964355469,460.5302382843721,453.18726380172785,454.2065727199707,34452400
2024-09-06,444.03326416015625,456.4332200932518,443.53845342028677,455.5524424798757,50624400
2024-09-09,449.74334716796875,450.7329685991711,445.15151943163164,448.3578832044554,32981200
2024-09-10,453.8998107910156,454.404527431382,447.5365516543528,451.50491342000015,29680300
2024-09-11,463.7564697265625,464.4986859271494,446.59643479309636,455.13687403998614,57843000
2024-09-12,468.3087158203125,469.12021274769836,462.004831315396,463.7861380430132,40067800
2024-09-13,470.4066467285156,471.584298645824,467.34872013511097,467.5763439362279,29111800
2024-09-16,468.3284912109375,468.94205173790556,465.0132831893614,468.2790222139315,22585600
2024-09-17,468.5758972167969,472.64325748454945,466.082061787513,471.3468556724097,30084400
2024-09-18,466.54718017578125,473.8604676353551,465.9434953333067,469.7733560531388,39909200
2024-09-19,478.34344482421875,481.18368396372693,475.50323588556273,477.60122868202563,52782500
2024-09-20,477.43304443359375,478.6700714266331,473.33599653623736,477.4825134329736,34577700
2024-09-23,478.6985168457031,479.78863625808964,477.2714569319046,478.60932938150205,24843000
2024-09-24,481.0075988769531,481.95896214496486,475.8543534522044,480.1057741228812,25952600
2024-09-25,481.45355224609375,483.40584748164935,480.20486720146965,480.3832421383325,26549900
2024-09-26,485.0707092285156,489.26270143246154,481.4336813987619,488.935650492815,32020200
2024-09-27,482.3751525878906,486.23020427686686,481.1958457378582,486.0914480623736,22851100
2024-09-30,483.6833190917969,484.0202596018101,478.5796124436247,481.41389274489046,30281100
2024-10-01,476.9444274902344,483.61395044024334,473.109215140219,483.31665887950265,42735400
2024-10-02,477.6183166503906,479.530962836938,473.42632437830656,476.0425807215539,23744000
2024-10-03,477.26153564453125,480.19492312784206,474.6848980169124,475.42815712622803,25337200
2024-10-04,482.9400634765625,483.4950278786583,478.0543806808698,483.0688998990654,30686600
2024-10-07,477.7669982910156,482.19682413323716,476.548042370329,481.0274369696279,24975100
2024-10-08,484.9021911621094,485.5859919062178,479.50119355544814,480.3039109083949,28272000
2024-10-09,488.7176208496094,489.2924248153579,483.564375972424,484.6049266009383,24995000
2024-10-10,488.1627197265625,490.02582759216244,485.1302246664413,486.43836809249575,25750400
2024-10-11,488.92572021484375,489.94649172199814,485.7644194068518,486.32927332481586,20644500
2024-10-14,493.028564453125,494.3465973585844,490.808706825702,491.3141024770898,26060100
2024-10-15,486.4383239746094,494.0195609373264,484.2878142839425,493.35556948418406,34784500
2024-10-16,486.4977722167969,487.2707604745814,483.18779530560226,486.76533460642946,22996800
2024-10-17,486.834716796875,492.02761076485535,486.7752584875692,491.97807225486406,27210700
2024-10-18,490.02581787109375,491.11593737118017,488.86632025661703,489.61949922818457,25335000
2024-10-21,490.96728515625,491.7700026314171,486.8942092236496,488.8167753413639,30336500
2024-10-22,491.50238037109375,492.9790090488197,487.54825154691343,488.30143046324906,26685800
2024-10-23,483.970703125,489.80777949555636,480.6904551648371,489.1537078148346,39346600
2024-10-24,487.8951416015625,488.56902265027605,485.0410215796077,487.6870072609626,22024900
2024-10-25,490.8681335449219,495.7835452221233,489.9861182359376,490.6897586206183,38762100
2024-10-28,490.9473571777344,494.03930989485673,490.65006566389076,493.97985159208804,20477800
2024-10-29,495.6646423339844,496.84394921613693,489.4113580647336,491.2645459528903,28014100
2024-10-30,491.9186096191406,495.85292901449105,491.43302334965017,494.9015658306743,29756000
2024-10-31,479.5012512207031,488.00412245137545,479.40214395365643,487.954583939498,41245200
2024-11-01,483.04901123046875,486.3391785967361,480.83907364624326,481.1363651731337,33655800
2024-11-04,481.6418151855469,484.98152122615164,479.89762415814664,482.4445325917277,23291600
2024-11-05,487.7861328125,488.45012432937443,483.13828292426075,483.2274703978778,24353600
2024-11-06,501.0359802246094,501.85853736147817,495.1097460866686,496.0611094168577,43082200
2024-11-07,508.9243469238281,509.70728521710686,503.7711019992823,503.83056030755586,32853100
2024-11-08,509.51898193359375,510.29193992816494,507.8044898484447,508.4288323181187,22924500
2024-11-11,509.22174072265625,510.94609229061626,506.3279717617133,510.7379579512957,24167500
2024-11-12,508.300048828125,510.0343202052163,505.2477445114932,509.15236530324336,25835300
2024-11-13,507.6460266113281,510.3514707063744,505.3667105266914,507.7947026439167,24567400
2024-11-14,504.11798095703125,508.1811066415075,503.2062364575977,507.30904134011206,28679500
2024-11-15,492.1069030761719,498.80612454252906,490.04558089937717,498.41964553643646,51461100
2024-11-18,495.52587890625,497.62685004551037,492.2654707437731,493.652881689858,27080800
2024-11-19,498.93499755859375,499.42061410574536,492.6123348353257,492.94930559999926,24523000
2024-11-20,498.6475830078125,498.95479434633813,492.096977151282,498.6376632087343,29565500
2024-11-21,500.44134521484375,502.4035299899302,493.088021478257,501.6900000053646,34526700
2024-11-22,501.24407958984375,501.97741895532835,498.2611231276005,499.88639768637404,23826600
2024-11-25,502.0368957519531,506.8532310485175,499.727850499698,505.31714390386213,26375200
2024-11-26,504.7324523925781,505.555009505717,502.6711601960854,503.5134964235707,26557100
2024-11-27,500.7584228515625,503.67200096615676,497.4187167746415,503.6026531011734,24957400
2024-11-29,505.15850830078125,505.7531216213566,500.7683318681806,501.38275454356886,15334000
2024-12-02,510.6586608886719,511.6199741872277,506.03065079539806,506.4171600748149,25147200
2024-12-03,512.2244262695312,512.5019386948712,508.7558838722561,509.3306878343324,18597900
2024-12-04,518.5570678710938,518.8147407281132,514.9299292457346,515.6434895026028,26086200
2024-12-05,517.1200561523438,519.3299939278061,516.733546890651,518.6065744020088,18169600
2024-12-06,521.7479858398438,521.9858190453816,517.6551013825894,517.7839377833512,23762600
2024-12-09,517.6849975585938,521.6192872606202,516.5353894459821,520.8264895371643,20674400
2024-12-10,515.9208374023438,520.6579039280881,514.4937776630583,518.9137130815643,24350000
2024-12-11,525.1571655273438,525.8409663614733,519.8751140774373,520.2814024633593,32168600
2024-12-12,521.7679443359375,524.2058562213963,521.2922778164673,522.9373315206931,23577500
2024-12-13,525.76171875,528.3779449247531,522.5607082907461,525.6923406392922,28780400
2024-12-16,533.3329467773438,534.3041797331767,528.2094313308821,528.2887292324265,31979900
2024-12-17,530.984375,532.6492683954417,529.3294014053522,531.5393394651472,28579100
2024-12-18,511.8279724121094,532.0545625405334,510.3811335079535,530.3401310230003,54703200
2024-12-19,509.54876708984375,517.070576909416,509.2118567871215,516.5056926514047,46441800
2024-12-20,513.9983520507812,520.1030209685301,504.71260298135905,505.852260942774,60530000
2024-12-23,519.0060424804688,519.383239168352,512.31586004398,515.7105696508168,29672800
2024-12-24,526.043701171875,526.1330021589947,520.316321172994,520.9516062143355,17558200
2024-12-26,525.686279296875,527.3141743842485,522.4206139118845,524.4157698857358,19090500
2024-12-27,518.6983642578125,522.559632331355,514.0330843757536,522.1228814363513,33839600
2024-12-30,511.7997741699219,515.5220627362082,508.04770850678767,511.7005373751371,34584000
2024-12-31,507.4521179199219,513.8345638741997,506.48928482473434,513.0802310210817,29117000
2025-01-02,506.4595031738281,512.8221380642742,501.9728857721829,510.49940358547883,36389800
2025-01-03,514.747802734375,515.8099028942349,508.74252327822325,509.5564103096281,29059500
2025-01-06,520.6637573242188,524.018784806924,518.1723564940825,520.1476411928097,36109700
2025-01-07,511.3728942871094,522.1030076792526,509.4869713360559,521.7059999662438,36690300
2025-01-08,511.4622497558594,513.1000201476976,506.7969699488272,511.27365140459267,30777800
2025-01-10,503.4419860839844,507.799529251394,500.1961615298894,507.700292461824,40532500
2025-01-13,501.8240051269531,502.28059733248006,496.00732395497107,497.4962392396563,31694200
2025-01-14,501.3475341796875,506.39001083545065,497.88333436019064,504.9804910575475,33737200
2025-01-15,512.8817138671875,514.0231792721111,507.680415704871,509.2388513156959,34957600
2025-01-16,509.2884826660156,515.224272558158,509.1594384871324,515.1448467748171,28229000
2025-01-17,517.8844604492188,520.1972592877152,509.31822917298143,518.9862432829292,51837900
2025-01-21,520.9218139648438,522.0831509199561,516.2168513724278,520.6041714349437,23628000
2025-01-22,527.582275390625,529.875202608773,525.3489023631776,525.6566091124832,33593000
2025-01-23,528.703857421875,528.8229657869698,524.5448186856646,525.1304247166951,23096600
2025-01-24,525.7161254882812,529.8453571094432,524.2470818339253,529.0810884811151,19878300
2025-01-27,510.4101257324219,514.1621608800974,506.3801003492405,507.223825099109,60771700
2025-01-28,517.9539184570312,519.135127001106,507.9980395084438,511.4125906777684,33194200
2025-01-29,516.981201171875,518.7282048637726,513.0802502522747,518.5991606876129,26649000
2025-01-30,519.1846923828125,522.2121410225601,514.380493502768,519.8398489654351,27431300
2025-01-31,518.4302978515625,527.5921301044531,517.338450995146,523.0260873773669,38755200
2025-02-03,514.28125,517.000992221849,507.27342449560086,509.6755241871737,40580800
2025-02-04,520.59423828125,521.2295233442737,514.4003603770645,514.7974286874838,26046800
2025-02-05,522.9566650390625,523.11551659981,516.7727228160936,517.9638671852232,21134100
2025-02-06,525.686279296875,525.8947492260023,521.8548188906348,523.4628423892975,19434500
2025-02-07,519.0557861328125,528.1679418559564,518.3311999658048,526.2224643480172,29605500
2025-02-10,525.3388671875,526.440649799091,522.8573420708846,523.3238397124358,20852800
2025-02-11,524.0882568359375,526.0039872775455,521.9442454321847,522.0732896066455,19325500
2025-02-12,524.39599609375,525.2794337785684,518.0929450820138,518.4403344445669,25009400
2025-02-13,531.9397583007812,532.2573402077036,525.2793229514261,526.0634630928408,28714800
2025-02-14,534.1732177734375,534.8581212532781,531.7115032138299,532.0490173479468,17862600
2025-02-18,535.3841552734375,536.0095045421328,532.078746365208,535.7414804029439,20565000
2025-02-19,535.5330810546875,536.8135264180986,532.4956962288245,534.590089236306,19666900
2025-02-20,533.2599487304688,535.1161249242239,528.52523935916,534.7488640035847,26550800
2025-02-21,522.1924438476562,534.4214100198424,521.8251828832033,534.4015384269126,47093800
2025-02-24,516.0281982421875,525.1602231091551,515.6907447415672,523.979014688761,39268400
2025-02-25,509.52667236328125,515.4823335308943,505.67533996149535,515.402907751773,48940000
2025-02-26,510.7574462890625,515.8197335223668,507.5910176736259,511.7203095816127,34457600
2025-02-27,496.5730895996094,515.2341793751592,496.35471414579564,514.3011233717788,52448000
2025-02-28,504.4147644042969,505.02024211700774,493.2578045883236,496.4341695072467,47654000
2025-03-03,493.37689208984375,509.2487196326077,489.93253345416554,507.7399630206097,44587200
2025-03-04,491.88800048828125,500.01748091232383,484.1357168084358,490.5281292836156,67875400
2025-03-05,498.3002624511719,499.90828614862966,487.62970266721254,492.5331995401363,46323700
2025-03-06,484.5923156738281,494.89558418778057,482.6070952577814,490.0417360224173,57574300
2025-03-07,488.1557922363281,489.63477178176004,476.9789913818525,483.56000203653406,54714700
2025-03-10,469.2366027832031,480.393531072757,465.1966722399011,479.8773847046623,76668000
2025-03-11,468.1149597167969,475.27167052229146,463.5588826960084,468.8594173402994,68760800
2025-03-12,473.39569091796875,477.50508157643935,468.3035955192933,475.61912817116786,46971100
2025-03-13,464.8790283203125,472.76035523811606,462.98313932199375,472.73057814566323,46563300
2025-03-14,476.11541748046875,477.00876061202655,469.62373821824536,470.2292461988736,43563000
2025-03-17,479.2023620605469,482.2496823057727,474.2690887034549,476.065710542302,41744400
2025-03-18,471.03326416015625,476.0657749736721,468.91899953639006,475.86727110411596,39072300
2025-03-19,477.3363342285156,481.74349565345614,471.3608014299573,473.28646764378425,40430300
2025-03-20,475.7184143066406,480.96930089764913,472.66115766898713,473.3559969844707,36780500
2025-03-21,477.28668212890625,478.0509810732746,469.4152905592447,470.57662752286865,42234900
2025-03-24,487.7603759765625,488.60535884359615,481.5373606622739,484.8576187990096,34567200
2025-03-25,490.54388427734375,490.7029423960745,487.52187103316214,488.4861400211188,26035200
2025-03-26,481.5174865722656,490.2455985952576,479.9667080597325,489.3906651224751,34627100
2025-03-27,478.7738342285156,483.70451433059617,477.41193517577676,479.5591741727875,33469800
2025-03-28,466.16876220703125,477.6803158784236,465.2840071747282,476.9745201773356,46363800
2025-03-31,466.1488952636719,467.08331235256605,454.6273605455005,459.19026229129486,53000300
2025-04-01,469.90655517578125,470.83105198841025,461.6754876852753,464.53844262078127,41156200
2025-04-02,473.3361511230469,476.7260031222664,463.1069521266998,463.3654253458386,49894500
2025-04-03,447.996826171875,457.35122137143543,447.47991003581626,453.7426680201873,70456300
2025-04-04,420.1722412109375,437.76762470061965,420.1722412109375,435.5508223213529,117088400
2025-04-07,421.1861572265625,440.5212273303754,400.01204418212296,406.24497996843866,161557000
2025-04-08,413.60125732421875,440.52124286102435,407.3683213181599,435.5706616527368,101248100
2025-04-09,463.2461853027344,465.0653576176641,412.9750201017136,413.11420733728266,142876900
2025-04-10,443.5432434082031,452.89763762867176,430.07333074405074,450.8796353482819,108384100
2025-04-11,451.7146911621094,453.09649143953806,438.7219217931667,442.0223093443537,52483800
2025-04-14,454.7764587402344,462.3016995424442,449.9551145335882,461.7151898835039,43941200
2025-04-15,455.283447265625,459.6475186324782,453.454324591476,455.83021518157193,35404200
2025-04-16,441.5550842285156,449.94520996662885,435.17304059444126,446.37642892854547,48980600
2025-04-17,441.4755859375,445.10401010316673,438.7517574071589,444.5274509761507,44837000
2025-04-21,430.5505065917969,436.48522787937225,425.40112526573694,435.64027525418857,44149300
2025-04-22,441.8533020019531,444.93495790304166,435.0338262355641,436.2267468236976,52304400
2025-04-23,451.87371826171875,460.6416026468302,450.2036537132872,455.46240028946823,55801100
2025-04-24,464.58819580078125,464.896361425193,453.1362539590864,453.78243704630535,45956100
2025-04-25,469.7673645019531,470.29423120888106,462.63975320893314,464.2104027176438,38697100
2025-04-28,469.6182556152344,472.0040665388327,463.27595392675005,470.23458681729716,33550800
2025-04-29,472.7198486328125,473.60460372916896,466.81494870601875,467.3915381780168,30613100
2025-04-30,472.66021728515625,474.38000479352525,459.6972685051719,464.36950604973805,46810600
2025-05-01,478.8334655761719,484.30096287876717,477.89901815565884,480.5532529218463,43316500
2025-05-02,485.94122314453125,488.00894827712347,481.9648613296433,483.66477784831574,39218100
2025-05-05,483.058349609375,486.14003597307794,481.2391774925475,481.73622270162116,28309500
2025-05-06,478.5650939941406,482.1835675083398,475.36412148604,476.7260205679887,32786300
2025-05-07,480.4438781738281,482.9291041737698,473.9624196873836,479.2310866723673,38006300
2025-05-08,485.4044494628906,489.7883921245775,481.3088015351198,485.6430214704163,39577600
2025-05-09,485.0863037109375,488.63521379310254,483.326774588034,487.31305654497106,27767400
2025-05-12,504.8488464355469,504.88861854839246,498.51649505607935,503.99391286415016,45090600
2025-05-13,512.543212890625,514.3325638836975,505.41556974916824,506.15118710497205,53269600
2025-05-14,515.6148681640625,516.1616058199734,512.7021901958013,513.7161819509431,47014500
2025-05-15,516.181396484375,518.845551249811,512.1254910070218,513.46754933804,50153300
2025-05-16,518.4281616210938,518.6170412486316,514.0441884093638,517.5831482665423,48394600
2025-05-19,518.9251708984375,519.442117353632,511.2010686059385,511.2010686059385,52536200
2025-05-20,517.1954345703125,517.8515075410328,513.6067220946634,516.4001137065187,42517600
2025-05-21,510.0080871582031,519.9092488061895,508.21873667770086,513.2190402211261,71292800
2025-05-22,510.9624938964844,514.6505913275334,509.27252798800356,510.62447644500173,55607200
2025-05-23,506.2305603027344,508.81520128108224,502.59218597999717,503.18864625765127,58368100
2025-05-27,518.1398315429688,518.626986864166,511.54906721801433,513.0998460017336,47226300
2025-05-28,515.8433837890625,520.5852140545883,515.3264980787542,519.0940785672615,46637200
2025-05-29,516.857421875,523.3687019543887,514.2628604553026,523.2196247969079,58513300
2025-05-30,516.042236328125,517.6029654866918,508.9046747674079,516.370303138387,67662800
2025-06-02,520.1180419921875,520.3566139720011,512.9207767791972,514.1832909592489,44762800
2025-06-03,524.1838989257812,525.6153916465726,519.6011563664897,520.4660102317107,44070300
2025-06-04,525.6452026367188,526.708886650537,522.8617009643712,524.8896842213366,41359300
2025-06-05,521.6886596679688,529.8998557728775,519.5712423411791,527.0468212855055,61031200
2025-06-06,526.7883911132812,528.6572860020211,525.0885352856423,526.8679353376542,42467000
2025-06-09,527.5638427734375,529.2040557008712,525.8838273941709,527.0071545180014,33688700
2025-06-10,531.052978515625,531.7389032205542,525.7644110626619,528.0309052999579,40664800
2025-06-11,529.2635498046875,533.6077799068673,526.9771544229022,532.4546012685898,53701000
2025-06-12,530.5062866210938,531.4805365276557,527.703004925698,527.9515275399644,34104900
2025-06-13,523.845947265625,528.7269048823287,522.6231747023902,524.5616632957901,55814400
2025-06-16,531.1326293945312,532.2062642001805,527.3153555791812,527.3650479728419,37622100
2025-06-17,525.953369140625,530.1782533672921,524.7902396796701,528.5678317630843,42180900
2025-06-18,525.8638916015625,529.4028511373086,524.2833217813045,526.9673174269449,43983500
2025-06-20,523.7166748046875,530.4068839390565,521.7781863439574,529.1145785233912,61643500
2025-06-23,529.1017456054688,529.6192118620138,521.1400908129034,524.2849177292203,50666100
2025-06-24,537.1928100585938,538.1083833993794,533.6996241180443,534.3166475371182,45442000
2025-06-25,538.566162109375,540.7058813321303,536.7947253384327,539.4618726543914,44804200
2025-06-26,543.6018676757812,544.0497229160504,538.9244439782782,540.7456288167091,43811400
2025-06-27,545.4629516601562,547.3538082383178,541.9299187322695,544.6369129629151,57577100
2025-06-30,548.9959716796875,550.1503850048523,546.3785725646466,548.6177881825827,45548700
2025-07-01,544.3681640625,548.0703649871544,542.0493151839511,547.0950210069877,56166700
2025-07-02,548.159912109375,548.3589656247289,543.5023514145969,543.5421378206258,36538300
2025-07-03,553.553955078125,554.5292991491806,550.528547956803,550.528547956803,26443500
2025-07-07,549.3840942382812,551.6830197478901,546.9458251844275,550.8669428006658,45349300
2025-07-08,549.6925659179688,551.3545443122363,548.4584584278795,550.7275591514004,36153300
2025-07-09,553.5838012695312,554.957191559505,550.448875446199,551.8222657361728,43045500
2025-07-10,552.7876586914062,554.6287670725607,550.1005880395711,554.2207589895446,34710900
2025-07-11,551.5436401367188,553.1259849885996,549.4039211443059,550.6479296881262,39618600
2025-07-14,553.5440673828125,554.280510790838,548.9860026438791,551.3346764161255,36453300
2025-07-15,554.0515747070312,558.112036002509,553.9918647207423,557.5646843377589,43277700
2025-07-16,554.6187744140625,557.524821997974,548.9162589009651,554.6088733698717,52314700
2025-07-17,559.1072387695312,559.6148040205102,554.5392729959415,555.3453881761403,40423800
2025-07-18,558.56982421875,562.0231629422733,557.2959302535468,560.4208944407413,50484700
2025-07-21,561.4658813476562,563.3468370391857,559.3660092861638,559.3958946507648,39595200
2025-07-22,558.5598754882812,561.6449925970527,555.9325146805868,561.5952444003194,43270600
2025-07-23,561.1076049804688,561.1473913894928,556.897899192682,559.644679980569,40215300
2025-07-24,562.3018188476562,563.5259038068097,560.590031519654,562.4212388074466,42275500
2025-07-25,563.6553344726562,564.9789766749151,561.5654242523398,562.2222340881906,30630800
2025-07-28,565.4168701171875,566.3125198933016,564.1529379000713,565.0187630549528,31498700
2025-07-29,564.5410766601562,569.3678058353573,563.8145950597007,568.0243008153843,45463300
2025-07-30,565.2974243164062,567.88493787487,562.3416283337683,565.4566306884598,43433800
2025-07-31,562.3018188476562,571.8757036606775,561.1672684870435,571.7861083195327,64613600
2025-08-01,551.2252197265625,556.3405979294319,549.0357523301388,556.1515061828632,69400800
2025-08-04,561.3961791992188,561.6151562999452,556.2709001900665,556.3703965814645,47669800
2025-08-05,557.5845336914062,563.8443626007596,557.047083143738,562.6799876518158,48666600
2025-08-06,564.600830078125,565.0387235781728,557.9428929652461,558.4205728770752,41823700
2025-08-07,566.5115356445312,570.5719965866228,562.4013265086303,568.9298809926769,44463000
2025-08-08,571.7960815429688,572.0150586353669,567.4172078636645,567.7157577691117,35255500
2025-08-11,570.104248046875,574.0353274481827,568.8304148017489,571.9354554685915,33112900
2025-08-12,577.2697143554688,577.568264258411,569.7459530883017,572.4031383383943,42143300
2025-08-13,577.558349609375,580.5240464797514,576.165035771658,579.9667330931853,41209300
2025-08-14,577.110595703125,579.091047893356,575.1400445589929,575.5083270283026,45425000
2025-08-15,574.57275390625,577.060771050305,572.811218330625,577.0209239007323,49480200
2025-08-18,574.3438110351562,575.0006815724842,572.4827790837365,573.67703945311,29831000
2025-08-19,566.5513305664062,573.7964041556768,565.5262384524466,573.6272360152775,53752600
2025-08-20,563.1876220703125,565.7253875756548,556.1614636230435,565.6059676042936,76781100
2025-08-21,560.5802001953125,563.774775630925,558.2911756152315,561.6450181787756,46436900
2025-08-22,569.2284545898438,571.238791941298,560.5702032580724,561.9634564557491,51502100
2025-08-25,567.5863647460938,570.5420998652211,566.4318908111547,567.6659983001664,34044700
2025-08-26,569.8654174804688,570.1739291946637,566.0736815609588,567.0987738406898,34103000
2025-08-27,570.7412719726562,571.656845435623,567.6362308872759,568.8504150544121,36927100
2025-08-28,574.3140258789062,575.2295992365423,569.7161747720991,571.3582297430389,46787900
2025-08-29,567.666015625,572.273828233091,565.8148847062891,571.9055458127416,56030400
2025-09-02,562.908935546875,563.257233673264,556.8580604404501,558.6195961337324,65876800
2025-09-03,567.3375854492188,568.9597775003773,564.0135677896833,566.5015849549442,54230200
2025-09-04,572.472900390625,572.8411221194266,566.302665614699,568.0044307011564,47526300
2025-09-05,573.2988891601562,578.3346336864022,568.7906334517568,577.7076484747704,68342500
2025-09-08,576.0953979492188,578.0559870759845,575.0006946855148,575.5977945125156,46371400
2025-09-09,577.7276000976562,578.155531799883,574.2742003720782,576.8915995273586,44007600
2025-09-10,577.9166259765625,580.971918274203,575.7769069667078,580.9420329124574,49308000
2025-09-11,581.2803955078125,582.0765487866307,578.8321649514098,580.4443950823623,44745800
2025-09-12,583.8480834960938,585.0423439865303,581.3003561297145,582.2358530939185,50745900
2025-09-15,588.8440551757812,588.9535133647106,585.4702889551867,585.6195942983544,44360300
2025-09-16,588.3463745117188,590.018314719858,587.6596793599289,589.7695130089575,36942100
2025-09-17,587.1720581054688,588.9136701422223,581.5690385221046,588.2667613743852,69384800
2025-09-18,592.466552734375,595.2730433570825,590.1178791327126,592.058483907603,61069300
2025-09-19,596.4772338867188,597.1738908683575,592.9940097211341,594.4669572446983,58196100
2025-09-22,600.0083618164062,600.6759063866804,595.5446250028239,595.56457167487,57154800
2025-09-23,596.02294921875,600.3770403666388,594.8073576106723,600.1777560752951,64635500
2025-09-24,593.9305419921875,597.7167610032964,591.2005236200914,597.3979183069385,49850300
2025-09-25,591.3699340820312,592.9541133753095,586.358211090951,590.0447574609248,70920200
2025-09-26,593.801025390625,594.1298414316656,588.9089213733314,592.1869260081028,54337400
2025-09-29,596.5509643554688,599.858888854889,595.2357610619866,596.929586249639,48332900
2025-09-30,598.18505859375,598.5238479838199,593.9305790157047,596.2521164355429,46533800
2025-10-01,601.0545043945312,601.592517201177,594.1696797218984,594.9966151966095,46899600
2025-10-02,603.5254516601562,604.9502399376884,600.7356543050928,604.8506282086944,43765400
2025-10-03,600.9848022460938,605.1197232184186,599.2013385970163,604.3027001978111,46482100
2025-10-06,605.498291015625,607.1422494333636,603.7645725777412,606.2355880916678,41962100
2025-10-07,602.3099365234375,607.4910236381941,600.835342343377,606.8035324139453,58209500
2025-10-08,609.2147827148438,609.5236520962168,603.0572809483214,603.2066985640004,50629800
2025-10-09,608.4774169921875,609.3840783602061,605.2691043090726,609.2545466200572,45551000
2025-10-10,587.3546142578125,610.9484275974415,586.9062397942465,609.174937229752,97614800
2025-10-13,599.8190307617188,600.7556121211176,595.056398092238,597.497493628088,65872600
2025-10-14,595.8236083984375,600.4965418065246,587.98225574158,593.1433960886728,69203200
2025-10-15,600.0281982421875,604.4919346880256,593.761112515483,601.8117224786903,62805500
2025-10-16,597.8063354492188,606.0960622285921,593.3326864685649,602.9076964191378,70982000
2025-10-17,601.7320556640625,603.306322454893,594.1995718879336,595.7738386787643,72024900
2025-10-20,609.3142700195312,610.5696939626,604.8605678351395,604.9303203667564,45761700
2025-10-21,609.1549682617188,610.4900574537519,607.1024677916307,609.41403175621,44538200
2025-10-22,603.286376953125,609.1848147458128,597.5573034367524,608.5969960402966,61478800
2025-10-23,608.3578491210938,609.1449520725764,602.3199065464308,602.7084409478078,42844300
2025-10-24,614.8540649414062,616.1692681518385,612.8912638677524,613.7481193370727,47632500
2025-10-27,625.8041381835938,626.262425126202,621.7589166953564,622.2471236453642,54098600
2025-10-28,630.6165771484375,632.3701816547181,626.9599505234498,628.0658962701283,61195700
2025-10-29,633.4562377929688,634.6917152842577,627.9563074763624,633.2769001713006,67422800
2025-10-30,623.7715454101562,631.1944440896802,623.6619603385896,629.869267455657,61628600
2025-10-31,626.7805786132812,631.8919134270566,624.4092354874234,631.8619934183905,66305100
2025-11-03,629.7796020507812,633.5059808284601,627.5576766411583,632.7985429356352,37154300
2025-11-04,616.996337890625,624.6683271251044,616.2092348629542,621.0117005353788,63830800
2025-11-05,621.01171875,624.3195827183903,614.9638020768305,616.2391121345779,48688500
2025-11-06,609.4439086914062,619.7761638844125,608.078899450419,619.5270737190788,72115100
2025-11-07,607.5209350585938,607.7301926884926,596.4912153281726,606.0961466218313,81835400
2025-11-10,620.9618530273438,622.037939599601,614.6449603115116,616.6675408883244,55919900
2025-11-11,619.307861328125,620.4536395227035,615.2726130875191,618.3115007347396,44868800
2025-11-12,618.8196411132812,622.5858524528388,615.5615225825271,622.5659665942537,47444400
2025-11-13,606.1858520507812,615.8704485105809,603.8742880136988,615.2925422980531,71333600
2025-11-14,606.6441040039062,611.1177533949825,594.9966460866717,597.3679891941105,80087300
2025-11-17,601.4630737304688,610.2509824067986,597.686888568112,604.0934805750228,63850400
2025-11-18,594.1397705078125,600.1179339423381,589.1878876531316,597.4377215700049,83327300
2025-11-19,597.6868896484375,603.9539765734731,592.4261367628516,594.897091844488,73111500
2025-11-20,583.5385131835938,611.7953468701894,582.6218784315797,609.3940836964333,117743200
2025-11-21,587.9224853515625,594.807310091711,578.6264242609341,585.3319113971087,103344200
2025-11-24,602.9575805664062,604.4720682054578,592.9939741263881,593.1135933516537,60168100
2025-11-25,606.6740112304688,608.0390203669549,595.1461119637967,601.3135864178203,57560900
2025-11-26,612.034423828125,613.9474190856081,608.1685399702174,610.2808195033393,42393600
2025-11-28,616.996337890625,617.0660904342964,613.1802595402138,613.8677508272276,23034400
2025-12-01,614.923828125,617.1855860502521,610.2907880213397,611.3967336448243,40957600
2025-12-02,619.736328125,621.4799592732617,615.3424043891131,617.2055939510703,54541800
2025-12-03,621.2507934570312,621.9481972408511,615.7807833814271,617.3649627124794,47841600
2025-12-04,620.6729125976562,622.665633919662,617.285262025035,622.6556605829674,47067800
2025-12-05,623.20361328125,626.6310962033638,621.440096358939,622.1076409382764,53614200
2025-12-08,622.008056640625,626.5514587784469,619.42745579579,624.9273860516373,43462400
2025-12-09,622.7752075195312,623.5922305440594,618.7399590794447,620.7426537012356,37156000
2025-12-10,625.3258666992188,626.920080160108,618.7299643381673,621.5795410824109,55031400
2025-12-11,623.3032836914062,623.5025679748155,615.4718431258982,621.5496792982444,58272800
2025-12-12,611.3868408203125,621.2707218227131,609.1350559341882,619.8160741378235,75158700
2025-12-15,608.3179931640625,616.1693197420918,607.102462393675,616.1195138735233,49538200
2025-12-16,609.5235595703125,611.2771638485672,604.7011478051123,606.0462710202155,55152800
2025-12-17,598.224853515625,611.4167192166101,598.0953825829183,610.8288396926666,70654300
2025-12-18,606.8932495117188,610.6993546715539,604.7112171529216,607.5807408251216,78875800
2025-12-19,614.8042602539062,615.372193060386,609.6431199441153,609.722845815118,60369800
2025-12-22,617.7513427734375,620.1855972768566,616.3147325600856,619.8862552767364,43703100
2025-12-23,620.6444702148438,620.9437513214359,616.3247143117193,616.7437078609482,41120400
2025-12-24,622.4602661132812,622.8094781897531,620.2554500580117,620.524833532521,18468700
2025-12-26,622.4202880859375,624.0464530908596,621.672054895625,623.1884327551913,28959800
2025-12-29,619.4074096679688,621.312944373981,617.2724362589381,618.6392040742111,32458300
2025-12-30,617.9707641601562,620.7142858196408,617.7612369489017,618.3798323976478,31226800
