Date,close,high,low,open,volume
2005-01-03,81.17459869384766,82.15975943174442,80.90469044350309,82.02480273253629,55748000
2005-01-04,80.18270874023438,81.33656177754456,79.91954954653589,81.2825790844595,69167600
2005-01-05,79.62940979003906,80.46612105387662,79.6226606654712,80.12198777394659,65667300
2005-01-06,80.03426361083984,80.3986390884641,79.79809574980743,79.91955424234885,47814700
2005-01-07,79.91954040527344,80.45260785535159,79.71035878051342,80.27716669692872,55847700
2005-01-10,80.29740142822266,80.60779412689926,79.85205202485716,79.85205202485716,56563300
2005-01-11,79.74407958984375,80.12194800892738,79.61587202705277,80.0544722409583,63099700
2005-01-12,80.00723266601562,80.18941774062519,79.29872428549582,79.89252335429588,72720500
2005-01-13,79.36626434326172,80.11525771008004,79.28529027860651,80.05452587457,55537500
2005-01-14,79.7845687866211,79.98025212906948,79.46068302179515,79.60238368741543,42032500
2005-01-18,80.61454010009766,80.71575633764252,79.58888977681475,79.65637070055914,57391700
2005-01-19,79.7710952758789,80.64829082337302,79.76434615260058,80.58756415808605,54378900
2005-01-20,79.28526306152344,79.75759873968212,79.14356235807583,79.54842224622224,72049300
2005-01-21,78.7994155883789,79.62263346998037,78.71169759125176,79.48093279089565,63160400
2005-01-24,78.64424133300781,79.17730371841586,78.52278284249218,79.00861165648153,58441900
2005-01-25,78.86688232421875,79.26499812291962,78.75892212075378,78.88712968868528,68245000
2005-01-26,79.10308837890625,79.35274934978871,78.9748807572703,79.1638150535295,57195100
2005-01-27,79.23799133300781,79.45391684590189,78.93434785014969,79.07604848535483,55878800
2005-01-28,79.23799133300781,79.31896533086946,78.68468188446235,79.27847575790348,60738900
2005-01-31,79.73059844970703,79.79132510556276,79.42694972621271,79.58889262323322,52532700
2005-02-01,80.23664855957031,80.35135786002745,79.69008309326418,79.79129930169644,49841200
2005-02-02,80.47958374023438,80.695509312141,80.22992285438492,80.33788306630238,52468900
2005-02-03,80.27043151855469,80.40538825927545,80.00727230924078,80.33790731487844,48837100
2005-02-04,81.12738037109375,81.26233194757282,80.28392014791794,80.29741324633679,50024600
2005-02-07,81.01940155029297,81.32304512103258,80.94517665112164,81.14086000820318,45412000
2005-02-08,81.1138916015625,81.41079128219197,81.01942445737552,81.08690025349861,39263500
2005-02-09,80.506591796875,81.30281847387515,80.4661073525086,81.25558490609009,55279400
2005-02-10,80.7967300415039,80.98566428391587,80.47284423967541,80.74275250658049,45858600
2005-02-11,81.49174499511719,81.67393527358519,80.60780039002908,80.76974330016662,53133000
2005-02-14,81.43104553222656,81.55250404241481,81.2960939200503,81.43779465725758,32432100
2005-02-15,81.73465728759766,81.93708977481516,81.43101370484341,81.51198772934481,43852700
2005-02-16,81.78863525390625,81.95732726750182,81.42425988677122,81.5997010223707,55523000
2005-02-17,81.12738037109375,81.86962433787393,81.120631247848,81.8021485496344,58124000
2005-02-18,81.2353286743164,81.29606047846517,80.90469375684124,81.13411243278306,47723300
2005-02-22,80.02751922607422,81.28933779842066,80.01402612524755,80.90472007394105,80697600
2005-02-23,80.60103607177734,80.68201008561648,80.04098254062185,80.25015897461711,68292600
2005-02-24,81.13411712646484,81.18809981148183,80.28391300377221,80.45934900796912,68563600
2005-02-25,81.93707275390625,82.09901562119641,81.09361281249984,81.15433945720706,60899900
2005-02-28,81.39730072021484,81.8493994078836,80.99918988184501,81.74818313010482,69381300
2005-03-01,81.80215454101562,81.9978327968204,81.49850574958879,81.52549709647604,47294400
2005-03-02,81.76167297363281,82.2744983186914,81.41079572579706,81.48502065000581,64226500
2005-03-03,81.7953872680664,82.25422976719317,81.44450498446082,82.09228686987545,61230800
2005-03-04,82.8143081665039,82.88178396073134,82.18002437500522,82.35546555845502,56168500
2005-03-07,82.85477447509766,83.16516717905205,82.59161533156953,82.76705647661227,43442400
2005-03-08,82.54438781738281,82.99648123573114,82.3959380028631,82.77380651395157,44362000
2005-03-09,81.6266860961914,82.51737965367849,81.61993697470561,82.30145409877468,73263600
2005-03-10,81.80888366699219,81.9843248158773,81.2420809294632,81.78189232500432,65149000
2005-03-11,81.2353286743164,82.13277145553515,81.08013489896092,81.85611407188213,57976500
2005-03-14,81.74141693115234,81.75491517767597,81.16111588438018,81.3837906193661,36336400
2005-03-15,81.06663513183594,81.95732877407072,81.02615069521175,81.93033743363065,62438500
2005-03-16,80.37837982177734,81.08013928010351,80.22993001258324,80.76974141647648,74874200
2005-03-17,80.54033660888672,80.79674668382167,80.28392653395177,80.5065961380468,62584200
2005-03-18,80.30117797851562,80.97182074925053,80.03698521524757,80.68730626085296,60232000
2005-03-21,80.00312805175781,80.46377286287635,79.77280823034518,80.41635377209768,61244300
2005-03-22,79.19024658203125,80.56540570774054,79.19024658203125,80.18605289190198,92472400
2005-03-23,79.25798797607422,79.7457302674695,79.08863330091167,79.2241149737239,70817300
2005-03-24,79.35282897949219,79.9286338616947,79.29863424113802,79.56960276461412,51932500
2005-03-28,79.46794891357422,79.89472580288103,79.46794891357422,79.54246534922169,46765500
2005-03-29,78.93952941894531,79.86759406539464,78.74985318014747,79.35275486845057,71160300
2005-03-30,80.05732727050781,80.07087336793668,79.10216460052463,79.10894023338585,62002100
2005-03-31,79.90834045410156,80.2470499364443,79.84737522806222,80.0641490900297,64575400
2005-04-01,79.5492172241211,80.6059879329278,79.19696204394904,80.3621169742354,95255300
2005-04-04,79.68473815917969,79.8405466918748,79.08183609353415,79.50183743394841,71581200
2005-04-05,80.06409454345703,80.19280054461998,79.71183402756479,79.78635047637688,46853900
2005-04-06,80.34185028076172,80.57894577290432,80.05733569019061,80.24023645033087,53268200
2005-04-07,80.775390625,80.78894189094389,80.15216676721576,80.21313712737599,46734600
2005-04-08,79.93536376953125,80.75503933714245,79.93536376953125,80.72794198346624,63772900
2005-04-11,79.99634552001953,80.21989485796476,79.82022043705616,80.13183231648307,44945000
2005-04-12,80.40958404541016,80.65345514969573,79.30539361144031,79.86087664491443,86144800
2005-04-13,79.4612045288086,80.47733243752332,79.34603943791764,80.31474825095742,65949000
2005-04-14,78.42475128173828,79.59668776716804,78.42475128173828,79.5289469388973,96119800
2005-04-15,77.32730865478516,78.71601322462297,77.29343566866801,78.40440139185509,128677300
2005-04-18,77.56442260742188,77.87603451473248,77.1986159766764,77.30700542354614,100035200
2005-04-19,78.18086242675781,78.26214932954818,77.78795850229635,77.97085920186709,64930100
2005-04-20,77.09020233154297,78.3298738560452,76.92084776154246,78.1605192860447,107735900
2005-04-21,78.5873031616211,78.72278476246143,77.48310795843435,77.76085195893637,86952200
2005-04-22,78.28924560546875,78.91924493485638,77.40859960325642,78.40440549502645,88845800
2005-04-25,78.80412292480469,78.91928286971738,78.39089708172284,78.48573529145033,52284100
2005-04-26,78.03866577148438,79.10221338165286,78.00479792287962,78.55350565226624,72626000
2005-04-27,78.34347534179688,78.62798996140978,77.52379931769612,77.80831393730901,84131900
2005-04-28,77.36119079589844,78.36377245206259,77.36119079589844,78.08602838569597,72481500
2005-04-29,78.41121673583984,78.49250884271794,77.20541224276876,77.95057180011996,103993800
2005-05-02,78.85150909423828,78.85828472590151,78.25537754689775,78.62795976398559,56026400
2005-05-03,78.98698425292969,79.15633885260077,78.37053619763894,78.62795332855377,86000300
2005-05-04,79.5966567993164,79.76601138825112,78.77020557838829,79.02085223059674,81055700
2005-05-05,79.5695571899414,79.9353637118687,79.08181516070502,79.71181442042007,96906700
2005-05-06,79.31893920898438,79.9286169658542,79.29861747847097,79.88797350482741,67415400
2005-05-09,79.8134536743164,79.98958394514483,79.29184366277386,79.40022794369591,43750500
2005-05-10,78.98698425292969,79.596661845404,78.84472700940105,79.50182368305157,74613500
2005-05-11,79.42053985595703,79.52892929177416,78.47892859753986,79.21054178442728,91647400
2005-05-12,78.5466537475586,79.65761940167953,78.5466537475586,79.47471872557682,95086800
2005-05-13,78.390869140625,79.00054682034589,77.76764536504052,78.78377310847767,85267000
2005-05-16,79.12251281738281,79.14960501954012,78.35025584852558,78.37734805068288,49207000
2005-05-17,79.65088653564453,79.73217346637334,78.68895328786317,78.85830795127373,61071800
2005-05-18,80.47054290771484,80.66699488966924,79.94215731335822,79.9963468645616,77944900
2005-05-19,80.80926513671875,80.89055722902538,80.40958547657839,80.62635922110229,61768100
2005-05-20,80.69408416748047,80.87698486709587,80.4366618598017,80.84311187873001,46345500
2005-05-23,81.14118194580078,81.3173121917281,80.74150753698441,80.75505363207452,51047900
2005-05-24,80.95153045654297,81.17507985635334,80.74830278975277,80.91088699050263,50654100
2005-05-25,80.89054107666016,81.20215294917172,80.49763712807453,80.84989245447677,47608800
2005-05-26,81.32411193847656,81.43249623621459,81.03282170888266,81.14798164032126,43256200
2005-05-27,81.45960998535156,81.45960998535156,81.15477359534403,81.33089876062627,24596100
2005-05-31,80.93797302246094,81.40538832134912,80.88377829646727,81.3444231308264,43377200
2005-06-01,81.6289291381836,81.91344366740354,80.91763764684073,80.96505673504404,69611000
2005-06-02,81.8050537109375,81.8592432591953,81.35795505183542,81.44602275830303,39704500
2005-06-03,81.39181518554688,81.89310331372602,81.10730072103642,81.6627835572057,60999400
2005-06-06,81.31732177734375,81.42570605571882,80.9853881414352,81.2563514215195,36046400
2005-06-07,81.3782958984375,82.13700660352595,81.29700897280598,81.55442618446217,66501300
2005-06-08,81.22926330566406,81.68990297224771,81.06667912750021,81.58151868843201,46881200
2005-06-09,81.6153793334961,81.68312014666644,80.9108635062805,81.11408594579152,56653300
2005-06-10,81.42569732666016,81.73053873651507,81.019247281813,81.669568387227,36465300
2005-06-13,81.68311309814453,82.02182230306141,81.16149802832885,81.24956572931431,49383200
2005-06-14,81.87281799316406,82.10313785209081,81.54765476893878,81.595073867441,33857100
2005-06-15,82.02859497070312,82.13020876856777,81.44601987741693,82.07601922222675,53195600
2005-06-16,82.23863220214844,82.40121124498013,81.91346894819046,82.00830715386682,46564500
2005-06-17,82.54331970214844,82.91060272773886,82.44809875356786,82.66574737734524,51529400
2005-06-20,82.57050323486328,82.86976676527429,82.25763375038979,82.35285467222297,41019400
2005-06-21,82.6181640625,82.74059177794302,82.31889516049388,82.63856781688146,39879800
2005-06-22,82.6861343383789,82.93779261662395,82.34605810844576,82.76095152409631,46310100
2005-06-23,81.5230941772461,82.70655829366493,81.50269042872809,82.51611638862659,62185600
2005-06-24,80.924560546875,81.62511691119418,80.82933440660048,81.53669375004341,58572500
2005-06-27,81.04019165039062,81.21703279751434,80.76812954462024,80.9177639622516,48183800
2005-06-28,81.7203369140625,81.78154815800801,81.18981870992441,81.21022245790626,41174200
2005-06-29,81.50270080566406,81.89038764432468,81.4550903233427,81.86998389320887,42316500
2005-06-30,81.0605697631836,81.83594314645225,80.90413241536734,81.76792893880878,62288800
2005-07-01,81.29862976074219,81.48227384678582,81.08098116224181,81.24421631382911,49737500
2005-07-05,81.95160675048828,82.06043368573856,81.06741125277233,81.10821875891423,51549000
2005-07-06,81.26461791992188,82.06039504994345,81.21700745545438,81.8835539579993,52363600
2005-07-07,81.58430480957031,81.58430480957031,80.43485040875653,80.45525415712117,103268800
2005-07-08,82.51608276367188,82.51608276367188,81.42784004322652,81.59787813045706,64491200
2005-07-11,82.93780517578125,83.04662688747983,82.50930574012148,82.52291169730395,49688300
2005-07-12,83.15544128417969,83.4070943735395,82.73374489052198,82.9717972138967,51871100
2005-07-13,83.27108764648438,83.33229889308792,82.9718188253484,83.16226073365209,41182300
2005-07-14,83.5975570678711,83.95803710918634,83.3118890372031,83.64516754145703,63638800
2005-07-15,83.54991912841797,83.68595272321633,83.223448879204,83.51591462158167,56075900
2005-07-18,83.21666717529297,83.4071090675433,83.0126245146615,83.31869110018489,56598400
2005-07-19,83.67237854003906,83.73359497823031,83.25749018853398,83.46153287448111,59165700
2005-07-20,83.95805358886719,84.1552985007686,83.18267990161526,83.37991962436323,69477000
2005-07-21,83.46830749511719,84.0736427459867,83.29826938668977,84.03283526049253,101110900
2005-07-22,84.02603912353516,84.03963989008999,83.40709786768032,83.57713598995011,52607100
2005-07-25,83.78803253173828,84.30494496944198,83.55677786084598,83.93766699128838,57301600
2005-07-26,83.89002227783203,84.01925293711264,83.6247631692107,83.81521026310153,42758800
2005-07-27,84.19608306884766,84.26409728462913,83.6927716450823,83.99883821067495,43181600
2005-07-28,84.72661590576172,84.77422638397816,84.09407372994164,84.31172237166722,47880700
2005-07-29,84.16207122802734,84.76740655466084,83.9988360764688,84.61777735940413,62358100
2005-08-01,84.10088348388672,84.3661426251957,83.96484982862995,84.22331117904112,40418200
2005-08-02,84.60417175292969,84.74700315977799,84.1620715760267,84.25049472489846,45147400
2005-08-03,84.82862854003906,84.84222930808048,84.42053803981736,84.50895600496717,36837200
2005-08-04,84.14849853515625,84.54978616435835,84.04647458546218,84.49537788845466,50855600
2005-08-05,83.57714080810547,84.32531274054539,83.43430939986294,83.96482754166435,53595500
2005-08-08,83.42072296142578,83.93764042467747,83.23707884131859,83.76079928398426,47616000
2005-08-09,83.92402648925781,84.06005492969118,83.57034943063962,83.6995748923056,47170000
2005-08-10,83.88321685791016,84.67899411139176,83.53633759774424,84.21649016088794,72863700
2005-08-11,84.21648406982422,84.35931547505567,83.66556219405265,83.84239811149052,58570200
2005-08-12,83.69954681396484,84.12804611697258,83.4887012452789,84.0464259666019,54776900
2005-08-15,84.21648406982422,84.2504937711825,83.54313453397543,83.8083935992841,36208500
2005-08-16,83.1214599609375,84.01245832793946,83.03983976970973,83.95805005627417,71942100
2005-08-17,83.11463928222656,83.57034543309989,82.99901459447379,83.10784149293673,62275100
2005-08-18,83.10785675048828,83.3595099183679,82.8697991636843,83.01263579142793,53388600
2005-08-19,83.29828643798828,83.53633880068614,83.1146423373697,83.40710815129916,39842100
2005-08-22,83.29828643798828,83.81520384638385,82.89699372159562,83.37310363614365,69912000
2005-08-23,83.14183044433594,83.3934887080619,82.40046679664637,83.31867152666096,55168600
2005-08-24,82.40050506591797,83.47514763499933,82.359692373103,82.93782635045865,79104600
2005-08-25,82.69976043701172,82.75417389586535,82.44130429118654,82.53652524960387,35631100
2005-08-26,82.13524627685547,82.63175487077578,82.08083281229737,82.62495707957122,61956800
2005-08-29,82.76777648925781,82.8289877361141,81.87677300151124,81.89718193961616,56179200
2005-08-30,82.33250427246094,82.50254248435024,81.88360090227907,82.46853276631062,74160200
2005-08-31,83.37308502197266,83.42749846105572,82.12160186881799,82.42767357179686,102945200
2005-09-01,83.3118896484375,83.76079285052894,82.39368468588518,83.33229339595938,74578700
2005-09-02,83.1622543334961,83.57714782572161,83.0058221447797,83.55674407842403,47653400
2005-09-06,84.1348876953125,84.20290711726652,83.42073046717539,83.42753344720145,57251300
2005-09-07,84.27770233154297,84.42733152898623,83.97163058010216,84.08725526459776,41749700
2005-09-08,83.99880981445312,84.33888596754808,83.86957921574896,84.10763667423565,39068700
2005-09-09,84.74700164794922,84.84222258414941,84.20288275382697,84.22328649884818,43093900
2005-09-12,84.57697296142578,84.79462158119995,84.52255950919414,84.64498718213913,33017600
2005-09-13,84.10768127441406,84.62459356503571,84.01245512703319,84.42734866894862,58427500
2005-09-14,83.80158233642578,84.28448995089163,83.67235171102247,84.16206230291779,57694600
2005-09-15,83.76078033447266,84.10085658009443,83.59074221166176,84.06004390199665,73156900
2005-09-16,84.35638427734375,84.52031425322944,83.92606613642879,84.21977683264565,75424100
2005-09-19,84.07634735107422,84.39055391058012,83.76897793964393,84.33590883838424,53355300
2005-09-20,83.3659896850586,84.43154263161027,83.24304086728405,84.15149052008553,84480300
2005-09-21,82.58734130859375,83.24306680395345,82.49854172788557,83.18842170986272,94469100
2005-09-22,82.88102722167969,83.09960754597651,82.26628829894103,82.61463896549513,84597200
2005-09-23,82.9493637084961,83.25673327187752,82.5805171056923,82.81275096047052,59368100
2005-09-26,83.0449447631836,83.49575355784776,82.70342089613109,83.34548222254615,70415400
2005-09-27,83.02447509765625,83.3250126327924,82.66245532986356,83.00397928302341,66150800
2005-09-28,83.1064224243164,83.41379705310553,82.7853891328269,83.28401630686739,58620500
2005-09-29,83.78266906738281,83.91927658106934,82.70345199103434,83.02448538056457,66607700
2005-09-30,84.04218292236328,84.04218292236328,83.15421889877335,83.755304161969,47824200
2005-10-03,83.74166107177734,84.24711499569977,83.63920285728518,83.98755870206205,50994800
2005-10-04,82.79905700683594,84.03537188496715,82.75807580551397,83.871441868438,60776300
2005-10-05,81.71302795410156,82.860548768709,81.67204674290781,82.81956755751526,106052100
2005-10-06,81.41931915283203,82.14335357325194,80.71578054976467,81.8154882417656,140941800
2005-10-07,81.6993408203125,81.99988349432623,81.37147561127564,81.76081261568402,75661400
2005-10-10,81.00946044921875,81.76764385309548,80.80454925515842,81.74715325481351,52677000
2005-10-11,80.89336395263672,81.54908931896563,80.8182282658576,81.2758691135181,75629800
2005-10-12,80.25809478759766,81.3714605243495,80.1966230036235,80.86600674823858,100510400
2005-10-13,80.21031951904297,80.65430172072159,79.8346410688744,80.23081012337177,99052900
2005-10-14,81.05732727050781,81.15295359998875,80.29914336444894,80.68165389361677,88651000
2005-10-17,81.35782623291016,81.46711117423219,80.90701217044837,81.14608307637032,68109300
2005-10-18,80.4767074584961,81.25538168716045,80.46304879274855,81.24172302141291,74996900
2005-10-19,81.81547546386719,81.82913933996821,79.99857078556975,80.25812710782887,116563800
2005-10-20,80.37425231933594,81.83597453896135,80.12152790896369,81.61739939989332,131966700
2005-10-21,80.68848419189453,81.13246657625939,80.26499763153411,80.79777440827421,96579500
2005-10-24,81.9383773803711,82.02717167922295,80.8796568833326,80.90014747451082,71308400
2005-10-25,81.77446746826172,82.12964996190077,81.24169112218308,81.77446746826172,76594500
2005-10-26,81.5354232788086,82.33458800818295,81.41247445804012,81.63104956037947,80855800
2005-10-27,80.66793823242188,81.53541179321316,80.55182136562013,81.41928971517065,66623100
2005-10-28,81.82913208007812,81.93158508553692,80.66794764287847,80.89335467737057,72322000
2005-10-31,82.0545425415039,82.85371254690364,82.0545425415039,82.16383270715383,77698900
2005-11-01,82.30046081542969,82.58051302661627,82.11604012875902,82.3619378518154,66365100
2005-11-02,83.16106414794922,83.16106414794922,82.05452490911256,82.0818474446538,74012300
2005-11-03,83.51627349853516,83.78266700277173,83.16109084495717,83.43431107684003,84897600
2005-11-04,83.40697479248047,83.64604050177955,83.02446965760194,83.60505929768303,59156000
2005-11-07,83.4889144897461,83.75530264976544,83.22935305396528,83.58454074148433,46765400
2005-11-08,83.4889144897461,83.61868999639663,83.18837186357459,83.28399811531281,42152800
2005-11-09,83.59821319580078,83.98071826587113,83.23619872430694,83.38647006218909,57666800
2005-11-10,84.24712371826172,84.37007254613363,83.16108008142805,83.56407583258265,79048100
2005-11-11,84.53397369384766,84.58861354211912,83.62551912162337,84.2539216722827,34867000
2005-11-14,84.48621368408203,84.71161557660099,84.27446524816492,84.55451744579211,45092200
2005-11-15,84.1788101196289,84.75939971225537,83.91925382949644,84.39055848305075,69592500
2005-11-16,84.34960174560547,84.39058817201277,84.00125099422304,84.26763931527691,51133000
2005-11-17,85.13510131835938,85.1419332574283,84.1105293302104,84.47937587129314,55717500
2005-11-18,85.46980285644531,85.57226110887436,84.92336752889574,85.4219897001442,72437200
2005-11-21,85.90010833740234,86.0025665681983,85.3673317907539,85.48344868707633,50021200
2005-11-22,86.2689437866211,86.41920993312499,85.66785835563981,85.76348463579748,66438800
2005-11-23,86.7675552368164,87.02711671817153,86.20745628776069,86.2347788232318,50854700
2005-11-25,86.83587646484375,86.89735348484982,86.61730134827899,86.7334234502367,15270000
2005-11-28,86.22113800048828,86.93150322475026,86.09135723295874,86.91784455980908,54498500
2005-11-29,86.12550354003906,86.73342093947997,86.12550354003906,86.50801389138587,51738900
2005-11-30,85.66104888916016,86.4192273456776,85.57908125626308,86.17333486947132,56007200
2005-12-01,86.53533935546875,86.76757313802463,86.05037597609451,86.07769330596074,65468200
2005-12-02,86.64460754394531,86.80171082210866,86.40554186955833,86.58996247230232,46699400
2005-12-05,86.4602279663086,86.56268622144509,86.1870076896924,86.54219040142313,59273400
2005-12-06,86.6241226196289,87.25252535096723,86.49434186878511,86.7812259080841,57935200
2005-12-07,86.11865997314453,86.65826831098336,85.84543983596477,86.58995936825791,66816500
2005-12-08,86.06402587890625,86.62412488649392,85.70884330314584,86.21429723408073,62608600
2005-12-09,86.28945922851562,86.59682875875778,85.94110327266306,86.17334231364575,50744500
2005-12-12,86.37135314941406,86.65140512210883,86.03666133798271,86.54894695621466,48389900
2005-12-13,86.95881652832031,87.22520476193084,86.26211004300998,86.35090438379972,88630900
2005-12-14,87.30033111572266,87.49158365160827,86.84269037467625,86.87684484661615,64375000
2005-12-15,87.04764556884766,87.43015081104821,86.87005161586465,87.32086062113771,55900300
2005-12-16,86.7674331665039,87.45410167510944,86.7674331665039,87.3991669370934,46238300
2005-12-19,86.32111358642578,87.11765171868944,86.30738251880942,87.02151852877707,48733000
2005-12-20,86.40353393554688,86.92539843691115,86.16320091006767,86.4241331607498,46603200
2005-12-21,86.54085540771484,87.0421258637288,86.38292454050755,86.67132413712939,51806900
2005-12-22,86.99403381347656,86.99403381347656,86.57516560998349,86.73309643098685,32247900
2005-12-23,87.04209899902344,87.11076480004516,86.80862898891182,87.05583006368187,27977300
2005-12-27,86.15633392333984,87.24127186891607,86.09453100802621,87.17946895360242,44499500
2005-12-28,86.34859466552734,86.51339369740987,86.17692747931358,86.3417265111961,30764300
2005-12-29,85.96404266357422,86.49277517403446,85.87477239378732,86.32797617892376,32788900
2005-12-30,85.4970932006836,85.87475771822407,85.39409188176721,85.69622768689135,44645600
2006-01-03,87.00093078613281,87.20693351202296,85.41472760892636,85.9640647187221,73256700
2006-01-04,87.41291809082031,87.54338156719045,87.00091272457315,87.11078221926996,51899600
2006-01-05,87.46783447265625,87.61203423365578,87.12450021155307,87.30990364631323,47307500
2006-01-06,88.19570922851562,88.29184240530559,87.45410594567998,87.90730969814572,62885900
2006-01-09,88.42231750488281,88.62144678631442,88.15451717317482,88.18197930664665,43527400
2006-01-10,88.51158142089844,88.56651616813282,88.07211392075499,88.16138419472733,44960800
2006-01-11,88.79309844970703,88.88236870395232,88.39482947856648,88.59396920300144,49598900
2006-01-12,88.44294738769531,88.77254549228539,88.19574618981905,88.63521382185075,40509200
2006-01-13,88.36053466796875,88.51160263964569,88.03093658328007,88.28501115986448,44856700
2006-01-17,88.12018585205078,88.18198351360904,87.7631152334947,88.03091557797883,52066600
2006-01-18,87.76998138427734,88.51157950038717,87.31678282659166,87.60518238501581,75067600
2006-01-19,88.10648345947266,88.42235575857451,87.76314901501817,87.98288808878219,81530400
2006-01-20,86.49966430664062,88.10646668613478,86.49966430664062,88.08586746160798,114957800
2006-01-23,86.80863189697266,87.08330034912566,86.60949740013335,86.66443213833695,67017400
2006-01-24,86.89791107177734,87.30991117284454,86.80864080332135,86.9528405767516,53008800
2006-01-25,86.97347259521484,87.33053806559008,86.41039915072741,87.23440485284031,87747700
2006-01-26,87.45413970947266,87.66700536328021,87.0421394729008,87.37860572156663,71294000
2006-01-27,88.26445770263672,88.34686513462313,87.51599076093076,87.66019590860132,65771200
2006-01-30,88.19570922851562,88.44977323623257,88.13391157437859,88.19570922851562,33709600
2006-01-31,87.55024719238281,88.26437793182866,87.54337903944611,88.11332047814685,72937000
2006-02-01,88.16138458251953,88.18884671739168,87.70131785985598,87.76998367476808,63561000
2006-02-02,87.13825225830078,87.98971991278201,87.06958644144788,87.96225777713366,83626900
2006-02-03,86.70570373535156,88.16144409291945,86.61643863959704,86.91857471579607,86040400
2006-02-06,86.93225860595703,87.06959549280576,86.63699084781544,86.8223943353446,45511900
2006-02-07,86.16313934326172,86.97340813510053,86.10820462272882,86.78113661323536,71208100
2006-02-08,86.94597625732422,87.96224804646839,86.245571381854,86.4172385244289,59422200
2006-02-09,86.8017807006836,87.61891277658555,86.77431332787414,87.15197791655628,62023300
2006-02-10,86.95972442626953,87.29619062500785,86.14258699046712,86.81552462681024,64508700
2006-02-13,86.8017807006836,87.06271288407483,86.48590853280777,86.93224417294637,52308700
2006-02-14,87.72191619873047,87.91418257409819,86.66444589534215,86.83611305032989,90964400
2006-02-15,88.0309066772461,88.11331402872332,87.37170549294675,87.67384133365844,85471300
2006-02-16,88.69013214111328,88.72446767178934,88.01718926860791,88.12705877567812,61017900
2006-02-17,88.44981384277344,88.69015213395079,88.29188293934175,88.6146181405295,40342600
2006-02-21,88.2300796508789,88.85494030831424,88.092737505941,88.6558109625296,46456300
2006-02-22,88.76566314697266,89.0265901203664,88.33992144075623,88.42232880716757,42326700
2006-02-23,88.63516998291016,89.01970266103125,88.08583309513874,88.76563867250046,43423200
2006-02-24,88.86177062988281,88.90983197512753,88.41542983065027,88.65576799006237,36777400
2006-02-27,88.8961410522461,89.29439970714087,88.77253522873139,88.85493212591878,35858600
2006-02-28,88.051513671875,89.20512239486045,87.98285309693269,88.71758306743168,74394800
2006-03-01,88.83432006835938,88.91672743137558,88.23692169458549,88.3055927508103,48641600
2006-03-02,88.82746887207031,88.86866732014731,88.3124673156408,88.51159664059081,60642300
2006-03-03,88.41545104980469,89.31499577698139,88.33991707966716,88.35365338634635,73402500
2006-03-06,88.01032257080078,88.7038541586237,87.79058880497116,88.67639202190293,57478400
2006-03-07,87.87301635742188,87.93481404122382,87.48161531007305,87.79748236241879,61780800
2006-03-08,88.05839538574219,88.19572702633691,87.33052302176458,87.68758843063063,66692400
2006-03-09,87.46783447265625,88.3605004082055,87.46783447265625,88.085837190415,56313600
2006-03-10,88.2987289428711,88.47039612433451,87.50906409923263,87.69446235011182,60490800
2006-03-13,88.4635238647461,88.69012577767006,88.25752117320319,88.47038677929574,45479100
2006-03-14,89.39055633544922,89.42489187751853,88.31249156308033,88.38116264721894,69877300
2006-03-15,89.78878784179688,89.85745889707884,89.16392734075156,89.36991955113355,53398900
2006-03-16,89.97421264648438,90.27634859700622,89.84374389714681,89.96047633662398,65526400
2006-03-17,90.04932403564453,90.24235497844826,89.883874952897,90.0906863063314,47286800
2006-03-20,89.904541015625,90.24233984920038,89.76666329665163,90.06309986647457,45538500
2006-03-21,89.33926391601562,90.304429368152,89.24274842274197,89.8769945955974,87102700
2006-03-22,89.88389587402344,89.97351064157101,89.24274897095292,89.28411125126716,51605700
2006-03-23,89.69771575927734,89.89074666236318,89.38748827356046,89.80112141471788,46704200
2006-03-24,89.7667007446289,90.01488495007423,89.44268218420305,89.61503203466786,43209200
2006-03-27,89.63569641113281,89.81493643510998,89.44266545626567,89.64258661687875,32523000
2006-03-28,89.0842056274414,89.98731730348831,88.9670089729332,89.57367338924617,82079900
2006-03-29,89.6426010131836,89.96661956504647,89.13244168230592,89.2151767615346,61505700
2006-03-30,89.48403930664062,90.29752550462672,89.31168946611143,89.69775142579293,70571700
2006-03-31,89.50471496582031,89.78737121163779,89.18758665012774,89.6357025197064,62925600
2006-04-03,89.4357681274414,90.221682907645,89.27031902807127,89.6701718838799,61624700
2006-04-04,90.00802612304688,90.12522281359087,89.1807485595919,89.43582309081091,54809300
2006-04-05,90.31817626953125,90.50431698013467,89.88386197065114,90.0424208251821,50607200
2006-04-06,90.22164916992188,90.45605283870685,89.75286287114105,90.20786876305978,57906200
2006-04-07,89.3047866821289,90.58706988689312,89.17380964264049,90.35267663383064,80180900
2006-04-10,89.44268035888672,89.67707362607943,89.11176107877952,89.44268035888672,41496500
2006-04-11,88.68431091308594,89.66325649539516,88.41544565117985,89.51848855712092,72799400
2006-04-12,88.84980773925781,89.0221576080758,88.66366693550205,88.77397337620185,43033700
2006-04-13,88.73260498046875,89.10487604294369,88.45683889770912,88.64986989594064,51051800
2006-04-17,88.6981201171875,89.1462254728909,88.25690496778454,88.8153167406884,64167700
2006-04-18,90.1044921875,90.26995181709985,88.88425240277411,88.88425240277411,92531800
2006-04-19,90.27684783935547,90.35958291918493,89.7873801642805,90.13897006550619,87269000
2006-04-20,90.40094757080078,90.90420619228213,90.03556672678555,90.31132228171776,86005500
2006-04-21,90.41472625732422,90.8559414484251,90.04934542029066,90.78700782070929,72342600
2006-04-24,90.24927520751953,90.35958163278853,89.88389437829068,90.23548427451098,52546400
2006-04-25,89.87701416015625,90.39406381226007,89.5667864727744,90.33891058704074,84359800
2006-04-26,89.8976821899414,90.40784155924385,89.82874855802523,89.96662634125815,67262400
2006-04-27,90.33200073242188,90.74564457190266,89.33926393318784,89.55297605980631,124478600
2006-04-28,90.63532257080078,90.82835352421502,90.11138291430473,90.16652559865335,55854400
2006-05-01,89.8976821899414,90.86284771137302,89.84253949216868,90.63534463530844,64990300
2006-05-02,90.57329559326172,90.62844880701431,90.1320804026409,90.318210664731,49063500
2006-05-03,90.23545837402344,90.53190549191905,89.93212105130112,90.41469837408813,60821300
2006-05-04,90.55949401855469,90.73873405263863,90.29062870772944,90.36646305280316,42921400
2006-05-05,91.35921478271484,91.55224578023947,90.89731843010945,91.03519621128413,62588200
2006-05-08,91.2489013671875,91.53155763457556,91.2489013671875,91.35230706530528,30016700
2006-05-09,91.42816162109375,91.53157786146433,91.2144494514906,91.29028382000158,29864000
2006-05-10,91.37987518310547,91.51775293298554,90.92486914104302,91.28335970624963,64378200
2006-05-11,90.27684783935547,91.37989106894952,89.98041115154949,91.35230920253976,80626900
2006-05-12,89.09794616699219,90.11825392043491,89.06347410707002,89.8700698161493,91726500
2006-05-15,89.27721405029297,89.4426736779876,88.66364906176575,88.78773589298744,84029300
2006-05-16,89.14619445800781,89.62188151221436,88.93937262756212,89.45642194397874,62137600
2006-05-17,87.4502944946289,89.00144807896146,87.39514129186975,88.70500092905573,144789500
2006-05-18,87.00906372070312,88.07073901395289,86.94012485952024,87.79497830952342,87906300
2006-05-19,87.62265014648438,87.89151545322524,86.72643421058126,87.46409125261118,124309400
2006-05-22,86.95394134521484,87.67091732695565,86.51962163210736,87.057352303488,110852800
2006-05-23,86.29210662841797,87.98802822631244,86.29210662841797,87.6778006541448,92006500
2006-05-24,86.98151397705078,87.47788234632208,86.00946363697746,86.64370977117987,168405000
2006-05-25,88.0569839477539,88.0569839477539,87.16076266182176,87.49856688080243,78977900
2006-05-26,88.50508117675781,88.50508117675781,87.90530192156514,88.24999629502766,62989700
2006-05-30,86.93327331542969,88.24313337845628,86.89880649727411,88.2224522356228,72419900
2006-05-31,87.90531158447266,87.90531158447266,87.00219486971993,87.29174659077553,86926200
2006-06-01,88.74637603759766,88.891154530706,87.7398536103042,87.81568796014203,73721700
2006-06-02,88.93251037597656,89.2289470279185,88.46372389772459,89.10486020228659,91702600
2006-06-05,87.63645935058594,88.83601291228884,87.39516533705172,88.82912270482241,86105100
2006-06-06,87.42274475097656,87.81570223688557,86.69887846624972,87.69850558979178,130498600
2006-06-07,86.76781463623047,88.00184027490812,86.71955688543079,87.49168615792586,108599400
2006-06-08,86.69197082519531,87.20902035297978,85.39590190237418,86.57477419455878,204957200
2006-06-09,86.41620635986328,87.52613971987343,86.3748440824988,87.11250116712979,94972200
2006-06-12,85.47860717773438,86.81604333766568,85.36141057353589,86.78157127304326,95815900
2006-06-13,84.48588562011719,86.06460537552464,84.48588562011719,85.30626720373651,185688800
2006-06-14,85.14082336425781,85.23044339009667,84.34111755941937,84.68581724915322,163566400
2006-06-15,86.94701385498047,87.11246816144971,85.38897046161048,85.45101385414986,134057000
2006-06-16,86.31346130371094,86.94358490094135,86.18189477203686,86.7566266617262,94253500
2006-06-19,85.63485717773438,86.88818893207458,85.55176697902394,86.83279194430261,95804400
2006-06-20,85.92564392089844,86.42420601565658,85.6694422154414,85.87025224154928,65494700
2006-06-21,86.5627670288086,87.04055167917736,85.83569585053759,85.86339435363783,75008200
2006-06-22,86.18187713623047,86.59734391398236,85.8910509200988,86.52117438838407,74566100
2006-06-23,86.16802978515625,86.76353409851336,85.88412423167236,86.09186026021895,54107000
2006-06-26,86.54889678955078,86.59736783896422,86.03648779818745,86.2372979408855,37899600
2006-06-27,85.80101776123047,86.7565916886903,85.70407042548219,86.56270758308504,69780200
2006-06-28,86.38272094726562,86.39656755598617,85.62103067686547,85.99495250770528,62368100
2006-06-29,88.127685546875,88.18308254849616,86.6735485934869,86.69432114835763,110634800
2006-06-30,88.13459014892578,88.39772320142797,87.91300747905149,88.31462771911977,54227800
2006-07-03,88.49466705322266,88.64007490500208,88.15536445591174,88.23845993987624,23914000
2006-07-05,87.98917388916016,88.2523016493608,87.60832621247083,88.14151295983588,69653400
2006-07-06,88.24536895751953,88.52926922811686,87.9960878363895,88.07917802146841,50100300
2006-07-07,87.67066955566406,88.32849175080446,87.44908684207427,88.072289874967,81626500
2006-07-10,87.83680725097656,88.23842735071946,87.53213448819378,87.89913016166908,60964100
2006-07-11,88.22461700439453,88.22461700439453,87.20671973600999,87.67065765414713,73640800
2006-07-12,87.28288269042969,88.21768440083176,87.0543740794799,88.0445727773148,82561300
2006-07-13,85.8633804321289,87.0266909589789,85.8633804321289,86.86742591271233,102405700
2006-07-14,85.53097534179688,86.04338947156332,85.05319092748314,85.95336806022632,103242500
2006-07-17,85.40631866455078,85.93257929824514,85.27475746833646,85.5309592019272,81159000
2006-07-18,85.84260559082031,85.89800258656241,84.7485386981812,85.66256799613265,122771000
2006-07-19,87.0335693359375,87.42826348023965,85.66944940194453,85.98797403743878,133565300
2006-07-20,86.43807983398438,87.45597682194693,86.32036522144425,87.33133626662608,112259800
2006-07-21,85.8287353515625,86.68737275315682,85.73871921493686,86.65967426120727,101560000
2006-07-24,87.39364624023438,87.46981575530457,86.1680186228297,86.1680186228297,92884000
2006-07-25,87.70526123046875,88.14842649206307,87.05435994121294,87.23439747965645,95480700
2006-07-26,87.82301330566406,88.2523268642867,87.37292190905583,87.65682229947251,84525800
2006-07-27,87.73985290527344,88.41845247125327,87.38670388201123,88.203790567769,87257100
2006-07-28,88.61927795410156,88.73006661266385,87.84373621238201,87.96837675510577,82137000
2006-07-31,88.52928924560547,88.60545878778171,88.25230957250531,88.39772799516749,49593100
2006-08-01,88.09307098388672,88.20385970996634,87.66375212332404,88.17616120770916,65225600
2006-08-02,88.68852996826172,88.95166296291812,88.32153424723718,88.34230679251081,64770900
2006-08-03,88.92398834228516,89.01400977857618,88.04458351209503,88.17614476960415,63693800
2006-08-04,88.7716293334961,89.62333547550922,88.27307234651002,89.38098556694622,96294200
2006-08-07,88.56391906738281,88.68855966370421,88.21769577570653,88.56391906738281,45377300
2006-08-08,88.22461700439453,88.95168799122574,87.90608694408616,88.69547558427256,90901300
2006-08-09,87.92689514160156,89.04866083590092,87.67068792912124,88.75782388801822,78910600
2006-08-10,88.1968994140625,88.28691554373646,87.4421300948308,87.64986612693593,69322300
2006-08-11,87.9476089477539,88.07917015669702,87.51829032570993,88.0583976122821,47482200
2006-08-14,88.01687622070312,88.74394716865497,87.88530969339148,88.37694608104604,57839000
2006-08-15,89.06938934326172,89.23556972740772,88.56390111538019,88.80625631383828,68143000
2006-08-16,89.810302734375,89.94186925083201,89.35328554012253,89.54718026735532,71737600
2006-08-17,90.03881072998047,90.2742399863337,89.6648942972956,89.7272119417607,70992800
2006-08-18,90.49581909179688,90.49581909179688,89.73412384744753,90.1495959018005,58288400
2006-08-21,90.10806274414062,90.21192548853861,89.8795541405704,90.14267661501019,42133600
2006-08-22,90.10111999511719,90.37810488791538,89.79644189598581,90.0111091501144,60839900
2006-08-23,89.85184478759766,90.32271385339534,89.45715581748944,90.14267101975476,66592100
2006-08-24,89.7756576538086,90.08726693834686,89.60254608057265,90.01109742348736,57983000
2006-08-25,89.88646697998047,90.19114509156213,89.70643471672481,89.76875235794095,41756000
2006-08-28,90.3157958984375,90.58586018858311,89.768767788355,89.77568844993738,52681500
2006-08-29,90.41966247558594,90.59277409529737,89.88647572842417,90.35734482830456,61817800
2006-08-30,90.47504425048828,90.73816668340321,90.39887472798563,90.62045206969782,50052200
2006-08-31,90.46118927001953,90.70354971493467,90.4196441802381,90.60660765014714,37510300
2006-09-01,91.00131225585938,91.11210622497036,90.59969204225287,90.80742809286237,48794500
2006-09-05,91.17437744140625,91.29902323465599,90.8489269265568,91.06358352871514,52348300
2006-09-06,90.3712158203125,90.82131251887084,90.24658048483057,90.78668807038201,53795600
2006-09-07,89.95571899414062,90.41273617749962,89.5679506807066,90.059581733134,86269400
2006-09-08,90.21190643310547,90.3365522659488,89.90030769983576,90.07341928119587,45096300
2006-09-11,90.3019027709961,90.49578684303076,89.65792237282497,89.92105528453892,68496600
2006-09-12,91.18826293945312,91.29212566721043,90.27422867161704,90.40579517070492,69875600
2006-09-13,91.55525970458984,91.71451941092305,91.07054935973244,91.1536395428814,62898400
2006-09-14,91.56217956542969,91.56911079122699,91.22980826984158,91.37522665497619,57805400
2006-09-15,91.77714538574219,92.07620190523411,91.58239782757342,92.02056126180985,76703100
2006-09-18,91.90230560302734,92.07617859006291,91.56151072798625,91.65887917623157,64154100
2006-09-19,91.67276763916016,91.89533009739019,91.15811052613691,91.88836838784417,92089100
2006-09-20,92.15962219238281,92.34045686719742,91.84665297906369,91.97879812993173,75204100
2006-09-21,91.71449279785156,92.32652892794361,91.40152363582241,92.22916050837095,88932500
2006-09-22,91.43630981445312,91.58235715275563,91.10942781224459,91.57540605505268,65966800
2006-09-25,92.13873291015625,92.39607204289752,91.14418492203384,91.61711416082645,92299100
2006-09-26,92.90381622314453,92.91772903364695,92.08313020134148,92.1526836414886,73962700
2006-09-27,93.01506805419922,93.1750281810912,92.68818609118411,92.84119512120657,82432200
2006-09-28,92.98030853271484,93.18895821334765,92.69515432292881,93.01508524821425,58597500
2006-09-29,92.90381622314453,93.15419375036318,92.83426278299741,93.0568253015762,47966600
2006-10-02,92.55604553222656,93.07766435694897,92.46562820665213,92.87596580180016,51687400
2006-10-03,92.75079345703125,93.10549047976124,92.2569895745357,92.42391143883633,73108100
2006-10-04,93.83575439453125,93.89139501320781,92.55605200205906,92.66037152935081,80890500
2006-10-05,94.01663208007812,94.17660292966866,93.71757552299565,93.83580792549586,60505900
2006-10-06,93.89837646484375,93.96097881381876,93.47412589610771,93.85664864043797,64983600
2006-10-09,93.9540023803711,94.10006035527266,93.64103313399879,93.78709110890036,41176800
2006-10-10,94.0792007446289,94.20438420395134,93.7801336823056,93.96096838448044,56403700
2006-10-11,93.96788024902344,94.19043206568467,93.4045336925576,93.78009452608126,104071800
2006-10-12,94.78162384033203,94.85812836459046,94.16958764626463,94.204364359539,59158600
2006-10-13,95.02503967285156,95.08068028544169,94.61469148154455,94.69815770661062,53944000
2006-10-16,95.17108917236328,95.31714711029905,94.87898390885374,94.94853732927305,42273000
2006-10-17,94.87203216552734,95.07372010359036,94.35736445007132,94.91375997254991,90500600
2006-10-18,94.99723052978516,95.53971333113553,94.65644631058716,95.31019974404674,86848600
2006-10-19,95.15020751953125,95.1988970272147,94.74682110354271,94.85810231051059,64063200
2006-10-20,95.17108917236328,95.24759368987974,94.81639219789355,95.17108917236328,48094500
2006-10-23,95.60923767089844,95.8387511881529,94.85810541780027,94.9763377244416,66219900
2006-10-24,95.89439392089844,95.92916001417103,95.43536687620589,95.47709467802147,53234900
2006-10-25,96.2212905883789,96.26301839658531,95.6370694364026,95.79704018434343,78105400
2006-10-26,96.52034759521484,96.67335663456069,95.96395205326291,96.43689197824885,66843700
2006-10-27,95.91526794433594,96.49947845613056,95.72053110707105,96.40211003749812,80238000
2006-10-30,95.8456802368164,96.11692149256713,95.5605261798493,95.7413607585884,49717800
2006-10-31,95.83181762695312,96.15869964641396,95.45625669627654,96.02656510890644,71274100
2006-11-01,95.18497467041016,96.19343530299155,95.08760627717524,96.13084360998887,83005600
2006-11-02,95.12938690185547,95.28934707692567,94.83728155993236,94.94160110620318,60693100
2006-11-03,94.96244812011719,95.55362041011233,94.32259692131136,95.47016478794377,71346400
2006-11-06,96.03350830078125,96.17260453727063,95.24759917669046,95.25456088655062,63303300
2006-11-07,96.4021224975586,96.65945107741247,95.97787205889071,96.11696830172083,63318900
2006-11-08,96.61077117919922,96.70813960942007,95.18501082696581,95.97787107658219,87517800
2006-11-09,96.10302734375,96.77070397107069,95.90829053835647,96.68028666415228,95916300
2006-11-10,96.14474487304688,96.21428765280575,95.78308633628471,96.07519148093034,48991500
2006-11-13,96.3812484741211,96.7011687378104,96.02655150028416,96.10304540530215,59398200
2006-11-14,97.10456085205078,97.18802708371132,96.06132316137602,96.65249543103675,96704000
2006-11-15,97.3827896118164,97.68184606805495,97.04199472256204,97.06982034457259,76509600
2006-11-16,97.63312530517578,97.84176431901106,97.0141381352892,97.67485310794284,76728800
2006-11-17,97.66096496582031,97.6679160639166,97.1810738880877,97.32017013655832,56353800
2006-11-20,97.71659851074219,97.88352036423603,97.32712479828595,97.57750227234536,69174200
2006-11-21,97.81396484375,97.83482874844451,97.5705384724975,97.70964532027752,51367900
2006-11-22,98.00870513916016,98.17562699494313,97.71659985081209,97.89047280428328,45505300
2006-11-24,97.61229705810547,97.95308131342004,97.50796690071888,97.53579252096786,30998000
2006-11-27,96.27000427246094,97.61230939140908,96.24218926106225,97.56361985600383,84545100
2006-11-28,96.68726348876953,96.78463190668927,96.05436346611039,96.14478078716502,106652900
2006-11-29,97.69573211669922,97.73745992591894,96.72899895778006,97.0002403300707,90034900
2006-11-30,97.7374496459961,98.09910830846555,97.20191805515728,97.67485793874985,83994300
2006-12-01,97.52189636230469,97.82791456310646,96.65253129746627,97.73749720040598,126080000
2006-12-04,98.26605224609375,98.4468869437192,97.52883248232348,97.54274529268656,87813200
2006-12-05,98.69027709960938,98.7320155198475,98.24516279499524,98.45381244673733,73374400
2006-12-06,98.60684204101562,98.80854063761507,98.4121051554216,98.66943376587848,53253200
2006-12-07,98.1756362915039,98.9684966099165,98.14085957504398,98.78071083092397,62857400
2006-12-08,98.35641479492188,98.69024777108429,97.91130062258566,98.15472691267097,79625500
2006-12-11,98.64161682128906,98.82244089368456,98.30082197201175,98.35646259714055,39779400
2006-12-12,98.56509399414062,98.66941351416735,97.98783455448107,98.54423009013527,77451600
2006-12-13,98.66942596435547,98.99630798483497,98.45382518752079,98.91980345637458,55520200
2006-12-14,99.53880310058594,99.62226934983067,98.6485742659839,98.66248707625216,64755200
2006-12-15,99.54791259765625,99.93256664524284,99.4779822890466,99.75772486647578,70857400
2006-12-18,99.27513885498047,99.92555568362165,99.13526759584578,99.68776280445034,48954600
2006-12-19,99.46398162841797,99.70176386168629,98.7436344284324,98.99540699056773,65023600
2006-12-20,99.4079818725586,99.77165554297099,99.31706078708326,99.50589278326706,41469600
2006-12-21,99.0443344116211,99.61081987858903,98.83453288421944,99.49892928780538,48698400
2006-12-22,98.43590545654297,99.06533148926624,98.37995481584635,99.05834166098924,62069100
2006-12-26,99.01636505126953,99.03734520414095,98.45686940788407,98.47784956075549,32696900
2006-12-27,99.66675567626953,99.7297067966127,99.1911913896153,99.21916136527548,39727100
2006-12-28,99.45697784423828,99.79966081718953,99.30311626277305,99.59684909879957,37288800
2006-12-29,99.0443344116211,99.68775066246688,98.91145299660556,99.3520575471325,45461200
2007-01-03,98.86949920654297,99.91155977110627,98.31001420127998,99.48494551812317,94807600
2007-01-04,99.07929992675781,99.34506274347581,98.33797277642992,98.77157680666143,69620600
2007-01-05,98.28898620605469,98.89044196360511,98.17709565021082,98.8414918463275,76645300
2007-01-08,98.7436294555664,98.89749105087232,98.08622276134903,98.48486707777629,71655000
2007-01-09,98.6596908569336,99.03035444951288,98.19110565654904,98.827532078333,75680100
2007-01-10,98.98839569091797,99.00938651767552,98.12118748266937,98.317009379467,72428000
2007-01-11,99.4219970703125,99.74369985535074,98.96041237370122,99.01636300403212,54476800
2007-01-12,100.1773452758789,100.1773452758789,99.3870570535405,99.41502704153268,55370600
2007-01-16,99.98145294189453,100.31714591889131,99.82059094185482,100.05838369406956,44871300
2007-01-17,100.02346801757812,100.3311911948325,99.82064561825449,99.90457691209225,50241400
2007-01-18,99.68778228759766,100.19132745609066,99.52693084173035,100.12838697790282,68177300
2007-01-19,99.88360595703125,100.07942787486836,99.63183339531294,99.68777336769998,56973000
2007-01-22,99.57585906982422,100.07940407350536,99.2611354389048,100.05842392097628,60253600
2007-01-23,99.86959838867188,100.06542027270616,99.35206302572851,99.4919342755398,54064400
2007-01-24,100.67384338378906,100.69482353295659,99.94650664583851,99.98846694417355,55834700
2007-01-25,99.49191284179688,100.65286424096,99.31707114932617,100.61090394220544,73583800
2007-01-26,99.40103149414062,99.76469463738206,99.01637752389185,99.70875467033964,67255600
2007-01-29,99.34505462646484,99.86957971882053,99.12825262906294,99.44296555017829,66114600
2007-01-30,99.86261749267578,99.91157830904149,99.35208252847532,99.55490495128409,70407600
2007-01-31,100.53398895263672,100.79975178178886,99.58983939648483,99.75070146228308,91868600
2007-02-01,101.13545989990234,101.17043038337223,100.64590514580372,100.81374639206996,69312400
2007-02-02,101.27535247802734,101.37326344945468,100.97462973417744,101.21940182699807,49607000
2007-02-05,101.3033218383789,101.36626231195469,100.94663781179418,101.19841037759161,45705300
2007-02-06,101.33126831054688,101.42917924833098,100.93962455941046,101.38721894235091,57081300
2007-02-07,101.55508422851562,101.65998500729769,101.1074897865567,101.49213308975312,55669700
2007-02-08,101.42218780517578,101.49211809019772,100.89766264579868,101.2543359124381,70641000
2007-02-09,100.66690063476562,101.63902046293559,100.28224660099444,101.45018836063066,79084400
2007-02-12,100.32415771484375,100.73678153438328,100.14232620237455,100.66685126258267,65657000
2007-02-13,101.17044830322266,101.33828957921783,100.54101150375527,100.54801200458517,64081800
2007-02-14,101.83479309082031,102.03760475325609,101.25431740662168,101.26830772966579,66039400
2007-02-15,101.96772003173828,102.07262082270574,101.7089469615277,101.87679889857014,38715200
2007-02-16,101.91868591308594,101.93966605619012,101.56900263270063,101.71587430591667,39841800
2007-02-20,102.13555145263672,102.24745273321241,101.40821447188173,101.79985828240315,56911800
2007-02-21,102.09358978271484,102.156540921885,101.65299583748374,101.83482741238123,63971600
2007-02-22,102.01665496826172,102.4013089302886,101.5271002309061,102.14254657014911,79067400
2007-02-23,101.61801147460938,101.96069442170766,101.4291794258767,101.92573461432431,71966200
2007-02-26,101.5270767211914,102.07258196956889,101.2333439467951,101.98866136873865,69192800
2007-02-27,97.56166076660156,100.84868232838268,97.21197739467826,100.62489051952637,274466500
2007-02-28,98.5617446899414,99.29608186505996,97.77146756928971,98.18409136440305,177536300
2007-03-01,98.26802825927734,98.78556354898748,96.54759185421125,97.44977035860092,212828600
2007-03-02,96.98120880126953,98.3729528035525,96.97421897385827,97.94633855863606,162574000
2007-03-05,96.05803680419922,97.61762182167429,96.04404647980967,96.46366016807912,143750400
2007-03-06,97.70154571533203,97.99527850845992,96.31680235587446,97.05812950112455,143333300
2007-03-07,97.60367584228516,98.23311266790216,97.49177453930939,97.62465600265617,115144900
2007-03-08,98.42887115478516,98.72260388210391,97.9602967560989,98.28898928050016,117891600
2007-03-09,98.45687103271484,98.9044654205115,97.96731633848287,98.82753463488275,107765100
2007-03-12,98.60370635986328,98.84847828083275,98.02323076841128,98.20506225297329,80366900
2007-03-13,96.68750762939453,98.44991581977192,96.54063583373987,98.03728109459725,190605200
2007-03-14,97.40779876708984,97.46374938691086,95.6384017672719,96.81333276904479,231853800
2007-03-15,97.54071807861328,97.9043919130999,97.07214346085827,97.19103457239368,132435900
2007-03-16,97.26752471923828,98.03988357152905,96.97964453667409,97.81519346402118,121531600
2007-03-19,98.44012451171875,98.5314062316172,97.70287463010226,97.78011053605859,96161200
2007-03-20,98.98079681396484,99.03696936781176,98.2716384100585,98.3558918839193,82147400
2007-03-21,100.60973358154297,100.8625046555449,98.87545595419958,99.07205448799922,152368700
2007-03-22,100.53250122070312,100.8835715739764,100.25866677370264,100.74314557543047,118942200
2007-03-23,100.67993927001953,100.97483703362178,100.51142167061174,100.60270337618454,74416800
2007-03-26,100.54655456542969,100.86251576427708,99.76717789423665,100.75719893593386,113787500
2007-03-27,100.30782318115234,100.51846753885192,99.97781618731366,100.4903759104562,99864600
2007-03-28,99.57758331298828,100.03397040957147,99.18437558418177,99.80226272991973,152907900
2007-03-29,99.68289184570312,100.13226135610036,99.1352230897132,100.08310637639688,139432700
2007-03-30,99.7040023803711,100.29379813299468,98.69291782511962,99.8725200441861,128194100
2007-04-02,99.81634521484375,100.02698961135727,99.33888386849185,99.81634521484375,79416400
2007-04-03,100.89061737060547,101.09423349680883,100.34294838143087,100.38507511693372,82417800
2007-04-04,101.00300598144531,101.07321366625234,100.51852688683604,100.89066082916595,63995200
2007-04-05,101.27680969238281,101.41723573297348,100.83445748639306,100.87658422718825,46822800
2007-04-09,101.41717529296875,101.66994630092003,101.2135485487174,101.56461879788232,50967400
2007-04-10,101.5365982055664,101.70511588223934,101.29787286564483,101.33999960635805,56620000
2007-04-11,101.1223373413086,101.71213313721027,100.78530198894755,101.68405221475689,106365700
2007-04-12,101.57171630859375,101.75426910564617,100.64488507627897,100.92574789538392,115534400
2007-04-13,102.03511047363281,102.03511047363283,101.36105056331142,101.74020189711678,84287000
2007-04-16,103.0040512084961,103.11639630562159,102.38617460194214,102.39319215283068,83064600
2007-04-17,103.27792358398438,103.49558559339881,102.96897981043276,103.19367008713287,108424100
2007-04-18,103.404296875,103.70621232967942,102.91280037097522,102.93386374158912,88345300
2007-04-19,103.37619018554688,103.49555283958516,102.7653310990513,102.89873956939371,102947700
2007-04-20,104.35212707519531,104.35212707519531,103.2427436996727,104.07127513543897,124114100
2007-04-23,103.9589614868164,104.42939452065498,103.89577138834957,104.17662341296969,77270800
2007-04-24,104.00111389160156,104.19771250012923,103.43940970370573,104.07834982451034,114471000
2007-04-25,104.95599365234375,105.08238455532832,103.93087418304057,104.42938810317891,108418800
2007-04-26,105.07533264160156,105.1806601560186,104.68916389685047,104.96299829223092,88741600
2007-04-27,104.99112701416016,105.13858131596885,104.50664808312845,104.68218330661416,108191100
2007-04-30,104.12049102783203,105.13860411588867,104.064329172299,105.0683857257392,100874100
2007-05-01,104.38728332519531,104.94899817185835,103.6851424453214,104.21174810522683,134342700
2007-05-02,104.99811553955078,105.28599579780001,104.44342910075893,104.54874592020776,87129800
2007-05-03,105.56687927246094,105.60197774330368,105.13154466753032,105.30006232561497,86569700
2007-05-04,105.96705627441406,106.10748224927636,105.47556000548845,105.84769366009036,96409000
2007-05-07,105.98815155029297,106.1636867501821,105.8898522669078,105.93900726550956,63461400
2007-05-08,105.84772491455078,105.96708756411961,105.41240104979173,105.72836226498195,80584000
2007-05-09,106.13565063476562,107.30120742535624,105.58095316922618,105.77053426500244,102070100
2007-05-10,105.02621459960938,106.0372989931362,104.80855268146743,105.8336721760361,153617800
2007-05-11,105.92495727539062,105.97410155823738,105.12451722399243,105.1455805900436,113408900
2007-05-14,105.69328308105469,106.2339346468742,105.17369488797166,105.92499089497734,108027500
2007-05-15,105.72134399414062,106.4866748846569,105.45452706526336,105.81261501153162,180673300
2007-05-16,106.44454193115234,106.46560529653618,105.58792935948452,105.88282718867576,114166500
2007-05-17,106.23395538330078,106.6973711016029,106.10054685404805,106.29012795950317,101132800
2007-05-18,107.16070556640625,107.16070556640625,106.59197333823835,106.73239932939569,99182000
2007-05-21,107.10454559326172,107.58902442634016,107.0764646772622,107.13263722307887,174664600
2007-05-22,107.02029418945312,107.5398822128859,106.99221327291359,107.21689274668329,82148800
2007-05-23,107.03433227539062,107.77859971884752,106.97815973255013,107.39242018295468,133786600
2007-05-24,106.06543731689453,107.57504717373934,105.84075772662398,107.09758563445139,187593000
2007-05-25,106.50776672363281,106.73947453215449,106.14966796781702,106.37435822353055,83309200
2007-05-29,106.89390563964844,107.0764583674319,106.33920847853209,106.6832612837032,82020000
2007-05-30,107.76451873779297,107.80664545272182,106.26193852705313,106.34620267072442,129013600
2007-05-31,107.65220642089844,108.05242100839291,107.51176972399368,107.89794921285026,114866700
2007-06-01,108.18588256835938,108.41056210887069,107.78565707051281,108.04545651631219,107771700
2007-06-04,108.19990539550781,108.4035215206352,107.76457079870168,107.8066975339819,78008800
2007-06-05,107.77159881591797,108.05946841094371,107.32924666885546,107.9471340217277,126917900
2007-06-06,106.61306762695312,107.39244442484258,106.54987751967494,107.32925431756439,164096800
2007-06-07,104.6892318725586,107.07650708934978,104.66114023161458,106.41649280684983,232414600
2007-06-08,106.05132293701172,106.15665046665,104.6821507622457,105.0262035502911,175886000
2007-06-11,106.23395538330078,106.69034283343797,105.8126664186946,105.97415587913683,102015600
2007-06-12,105.07533264160156,106.40237789826293,105.00512501247178,105.79151902714077,233898000
2007-06-13,106.64816284179688,106.77455375361473,105.12451863205273,105.67218758435456,193208200
2007-06-14,107.32920837402344,107.51176106595642,106.74643041301081,106.76749377308712,146396500
2007-06-15,107.93993377685547,108.35597978582712,107.84120005269668,107.98928987893878,154030800
2007-06-18,107.81298828125,108.16557180113897,107.6508028748997,108.15852400433943,88537500
2007-06-19,108.08091735839844,108.15848613601553,107.43921299447447,107.57319640672138,110851700
2007-06-20,106.57896423339844,108.29957382703492,106.45203930927622,108.29957382703492,177119700
2007-06-21,107.17131042480469,107.26298560604116,105.95137415449409,106.53666423470035,205262000
2007-06-22,106.16285705566406,107.02316135706427,105.66924247944856,106.84686966841653,204964700
2007-06-25,105.65514373779297,106.6564793102005,105.0839603470527,105.94426471038719,232014400
2007-06-26,104.5692367553711,106.09945901014754,104.56218895714532,105.92316721452787,198445700
2007-06-27,106.05712127685547,106.17700914557658,104.40703294263736,104.45639980152198,213638000
2007-06-28,106.04302978515625,106.76935102258916,105.54235641993756,106.04302978515624,157705000
2007-06-29,106.07823944091797,106.93854382108825,105.17562677319697,106.40966870672086,199701800
2007-07-02,107.03731536865234,107.12899053998485,106.31805263357104,106.38856289152197,103357000
2007-07-03,107.42514038085938,107.53796968555113,107.17833838184018,107.3123110761676,54048400
2007-07-05,107.3122787475586,107.58024557547591,106.92444561450964,107.46741630477477,89279000
2007-07-06,107.87650299072266,108.01048651478492,107.13607508827351,107.45340901789481,81109000
2007-07-09,107.9610824584961,108.1444220226519,107.62259451852229,108.00339076099392,72348100
2007-07-10,106.42378234863281,107.61551607627001,106.31801162250805,107.38985751388056,180362600
2007-07-11,107.17837524414062,107.22068355795263,106.14177851575278,106.30396397203161,175607600
2007-07-12,108.87074279785156,109.12460337179806,107.42514816176725,107.44630231292984,133882500
2007-07-13,109.19512939453125,109.62528175457412,108.87074779515628,108.99768346795379,111794300
2007-07-16,109.18099975585938,109.67461446703484,109.00470801901145,109.29382904984054,98378700
2007-07-17,109.12464141845703,109.63941054288162,109.07527454186875,109.25156636968532,126201300
2007-07-18,108.92716979980469,109.15987624896295,108.1021255309691,108.75792581132686,237887400
2007-07-19,109.35026550292969,109.67463633781786,109.12460686996761,109.44192990757416,145212700
2007-07-20,108.24314880371094,109.2938516461533,107.77068814247731,109.22333063283655,245502500
2007-07-23,108.5746078491211,109.10348331344038,108.10214705886239,108.72268695353112,121183900
2007-07-24,106.69180297851562,108.7931982899926,106.31100665254458,107.97520172901572,256732400
2007-07-25,106.91036224365234,107.46039160654743,105.95133475655433,107.19948327696724,265214500
2007-07-26,104.37884521484375,106.33920904342168,103.22941930988733,105.90905664880583,467592500
2007-07-27,102.32678985595703,104.97821405926662,102.28448155505241,104.5128119893206,422987600
2007-07-30,103.92752075195312,104.23073741130239,102.45371347559659,102.90501994625258,283017500
2007-07-31,102.75691986083984,105.39424789762798,102.2774007814271,104.59740587036464,316976700
2007-08-01,103.25756072998047,103.66655873099953,101.50875022492599,102.37610230364386,467670000
2007-08-02,104.08263397216797,104.19545249340096,102.43253532422463,103.49028562573042,294758400
2007-08-03,101.40299987792969,104.06852983356991,100.97989544433901,103.85697761677457,359398200
2007-08-06,103.10246276855469,103.53966282704047,100.50744284078365,101.69212889215557,324980000
2007-08-07,104.20254516601562,105.06989768443727,102.41141471009254,102.91208808446362,232568700
2007-08-08,105.65514373779297,106.19106663626711,103.89927451885784,104.65380816538544,274930600
2007-08-09,102.52423858642578,105.03463160242814,102.4537175763152,103.96277465672085,357622100
2007-08-10,102.04473114013672,103.30697545740252,100.92350732447001,101.8190725135889,411018400
2007-08-13,102.41141510009766,103.58199507055296,102.26333603443533,103.3069803314697,181917200
2007-08-14,100.84593200683594,102.99669357730443,100.64143830472347,102.74283301882298,264134500
2007-08-15,99.45674896240234,101.86842957160488,99.16058011355165,100.6414351177996,323834000
2007-08-16,100.20418548583984,100.79652289072428,96.60783125906158,98.57524148242388,546743700
2007-08-17,102.04473114013672,102.82040845890488,99.70357130968306,102.6018083894339,388218100
2007-08-20,101.995361328125,102.58065126879606,101.04338150992608,102.36909900253016,187320400
2007-08-21,102.19984436035156,102.93322403878862,101.64276718537984,101.96714872776433,157066400
2007-08-22,103.4127197265625,103.51850121566136,102.4819050304506,102.96141334905523,173156700
2007-08-23,103.32111358642578,104.11794530148704,102.67940877482867,103.89934516478885,203915300
2007-08-24,104.597412109375,104.597412109375,103.15181774961482,103.2928489837392,128901900
2007-08-27,103.624267578125,104.59740128486506,103.46913000864492,104.25892420599595,113024300
2007-08-28,101.34663391113281,103.1307061203117,101.16329430718483,103.067243652791,219790700
2007-08-29,103.33515167236328,103.47619365883001,101.51583055886246,101.80494080713639,207654200
2007-08-30,103.06015014648438,103.79352983358304,102.46781246382378,102.56653541093387,191817300
2007-08-31,104.07559204101562,104.71729657549302,103.53966900958072,104.11790033823493,185477500
2007-09-04,105.12633514404297,105.76098136638895,103.94164856633259,103.97690908090699,120062000
2007-09-05,104.21664428710938,104.6185947116834,103.65956699480103,104.5057653896981,166261800
2007-09-06,104.4564208984375,104.79489814202456,103.74419513922605,104.32948520709387,127878400
2007-09-07,103.00377655029297,103.58200805056981,102.4325820883157,103.2928869204327,235447600
2007-09-10,102.80628204345703,103.4620928838927,101.77674435072105,103.32106164981846,192305900
2007-09-11,104.00508117675781,104.15316021613948,103.0460536588789,103.1236224566483,162081900
2007-09-12,104.27305603027344,104.67500644359984,103.64545773928698,103.86405781951879,149554600
2007-09-13,105.00640106201172,105.38718643693602,104.5057278505448,104.75254055873135,154079000
2007-09-14,104.99938201904297,105.13336549619231,104.18139632065159,104.33653395103539,121911000
2007-09-17,104.43522644042969,104.82305964320496,104.10379712315402,104.58330546985465,109870800
2007-09-18,107.50980377197266,107.5380057276003,104.45642828535968,104.95004320883096,263759500
2007-09-19,108.1444320678711,108.87075335487128,107.6860777349086,108.17969257655972,193779900
2007-09-20,107.38282775878906,108.19376548862722,107.26295066237786,108.13030304229088,175186800
2007-09-21,107.67257690429688,108.48736143587597,107.50962216018823,108.19687971230036,141457500
2007-09-24,107.47428131103516,108.27490403305764,107.24047084855839,107.99149249776247,139450200
2007-09-25,107.26168060302734,107.45298195814273,106.609850560418,106.85074215661359,142289900
2007-09-26,107.8284912109375,108.2394296519582,107.26167919535585,107.87100022017414,135547000
2007-09-27,108.46617126464844,108.47326330840421,107.82851436708242,108.33864420955216,102713300
2007-09-28,108.10481262207031,108.53700557586527,107.67970089960176,108.29611397828518,133372100
2007-10-01,109.3234634399414,109.64229185177713,108.04813898155743,108.11899454465029,148162300
2007-10-02,109.17462158203125,109.57138660895923,108.97623906856727,109.54305088319416,112978800
2007-10-03,108.9549560546875,109.40132199867212,108.40939887993223,108.97621054620741,119055900
2007-10-04,109.12512969970703,109.29516582960161,108.8204636152361,109.1888932484175,76864400
2007-10-05,110.42169189453125,110.59882004270274,109.55730566657078,109.8407063792275,134579700
2007-10-08,109.83354949951172,110.16655105360921,109.65642147333378,110.09569551872333,71280400
2007-10-09,110.86799621582031,110.8821694882133,109.84065559363256,110.24451277403861,94054300
2007-10-10,110.68379211425781,110.83966568477959,110.10989888235477,110.55625427881284,101711100
2007-10-11,110.15242004394531,111.60487257803923,109.49349791203147,111.18684205949566,233529100
2007-10-12,110.76172637939453,110.7758996521303,110.0107050899899,110.1453241533812,124546700
2007-10-15,109.82648468017578,110.78298058302136,109.06838216197563,110.71921707244216,161151900
2007-10-16,108.9549560546875,109.47925873792288,108.73531910162629,109.40132199867212,166525700
2007-10-17,109.28802490234375,109.88317265400188,108.02687384290816,109.80523586668664,216687300
2007-10-18,108.8912353515625,109.24549143075372,108.4590425025077,108.72118854157718,148367500
2007-10-19,106.04303741455078,110.86800457385951,106.03595618334006,108.46614824654124,297169900
2007-10-22,106.65943908691406,106.81531266101494,105.32744328692468,105.46914358764185,261989800
2007-10-23,107.52386474609375,107.65848386543138,106.4540146472717,107.31131962192272,180085100
2007-10-24,107.3254623413086,107.50968249641838,105.45498991546813,107.13417176475268,326694200
2007-10-25,107.58049011230469,107.89931844086449,106.19181225114345,107.44587106421454,237374500
2007-10-26,108.84166717529297,108.84166717529297,107.62302503003019,108.44490197656386,176484000
2007-10-29,109.2030029296875,109.42264001024847,108.79206450336326,109.06129182258013,106841000
2007-10-30,108.44489288330078,108.93376810897084,108.31027381408265,108.72121225289169,132981600
2007-10-31,109.57144927978516,110.01073436316982,108.28904343746265,109.09674722169596,220954400
2007-11-01,107.00666046142578,108.69292396172428,106.69491317790391,108.60789509555353,333040800
2007-11-02,107.12703704833984,107.69384894182011,105.71710476086301,107.36084735981436,331228200
2007-11-05,106.312255859375,107.09870481966628,105.54706139981825,106.02176326795255,226841000
2007-11-06,107.74352264404297,107.77185839285946,106.20604069738602,106.88621759047616,177800500
2007-11-07,104.79603576660156,107.07744577767946,104.54097095756684,106.58857065944312,306639700
2007-11-08,104.26468658447266,105.14323503471441,102.78389827440164,104.85275316931835,374509900
2007-11-09,102.83350372314453,104.53392939716622,102.65637559830715,103.22318775999531,277745100
2007-11-12,101.813232421875,103.87500615528407,101.813232421875,102.88309309335611,243087800
2007-11-13,104.91650390625,105.07945871006142,102.89015827215034,102.99643079397521,191117400
2007-11-14,104.62602233886719,105.85174573481771,103.9954467502063,105.72421869513036,230558800
2007-11-15,103.1168441772461,104.49845139294004,102.39416963390924,103.84662157153848,263111100
2007-11-16,103.29400634765625,103.77580034686514,102.42963126364978,103.66243578104657,308770600
2007-11-19,101.85570526123047,102.98932905312695,101.45185894767982,102.93264678242835,267746000
2007-11-20,102.47924041748047,103.10981606604287,100.68670478243088,102.03996615766276,414767500
2007-11-21,100.38200378417969,101.96199378164259,100.37492255411976,101.3739273555208,259012400
2007-11-23,102.11786651611328,102.26664802345194,101.10468845164179,101.36684531630209,77688400
2007-11-26,99.86478424072266,102.64924258018833,99.65932047642372,102.33040346749668,214232000
2007-11-27,101.01258850097656,101.4801983317624,99.86479139731439,100.42452208372008,293897900
2007-11-28,104.2434310913086,104.48432270854485,102.12497515951183,102.16040294111505,258596900
2007-11-29,104.27884674072266,104.66144947952449,103.51366288520084,103.88208153829181,199409900
2007-11-30,105.32743835449219,106.1847321608604,104.38511572284355,105.59666566993505,222908000
2007-12-03,104.63309478759766,105.17865230400504,104.35677541376225,104.9944429917948,146430400
2007-12-04,103.6978530883789,104.53389235203187,103.66242531375791,103.91040892506592,136533900
2007-12-05,105.4337387084961,105.71005813877144,104.73939951645282,104.81024427667795,171130000
2007-12-06,106.94283294677734,107.13413426741907,105.26366249625049,105.30617149838461,154457400
2007-12-07,106.92158508300781,107.33960471132669,106.66652024333142,107.28292243461651,148980100
2007-12-10,107.75060272216797,107.87104857267416,106.88621644343439,107.18379045251638,123914300
2007-12-11,104.79603576660156,108.32442328238389,104.73935349670079,107.79303916448136,250346400
2007-12-12,105.83050537109375,107.53094180478693,104.29303459127844,107.02789318858738,322435600
2007-12-13,105.61080169677734,105.84461196452132,104.36382441317849,105.0865097124748,237551300
2007-12-14,104.27178955078125,105.63922437913419,104.22219929456388,104.81025519094233,159152900
2007-12-17,102.7839126586914,104.05922649862063,102.63512027814356,103.87501714221906,177269400
2007-12-18,103.35780334472656,103.78290434323353,101.99746068962794,103.5136769541585,245569300
2007-12-19,103.35780334472656,104.07339705272418,102.69179988825233,103.400312363473,198917200
2007-12-20,104.00961303710938,104.05212204748254,102.86181570183264,104.03794877367805,214813800
2007-12-21,105.50897216796875,105.71552649556558,104.76820237789536,104.96763789020275,146084400
2007-12-24,106.29243469238281,106.47050283842506,105.75823025425606,106.00041119287053,45601400
2007-12-26,106.52039337158203,106.61298143980433,105.77250480032006,105.87934136689186,67093100
2007-12-27,105.18130493164062,106.14999620731159,104.93201601568661,106.14287739317068,122981700
2007-12-28,104.91777038574219,105.85084587936677,104.63285478604307,105.80098157376236,116398100
2007-12-31,104.14137268066406,105.13854988762337,104.03452527879358,104.77529480546313,108126800
2008-01-02,103.22969055175781,104.69698163309256,102.48181281471989,104.36933136659133,204935600
2008-01-03,103.17982482910156,103.62856011265939,102.61713417235774,103.2154406381555,125133300
2008-01-04,100.65127563476562,102.16842029733249,100.36637083947271,102.09718866429863,232330900
2008-01-07,100.56581115722656,101.3065701813042,99.78943631493652,101.00741687147928,234991000
2008-01-08,98.94178009033203,101.78374053900048,98.60701113060965,101.1996827139722,326365700
2008-01-09,99.98167419433594,100.2808273007719,98.07990817372662,99.06996638374602,301824900
2008-01-10,100.63703155517578,101.71257057175765,99.26946891453834,99.49027177085279,335701200
2008-01-11,99.8250732421875,101.07155119995936,99.00596350302182,100.27380878488145,267076600
2008-01-14,100.6298828125,101.04300226885874,100.0030793796221,100.54441356925975,170365500
2008-01-15,98.41470336914062,100.77945360672004,98.22238672489956,99.56858149775232,239940100
2008-01-16,97.56709289550781,99.09135574963624,97.06850427376801,97.83775994805949,378802600
2008-01-17,95.03852844238281,98.20815022850208,94.68239213997997,98.15828592932532,397892600
2008-01-18,94.06270599365234,96.17103740674503,93.37893046991461,95.97160197328685,348561500
2008-01-22,93.1082763671875,94.32625644290775,89.74634878145636,90.60819798669705,435923700
2008-01-23,95.34480285644531,95.57985409939101,90.34464657109241,90.52271470649826,511913000
2008-01-24,96.14967346191406,96.4844424230102,94.95304995091983,95.78640751309007,259949300
2008-01-25,94.76072692871094,97.41038145095199,94.44733616376668,97.23231332912619,269603900
2008-01-28,96.3277587890625,96.5271942650889,94.06272607073657,94.91745109205232,217934600
2008-01-29,96.80497741699219,97.18959986170476,96.0713374649453,96.9403109579671,168968300
2008-01-30,96.09271240234375,98.67825490843104,95.87190960466549,96.5699338063236,334939200
2008-01-31,97.84490966796875,98.67826752791832,94.87473343837813,95.01718582267014,343680800
2008-02-01,99.41902160644531,99.44038891729184,97.9517416300849,98.25089485035483,206843600
2008-02-04,98.16543579101562,99.21959641967483,98.03722104421645,99.15549448048506,124694300
2008-02-05,95.5371322631836,97.04714677548456,95.20948206811293,96.8263439969973,286882500
2008-02-06,94.76786804199219,96.33486552941575,94.3120140298614,95.8576442095614,250792900
2008-02-07,95.39466857910156,96.00722347859232,93.82767095922826,93.87753526040927,297368100
2008-02-08,94.78211212158203,95.60122119527546,94.09120688825811,94.79634974712324,221643500
2008-02-11,95.26647186279297,95.60835970931156,94.04848078621865,94.80349896372444,188576300
2008-02-12,96.14967346191406,97.0898675570229,95.43027124540622,96.09269035487469,256654400
2008-02-13,97.13259887695312,97.62406864864036,96.25650673131105,96.87618033817789,181967800
2008-02-14,96.27790069580078,97.58136105645865,96.007233588699,97.54574524735277,215207200
2008-02-15,96.25653076171875,96.31351388105196,95.38043839736052,95.80067667547185,154110300
2008-02-19,96.52719116210938,97.50300120047126,95.87902045165065,97.38191615594897,145190000
2008-02-20,96.81209564208984,97.26083088187417,95.27358413575894,95.43741466774182,220085700
2008-02-21,96.00721740722656,97.58846342292972,95.49439114252827,97.3391745380429,201051200
2008-02-22,96.5984115600586,96.76224209184309,94.632542994406,96.13543869333736,205491000
2008-02-25,97.81642150878906,98.04434314524286,96.00012375859828,96.5414471550436,190107000
2008-02-26,98.55005645751953,98.97029476448945,97.22522873019548,97.40329691468301,212420700
2008-02-27,98.4503402709961,99.105629896097,97.87340108304964,97.98023764806949,168395800
2008-02-28,97.48876190185547,98.26514741226617,97.26084028725727,97.75231019389648,170831100
2008-02-29,95.3162841796875,96.64110022090962,94.5755149031106,96.58412800124626,252715200
2008-03-03,95.08840942382812,95.30921223110865,94.1909496969533,94.83199080637542,189483500
2008-03-04,94.72515106201172,95.01717461140684,93.30060565033594,94.18381684978678,282513100
2008-03-05,95.32344818115234,95.99298619794666,94.26215804087008,95.03141379196879,270681400
2008-03-06,93.35047912597656,94.8889911092507,92.98722388065683,94.71804171052425,247911700
2008-03-07,92.3888931274414,93.83480578307035,91.5840215296629,92.43162774884232,326434600
2008-03-10,91.17089080810547,92.54557167923122,90.87885644006565,92.48146975505188,235683600
2008-03-11,94.44734954833984,94.53281878103546,91.84754808020392,93.10827360455019,341440600
2008-03-12,93.56414031982422,95.28072009879175,93.42168795653309,94.54708010284472,229161100
2008-03-13,93.77067565917969,94.47582938727851,91.59825310423594,92.31764445789246,351504200
2008-03-14,92.31768035888672,94.59695120238706,91.01421979797387,94.56846507177735,484687800
2008-03-17,91.38458251953125,92.06835817235988,89.79621213026228,90.15234845273245,405311100
2008-03-18,95.18098449707031,95.2237191111967,92.58118316407696,93.0370371621194,334416600
2008-03-19,92.8233871459961,95.90751849456518,92.62394078317553,95.54426331585276,345971600
2008-03-20,94.54271697998047,95.1368313585269,92.52415890427639,93.08964613352288,245320700
2008-03-24,96.43242645263672,97.21264461426726,95.37304716334828,95.42314740563346,208977300
2008-03-25,96.52549743652344,97.02655454126882,95.75243322253381,96.53265149436776,192947200
2008-03-26,95.34442901611328,96.69728875166457,95.28000972447427,96.24634278796512,196934300
2008-03-27,95.04378509521484,96.23201399090145,94.74315084249149,96.06021830839153,225153200
2008-03-28,94.13470458984375,95.45893685596857,93.81259728577183,95.19409477163316,180896100
2008-03-31,94.46399688720703,95.00800020662794,93.83409025886878,93.97724787742943,166692100
2008-04-01,97.78527069091797,97.94990135027437,95.56629012857688,95.63787437467401,254547300
2008-04-02,97.84973907470703,98.54406510592037,97.3343628263378,98.10027313957995,210910800
2008-04-03,98.09307098388672,98.37939708126557,97.14106811149553,97.32001782652337,175884800
2008-04-04,97.98573303222656,98.75164327023445,97.43456469698339,98.15036375804786,204446800
2008-04-07,98.03580474853516,99.18824120986797,97.87832814470912,98.68717333102741,154245500
2008-04-08,97.93561553955078,98.00718887972324,97.31286303892307,97.48465871534191,148937300
2008-04-09,97.22700500488281,97.92133109093668,96.55415202068804,97.7853274976766,195610600
2008-04-10,97.36296081542969,97.82822569034406,96.56125869130207,96.93347714456763,192967800
2008-04-11,95.4732894897461,96.71877296008913,95.20843638998157,96.26782694458424,222973300
2008-04-14,95.1511459350586,95.58778371655312,94.87914977044998,95.33726064593401,160522000
2008-04-15,95.37303161621094,95.69513887681221,94.7216521171184,95.6164005755788,172389200
2008-04-16,97.95707702636719,98.00002320982674,96.28926439460481,96.30357250760889,189268900
2008-04-17,98.10026550292969,98.24342313361521,97.10530522465865,97.36299332878345,179665700
2008-04-18,99.12381744384766,99.8968814794006,98.96634082981521,99.45308970652182,218530600
2008-04-21,99.17394256591797,99.48173085889812,98.67288550628474,98.94488166881436,118587400
2008-04-22,98.73729705810547,99.0021391427017,97.99286012302176,98.91624677412429,162166000
2008-04-23,98.57980346679688,99.33854838456665,98.15031985338432,98.84464550580881,193309000
2008-04-24,99.00928497314453,100.02571785288625,98.09305255588174,98.83748934699118,229381300
2008-04-25,99.92549133300781,100.1330681262252,98.71578992234828,99.78232287178743,190788100
2008-04-28,99.94701385498047,100.3908057220621,99.7680641121604,100.12596359780055,105610200
2008-04-29,99.55329132080078,100.01855613875826,99.21686503499566,99.7751871854335,125514100
2008-04-30,98.96635437011719,100.63416715802946,98.96635437011719,99.70362638113005,208395900
2008-05-01,101.0135269165039,101.0135269165039,98.97350681399108,99.05224512180743,187279500
2008-05-02,101.29273986816406,101.90832761102554,100.61273281926833,101.88685450901413,181585500
2008-05-05,100.80597686767578,101.36429922711835,100.5053425912241,100.96345352518279,118504500
2008-05-06,101.67925262451172,101.78661810825065,99.98996650625303,100.22618149270491,179339800
2008-05-07,99.86824035644531,101.67204526474734,99.58907929285893,101.5646798257609,199267300
2008-05-08,99.61055755615234,100.4408867348613,99.4817081004523,100.02572214550682,178321200
2008-05-09,99.42447662353516,99.77522206515701,99.10236925832886,99.20974566154825,152588200
2008-05-12,100.54110717773438,100.61268050648215,99.30276735372024,99.67498579876758,147865900
2008-05-13,100.55541229248047,100.84889242160004,100.01856319287178,100.78447315098049,159132200
2008-05-14,100.76303100585938,101.78661836079765,100.54113505743086,100.97777289609627,181910800
2008-05-15,102.02285766601562,102.09444195389952,100.80600122759148,100.95631294102725,166927000
2008-05-16,102.11592102050781,102.26623274272343,101.36432964274121,102.25907868240871,204236800
2008-05-19,102.39500427246094,103.2897526304478,101.85815525766881,102.22320865572783,165664400
2008-05-20,101.56471252441406,101.88681986729713,100.92765189614302,101.83671962038098,178552100
2008-05-21,99.84674835205078,101.72929119969044,99.4960031141099,101.5073953863436,252724800
2008-05-22,99.8611068725586,100.33353679753401,99.49605334265493,99.8038416462987,170820400
2008-05-23,98.52257537841797,99.96849243799932,98.43668299226152,99.53185460466057,181376400
2008-05-27,99.252685546875,99.49605456981243,98.44382923403711,98.63709800976989,168322900
2008-05-28,99.7107925415039,100.21184960508435,98.78025175358316,99.61773518604438,181288100
2008-05-29,100.21183013916016,100.87751776813197,99.55329656605525,99.58908868983521,173927200
2008-05-30,100.46240234375,100.74156353999376,100.1689221080964,100.54829473575519,117362000
2008-06-02,99.42447662353516,100.11164846857108,98.78026189312256,100.09017537237239,181069900
2008-06-03,98.84468078613281,99.93985237678682,98.22909321237347,99.71080237750881,271965700
2008-06-04,98.79457092285156,99.61058126241291,98.39372527144947,98.56551002363618,246637700
2008-06-05,100.7701644897461,100.84890280268269,99.00930537821691,99.19540915323796,237867100
2008-06-06,97.55622863769531,100.06868980200807,97.50612839355232,99.88974007450885,384276300
2008-06-09,97.79244995117188,98.42235652806357,96.92633933017107,97.96424563274924,228263900
2008-06-10,97.30570983886719,98.13603923220298,96.88339108478651,97.11244106647135,260234900
2008-06-11,95.87409973144531,97.53474738414691,95.86693475272105,97.32717052339308,283890100
2008-06-12,96.2391357421875,97.25556861415993,95.57344817509735,96.34651210354576,252791800
2008-06-13,97.45600128173828,97.72085426221541,96.21767242827806,96.75452152293815,244726900
2008-06-16,97.51329803466797,98.01435516729696,96.96214064988926,97.0265599407502,185832500
2008-06-17,97.0408706665039,98.15035032148707,96.89770213610895,98.11456911111372,191707700
2008-06-18,96.09598541259766,97.00505291382926,95.7094588804031,96.41093862072341,265893000
2008-06-19,96.21765899658203,96.80461916747278,95.55912550972835,96.02439029126174,304204900
2008-06-20,94.65594482421875,95.74220379013254,94.39696779552197,95.56235893622808,289275700
2008-06-23,94.56238555908203,95.12350040895554,94.46887373533947,95.02278776864118,165096400
2008-06-24,94.37535858154297,95.2745825775149,93.65597938476543,94.27464593306833,267300600
2008-06-25,94.82135009765625,95.9651601439473,94.41130975026175,94.75660861809709,287853900
2008-06-26,92.24598693847656,94.5408082232633,92.13808445483812,93.9293425212206,297775000
2008-06-27,91.74244689941406,92.69922274454538,91.38995255747103,92.28198140763308,303423400
2008-06-30,92.0661392211914,92.73516200073664,91.5769612158419,92.00139224849892,258842600
2008-07-01,92.35388946533203,92.41863094785046,90.59140743271988,91.01583845392321,388622000
2008-07-02,90.77127838134766,92.91503106509586,90.6058187309247,92.64885326544041,288064600
2008-07-03,90.86477661132812,91.44028211359553,89.91519637448594,91.44028211359553,239352500
2008-07-07,89.9367904663086,91.60575008907209,89.14547439738615,91.2100947988249,372427300
2008-07-08,91.53380584716797,91.64171382246735,89.3468924689155,89.91520268295987,375973700
2008-07-09,89.7713394165039,91.89350605946727,89.48358661192542,91.72085657209148,336729400
2008-07-10,90.1382064819336,90.49070071612702,88.90087350982765,89.51234466787707,436475700
2008-07-11,89.08789825439453,90.56982281849332,88.11673764180907,89.18142104279138,481124600
2008-07-14,88.28221893310547,90.28209229055659,88.0520178017822,90.10944281417112,322720800
2008-07-15,87.0376968383789,88.8361450236657,86.33989806433911,87.62039778254307,502502500
2008-07-16,89.17422485351562,89.61304650558101,87.11680036664639,87.3685819321528,371642900
2008-07-17,90.06629180908203,90.82883764700216,89.26778029696504,90.02313080467425,375490600
2008-07-18,90.6274185180664,90.94394171945882,90.03033230351349,90.76409687086549,267030100
2008-07-21,90.6777572631836,91.2172917042852,90.05909066497948,91.0086710617812,222863000
2008-07-22,91.70648956298828,91.93669075455391,89.81451820289233,90.03033422117295,296904200
2008-07-23,92.20281982421875,92.90780828318465,91.75680828564805,92.00139455022848,311698400
2008-07-24,90.2892837524414,92.37548450294724,90.03750213340724,92.32512269071275,248634500
2008-07-25,90.26770782470703,90.99427689235591,90.04469653219161,90.56265045381357,219131000
2008-07-28,88.94404602050781,90.6849424097894,88.78578171449533,90.28928713318605,205201300
2008-07-29,90.84318542480469,90.9151222320156,88.94402517461847,89.18861690524747,261505600
2008-07-30,92.4618148803711,92.51217669717387,90.84321155463648,91.44029765424135,354710000
2008-07-31,91.23886108398438,92.49058478645375,91.09498195750241,91.64890698970987,277402100
2008-08-01,90.75690460205078,91.56260598961246,90.25333574639566,91.44750814357326,248690900
2008-08-04,89.91519927978516,90.74248640786529,89.74974514722557,90.67054958986427,188239600
2008-08-05,92.33950805664062,92.4833816911506,89.90081317923342,90.65615799305178,251577600
2008-08-06,92.7495346069336,93.01571231670717,91.70644267993463,92.09490802118712,209555400
2008-08-07,91.36837005615234,92.39708271551888,91.0302608935843,92.05177822290528,246312500
2008-08-08,93.06608581542969,93.46893642075983,90.91514349278785,91.05902262928281,260811700
2008-08-11,94.03005981445312,94.6055543914548,92.96537069791805,93.13802565713182,249425800
2008-08-12,93.05167388916016,94.02282890971978,92.60565146480019,93.72069106042221,213200800
2008-08-13,92.49055480957031,93.26747439863001,91.84310718288536,92.64880807634069,256393200
2008-08-14,93.18840789794922,93.72075263561935,91.90072352919766,91.96546504440022,239555300
2008-08-15,93.64157104492188,93.87896745225342,93.01571477449993,93.46891611862983,181000800
2008-08-18,92.36107635498047,93.8645759442258,91.83593271878942,93.8286047961353,172275100
2008-08-19,91.3539810180664,91.857549850051,91.0230671796685,91.6633143543732,194673700
2008-08-20,91.77841186523438,92.04457869205672,90.88637758687256,91.64172804275039,225498200
2008-08-21,91.9366226196289,92.39702466155275,91.07336467470277,91.1812726038717,180609800
2008-08-22,93.26752471923828,93.26752471923828,91.93667955947174,92.56253605710249,167715300
2008-08-25,91.37556457519531,93.26753033030067,91.18133456145246,92.65606445584557,171936900
2008-08-26,91.64173889160156,91.98704340933418,91.05904334938371,91.37556654484041,159117200
2008-08-27,92.53373718261719,92.67761080730396,91.5769616620119,91.75680643708385,171032800
2008-08-28,93.65597534179688,93.76387782591338,92.87904452559326,93.0013376665436,167537100
2008-08-29,92.64885711669922,93.62002358235318,92.4474317867181,93.32507542886039,189195800
2008-09-02,92.07331085205078,94.03002797491483,91.735201865279,93.54084457787943,252364900
2008-09-03,91.99421691894531,92.44023403174192,91.31080882380952,91.99421691894531,251947000
2008-09-04,89.2246322631836,91.52664979515345,89.17427592124457,91.33960960148154,340042500
2008-09-05,89.50514221191406,89.88641223933114,87.76424618674369,88.69224584191964,289503400
2008-09-08,91.3539810180664,92.25321068315112,89.50517633039902,92.10932603340008,364075300
2008-09-09,88.64191436767578,91.62014410103005,88.3397763920435,91.43310395440747,377326800
2008-09-10,89.0015869140625,89.85045450768929,88.15991464850116,89.12388004903933,298916600
2008-09-11,90.2892837524414,90.45473789276629,87.47650848264185,87.85058873528774,375369400
2008-09-12,90.7065200805664,90.79284755981699,89.08072705122137,89.41164082237376,297851200
2008-09-15,86.3902587890625,90.39001148875748,86.24638512229136,87.49810358617175,483607000
2008-09-16,87.83621215820312,87.9944764836596,84.16737879556915,84.31125246138674,581744300
2008-09-17,83.88679504394531,87.6563398902535,83.44797336562092,86.0665127804335,624095600
2008-09-18,86.3758773803711,87.61321072684521,81.86537132062811,84.92273352433938,776114700
2008-09-19,89.8061752319336,92.61352058747075,89.23457549713429,91.67291231092585,501087800
2008-09-22,87.7730484008789,90.26203947222777,87.08568437650429,90.04497424337364,249966500
2008-09-23,85.77603912353516,88.28672911412549,85.58067938973556,87.4401849881831,327470400
2008-09-24,86.05097961425781,86.82517049704867,85.22614093615151,86.35486638615053,311818400
2008-09-25,87.39677429199219,88.20714457519051,85.69644906082576,86.39104979491178,328253000
2008-09-26,87.440185546875,87.91048968213549,85.74709728417238,85.97863086335042,285917400
2008-09-29,80.58827209472656,86.3476776245518,80.2916221337196,86.2029711343336,459562300
2008-09-30,83.92375946044922,84.50983310309456,79.97321494575976,82.1293757313851,328154400
2008-10-01,83.97444152832031,84.43027738311245,82.44776458013898,83.40284160514456,332783000
2008-10-02,80.92829132080078,83.28704327597703,80.35669163275708,83.1712737350183,365337800
2008-10-03,79.83575439453125,83.53306060464428,79.3582187509027,81.65908635797697,461798000
2008-10-06,75.7694091796875,77.86768457765031,72.81735298614785,77.5276185502316,610637500
2008-10-07,72.37602996826172,77.65789786879174,72.10108552222691,77.30335770393476,540012100
2008-10-08,70.55268859863281,73.93163352070827,70.04620512102379,70.55992005502749,725414800
2008-10-09,65.6253433227539,72.80289357836477,65.29975120350127,72.10829300914979,534485200
2008-10-10,64.03356170654297,67.96963777451508,60.47373112634819,62.77459831017078,871026300
2008-10-13,73.3310775756836,73.3310775756836,65.08268676322002,67.91897934953505,455584000
2008-10-14,72.24576568603516,76.355490046729,70.26325945998414,75.75494804651156,546268300
2008-10-15,65.13335418701172,70.7625247256839,64.90905756921629,70.51651717567275,484627500
2008-10-16,67.84662628173828,68.57016929880795,62.61541335963375,66.05224269071473,708811200
2008-10-17,67.44145965576172,71.33412000634999,66.31273405288256,66.55873608625,476649000
2008-10-20,71.49330139160156,71.70312958075158,68.07817662509855,68.98984259722013,321294200
2008-10-21,69.35887145996094,71.37032124886568,68.89580412094107,70.16200508361688,356502000
2008-10-22,65.58195495605469,69.35885132886953,63.33173517102817,67.4342237745216,516168000
2008-10-23,66.34166717529297,66.89155594489772,62.08723030608329,65.32870575309087,634666400
2008-10-24,62.97718048095703,65.06098223768252,60.77760919987164,60.82102001140923,545812600
2008-10-27,60.74146270751953,64.76436753249554,60.56057686798528,62.20302338226694,397288600
2008-10-28,67.83940124511719,68.18669883486288,61.1610961367725,63.19425044065427,639939500
2008-10-29,67.34741973876953,70.3067095397937,66.6383447911282,67.84666092170882,531270100
2008-10-30,69.67720031738281,69.85084910969516,67.21715275880958,69.30095482714454,414582100
2008-10-31,70.06068420410156,71.3196477334224,68.36035891377698,68.79448369766043,411394000
2008-11-03,70.26329040527344,70.68294684472198,69.42397752637635,70.02451979108403,205419400
2008-11-04,72.6509780883789,72.97657033252018,69.97386483578549,71.67419031556157,346793400
2008-11-05,69.59760284423828,72.86801477101884,68.73658490891681,71.77546329681198,387844100
2008-11-06,65.74111938476562,69.0549477485694,65.1622827594025,68.34587315850933,477721900
2008-11-07,67.91173553466797,68.01303109681365,65.48063100278335,66.31270642343213,380391000
2008-11-10,67.02178192138672,69.12005759451887,65.78452413099994,68.88852406977153,301773000
2008-11-11,64.95246887207031,66.66726819679526,64.14210404299232,65.66878059516854,418498200
2008-11-12,62.094482421875,64.35917084093823,61.588004347387056,63.83822433012078,454330600
2008-11-13,65.96543884277344,66.37062682919219,59.39566460225216,62.31878008618714,753141900
2008-11-14,62.67329406738281,66.60936407162558,62.60093535420538,64.69197961670892,540352300
2008-11-17,61.84122085571289,64.07696606743228,61.61692429303676,62.499642112682636,415254900
2008-11-18,63.006107330322266,63.1074028790693,59.98893522794275,61.60966952808862,523811800
2008-11-19,58.96876907348633,62.85419793099777,58.54911270492604,62.159597141758184,558327600
2008-11-20,54.59133529663086,59.69955432913542,54.301922416540705,57.97751788353603,814180400
2008-11-21,57.53616714477539,58.53466054203372,53.78821221582397,56.04566954854072,718536500
2008-11-24,61.52287673950195,62.941020733559114,58.14393135732611,59.27265697051118,523305300
2008-11-25,61.97871780395508,63.31727172017464,60.64739534573565,63.16532829921753,454112400
2008-11-26,64.3736343383789,64.53281471312576,60.95127284190975,60.99468918423823,370134200
2008-11-28,65.18400573730469,65.21294812839385,64.01910623709698,64.12763330343549,118308100
2008-12-01,59.41010665893555,63.346181715158,59.22922093789876,63.31723933736881,369927100
2008-12-02,61.69651794433594,61.85569831017673,59.35947681369757,60.39414367146691,469508400
2008-12-03,63.1797981262207,63.54880673963796,60.15538703630403,60.343509832190854,519863500
2008-12-04,61.71822738647461,63.70797087112396,60.58949641963138,62.268116156782284,444173800
2008-12-05,63.621158599853516,63.975693248963886,59.50419571458269,60.52439435329638,471905300
2008-12-08,65.84243774414062,66.84092547211048,63.72969271500011,65.36489653498303,412859300
2008-12-09,64.75711822509766,66.66003490745821,64.38087817938028,65.38660281410964,370790000
2008-12-10,65.19847869873047,66.1029077057374,64.39534529889261,65.35042210948404,396187400
2008-12-11,63.62839126586914,65.84243170850543,63.215971859491866,64.78605929077058,365061000
2008-12-12,64.38809204101562,64.44597680767541,61.64586332270412,61.89910779679188,415060400
2008-12-15,63.490943908691406,64.50390594118895,62.434571031437905,64.40984175061911,256694200
2008-12-16,66.4791488647461,66.5804444736232,63.8020411669425,66.4791488647461,377699500
2008-12-17,65.83518981933594,66.87709372411706,65.16229446753083,65.7266572425552,281819800
2008-12-18,64.60516357421875,66.32719415196198,63.82373570726472,66.13183994532133,374673300
2008-12-19,64.32725524902344,66.09973790645509,64.25430913303275,64.99102149748158,301451300
2008-12-22,63.503013610839844,64.67737489661643,62.35782965971079,64.61173006741518,243759500
2008-12-23,62.84654998779297,64.13761518949534,62.58395951202161,63.84584737585959,221625200
2008-12-24,63.211246490478516,63.3644233117389,62.72982885365403,63.05806410421099,62061600
2008-12-26,63.57595443725586,63.678072317517056,63.09453680316128,63.63430353668576,74767700
2008-12-29,63.393611907958984,63.69996560491298,62.43807218887659,63.634315204132484,127795900
2008-12-30,64.89619445800781,64.95454912040961,63.371710901550536,63.83124691170607,168256300
2008-12-31,65.82256317138672,66.35503982491707,64.82326582785508,64.97644267106048,193987200
2009-01-02,67.8065414428711,68.15666373025472,65.5380562088993,65.96841473787073,227566300
2009-01-05,67.7263412475586,68.31717257416628,67.02610186510496,67.56586867897398,240349700
2009-01-06,68.1785888671875,68.89341421143588,67.60234893008445,68.30258838700489,328260900
2009-01-07,66.13623809814453,67.29601402271692,65.79341121751615,67.10636404438866,280899200
2009-01-08,66.40609741210938,66.44256490831135,65.40679452404375,65.76421271587476,263834400
2009-01-09,64.98374938964844,66.61035153626246,62.263027450638006,66.49364772527736,330953600
2009-01-12,63.422786712646484,64.85244849679755,63.0289065491653,64.8013839798558,277858500
2009-01-13,63.53950119018555,64.10114970672502,62.875729196539154,63.26232479520629,356432300
2009-01-14,61.540889739990234,62.547482794978905,60.65829618992617,62.39430595389419,435491600
2009-01-15,61.56277084350586,62.182773928027146,59.60793385695114,61.35853505707605,532647300
2009-01-16,62.044193267822266,62.7225511367337,60.5780694584078,62.62772895301809,399237200
2009-01-20,58.76909255981445,62.044171386284795,58.389798393711516,61.43875986529396,419855200
2009-01-21,61.307472229003906,61.44605760958849,58.69615926210238,59.768402637981396,364360700
2009-01-22,60.359222412109375,61.30017047461258,59.20674287214358,60.11851360344432,427940300
2009-01-23,60.621803283691406,61.26368777406702,58.76908478157752,59.009793552345634,386800600
2009-01-26,61.03757858276367,62.262998638598575,60.40298416572187,60.97192819789401,317978800
2009-01-27,61.6576042175293,62.10984465896532,60.7604246262239,61.36583637031279,273789700
2009-01-28,63.74370574951172,64.1521771975579,62.78087621839849,63.02158499242832,330007000
2009-01-29,61.67218017578125,63.81666134926217,61.61382550799754,62.81006837252653,294392500
2009-01-30,60.417579650878906,62.292180131770856,59.96533934546653,61.98582648859174,383383600
2009-02-02,60.23524475097656,60.67289374755609,59.30888223595779,59.498532174978855,288233300
2009-02-03,61.08137893676758,61.533619486945554,59.972667528764035,60.61455249497554,278385800
2009-02-04,60.782291412353516,62.270302061632556,60.5707599138523,61.48982646061442,322989300
2009-02-05,61.686771392822266,62.21195231826082,56.697563731171726,60.32276013175311,417679400
2009-02-06,63.44466781616211,63.70725271167244,61.767007158963466,61.89830238922256,366101700
2009-02-09,63.53218460083008,63.999010778555494,62.96324054454018,63.430066722265586,240075200
2009-02-10,60.621803283691406,63.48111451128192,60.14038574215517,62.92675643572669,536212800
2009-02-11,60.979248046875,61.30748897107111,60.10395004570333,60.869834405476304,324442500
2009-02-12,61.023033142089844,61.139736976414234,59.11925419427116,59.93619772957327,469302200
2009-02-13,60.36653518676758,61.44606892113949,60.35194373454152,60.94277511951019,293998400
2009-02-17,57.784385681152344,60.512402289037304,57.747912624052056,58.470039086586134,478910100
2009-02-18,57.64582443237305,58.30959657142205,57.09876168414983,58.20018290877539,362964800
2009-02-19,57.02578353881836,58.46273496814173,56.90907422486018,58.23661206359935,316867500
2009-02-20,56.47145080566406,57.14251296747817,55.26791189838317,55.96815696680793,477176600
2009-02-23,54.45095443725586,57.091439168133356,54.407185653727886,57.091439168133356,379641400
2009-02-24,56.51521301269531,56.85803421528409,54.487429745313804,54.91778852751269,426260900
2009-02-25,56.07024383544922,57.20083598024531,55.165763441605385,56.26718382596014,461985800
2009-02-26,55.15849685668945,58.11263136687537,55.092846455125404,56.76321148703675,363353900
2009-02-27,53.925777435302734,55.209552399353115,53.838245426955716,53.98413210753408,470510900
2009-03-02,51.496822357177734,53.9184857878493,51.329059618084614,52.89730120660046,426452600
2009-03-03,51.11022186279297,52.2991689388708,50.79657249652608,52.23352411488818,443761000
2009-03-04,52.3210563659668,53.152590863827626,51.11022211100728,51.95634805760653,462753100
2009-03-05,50.183876037597656,52.321067397813856,49.72433991056639,51.13211450026523,485549400
2009-03-06,50.27140426635742,51.38741107431645,48.94386591966632,50.62152677719188,490470000
2009-03-09,49.68057632446289,51.05917356553158,49.403399957081554,49.56386697082341,379905300
2009-03-10,52.64198303222656,52.787869658933595,50.59962034338026,50.70173819957229,406227900
2009-03-11,52.98482894897461,53.794481935853845,52.394003199362984,53.24741940769262,356648300
2009-03-12,55.070960998535156,55.253315174026994,52.49612093099165,52.97024290027199,409702700
2009-03-13,55.50130081176758,56.15048663994313,54.50929945586265,55.44295171907185,337474700
2009-03-16,55.333553314208984,56.872623052233344,55.29708025188295,56.1359106003098,360644900
2009-03-17,57.02578353881836,57.157078734518116,55.034473998206394,55.48671424228477,356814300
2009-03-18,58.30229187011719,59.009827139326255,56.21615913276209,56.75592606973232,473273200
2009-03-19,57.580169677734375,59.08276665380604,57.39781545966707,59.031707695347556,428520400
2009-03-20,56.35403823852539,57.97024399491636,56.22180327304648,57.86004725621078,371078200
2009-03-23,60.401893615722656,60.453318014374226,57.52945842076491,57.845352756721404,419933300
2009-03-24,59.2118034362793,60.50476748728199,59.145688726973496,59.68197116303638,330271000
2009-03-25,59.83624267578125,60.754539866047025,58.08045889638039,59.67462707836113,441775100
2009-03-26,61.05570602416992,61.195288903741336,59.740704593790674,60.42391750220363,422025200
2009-03-27,59.95379638671875,60.629661874827875,59.73340278610652,60.27703883965881,322332300
2009-03-30,57.88206481933594,58.67547432896559,57.27231460703701,58.624049949906464,324108500
2009-03-31,58.418392181396484,59.56443089774568,58.07311714242674,58.44777836436352,364238300
2009-04-01,59.54972457885742,59.81419457442039,57.54416698481857,57.691092269091186,377018300
2009-04-02,61.290809631347656,62.1576821448909,59.601141062713346,61.03368761564407,476230700
2009-04-03,61.90057373046875,61.91526401823415,60.73249688127113,61.33489956678689,284646300
2009-04-06,61.415714263916016,61.915268153919726,60.453340613036985,61.22470688116252,264866600
2009-04-07,59.9831657409668,60.71780339705986,59.880316917501005,60.42394721365453,258947800
2009-04-08,60.629634857177734,60.930838936803056,59.902345266997955,60.28435431900806,230402800
2009-04-09,63.03923797607422,63.0465859199507,61.95197768559115,62.201751729001955,269653500
2009-04-13,63.05393600463867,63.57552794079884,62.1356391582639,62.38541321015504,224847500
2009-04-14,61.96666717529297,63.00250865989812,61.76831753187862,62.46622086055893,276598800
2009-04-15,62.627830505371094,62.75271750256675,61.423025768669454,61.59198921079586,250726100
2009-04-16,63.54616165161133,64.0236772821003,62.27523595244911,63.12741838284059,335202900
2009-04-17,63.97224044799805,64.39098363547897,63.28167934396853,63.78858105691273,262649000
2009-04-20,61.290809631347656,63.95019951980665,61.22468933882983,62.840895275097346,293690100
2009-04-21,62.48827362060547,62.53969802936496,60.791262526701985,60.84268693546148,114090900
2009-04-22,62.10625457763672,63.4285987073887,61.760974057780146,61.92259520365678,340395200
2009-04-23,62.716033935546875,62.75276246435887,61.43776006830509,62.231170274556845,324903700
2009-04-24,63.66367721557617,64.14118702251344,62.95107806944252,63.20085208508118,287703000
2009-04-27,63.06128692626953,63.920817151132084,62.84089901604932,62.9437478284534,289581600
2009-04-28,62.8629150390625,63.6122426368408,62.26786060539038,62.42213376949656,247926300
2009-04-29,64.19995880126953,64.91255794123128,63.39920676471097,63.56082227675121,311505700
2009-04-30,64.22200775146484,65.39742660938744,63.854689008061584,65.05215169865332,301419800
2009-05-01,64.5672836303711,64.80236738507392,63.70775917769253,64.23669902698359,236110300
2009-05-04,66.76386260986328,66.80794467685055,64.92726862252817,65.0521612733454,287120000
2009-05-05,66.53611755371094,66.80058749972473,65.99982971739429,66.53611755371094,243036300
2009-05-06,67.68949890136719,67.73357535788355,66.56550442148504,67.35156632344989,291941000
2009-05-07,66.7491683959961,68.43148906197356,66.32307727084762,68.32864025312251,317728000
2009-05-08,68.3066177368164,68.48292922042893,67.17527497435748,67.60870853924679,299081700
2009-05-11,67.02833557128906,67.6674723250285,66.88141028770865,67.36626820739626,247923600
2009-05-12,66.82999420166016,67.46178308845792,66.0071979385456,67.31485218173692,282431300
2009-05-13,65.14766693115234,66.12473634938866,65.01543193015164,65.92638104546737,269619100
2009-05-14,65.70597839355469,66.20553210710429,65.01541736471985,65.17703850805049,260098700
2009-05-15,65.16969299316406,66.11737605587906,64.75829778014275,65.6545564412301,271502700
2009-05-18,67.02098846435547,67.10179344119011,65.06684982362914,65.78679711359145,241447400
2009-05-19,66.94017028808594,67.56461103531159,66.7124288542776,66.9842467440569,206102200
2009-05-20,66.49205017089844,68.17437093294487,66.41858753250114,67.54992449446769,285722200
2009-05-21,65.5369873046875,65.97042618945947,64.8390841707856,65.72064661411825,258988400
2009-05-22,65.39739990234375,66.1173468115309,65.14762594915526,65.72064205808128,166811900
2009-05-26,67.0723876953125,67.26338935772499,64.88316607637923,64.91255224094371,236318500
2009-05-27,65.87493133544922,67.4029784035464,65.77208255248482,67.17524261338785,246015800
2009-05-28,66.79325866699219,67.10180515734626,65.45621827061697,66.45532599591283,289095000
2009-05-29,67.97602844238281,68.83555324362551,66.61694975920706,67.16058011150915,258641500
2009-06-01,69.62159729003906,69.91545342738841,68.63718567548433,68.81349711595809,276246800
2009-06-02,69.68038177490234,70.06239650144497,69.22491000727773,69.34979706583024,230874500
2009-06-03,68.7988052368164,69.15142810959168,68.14497828890772,69.08531342276113,235310500
2009-06-04,69.44528198242188,69.54813078404094,68.54168099607729,69.05592500417264,210102300
2009-06-05,69.46000671386719,70.28279746847728,68.90902836004437,70.15056243936614,284257900
2009-06-08,69.1734619140625,69.86401727514172,68.35066598881644,68.93837255984475,238565100
2009-06-09,69.52613067626953,69.8934496276889,69.07065315876626,69.56286481334843,225125500
2009-06-10,69.34979248046875,70.15054479630916,68.4608816324458,70.1432024555908,296100400
2009-06-11,69.65831756591797,70.60600047799704,69.46731027387357,69.48200616048234,275414200
2009-06-12,69.8493423461914,69.89341880737614,69.0559324158267,69.3497885683514,184361800
2009-06-15,68.24781036376953,69.07060060177473,67.88049169184917,69.02652415469248,224190500
2009-06-16,67.3221664428711,68.53431919381009,67.27808999532944,68.49024274626845,227319000
2009-06-17,67.25606536865234,67.82908172189268,66.72712547186455,67.29279388074968,223445200
2009-06-18,67.74824523925781,68.0788297459037,67.03564623998756,67.35888840992553,211725100
2009-06-19,67.99798583984375,68.48558254171782,67.6138132757006,68.39693167037706,215655600
2009-06-22,65.95894622802734,67.37003303993286,65.93678350515992,67.33309141081968,251913600
2009-06-23,66.0106430053711,66.40219936587378,65.64124936165162,66.09929950900366,188309800
2009-06-24,66.57951354980469,67.2887486819005,66.1953409971071,66.60906571820449,211577700
2009-06-25,68.02751922607422,68.09400736122177,66.17316198036966,66.24703956492196,279411000
2009-06-26,67.85023498535156,68.14575108517293,67.42912637496886,67.79852009062039,167579000
2009-06-29,68.48558807373047,68.57424458873253,67.67292308062964,68.04970622376291,168481300
2009-06-30,67.9314956665039,68.75155008906532,67.42912003499332,68.50036509156014,228888200
2009-07-01,68.21223449707031,68.87714421128548,68.12357798967498,68.21961831197831,173041100
2009-07-02,66.35051727294922,68.23442804158435,66.31358127222258,67.3257167488715,212309900
2009-07-06,66.3431167602539,66.43915710177872,65.50089949918686,65.70775908801019,174499600
2009-07-07,65.05757904052734,66.3578456912631,65.01325362582523,66.27657867331102,197088900
2009-07-08,65.01329803466797,65.60433027140178,64.27451055700129,65.44917994097077,248050500
2009-07-09,65.13885498046875,65.67817202470229,64.94677439945237,65.46392309680118,163777600
2009-07-10,64.98372650146484,65.375282846149,64.53306582341341,64.79164023627092,173520300
2009-07-13,66.56472778320312,66.61644266344499,64.71037027196046,65.2422979753049,217413500
2009-07-14,66.94152069091797,67.0006250303152,66.2913898670484,66.7715971242759,181487400
2009-07-15,68.89929962158203,69.08399643169184,66.99322718848899,67.82805474104556,220877900
2009-07-16,68.78849792480469,69.82280145209882,68.57424889414013,68.70723085674224,231174500
2009-07-17,69.54204559326172,69.6824169820713,69.10616379758943,69.49033070841078,138561700
2009-07-20,70.28085327148438,70.39906197772089,69.5863968500996,69.94840114907156,164179400
2009-07-21,70.60587310791016,70.84967416978341,69.75626693369871,70.82751146170358,217718300
2009-07-22,70.59114074707031,71.01963317003444,70.10353834081704,70.15525323513171,196068100
2009-07-23,72.14999389648438,72.46028331067264,70.5763728281695,70.6354771841582,258795500
2009-07-24,72.44549560546875,72.50459995427967,71.43336040546106,71.81013794700361,154003100
2009-07-27,72.65974426269531,72.69668588963427,71.91356736323566,72.31251326087248,159259400
2009-07-28,72.31989288330078,72.67451328960894,71.70669803307008,72.1499749500803,186685200
2009-07-29,72.142578125,72.46764069135068,71.6475920062959,71.98743347450318,194399300
2009-07-30,72.89615631103516,73.75315245822989,72.84444141501484,73.01436500851068,225575400
2009-07-31,72.99958038330078,73.48718276743054,72.68190157935274,72.88137733158781,207358000
2009-08-03,74.20377349853516,74.27026162786818,73.36894052025667,73.76788620574855,175776900
2009-08-04,74.39588165283203,74.4993114278012,73.71619866403455,73.87134332648833,176714600
2009-08-05,74.18163299560547,74.5140850147885,73.56843820453493,74.44759122905214,184726400
2009-08-06,73.79747009277344,74.63229779347988,73.45023912630693,74.52148419694831,193203800
2009-08-07,74.7652816772461,75.37847656422986,74.16686569451522,74.5732010139624,220640900
2009-08-10,74.6101303100586,74.78005387472403,74.07820253467112,74.42543347896572,130898700
2009-08-11,73.67925262451172,74.32938335509442,73.47977691679367,74.27766847466738,157301000
2009-08-12,74.46975708007812,75.03123133199064,73.51672085087213,73.55365683148513,219052400
2009-08-13,75.03863525390625,75.06818742599542,74.07082557311294,74.80961296584078,176449500
2009-08-14,74.46237182617188,75.06078772892445,73.65709074702977,75.00168339281316,199616100
2009-08-17,72.63018035888672,73.10300379754095,72.48242514799477,73.02912619209498,237667500
2009-08-18,73.20643615722656,73.46501624016737,72.65973509382353,72.79271704292158,173461500
2009-08-19,73.84918212890625,74.10037275650294,72.55630427867365,72.63018188567263,192812800
2009-08-20,74.6101303100586,74.78005387472403,73.78269211412248,73.94522059082425,174131300
2009-08-21,76.07294464111328,76.19114770215265,75.075582710746,75.22333794617045,224605000
2009-08-24,76.0655517578125,76.79694972222877,75.79219838445458,76.38323057249846,191279000
2009-08-25,76.2132797241211,77.02594440450332,76.050745660745,76.36842433829875,215310600
2009-08-26,76.22069549560547,76.56792647904615,75.71831983293609,75.97689429831726,194620700
2009-08-27,76.39063262939453,76.62704441632006,75.31200349926547,76.1763835667899,196230100
2009-08-28,76.37583923339844,77.09246391183615,75.85130085680498,77.00381303136999,147024400
2009-08-31,75.6961669921875,75.7848235218182,75.20118071721075,75.62967882234048,176051600
2009-09-01,74.0264892578125,76.27240344913996,73.87134459269943,75.31936710358816,321276800
2009-09-02,73.7457504272461,74.20380059708611,73.56105359631866,73.71619825791771,171805000
2009-09-03,74.35897064208984,74.44762154383717,73.57585197880977,74.1742737481137,143572300
2009-09-04,75.40065002441406,75.42281274744984,74.28508496393717,74.50671783079623,142687900
2009-09-08,76.05078125,76.13204831971835,75.64444590140823,76.09510669293697,132909100
2009-09-09,76.63441467285156,76.89298911932455,75.94734220850891,76.18375393621282,154612500
2009-09-10,77.41752624511719,77.46924113359755,76.25763034362885,76.68612835475196,162902400
2009-09-11,77.40275573730469,77.79431780569826,77.04075147867742,77.56528987201509,152360100
2009-09-14,77.77954864501953,77.9125306231243,76.20593326786435,76.7452449971493,149593800
2009-09-15,78.1045913696289,78.39271795505437,77.39535626423552,77.9051156495654,196795900
2009-09-16,79.28665924072266,79.30143250786087,78.11199004397636,78.38533775978512,206406300
2009-09-17,79.16844940185547,79.83335345953418,78.7325619659219,79.17583321654097,229170900
2009-09-18,79.21891784667969,79.5455343839679,78.95168716405239,79.53810973629858,153799100
2009-09-21,79.01849365234375,79.42676433247561,78.43207673120442,78.60280398773452,151892000
2009-09-22,79.47872161865234,79.70141573561664,79.12983681163674,79.48614626611025,143126700
2009-09-23,78.81807708740234,80.19134250391926,78.6770370889986,79.66430575113048,225947400
2009-09-24,77.9495849609375,79.15954217269496,77.6081247477424,78.98881489777118,228636800
2009-09-25,77.53387451171875,78.20937582148093,77.26664384668607,77.77883689855645,204059000
2009-09-28,78.92200469970703,79.09273763865517,77.81596991091371,77.8308135448734,118285800
2009-09-29,78.6844482421875,79.44159798811735,78.52113999064379,79.06302594682553,133733900
2009-09-30,78.38011169433594,79.02592014983836,77.66007941224109,78.95169065989886,254383000
2009-10-01,76.43525695800781,78.48402329758721,76.42040766512946,76.45752523397945,281840600
2009-10-02,76.07893371582031,76.53174078937721,75.70778074820612,75.7300490201278,224748800
2009-10-05,77.21467590332031,77.43736999252485,76.16060262955685,76.38329671876139,149875000
2009-10-06,78.32071685791016,78.7660993776275,77.72686972272304,77.77140627569096,202491100
2009-10-07,78.5360107421875,78.61766489026905,77.99412463795059,78.14258363627283,159200300
2009-10-08,79.13727569580078,79.5529654146798,78.57312131778806,79.09273912973451,183305800
2009-10-09,79.61981201171875,79.61981201171875,78.95173490120624,79.15957985484341,135008300
2009-10-12,79.93156433105469,80.2359070518157,79.63464059769942,79.99095021039558,118031000
2009-10-13,79.7682113647461,79.95378788634564,79.24859936960577,79.71625016523205,157692700
2009-10-14,81.1415023803711,81.2231565289946,79.73854388252781,80.70354436807034,191421600
2009-10-15,81.43844604492188,81.43844604492188,80.71098884095277,80.74810076822104,173873600
2009-10-16,80.82971954345703,81.11179385324878,80.33980040925593,80.76291470561691,192069400
2009-10-19,81.49781036376953,81.75019179048165,80.7109674883168,80.96334891502892,159530400
2009-10-20,81.06726837158203,81.64626636536332,80.67384694828692,81.61657343448383,180921100
2009-10-21,80.33981323242188,81.88380603019343,80.28042736929861,80.94107952233898,225379300
2009-10-22,81.1563491821289,81.4161552546,79.79792729319023,80.31012045273869,238444000
2009-10-23,80.22848510742188,81.47556021087114,79.89444379595305,81.4235989842003,240033200
2009-10-26,79.35995483398438,81.14148509965344,79.13726071910244,80.31752480327553,242028200
2009-10-27,78.99622344970703,79.71626136077245,78.80322791774788,79.44903067907092,253266300
2009-10-28,77.50421142578125,79.04078539735349,77.45966919215067,78.79582293410401,248821400
2009-10-29,79.16696166992188,79.32284530080143,77.8976186784621,78.0831952385588,198110600
2009-10-30,76.87322998046875,79.14469085438928,76.78415685901692,78.90715309160608,325608100
2009-11-02,77.43739318847656,78.24651000249672,76.51693495984837,77.29635317884286,254222900
2009-11-03,77.68232727050781,77.79367430781788,76.85836712309711,77.00682606394682,228362600
2009-11-04,77.88278198242188,78.92943666910662,77.68236175696528,78.32074568004644,247996700
2009-11-05,79.31544494628906,79.3377132341857,78.26879577170469,78.43210410074525,180015300
2009-11-06,79.52326965332031,79.7236955201825,78.72158317591398,78.87746681494708,170954100
2009-11-09,81.3344955444336,81.37903210713974,80.07257718541688,80.13195738124264,159495700
2009-11-10,81.34931945800781,81.60170646663943,80.88909331934653,81.14147466463228,171899800
2009-11-11,81.7650375366211,82.26238138296148,81.37161611598324,81.88380359598938,169466200
2009-11-12,80.93365478515625,82.07680716396543,80.7258099277996,81.65369280053294,157144500
2009-11-13,81.37162780761719,81.72050705069056,80.7258192150911,81.14150897762839,150963000
2009-11-16,82.55188751220703,82.90819704779983,81.89123532171125,81.93577188990487,210922200
2009-11-17,82.64837646484375,82.68549404327018,82.02484192338042,82.33660919411209,147134100
2009-11-18,82.596435546875,82.71520729634378,82.07682330132096,82.58901656004475,156486800
2009-11-19,81.52008056640625,82.62611540738058,81.00788738874496,82.03227374406755,208734600
2009-11-20,81.23059844970703,81.47556094766294,80.91883108686261,81.096983056581,134196000
2009-11-23,82.26237487792969,82.94529523949979,82.09906660378314,82.1881453887759,148010200
2009-11-24,82.38858795166016,82.5444716202235,81.66113083169782,82.39601260159608,138420100
2009-11-25,82.6781005859375,82.7671794097583,82.26241073480605,82.52221689176321,109564800
2009-11-27,81.3344955444336,81.8912252316493,80.38434445105433,80.46599859158042,126001800
2009-11-30,81.60916900634766,81.80216459646877,80.25817155875735,81.26770873534664,160874800
2009-12-01,82.61868286132812,82.88591354812954,82.19556855111703,82.33660287895613,159613700
2009-12-02,82.58158874511719,83.14574320677647,82.33662626873702,82.60385703145202,132315100
2009-12-03,81.93574523925781,83.27189848394498,81.8689404086965,82.80424767997752,167324900
2009-12-04,82.40343475341797,83.42039089321807,81.68339664187147,83.0195447590577,274907800
2009-12-07,82.27722930908203,82.78942247915705,82.01742323127142,82.3291961879919,127973800
2009-12-08,81.36422729492188,82.22530001038088,81.11184010468996,81.68341936108727,169863700
2009-12-09,81.6685791015625,81.78735088973036,80.92627241556507,81.34196801080202,155063400
2009-12-10,82.12877655029297,82.48508610074907,81.98773652733249,82.17331312034442,138014600
2009-12-11,82.47765350341797,82.663230078547,82.10650035315989,82.47765350341797,124854000
2009-12-14,83.04176330566406,83.13826103413177,82.49245286050902,83.04176330566406,107141500
2009-12-15,82.65579223632812,83.07890653355113,82.3959862052871,82.73744636941912,120408800
2009-12-16,82.78199768066406,83.23480498546473,82.59642110208502,82.98984820588468,155358200
2009-12-17,81.7873306274414,82.3440605040132,81.71310110990166,82.188176818175,183390100
2009-12-18,82.2500228881836,82.31719309443282,81.55596112407727,82.24255826663635,174591200
2009-12-21,83.08587646484375,83.3620048048566,82.66048417659937,82.66048417659937,118039600
2009-12-22,83.38439178466797,83.56350281392402,83.1604987277202,83.2649806359393,91707500
2009-12-23,83.54856872558594,83.66797986738588,83.21273485348767,83.58588613085757,111783100
2009-12-24,83.94414520263672,84.0336978985842,83.58591733733053,83.72771669769905,39677500
2009-12-28,84.12323760986328,84.3247368248435,83.82471540403102,84.25757231779592,87508500
2009-12-29,84.00382995605469,84.35459313550955,83.99637102862975,84.33966958682194,80572500
2009-12-30,83.9739990234375,84.07102204359427,83.71279414962932,83.75757619502444,73138400
2009-12-31,83.1679916381836,84.18296397227982,83.13067421805285,84.16057010389804,90637900
2010-01-04,84.57849884033203,84.62327518691242,83.22022795362042,83.8620488258528,118944600
2010-01-05,84.80233001708984,84.83964741037967,84.22021512231129,84.52620180455041,111579900
2010-01-06,84.86204528808594,85.0710090492381,84.65308152693378,84.72024600994607,116074400
2010-01-07,85.22029113769531,85.32477304057522,84.46652395791597,84.70534054933243,131091100
2010-01-08,85.50390625,85.5412236652143,84.8247737050373,84.99642014981153,126402800
2010-01-11,85.62334442138672,85.92186106187337,85.25765185726267,85.8845493287325,106375700
2010-01-12,84.82479095458984,85.23525413622617,84.49641585420933,85.0561430332183,163333500
2010-01-13,85.54122161865234,85.78003826633102,84.60834319899531,85.04119445839929,161822000
2010-01-14,85.77255249023438,85.92927534282293,85.39193659461264,85.4441775454755,115718800
2010-01-15,84.809814453125,85.7053751630101,84.48143953571027,85.62328712749255,212283100
2010-01-19,85.86959075927734,85.92183172290824,84.77252482919043,84.79491869403624,139172700
2010-01-20,84.99640655517578,85.41433420830795,84.317274118836,85.28746412701243,216490200
2010-01-21,83.3620376586914,85.28003602212944,83.25755570067062,85.0188311270775,344859600
2010-01-22,81.50369262695312,83.39183697804759,81.41413428015515,82.9888329582108,345942400
2010-01-25,81.92163848876953,82.39927741787325,81.6529747760398,82.25001347320418,186937500
2010-01-26,81.57835388183594,82.44406782717803,81.37685463943433,81.60074205389853,211168800
2010-01-27,81.96641540527344,82.1529910540915,80.84696151236504,81.473852959352,271863600
2010-01-28,81.02607727050781,82.27986593150325,80.53352048967243,82.23508959520112,316104000
2010-01-29,80.14543914794922,81.94403122305579,80.0185690671046,81.37683962879416,310677600
2010-02-01,81.39177703857422,81.39924166043562,80.2275465570765,80.71264448897995,187865000
2010-02-02,82.37689971923828,82.53362262151396,81.25744553683631,81.54104424043473,216327900
2010-02-03,81.96641540527344,82.45151323096779,81.72759880253979,82.00372711873489,172730700
2010-02-04,79.43645477294922,81.36937587627416,79.42152553160986,81.33206416060034,356715700
2010-02-05,79.60066223144531,79.76484407050012,78.04835098533769,79.52602739370192,493585800
2010-02-08,79.02597045898438,80.10064786998981,78.96626489307603,79.66032643871102,224166900
2010-02-09,80.0185775756836,80.71263932459121,79.30958658400843,79.95140737090527,337820500
2010-02-10,79.86184692382812,80.30216274741119,79.19017341054803,79.8916997126225,240511500
2010-02-11,80.69769287109375,80.7872512270851,79.29464612358237,79.75735575544938,223591600
2010-02-12,80.63053131103516,80.67530764374328,79.48868927628364,79.84691132562222,304622100
2010-02-16,81.89924621582031,81.98133995781451,80.46634658183653,81.24250197370367,159317500
2010-02-17,82.28731536865234,82.39926188258879,81.89923487951748,82.29477429410154,168845100
2010-02-18,82.77242279052734,82.94406919726515,82.12313748901032,82.15299027579883,193708600
2010-02-19,82.94404602050781,83.26495627151735,82.36193107538243,82.55597128836932,222684900
2010-02-22,82.95901489257812,83.2724606752744,82.71273362310049,83.25007250420153,132346900
2010-02-23,81.95149993896484,82.98886026524254,81.73507146669886,82.73512007324386,207497000
2010-02-24,82.70526123046875,82.8395959381219,81.98881135426441,82.19777518976099,176350700
2010-02-25,82.59330749511719,82.65301306972455,81.30220718379572,81.52609454781783,259634700
2010-02-26,82.64553833007812,82.92913692781995,82.1753697987472,82.66792649435537,173589300
2010-03-01,83.50379943847656,83.58589318193008,82.96646064272164,82.98884881023858,147709700
2010-03-02,83.73515319824219,84.13815730357858,83.58589494908229,83.86202897324905,160992400
2010-03-03,83.80980682373047,84.3098283338428,83.60083725664134,83.95160048409996,150785000
2010-03-04,84.06352996826172,84.18294112520104,83.6082848966459,83.9217306428556,135770400
2010-03-05,85.26509857177734,85.33226309362718,84.40684917605078,84.60835412927777,176118800
2010-03-08,85.28001403808594,85.46658972843198,85.13075576334437,85.2725551100356,114631200
2010-03-09,85.42179107666016,85.81733052588356,84.98147529547539,85.02625162743676,154556700
2010-03-10,85.80238342285156,86.03373533291678,85.38445592238922,85.45908501978104,186088800
2010-03-11,86.16063690185547,86.18303076372061,85.3397051424217,85.60090992580919,160791100
2010-03-12,86.16810607910156,86.54872203721467,85.9292894511132,86.53379279518178,162074800
2010-03-15,86.19049835205078,86.25020393534999,85.52628939590113,86.01885191736284,146816800
2010-03-16,86.87709045410156,86.95917850371332,86.190487718544,86.42930432843968,168673000
2010-03-17,87.39205169677734,87.67565038846406,86.88456559431698,87.13831149246626,177468100
2010-03-18,87.34725189208984,87.5188982915286,86.99648877953676,87.39949284328902,196509100
2010-03-19,86.90511322021484,87.89428905639538,86.56789067682013,86.90511322021484,226641100
2010-03-22,87.3697509765625,87.52712497836629,86.35809445192491,86.41055054676433,184477800
2010-03-23,87.9842529296875,88.05918939817595,87.21239072412699,87.49715730858355,182941600
2010-03-24,87.55709838867188,87.99923324858663,86.61288864490245,87.65452093807443,196072600
2010-03-25,87.41471099853516,88.55375999582914,87.30979881657197,88.14909627227749,223396300
2010-03-26,87.3622817993164,87.99175508485934,87.0175694214305,87.57960159093105,205808500
2010-03-29,87.9167709350586,88.07413917111535,87.4446662268883,87.80436341865125,134513500
2010-03-30,87.97672271728516,88.29895454969666,87.60953016504817,88.02168343711064,145772500
2010-03-31,87.67699432373047,88.06666733845262,87.38473813336752,87.63952323582329,161078700
2010-04-01,88.27647399902344,88.61369083155347,87.75190749396322,88.27647399902344,161215200
2010-04-05,88.99589538574219,89.05584112062225,88.36641657257778,88.6137120247954,105847600
2010-04-06,89.20573425292969,89.36310255248236,88.64370216140463,88.74111899904598,110384200
2010-04-07,88.69615936279297,89.44553549413304,88.28400020364147,89.02588669011416,184576300
2010-04-08,89.0033950805664,89.15327372790541,88.1266264334549,88.38890691969092,158704000
2010-04-09,89.58789825439453,89.6253636220025,89.02586628471147,89.19072419329923,133006500
2010-04-12,89.73028564453125,89.962596105244,89.59539772831548,89.70030991678492,110279000
2010-04-13,89.7977294921875,89.9550977696884,89.17574602590875,89.6403612146866,125043600
2010-04-14,90.81688690185547,90.81688690185547,89.98507901456685,90.12745657877848,161609000
2010-04-15,90.89180755615234,91.10163190252639,90.63701676606624,90.66699248944606,144615300
2010-04-16,89.44547271728516,90.89176786438807,88.98835314061186,90.5695361253771,366786700
2010-04-19,89.7826919555664,89.87261908894213,88.77853136064124,89.18319488490852,217947800
2010-04-20,90.5845947265625,90.65953692182211,89.82772886656431,90.34479456667744,157708000
2010-04-21,90.4197006225586,90.84684466529609,89.91761441451473,90.6370146066366,192910100
2010-04-22,90.68948364257812,90.80189118930512,89.2656737749872,89.78273934227488,115360300
2010-04-23,91.281494140625,91.31896522975994,90.39723017952421,90.62954064104692,177335500
2010-04-26,90.93677520751953,91.51379792127376,90.84685374781711,91.31146320237316,143457300
2010-04-27,88.78607940673828,90.92928970987258,88.61372039480442,90.41222410864236,355853300
2010-04-28,89.46049499511719,89.68531005733676,88.62868726910311,89.2132052874171,300674100
2010-04-29,90.56956481933594,90.7569087800383,89.97755721744237,90.00003757796122,193775000
2010-04-30,89.0333480834961,90.68197847968321,89.010867721455,90.58455595445935,270000900
2010-05-03,90.1873779296875,90.4346733200669,89.32559460148529,89.46048247648463,182747900
2010-05-04,88.06665802001953,89.19821729111787,87.6170335991353,89.18323228791176,360353400
2010-05-05,87.54212188720703,88.27651303210234,86.90515330117864,87.34728248675948,328973200
2010-05-06,84.6344985961914,87.67696229590324,78.68445334247725,87.1224258446146,647356600
2010-05-07,83.37555694580078,85.25648617391734,81.98921279545765,84.40969353916987,637558800
2010-05-10,87.04752349853516,87.41471615707519,86.11080344909647,86.78523731086395,396159600
2010-05-11,86.80022430419922,87.94676868068834,86.11079974958011,86.23069693776877,317849800
2010-05-12,88.01421356201172,88.14161183387763,86.99506169079713,87.14494032908483,235607100
2010-05-13,86.92011260986328,88.18655976240574,86.84517616024262,87.7744007135651,234452500
2010-05-14,85.34642028808594,86.4255234072251,84.58205939021859,86.26815515523137,345601400
2010-05-17,85.39138793945312,85.81853200588266,83.7577481259133,85.57873192854125,325739800
2010-05-18,84.22985076904297,86.34309053985473,83.95257963287163,86.08829976550837,360556800
2010-05-19,83.75025177001953,84.50711730882595,82.70112437175904,83.75774141253767,394742700
2010-05-20,80.58787536621094,82.34890737784367,80.53541928815494,81.96672411355928,530418300
2010-05-21,81.76439666748047,81.96672562448788,78.95423732564318,79.36639631602618,500909400
2010-05-24,80.71527862548828,81.97423038368876,80.64034217790298,81.32227128339915,269823000
2010-05-25,80.79773712158203,80.83520821639414,78.21988130869907,78.76692841960927,396505200
2010-05-26,80.31063079833984,82.03419801939725,80.07083068836786,81.29231732249733,349719300
2010-05-27,83.00086975097656,83.03084547069099,81.51710307017416,81.82434990928407,300870500
2010-05-28,81.95925903320312,82.97091553732969,81.56958029319478,82.91096408236142,297933500
2010-06-01,80.58038330078125,82.39387146459165,80.46048613916007,81.19487126196015,277909400
2010-06-02,82.67863464355469,82.68612428522438,80.56539508410711,80.99253906791193,240243700
2010-06-03,82.96343231201172,83.22571281925748,82.11663932653649,82.91847157285139,226618300
2010-06-04,80.04833221435547,81.92926729611669,79.7785564369999,81.38971574140557,398475600
2010-06-07,79.0516586303711,80.64033752706307,78.99171290613083,80.33309067721358,264609100
2010-06-08,79.89847564697266,80.05584392970009,78.42220392963863,79.11162851604995,357774300
2010-06-09,79.47132873535156,81.14243404833485,79.13410609798562,80.3630823060949,268023300
2010-06-10,81.79438781738281,81.8918046347224,79.46382810616667,80.8276921353456,317890600
2010-06-11,82.19156646728516,82.24402256277956,81.02254164353239,81.0749977390268,214128200
2010-06-14,82.06416320800781,83.27065896433628,81.98173139479644,82.82102881326155,207196100
2010-06-15,83.93010711669922,84.00504356888216,82.49879629568022,82.6411795569272,238268700
2010-06-16,83.900146484375,84.24485880025146,83.33061905422502,83.49548270905416,216374000
2010-06-17,84.0350341796875,84.17741746615711,83.21821698681325,84.13994637478537,263185800
2010-06-18,84.1261215209961,84.42729340081608,83.8550622335698,84.2014144909511,174006600
2010-06-21,83.88519287109375,85.23295274102975,83.41836719774238,85.17272180292493,213140700
2010-06-22,82.4997787475586,84.25413337089348,82.37931112561623,83.88519373905673,239355400
2010-06-23,82.24375915527344,82.84610859059451,81.67905332838728,82.55246202017248,254639900
2010-06-24,80.8809585571289,81.94260861954194,80.67013589793709,81.83719728994603,268523600
2010-06-25,81.21977996826172,81.6338942359033,80.39153994400608,81.1218939229481,238726500
2010-06-28,80.96378326416016,81.55860762600659,80.6701365942531,81.3402539429627,169218600
2010-06-29,78.46401977539062,80.9487286035913,77.96708145644256,79.82684182201388,373649500
2010-06-30,77.71858978271484,78.96846915862811,77.46258679351288,78.24564631271105,284101700
2010-07-01,77.37224578857422,77.92188969361115,76.1449478535046,77.66589242156347,382924800
2010-07-02,76.95059204101562,77.86918126828743,76.5138904898335,77.63577132330339,233385200
2010-07-06,77.45509338378906,78.58450562228094,76.70967717035327,78.03485580530698,256935300
2010-07-07,79.89461517333984,79.99249549070558,77.56802317983968,77.65084719625962,253769400
2010-07-08,80.68521881103516,80.7755681200652,79.74404187871805,80.56474540634427,210842100
2010-07-09,81.28752899169922,81.29506001194476,80.51200049648314,80.66258643448198,144999900
2010-07-12,81.34021759033203,81.49833451542497,80.67763155977818,81.0164527214796,131283600
2010-07-13,82.5675277709961,82.8912869449269,82.0178782138772,82.18352618299481,213025900
2010-07-14,82.55999755859375,82.88376248017589,81.965173365711,82.30399458259426,184426800
2010-07-15,82.58259582519531,82.86871142973929,81.44565293893952,82.52989016792442,232337900
2010-07-16,80.30875396728516,82.22875160427216,80.15063117583217,82.13839654408311,282693400
2010-07-19,80.7830810546875,81.03907836559944,79.97743401080751,80.60237673260336,186709000
2010-07-20,81.67909240722656,81.73932335843648,79.67626535894453,79.71391472987726,258162400
2010-07-21,80.617431640625,82.12331436912794,80.2861356021186,82.10072704731827,264527000
2010-07-22,82.41697692871094,82.77839138079375,81.56615509111359,81.57368037017626,274781300
2010-07-23,83.13225555419922,83.25272318066551,82.01789985083192,82.25130982644482,222020800
2010-07-26,83.99813079833984,84.08095480209042,83.04189786115539,83.27530782927812,184445700
2010-07-27,83.99061584472656,84.54779087477068,83.65931978900394,84.45743583834987,204855600
2010-07-28,83.44849395751953,84.07343667735344,83.1699035807957,83.81743362275837,163056200
2010-07-29,83.0418472290039,84.19384581306636,82.37926134747646,83.9679612597478,220149100
2010-07-30,83.0268325805664,83.47107092376885,82.05554338261268,82.1985983198422,220070600
2010-08-02,84.90166473388672,85.03719440107817,83.98307540564309,84.32189670137855,188263200
2010-08-03,84.49508666992188,84.90920100226134,84.21649627783061,84.69085304664783,146657300
2010-08-04,85.05978393554688,85.16519526338548,84.44990328955394,84.72848790834749,158171700
2010-08-05,84.96944427490234,85.01462466963797,84.38968186693123,84.5176805389591,140473800
2010-08-06,84.623046875,84.75857649814374,83.51622257674019,84.1336340278429,239728300
2010-08-09,85.07484436035156,85.21790505985005,84.57037501773358,85.02213869387636,120800400
2010-08-10,84.61552429199219,85.0672935771692,83.85505786721342,84.351996038629,242916300
2010-08-11,82.29649353027344,83.34308156854749,82.16096385473142,83.31296322459518,273406900
2010-08-12,81.7920150756836,82.08566173649697,81.01648642048487,81.05413578499386,239542600
2010-08-13,81.55106353759766,82.04047649052298,81.4531832448069,81.53600724043206,158698500
2010-08-16,81.51344299316406,81.77697135179152,80.7002648484102,80.99391155437898,147895300
2010-08-17,82.51484680175781,83.11720223074427,81.9802590871637,82.21367483175169,172270300
2010-08-18,82.66541290283203,83.10964544200846,82.00282673195545,82.47717760769245,182922100
2010-08-19,81.22730255126953,82.4395384616724,80.88848127584669,82.23624684531589,265847600
2010-08-20,80.96378326416016,81.27249197813185,80.37648992434603,80.98637058577044,209714200
2010-08-23,80.65505981445312,81.74682220796166,80.61741045833826,81.34776430887902,163490300
2010-08-24,79.4578857421875,80.10541564862139,79.03624049873683,79.7741196747755,280677800
2010-08-25,79.76660919189453,80.06778113907906,78.52425480405499,79.0211931124988,272234800
2010-08-26,79.23200225830078,80.2484716941845,78.96846825184346,80.14306038939569,224439500
2010-08-27,80.45930480957031,80.54212880907399,78.539302267601,79.72895085639387,272649000
2010-08-30,79.29226684570312,80.49697783094578,79.28474156679896,80.2485057594029,167238600
2010-08-31,79.29226684570312,79.79674201218077,78.67485505078574,78.99862012278436,273933100
2010-09-01,81.66401672363281,81.77695907308282,80.30872576369235,80.36143142750414,256828100
2010-09-02,82.42449188232422,82.43954818200196,81.68660681940757,81.85978586037844,156112200
2010-09-03,83.49363708496094,83.56893004513113,82.78587062149501,83.23010885212298,212197300
2010-09-07,82.5524673461914,83.20752821565627,82.48470539994595,83.10211691406217,141973700
2010-09-08,83.13225555419922,83.4635458353464,82.68048615761276,82.71813552215713,149924400
2010-09-09,83.51625061035156,84.08848762731535,83.29037165894833,84.06590030662367,147017900
2010-09-10,83.9378890991211,84.0357693889669,83.47859449883168,83.66682980240978,127819000
2010-09-13,84.87156677246094,85.0447401004934,84.42732830046683,84.76615542205306,178503500
2010-09-14,84.81886291503906,85.30074502565607,84.38968648075554,84.70592053875647,209823600
2010-09-15,85.14258575439453,85.24046603488402,84.3143516467184,84.57034887776092,168608400
2010-09-16,85.1200180053711,85.17272366767062,84.59295563788933,84.879077014218,199962900
2010-09-17,85.1517562866211,85.65136044744858,84.91709687636143,85.56809308731067,195836900
2010-09-20,86.45376586914062,86.6430088569748,85.17448142330548,85.44699178780571,214555200
2010-09-21,86.27969360351562,86.93068438008005,85.92391574668792,86.52192447568179,268389100
2010-09-22,85.85578155517578,86.62789639749228,85.61355069342221,86.14343467398515,191322400
2010-09-23,85.15936279296875,86.04501877995828,84.91713194758941,85.1517914547647,202354300
2010-09-24,86.91556549072266,86.97612466512514,86.02990922223918,86.10560530262191,209671800
2010-09-27,86.49922180175781,87.04424277941366,86.4159601623429,86.94583845993037,128761800
2010-09-28,86.8020248413086,87.08210671200722,85.67413756783128,86.6127817388682,209207500
2010-09-29,86.65061950683594,86.98368916461345,86.30997850904339,86.58248899718131,179665800
2010-09-30,86.39320373535156,87.6497799031719,85.98443820275595,87.08962229564641,287106700
2010-10-01,86.7566146850586,87.14267225931802,86.24187317779322,87.04426214270275,174638700
2010-10-04,86.1055908203125,86.93825911495549,85.6741168819368,86.57491568013371,166153200
2010-10-05,87.83905029296875,88.05100157410097,86.80199635286988,86.90040642999503,229634100
2010-10-06,87.83148956298828,88.0585835489104,87.47571168015558,87.82391822339355,148626600
2010-10-07,87.72549438476562,88.20995605668338,87.19561623586766,88.18724781819328,164860000
2010-10-08,88.21753692626953,88.45976778840082,87.51355258081931,87.84662218196458,177760100
2010-10-11,88.30081176757812,88.54304265012198,87.99802172058835,88.35379959265835,103098300
2010-10-12,88.57328033447266,88.83064799876531,87.54379812682791,88.01311699118206,182210000
2010-10-13,89.26216125488281,89.73905744140076,88.853395570113,89.06535263925409,194347200
2010-10-14,88.91393280029297,89.3302697215012,88.3537751224077,89.1788718523172,217764300
2010-10-15,89.09564208984375,89.58767526579214,88.38409201755162,89.53468743301251,243705000
2010-10-18,89.5346908569336,89.82990961874404,88.80042673516472,89.12592508475585,141204800
2010-10-19,88.36135864257812,89.20916372594758,87.82390335192058,88.70956512685329,280604700
2010-10-20,89.22433471679688,89.65580873371712,88.46736235200761,88.52035018653324,200051800
2010-10-21,89.42112731933594,90.14781996603868,88.72471425481743,89.6255130552697,221585500
2010-10-22,89.58767700195312,89.72393225677568,89.32273783292058,89.55739741474359,108212400
2010-10-25,89.85260772705078,90.65500227459638,89.78448299366191,90.18567737981462,151145700
2010-10-26,89.86774444580078,89.95857741762752,89.22431920265554,89.39841958214998,158982900
2010-10-27,89.61034393310547,89.70875398997406,88.76253898308742,89.23942926747257,190024000
2010-10-28,89.62552642822266,90.16297609789609,89.19405242438677,90.12512517070813,168576000
2010-10-29,89.69361877441406,89.86772489126416,89.37569189171933,89.5346553330667,144305500
2010-11-01,89.72390747070312,90.64741441213432,89.20916618081881,90.13267312225001,174074800
2010-11-02,90.43546295166016,90.64741422790425,90.15538117934379,90.39761203437122,158345900
2010-11-03,90.798828125,90.85181595677035,89.66336963685791,90.59444813824025,226702800
2010-11-04,92.54743194580078,92.59284843421769,90.8139647432611,91.80559657529746,215039400
2010-11-05,92.89562225341797,93.04701437182521,92.48685660343143,92.60796914310941,180654100
2010-11-08,92.72154998779297,92.87294793674025,92.30521862248075,92.60800296989282,156107100
2010-11-09,92.0553970336914,93.06973709034061,91.68448224322535,92.97133277559166,186621600
2010-11-10,92.42630767822266,92.4717299389647,91.33627159948962,92.03268466164346,221387400
2010-11-11,92.07810974121094,92.21436498567485,91.35141702915016,91.63149885811495,158017600
2010-11-12,90.9880599975586,91.85857921960991,90.57172873500522,91.45738486059456,239068800
2010-11-15,90.85936737060547,91.63148220734327,90.82152222777825,91.27570436837969,163940800
2010-11-16,89.4438705444336,90.45063954842175,89.01239068884223,90.2992473633046,299566200
2010-11-17,89.4892349243164,89.86014960449326,89.21672452962858,89.48166358689777,172308900
2010-11-18,90.80638885498047,91.13188714789106,90.34463532840405,90.352206667841,197723700
2010-11-19,91.05616760253906,91.09401273948663,90.26891598602646,90.76094896825164,156852900
2010-11-22,90.98047637939453,91.01832151834957,89.9055716338235,90.60199033841226,181361000
2010-11-23,89.66338348388672,90.09485754500514,89.31517685344392,89.90561443442265,222309000
2010-11-24,90.9880599975586,91.01077401572535,90.21595086184375,90.23108776538177,140046100
2010-11-26,89.92829895019531,90.69283670790249,89.92829895019531,90.20080940203296,76007800
2010-11-29,90.20082092285156,90.44305182484158,89.12591588098313,89.7012164389245,223642300
2010-11-30,89.69361877441406,90.20836001197442,89.17887753685369,89.30756717767271,233930700
2010-12-01,91.6012191772461,91.77531957123186,90.98050212539192,90.98806769018066,221037200
2010-12-02,92.77452850341797,92.84265901740827,91.69205782199518,91.74504565499178,191213600
2010-12-03,93.02428436279297,93.13025997592631,92.4338471538393,92.45655538876247,151288900
2010-12-06,92.9259262084961,93.13787753996102,92.72911178274697,92.82751610800122,103050500
2010-12-07,92.97891998291016,93.87214763347761,92.9259321466579,93.81915979722534,206581000
2010-12-08,93.31953430175781,93.3952303686646,92.66097216690504,93.09244610103744,138019200
2010-12-09,93.68287658691406,93.87968519128347,93.22112310508555,93.84184004824594,123705100
2010-12-10,94.22787475585938,94.31870769744629,93.66014576998963,93.97050127914139,117571700
2010-12-13,94.28845977783203,94.77292154638913,94.25818019539223,94.65938033128968,133812700
2010-12-14,94.3717041015625,94.79561237678804,94.08405680160529,94.43226325162878,147249600
2010-12-15,93.94026184082031,94.56855023966261,93.7812983498916,94.19763542749563,160823100
2010-12-16,94.48528289794922,94.5534134085378,93.67532276244717,94.00082108467176,185035200
2010-12-17,94.58648681640625,94.70823631172009,94.22122671924015,94.41907618043896,141075300
2010-12-20,94.81475830078125,95.04304656073514,94.34297107844026,94.84519712248255,119085500
2010-12-21,95.4159164428711,95.47679408912954,95.02022335341492,95.1115340171907,94965500
2010-12-22,95.71268463134766,95.74312345349736,95.43113568628331,95.48440217364238,78878100
2010-12-23,95.57571411132812,95.71268591002585,95.33982049353106,95.60615293388449,70053700
2010-12-27,95.61376190185547,95.70507256182222,95.14958002831901,95.21806302329408,58126000
2010-12-28,95.75074768066406,95.84205835396564,95.49963171785974,95.80401417529414,55309100
2010-12-29,95.81922912597656,96.0322951010288,95.80401261587815,95.86489026749662,58033100
2010-12-30,95.66702270507812,95.9790104507819,95.52243976123833,95.72790034518027,76616900
2010-12-31,95.68985748291016,95.78117394985243,95.37025855702976,95.5224468629885,91218900
2011-01-03,96.67910766601562,97.09762844820571,95.6518161878848,96.42038055566174,138725200
2011-01-04,96.62583923339844,96.92261051493138,96.02468551281292,96.8921716904649,137409700
2011-01-05,97.1280517578125,97.18892939824306,96.23012688110146,96.3214433417473,133975300
2011-01-06,96.93782806396484,97.27264933107469,96.64866793685047,97.16611634710559,122519000
2011-01-07,96.74758911132812,97.22698753595883,95.99424707101925,97.06718806108192,156034600
2011-01-10,96.62583923339844,96.7628110406915,96.03229086472042,96.32145679434585,122401700
2011-01-11,96.96827697753906,97.20417063721175,96.60301684763388,96.97588813593222,110287000
2011-01-12,97.84339141845703,97.94992443202563,96.99112150429448,97.56184237071739,107929200
2011-01-13,97.68355560302734,97.9270661930228,97.44005662425592,97.88141086020465,129048400
2011-01-14,98.3912353515625,98.41406301501488,97.4780939797994,97.54657697015656,117677900
2011-01-18,98.55863952636719,98.64995017421838,98.18576836227192,98.2999066720859,114401300
2011-01-19,97.59225463867188,98.5738792255136,97.33353331950121,98.47496319831609,151958400
2011-01-20,97.46287536621094,97.70637432268572,96.73996643098411,97.37155890332428,175745700
2011-01-21,97.68355560302734,98.29232046679194,97.57702262271034,98.07164915442958,151462900
2011-01-24,98.23908233642578,98.35322069467554,97.59987269654707,97.62270036819702,113715500
2011-01-25,98.29232025146484,98.3760255651894,97.48571174351399,97.98032666292566,167552200
2011-01-26,98.67279815673828,98.96196408277986,98.3379768973689,98.53583215675488,141281500
2011-01-27,98.91626739501953,99.08367795471402,98.52056865290352,98.69558456123166,123302700
2011-01-28,97.18895721435547,99.19026812561607,97.02915771669811,99.03046282234571,295637300
2011-01-31,97.91941833496094,97.9955182731298,97.21173767711605,97.4552481902801,149249200
2011-02-01,99.48701477050781,99.66203073640533,98.45211806617029,98.51299570892228,167194300
2011-02-02,99.29679107666016,99.56311774019437,99.17503577327174,99.22829646148867,118323600
2011-02-03,99.51746368408203,99.66965200966236,98.59671676702479,99.1217647485932,145886700
2011-02-04,99.79899597167969,99.83704594951567,99.0989205021452,99.55549701373087,134634800
2011-02-07,100.42301177978516,100.75021613794067,100.01209047974528,100.01970744422186,112439100
2011-02-08,100.87957000732422,100.93283069280643,100.240360502968,100.51430411591375,99072800
2011-02-09,100.6512680053711,100.92521158096783,100.14903618157332,100.60561267797542,146436700
2011-02-10,100.6893310546875,100.80346938799558,99.91315555452022,100.1414438323605,162708500
2011-02-11,101.29047393798828,101.41983457972898,100.27079950693313,100.29362717246246,137710300
2011-02-14,101.5339584350586,101.61766373380956,101.11544355252563,101.22958186390336,101690700
2011-02-15,101.21438598632812,101.37419127521551,100.68933800564089,101.2220029498906,119575400
2011-02-16,101.85358428955078,101.97532796963948,101.35135242130507,101.55681302399171,130183500
2011-02-17,102.157958984375,102.29492497610646,101.46548884069232,101.55681111307007,109810500
2011-02-18,102.37102508544922,102.49278037465005,102.0133761804364,102.24926979624837,130002400
2011-02-22,100.31644439697266,102.39384302248897,100.04250082790945,101.29806874623611,233116400
2011-02-23,99.70008087158203,100.4990839685287,99.08371070317901,100.25557339713716,227584000
2011-02-24,99.63159942626953,100.01969299928349,98.69563021770436,99.59356105428552,260431400
2011-02-25,100.69690704345703,100.75778467387757,99.98921474963642,100.05009238005695,141686900
2011-02-28,101.32091522216797,101.45028748568829,100.73498961080894,101.06981088085668,141585500
2011-03-01,99.63159942626953,101.73183774265192,99.60116640643739,101.64052707193083,258565500
2011-03-02,99.8447036743164,100.30888572648657,99.19028326652285,99.49465999102917,200277400
2011-03-03,101.56437683105469,101.67851511295751,100.74254636769771,100.75015171608493,176480100
2011-03-04,100.803466796875,101.68617525584814,100.14144125825707,101.48832000156777,277202300
2011-03-07,100.01207733154297,101.32853477802466,99.48702935687014,101.10024648703984,216790400
2011-03-08,100.88716125488281,101.206760156768,99.73812627825588,100.17186349823486,174615000
2011-03-09,100.74258422851562,101.05457779792782,100.14143636587413,100.689323547351,153806000
2011-03-10,98.87825775146484,99.8218322604704,98.77933012278883,99.68486626189502,301291800
2011-03-11,99.56310272216797,99.92075161490841,98.53582298424756,98.55865064878647,225621800
2011-03-14,98.96195983886719,99.28916412116725,98.20861203759287,98.91630450749729,234974100
2011-03-15,97.82815551757812,98.41409281647373,96.26059355930964,96.32907657040462,359585400
2011-03-16,96.01705169677734,97.8357347443926,95.332192821928,97.51612426011161,468670300
2011-03-17,97.2878646850586,97.69878010646367,96.71714978959801,97.40200882527314,254303700
2011-03-18,97.64171600341797,98.49768804690777,97.45065128368803,98.46711116121857,230435400
2011-03-21,99.15498352050781,99.36132508878194,98.7422770606219,98.85692292688746,153992600
2011-03-22,98.81100463867188,99.26956453469187,98.71929732413291,99.13964195187414,129538600
2011-03-23,99.09381103515625,99.35365626042231,98.06970691557926,98.53589364591028,148603100
2011-03-24,100.04150390625,100.18671499005778,99.10146855010952,99.65937438535269,159129800
2011-03-25,100.34720611572266,100.78282766899447,100.03385713603016,100.30135244292211,155642800
2011-03-28,100.10263061523438,100.82103586976841,100.07206538940272,100.5611906343693,109762400
2011-03-29,100.7751693725586,100.80573459449963,99.68992323785659,100.01854893579561,129798800
2011-03-30,101.4706802368164,101.76874080837713,101.15733121855133,101.30254230807262,135835000
2011-03-31,101.33308410644531,101.61586782757568,101.22608832759377,101.34073415886239,132537100
2011-04-01,101.76107025146484,102.23491871048498,101.51651346180839,101.95978503358045,153850100
2011-04-04,101.84512329101562,102.15847219720334,101.55471287751386,101.97504588736238,100768900
2011-04-05,101.829833984375,102.28074382122482,101.60055404069568,101.64640769709908,120791500
2011-04-06,102.15084075927734,102.41068596965457,101.73813444946447,102.31897863932487,120411600
2011-04-07,101.8909912109375,102.39539316794081,101.3865775922701,101.96741009573722,170731500
2011-04-08,101.5394287109375,102.40304492134125,101.1190840217293,102.34190281548693,147945400
2011-04-11,101.23374938964844,101.99035831464576,100.98918091900966,101.6464441067682,121385400
2011-04-12,100.47711944580078,100.86688729020838,100.11027843567214,100.668184172569,161187400
2011-04-13,100.46949005126953,101.01974578490132,100.08736056351609,100.94332688435053,162059000
2011-04-14,100.54592895507812,100.69877844825507,99.56003981166832,99.88866563891531,161220400
2011-04-15,100.91275787353516,101.1649647545434,100.43128261130798,100.72934316856,170006700
2011-04-18,99.78164672851562,100.90510831887647,98.97917249801986,99.80457356410126,210759300
2011-04-19,100.3548355102539,100.38541239715735,99.68993399092278,99.93449077782283,124258800
2011-04-20,101.72286987304688,101.94449983515524,101.4859398051618,101.55473197282701,156133800
2011-04-21,102.24252319335938,102.28837684735878,101.72283289915048,102.25016158180536,135935400
2011-04-25,102.13555145263672,102.30368933126131,101.79927569538754,102.16611667526642,65757100
2011-04-26,103.01448059082031,103.22083381635852,102.34194050209392,102.44893631132325,146600000
2011-04-27,103.6870346069336,103.83988410036284,102.79285282562029,103.2131976788023,143031000
2011-04-28,104.02326202392578,104.16082300542031,103.4882832153414,103.50355999439853,124791100
2011-04-29,104.2678451538086,104.37485260426884,103.9239309513758,104.06150362934872,115094100
2011-05-02,104.10736083984375,104.84104294174786,103.90100764670402,104.75698564781447,126278700
2011-05-03,103.73287963867188,104.08444393974466,103.2055390178966,103.9086676200422,138375000
2011-05-04,103.04501342773438,103.73284166988124,102.58645349186075,103.68698800862659,182678500
2011-05-05,102.1126480102539,103.13675229706621,101.66173798777692,102.47185068217074,226900000
2011-05-06,102.56352233886719,103.6564184199202,102.16610452196944,103.12907801438847,222787200
2011-05-09,102.96096801757812,103.2590285454925,102.39541218901428,102.55591170173722,114104500
2011-05-10,103.83987426757812,104.02330063932554,103.17497262020383,103.3048952603995,114806900
2011-05-11,102.74697875976562,103.70230248125753,102.27314192563891,103.68701403644704,193564200
2011-05-12,103.23612976074219,103.45012139474063,101.94452990160688,102.47187059312786,171550700
2011-05-13,102.4412612915039,103.43480022745858,102.07442027235622,103.28958916567814,157444900
2011-05-16,101.79165649414062,102.87690285787711,101.62351858381994,102.07442858801328,141675400
2011-05-17,101.77635192871094,101.9139245888498,100.97387778595133,101.40951093778206,192686200
2011-05-18,102.68585968017578,102.79285549452115,101.60825148176718,101.82989316541277,135217900
2011-05-19,102.93041229248047,103.19790764813047,102.36486800929961,103.02213131646631,119489500
2011-05-20,102.1126480102539,102.9303990966387,101.92158325547547,102.66291543694918,182594900
2011-05-23,100.92801666259766,101.43243027639616,100.56881408868031,100.86687455834961,168700000
2011-05-24,100.84397888183594,101.44010000534098,100.65291412015695,101.21847001292709,147199600
2011-05-25,101.18025207519531,101.60059687220068,100.40835465645257,100.43891988638602,151050100
2011-05-26,101.64643859863281,101.82986494167218,100.71404176276471,100.90510649697266,164850000
2011-05-27,102.03620147705078,102.31133514734549,101.61586841164566,101.92920569758424,120921900
2011-05-31,103.09852600097656,103.11381444499256,102.28841339311752,102.99918026903738,164731200
2011-06-01,100.78284454345703,103.11383714832681,100.69877557535784,102.80048811616906,233094300
2011-06-02,100.67581939697266,101.0655988907863,100.08734845343434,100.85160733646964,200466800
2011-06-03,99.67465209960938,100.43891105911719,99.41480685217662,99.46829891527572,234690200
2011-06-06,98.61998748779297,99.62881508056562,98.49006484236041,99.42246186174063,179951200
2011-06-07,98.55879974365234,99.40712730394556,98.4747308264463,99.12434367607354,161660500
2011-06-08,98.14616394042969,98.73464678295676,97.96273753632948,98.40600926665263,198696400
2011-06-09,98.8951187133789,99.30017508639884,98.17672498541361,98.41364343057607,160964400
2011-06-10,97.51943969726562,98.53589965727743,97.25959445614723,98.4747692042686,238629400
2011-06-13,97.59587860107422,98.00858501965854,97.09911488197687,97.74108968681064,207599800
2011-06-14,98.8339614868164,99.1778756418802,98.45183205637557,98.49003567008786,160570400
2011-06-15,97.0761489868164,98.8186639267513,96.816303796891,98.00855147482875,300958000
2011-06-16,97.29015350341797,97.80220553123446,96.5411772681922,97.1067271820368,308032800
2011-06-17,97.58049011230469,98.2640522890499,97.25022927389762,98.25637016915935,233284900
2011-06-20,98.07974243164062,98.28711870518231,97.21953228877767,97.25025491670023,159479000
2011-06-21,99.42382049560547,99.61583251344923,98.11814111816456,98.58665091048269,193157300
2011-06-22,98.82470703125,99.70028103685375,98.76326180214879,99.11656893961097,176703000
2011-06-23,98.54054260253906,98.8016760617885,96.91996115210952,97.66496851251193,334286500
2011-06-24,97.39615631103516,98.59430920896756,97.25023118868486,98.51751144751219,226129300
2011-06-27,98.2640609741211,98.64039698591225,97.26559625076003,97.45760824681092,168904700
2011-06-28,99.54666137695312,99.56202561217712,98.5174802870203,98.65572324560337,165556300
2011-06-29,100.39921569824219,100.56049918352598,99.56204635601269,99.9998275355488,244295500
2011-06-30,101.3592758178711,101.5205593036465,100.3915397447782,100.72179469530509,223322700
2011-07-01,102.85694885253906,102.9952035357253,101.21332720696637,101.45142012411578,202385700
2011-07-05,102.77249145507812,102.97986767726343,102.44991273139061,102.74945095477769,165936000
2011-07-06,102.8953628540039,103.02592957131942,102.23484128909767,102.52670319808482,143331600
2011-07-07,103.96295928955078,104.22409275050923,103.59429959646353,103.80935206072112,170464200
2011-07-08,103.22563171386719,103.96296284473628,102.44990756408802,102.78785051075799,194100500
2011-07-11,101.3592758178711,102.28860715452406,101.12118285921586,101.95835220399718,195918600
2011-07-12,100.92145538330078,101.98136487857226,100.89073863421733,101.1441957621943,214675700
2011-07-13,101.2594223022461,102.31933204958665,101.01365309269856,101.45143425824375,204062600
2011-07-14,100.56049346923828,101.98138659608138,100.36848151801513,101.5128769663177,226111800
2011-07-15,101.14421081542969,101.28245378609523,100.43760828657777,101.12117032031877,220012800
2011-07-18,100.3147201538086,100.82931075565556,99.56203661732128,100.67570354486942,196872100
2011-07-19,101.94300079345703,102.06589127773653,100.8523741143102,100.87541461517739,166554900
2011-07-20,101.88153839111328,102.26556230019321,101.70489067439081,102.20412878788251,137145400
2011-07-21,103.29476928710938,103.54822650780115,101.89691644319987,102.45758814501309,245246300
2011-07-22,103.36389923095703,103.47142548008121,102.73409425788536,103.3178182269727,126019400
2011-07-25,102.78787231445312,103.29478684198642,102.27328152540565,102.38080778402029,136653800
2011-07-26,102.40381622314453,102.88769009514046,102.1733995355522,102.71871863887138,131278200
2011-07-27,100.30706024169922,101.86619653824819,100.17648178579829,101.8354680593959,249020100
2011-07-28,100.01519012451172,101.20566661400575,99.85389492240792,100.30705205237578,207939900
2011-07-29,99.33162689208984,100.2686461787754,98.287081378382,99.00904821102299,307038400
2011-08-01,98.9092025756836,100.5835530063475,97.94914274968924,100.49137929380544,325790900
2011-08-02,96.38232421875,98.69414991587237,96.38232421875,98.16419501786096,346653800
2011-08-03,96.90460968017578,97.0121359257669,94.87696353511343,96.5129094396971,370830800
2011-08-04,92.36544036865234,95.7141296188531,92.2118272756787,95.56051652587946,520721800
2011-08-05,92.2271957397461,93.75560946147277,89.75408049711119,93.5175164811321,655619200
2011-08-08,86.22105407714844,92.25791070261988,86.03671837243502,89.79247778454416,702263900
2011-08-09,90.23029327392578,90.35317792273416,84.69266132202122,87.61124644293052,717828700
2011-08-10,86.24408721923828,89.30859626689944,85.98294792303784,88.52519009777735,662607400
2011-08-11,90.11504364013672,91.33623674625281,86.26712278359676,86.98908954152056,487979700
2011-08-12,90.72183227539062,91.55900178646029,90.07666890543878,90.93688477879417,313731600
2011-08-15,92.6419448852539,92.73410688807145,91.39770510954999,91.54363609366548,258810600
2011-08-16,91.8508529663086,92.69571041233264,90.8677525124707,91.75869096109938,294095200
2011-08-17,91.91229248046875,93.08740485156585,91.18264930591869,92.35776167701579,238201100
2011-08-18,87.94912719726562,91.94297214089127,87.08891182583247,89.47754019157102,512956300
2011-08-19,86.51290893554688,89.00138231674808,86.40538270584769,86.75868401196502,428281300
2011-08-22,86.58201599121094,88.50213515675973,86.33624097241024,88.45604831216427,275090600
2011-08-23,89.4314956665039,89.53133977988374,86.46683042587006,86.90461747644343,331136600
2011-08-24,90.69107818603516,90.81396277688364,89.03209226153659,89.23946843196852,246869700
2011-08-25,89.30862426757812,91.70493623811039,88.99372762136791,91.1903454627538,312365400
2011-08-26,90.60661315917969,91.0213597350253,87.44225365073201,88.85546485654748,314495900
2011-08-29,93.21028137207031,93.26404448362032,90.67572129102166,91.82779298972747,190977200
2011-08-30,93.45606231689453,94.03209820251155,91.5973879323079,92.80322281847658,241315700
2011-08-31,93.87080383300781,94.86158620640346,93.16420125747811,94.05513366581127,301828400
2011-09-01,92.88773345947266,94.77713096779294,92.76484295824453,93.92459715968309,254585900
2011-09-02,90.51441955566406,92.8339268727342,90.19184093055806,90.95220650680474,255517200
2011-09-06,89.85391998291016,89.98449257611976,87.84931454415322,87.85699666369267,285130500
2011-09-07,92.38848876953125,92.42688765125361,90.90615598906065,91.21337634154374,209803200
2011-09-08,91.42842864990234,92.88772092651108,91.22105242199572,91.83549312574912,250568200
2011-09-09,89.0321044921875,91.44377424874793,88.5405543417892,90.38387033565284,380195100
2011-09-12,89.60812377929688,89.67725111938165,87.59584255493166,87.91842118269021,305793500
2011-09-13,90.4299545288086,90.76789746656006,89.26252434526573,89.90000548339135,272514700
2011-09-14,91.681884765625,92.78019355491325,89.64655655138219,90.89079046473955,319389500
2011-09-15,93.26404571533203,93.29476833087202,91.70490960005078,92.66496936165153,326777200
2011-09-16,93.8160629272461,94.1634761838241,92.88963935648627,93.63850125637822,284528300
2011-09-19,92.88189697265625,93.3605523828415,91.65438571806634,92.27972119568338,241517000
2011-09-20,92.77379608154297,94.17887457974442,92.65027573920199,93.27561109305526,218932200
2011-09-21,90.04085540771484,93.10578136415702,89.8941753442712,92.8201372105706,316251300
2011-09-22,87.1303482055664,88.17257606743978,85.92599653318445,87.4314361236619,513911300
2011-09-23,87.65528106689453,88.1339362947937,86.4818056339978,86.55129059952449,307242500
2011-09-26,89.73975372314453,89.86327995762815,87.22296854111859,88.48136113213155,260673700
2011-09-27,90.74340057373047,92.30288128762888,90.20298203283234,91.50770014850875,311753900
2011-09-28,88.89053344726562,91.47680366604871,88.75929123775798,90.92866924099746,286696800
2011-09-29,89.59308624267578,90.81287558390598,87.95639874664424,90.36510764626607,298108900
2011-09-30,87.35420989990234,89.12985532795817,87.29244678325998,88.35783404009346,288392300
2011-10-03,84.86835479736328,87.97187977180928,84.77571006302954,86.84472867601312,365136800
2011-10-04,86.72886657714844,86.91415592264389,82.93824520722389,83.64850336145855,459177500
2011-10-05,88.33467102050781,88.56627975417555,86.14213347268688,86.94503628866568,284108000
2011-10-06,89.93274688720703,90.06399496611364,87.63212703653845,88.28834387085448,257800800
2011-10-07,89.33061218261719,90.51952606762568,88.82879700081939,90.45776293046907,312657900
2011-10-10,92.31832122802734,92.35691876432931,90.8437575139839,90.85147937726666,230666300
2011-10-11,92.41096496582031,92.67345532095887,91.67754694627261,91.77019164044908,209088000
2011-10-12,93.22160339355469,94.29471289102126,92.89735575188645,93.10579898151401,281544900
2011-10-13,93.03630828857422,93.31423648685671,91.96319892467203,92.6734572580356,212538800
2011-10-14,94.6266860961914,94.64984580149337,93.59217999232155,94.11715490937623,211397600
2011-10-17,92.82015228271484,94.61124201869477,92.58854346484955,94.17890595135002,202311600
2011-10-18,94.63436126708984,95.34461936616401,92.02492580953897,92.75062763123243,318857900
2011-10-19,93.51496887207031,95.02041443892347,93.19072123246146,94.47999581618501,226601300
2011-10-20,93.92411041259766,94.26379576571613,92.5035882148268,93.74654292910573,262075600
2011-10-21,95.70753479003906,95.82333922752596,94.74250762774547,95.02815189814702,278999400
2011-10-24,96.88095092773438,97.12028153508238,95.77696023723506,95.86188305112387,203215600
2011-10-25,94.99726104736328,96.46409738784516,94.78881191515086,96.41777797626791,268596800
2011-10-26,95.96224975585938,96.32509481849407,94.34872217922816,96.00084728674983,289053800
2011-10-27,99.30509185791016,99.91498342961633,97.7456057176985,98.53306475905319,393220200
2011-10-28,99.28199005126953,99.47499546600363,98.66437036809727,98.81877234386143,225906500
2011-10-31,96.8886947631836,99.2973979868633,96.74973066258235,98.17025323429023,228146700
2011-11-01,94.18661499023438,95.35236900531282,93.81604211012352,94.20977469085578,416565800
2011-11-02,95.72293090820312,96.03946250669001,94.79650759224462,95.59941054810136,244717600
2011-11-03,97.46772003173828,97.66072541793974,95.42186175999139,96.71113632620349,291174800
2011-11-04,96.873291015625,97.04313085163288,95.73841810968936,96.68028557965114,249401600
2011-11-07,97.47543334960938,97.57579402121385,95.88506510151649,96.80377254410001,196617200
2011-11-08,98.72611236572266,98.83420080012131,97.05082703836875,97.98497239449776,224426300
2011-11-09,95.08216094970703,97.1202970280588,94.85055216759869,96.41775470837123,337982000
2011-11-10,95.97769927978516,96.45635466355418,94.97406911351507,96.34055027666828,231866500
2011-11-11,97.78424072265625,98.039003327419,97.11257993360324,97.14346149873795,189924400
2011-11-14,96.8578109741211,98.39413201935015,96.4409186818871,97.42138922752711,159258300
2011-11-15,97.33645629882812,97.85370920606735,96.28650675843036,96.63391402089118,184709400
2011-11-16,95.79241180419922,97.53717583772031,95.65344772373638,96.35598409881395,235782500
2011-11-17,94.27152252197266,95.85416856159209,93.59214589040926,95.61483795054231,331219600
2011-11-18,94.17117309570312,94.7656269829123,93.77744053193527,94.5726216326416,215580400
2011-11-21,92.3801040649414,92.91279494399156,91.60036062857773,92.79699053026512,229611600
2011-11-22,92.0172119140625,92.71974816767523,91.49995321562598,92.1793356648962,216494900
2011-11-23,89.98680877685547,92.01722874450239,89.98680877685547,91.15256269184941,224329100
2011-11-25,89.81694793701172,90.86689729113996,89.70886543497392,89.84782949331603,99557000
2011-11-28,92.41868591308594,92.78153693244212,91.73158730241168,92.28744368184617,210686000
2011-11-29,92.68116760253906,93.41458554626018,92.34147631573487,92.68116760253906,199241500
2011-11-30,96.49494934082031,96.67251684745965,92.64256435558289,95.33691728637552,324439500
2011-12-01,96.47953033447266,96.99678333946096,96.0626380067031,96.38688563161605,176954800
2011-12-02,96.39460754394531,97.66072236666432,96.33284440867688,97.36735630922442,221109700
2011-12-05,97.44454956054688,98.18568945486048,96.84237376454558,97.92319909580108,225263900
2011-12-06,97.47543334960938,98.13165042714485,97.08942261105246,97.43682991973111,178842100
2011-12-07,97.8382797241211,98.24745014508481,96.47952033993185,97.15117522337941,237802500
2011-12-08,95.69207000732422,97.41368067777356,95.46046707335519,97.19751558337965,240862800
2011-12-09,97.31330108642578,97.56034770202331,96.03946458191587,96.12438740822026,209111400
2011-12-12,95.89279174804688,96.47952974913208,95.08217269068251,96.46408602038797,215826100
2011-12-13,94.99726104736328,96.94275290435385,94.5340433713612,96.3946182704793,245159800
2011-12-14,93.98588562011719,94.98179395446982,93.77744242923221,94.6189429462108,238618800
2011-12-15,94.32559967041016,95.11305911368017,94.17891368105248,94.9818168548114,199109200
2011-12-16,94.46540832519531,95.52201673747257,94.24010743687245,94.96264104339423,220481400
2011-12-19,93.4554443359375,95.03258654623497,93.25344404510057,94.83058625539803,183903000
2011-12-20,96.2834243774414,96.44657640616218,93.51759887213458,94.92381821068918,225418100
2011-12-21,96.46985626220703,96.61747250189634,95.36663470087329,96.283397699249,194230900
2011-12-22,97.32449340820312,97.42549651907868,96.51650408567438,96.82726647399501,119465400
2011-12-23,98.19464111328125,98.22571853683833,97.43326498207662,97.63525934407889,92187200
2011-12-27,98.27232360839844,98.52870788605253,97.93824874196153,98.02371016784622,86075700
2011-12-28,96.98265075683594,98.30340865077713,96.90496016202982,98.28787290278088,119107100
2011-12-29,97.98482513427734,98.08582226293814,97.0059075454835,97.30113402516001,123507200
2011-12-30,97.50316619873047,98.14800927824103,97.50316619873047,97.90716077332557,95599000
2012-01-03,99.05699920654297,99.74069052402149,99.00261520878092,99.25899945283537,193697900
2012-01-04,99.21239471435547,99.29785614140188,98.44324779834982,98.82393583774889,127186500
2012-01-05,99.47653198242188,99.62414823461152,98.22570000288762,98.67631366832136,173895000
2012-01-06,99.22013092041016,99.61636049592684,98.89382700053054,99.60081882693639,148050000
2012-01-09,99.46100616455078,99.58530398549938,98.98708589864115,99.44546449137351,99530200
2012-01-10,100.32337951660156,100.72736815743225,100.18352817568133,100.5253738370169,115282000
2012-01-11,100.3777847290039,100.50985934208268,99.84948627668884,100.01263238791672,111540700
2012-01-12,100.61862182617188,100.76623810760795,99.86501059818514,100.6652468530662,118983700
2012-01-13,100.09808349609375,100.26124144530921,99.22793937980987,99.94270231173226,179836200
2012-01-17,100.48652648925781,101.2479143253929,100.14468082484169,101.06144982075975,132209200
2012-01-18,101.59754180908203,101.6519198893869,100.28454885895195,100.46323662970306,163395200
2012-01-19,102.13361358642578,102.21907501391811,101.62084502147185,101.94714905694504,126328900
2012-01-20,102.5143051147461,102.5143051147461,101.71408069965896,101.96270009513181,138230200
2012-01-23,102.25012969970703,102.74735650842827,101.76066779954532,102.1724331948228,129295800
2012-01-24,102.13361358642578,102.16468508059383,101.4654638409833,101.62084502147185,103083300
2012-01-25,102.98819732666016,103.22903989095731,101.58197833783714,101.97820205444,198613200
2012-01-26,102.45987701416016,103.64078300170605,102.05587662114736,103.4465536393679,184880500
2012-01-27,102.4133071899414,102.59199495953695,101.89276184641723,101.96269345610635,135259100
2012-01-30,102.06368255615234,102.11807248978441,101.04592218514541,101.39553280692901,147311800
2012-01-31,102.02484893798828,102.69298685063265,101.52761017631413,102.56868901503867,157212000
2012-02-01,102.91828155517578,103.4388149556253,102.6541324005875,102.77843021433215,166234500
2012-02-02,103.0813980102539,103.34555894377979,102.7162577278175,103.1202462523741,113090400
2012-02-03,104.5265121459961,104.58866699052366,103.92829399521406,104.10698176396555,160598500
2012-02-06,104.45659637451172,104.50320954597869,103.97491112958639,104.09144405825384,107694500
2012-02-07,104.72071838378906,104.8994179677657,103.82726788319314,104.23903326397092,135528100
2012-02-08,105.0315170288086,105.05482361392333,104.34782558591054,104.77513273772182,139361400
2012-02-09,105.16358947753906,105.34227724470398,104.54205289260642,105.20243773687692,148602900
2012-02-10,104.38666534423828,104.4721267676401,103.9826648104457,104.23128417118686,167907500
2012-02-13,105.16358947753906,105.28789916549046,104.68190425525783,105.13251798296338,115841900
2012-02-14,105.0315170288086,105.0936718740561,104.30121241568105,104.88390075319883,165329500
2012-02-15,104.54206085205078,105.52874981119827,104.33228971951466,105.37336861684103,195195100
2012-02-16,105.69969177246094,105.79291813494837,104.36339192094668,104.54985650074892,186567800
2012-02-17,105.9793701171875,106.1502929979821,105.62975944458981,106.06483155758481,129869400
2012-02-21,106.02595520019531,106.47656887063842,105.69965120190676,106.22794952632933,134042300
2012-02-22,105.68412780761719,106.08812838458134,105.49766326713568,105.86281558297975,124455300
2012-02-23,106.15027618408203,106.22796084633984,105.27235533131773,105.62974271314074,137704300
2012-02-24,106.38339233398438,106.59316354544625,106.15032638217085,106.38339233398438,105539100
2012-02-27,106.5620346069336,106.84949036247045,105.50542606044542,105.67634890287904,145728900
2012-02-28,106.87281036376953,106.99712005656986,106.3833483576337,106.59311948238117,129355900
2012-02-29,106.45325469970703,107.36224688474056,106.08032570983022,107.02816614649532,185934700
2012-03-01,107.0048828125,107.20688902293978,106.3833462158364,106.67857876658712,145023500
2012-03-02,106.67857360839844,107.07480924521003,106.43773100435749,106.93495788668125,120638300
2012-03-05,106.24347686767578,106.59308740048085,105.87832466424213,106.51540275698041,140765000
2012-03-06,104.689697265625,105.2179957989859,104.38669972917918,105.15585279315432,202129900
2012-03-07,105.41998291015625,105.59090578221347,104.82951776856753,104.93052088064462,143692200
2012-03-08,106.46878814697266,106.68633599256326,105.84726351896194,106.06479950973016,116968900
2012-03-09,106.88060760498047,107.16028668512485,106.53876181170126,106.67083644004512,122836800
2012-03-12,106.8883285522461,107.0281680348006,106.50763464725514,106.86502197182034,104003500
2012-03-13,108.81511688232422,108.86950682449378,107.28458770321687,107.46328735192309,184090500
2012-03-14,108.69857788085938,109.11810829849559,108.36449704502321,108.84619416728754,145163600
2012-03-15,109.32787322998047,109.37448640098066,108.58202692950331,108.86171781032915,165118500
2012-03-16,109.4792709350586,109.61972329777815,109.24517175708051,109.52608838929844,152893500
2012-03-19,109.90840911865234,110.24394201804786,109.33096628607659,109.40900328475077,125291100
2012-03-20,109.5884780883789,109.72113146554116,108.96421779655233,109.28415283329498,121729700
2012-03-21,109.40902709960938,109.752359010895,109.1827268982605,109.65092517866881,122388400
2012-03-22,108.62086486816406,108.89398244364173,108.26192326774773,108.60525508782352,135216700
2012-03-23,108.9720687866211,109.09692328598054,108.11372089378088,108.71457275351533,120521000
2012-03-26,110.50144958496094,110.50144958496094,109.71332828987453,109.7523348823524,120164000
2012-03-27,110.15811157226562,110.6731272129242,110.08788541402352,110.60290105468209,119868500
2012-03-28,109.61192321777344,110.27520223068386,108.9642539917069,110.10353029573713,148562100
2012-03-29,109.42465209960938,109.62754362790477,108.5350846717645,108.96426455072032,164963700
2012-03-30,109.87723541259766,110.0645171435112,109.28419445820701,109.96307138425229,135486800
2012-04-02,110.68093872070312,110.969666137559,109.52606477360831,109.74455411747013,151741100
2012-04-03,110.22836303710938,110.71217113188183,109.58069386881888,110.52488942679788,155806700
2012-04-04,109.13590240478516,109.51045386086129,108.73013138174994,109.41681897353628,146896000
2012-04-05,109.08125305175781,109.40118806403838,108.66768317023367,108.76132994625105,137439400
2012-04-09,107.85617065429688,109.12028922089641,107.55964431130656,107.70790748280172,127555900
2012-04-10,106.04582214355469,107.94981093349017,105.93657747069493,107.64548563718255,235360300
2012-04-11,106.9041748046875,107.32554368537436,106.70909419373004,107.1304630744169,154133000
2012-04-12,108.30094146728516,108.38677740819834,106.92757831944914,107.00561532274294,154321500
2012-04-13,107.01342010498047,108.32436800990983,106.91197437651299,108.05125039023999,169246700
2012-04-16,106.94319152832031,107.71570311451816,106.57643903328231,107.55964100970473,147825300
2012-04-17,108.52725982666016,108.74574918438114,107.45041091590892,107.55965559476941,147877600
2012-04-18,108.16050720214844,108.52725974664762,107.98103635274788,108.04346358444741,123884200
2012-04-19,107.46598815917969,108.58184333345424,106.95878342665004,108.17608431013988,198666700
2012-04-20,107.64547729492188,108.33216484641022,107.58305007144335,107.94200362975101,143199600
2012-04-23,106.74030303955078,106.83394983045918,106.07703609898464,106.54522242642385,171844900
2012-04-24,107.1460952758789,107.4192129510753,106.74813503269777,106.83397099574995,137484200
2012-04-25,108.61310577392578,108.65992322534771,108.09808999472827,108.19172489757214,150252200
2012-04-26,109.3699951171875,109.494849564151,108.31655506944303,108.37898229292477,136291600
2012-04-27,109.54948425292969,109.86160851573109,109.08909679792554,109.69774744513245,130725000
2012-04-30,109.14369201660156,109.40901068597728,108.84717759648471,109.33097368202411,115092200
2012-05-01,109.82257843017578,110.54047360653715,108.956420093314,109.08126262767368,138832200
2012-05-02,109.49484252929688,109.6040871866773,108.82376480345292,109.18270643194234,121081000
2012-05-03,108.65988159179688,109.59626598178978,108.45700207777669,109.51043005147865,143759700
2012-05-04,106.9041748046875,108.69891880685122,106.84174758036804,108.090268253206,193927300
2012-05-07,106.98219299316406,107.34113458639214,106.48278719323157,106.52179378314119,127765900
2012-05-08,106.55298614501953,106.72465796118625,105.28105729981253,106.34229584212937,213377700
2012-05-09,105.92096710205078,106.59984378141856,104.94556409984426,105.42156124119204,220752500
2012-05-10,106.13944244384766,106.78711138083028,105.89754443624146,106.65444611203976,150600000
2012-05-11,105.81950378417969,106.8027055604799,105.42934264817235,105.47616007940955,153032400
2012-05-14,104.64905548095703,105.81953928162088,104.49299335555723,104.80511760635682,163910000
2012-05-15,104.0482177734375,105.19529300472333,103.88435668712727,104.57884335921105,207629300
2012-05-16,103.65020751953125,104.99236276309193,103.62679880420646,104.51636570686667,207265500
2012-05-17,102.1130142211914,103.79851386690478,102.05838592484267,103.67365939534577,247992900
2012-05-18,101.23906707763672,102.69046771416397,101.09080386585926,102.5109849279181,319615900
2012-05-21,102.97918701171875,103.01820552782463,101.4029318339201,101.56680483885309,177861100
2012-05-22,103.15863800048828,103.96236926877289,102.48756013595407,103.2444739566535,197531200
2012-05-23,103.2132568359375,103.36152001088925,101.43412255006835,102.41732457959309,204958400
2012-05-24,103.41612243652344,103.65802046542136,102.54996413212402,103.49415943600154,167357600
2012-05-25,103.08061218261719,103.66585408696942,102.83090325484059,103.37712665088061,135465600
2012-05-29,104.32911682128906,104.50858766403043,102.35490183080432,103.9077479064231,152883500
2012-05-30,102.81526184082031,104.32129006957386,102.60458339294456,103.43952206144189,162370400
2012-05-31,102.58898162841797,103.35369420737092,101.70721355139281,102.7762632812689,196186000
2012-06-01,100.00611114501953,102.61238482983998,100.00611114501953,100.98151404264158,253240900
2012-06-04,99.95930480957031,100.45871067233125,99.21019006204143,100.18559306796317,202545800
2012-06-05,100.71623229980469,100.8644835753345,99.70960959192246,99.76423192960561,164149400
2012-06-06,102.97918701171875,103.02600446833405,101.38732204612188,101.41854162171835,184202800
2012-06-07,103.04161071777344,104.19648493281814,102.83092026346009,104.1496674778105,184772700
2012-06-08,103.86093139648438,103.88434011936684,102.44853764417493,102.77628357808267,143915400
2012-06-11,102.54219818115234,104.758311560637,102.44075243055215,104.69588432232752,169756100
2012-06-12,103.72042846679688,103.79065460925133,102.34706564056354,102.83866054451694,181931800
2012-06-13,103.05720520019531,104.06381605370652,102.70605052622939,103.4161469064674,172223900
2012-06-14,104.14961242675781,104.56318226976057,102.98692797926036,103.26784446759929,230615500
2012-06-15,105.21485137939453,105.30897146645717,104.39911603174345,104.61873754720624,169444500
2012-06-18,105.41874694824219,105.67758906952386,104.54026118035597,104.77557328774576,131360900
2012-06-19,106.43840026855469,106.86980370472612,105.39519267507403,105.95209746876228,137382600
2012-06-20,106.26583862304688,106.7521533900671,105.3167630343586,106.44625131219271,206451800
2012-06-21,103.88140869140625,106.5011875966333,103.79512797448093,106.39137686313494,205272200
2012-06-22,104.68144989013672,104.87754131195601,104.02257361678626,104.42260777711878,130029200
2012-06-25,103.00291442871094,103.61471874669316,102.63426157448173,103.57549806611044,146375700
2012-06-26,103.52055358886719,103.83430696464397,102.69696743409595,103.3009322100572,141634000
2012-06-27,104.45398712158203,104.65791791111519,103.51275060058569,103.86571279990035,108088000
2012-06-28,104.15592193603516,104.31280465969726,102.9715339706035,103.76373906382278,169242100
2012-06-29,106.75216674804688,106.88550746857786,105.77170971314001,106.04623050183214,212250900
2012-07-02,107.07376098632812,107.18357170926897,106.29724657712887,107.0502309720173,129524500
2012-07-03,107.7796859741211,107.85811535740979,106.94040899048976,107.05021970186985,80450000
2012-07-05,107.29337310791016,108.08559008243078,106.90119027885088,107.379653809042,126177500
2012-07-06,106.27369689941406,106.49331830466011,105.77170340621328,106.25800623661965,151192100
2012-07-09,106.140380859375,106.33647230024573,105.65406594745481,106.1874408902285,103780500
2012-07-10,105.21485137939453,106.85417339426857,104.85403776486282,106.6816119223371,167884800
2012-07-11,105.23052215576172,105.57564503437764,104.61871776856903,105.26974284078129,141733400
2012-07-12,104.72067260742188,105.2854169352807,104.00690883256249,104.61871319299749,143583200
2012-07-13,106.47764587402344,106.58745659544934,104.97950448505718,104.99519515053831,129642600
2012-07-16,106.2266616821289,106.54041520428046,105.81094873769206,106.23451300047839,97525200
2012-07-17,106.95610046386719,107.17572188828923,105.53640055297109,106.65019833924576,138860300
2012-07-18,107.74832153320312,107.96010364136758,106.64237489828156,106.70511362735746,113349700
2012-07-19,108.03065490722656,108.3836169818136,107.62279347228785,107.96790423220503,129847300
2012-07-20,107.04238891601562,107.58360316841795,106.92473884743724,107.41888110393735,142904500
2012-07-23,105.95999908447266,106.97183791743105,104.97954159356931,105.47369599889667,145210900
2012-07-24,105.05010986328125,106.0854785037112,104.34418540369556,106.03841846886851,173301200
2012-07-25,105.07359313964844,105.54420519359503,104.51668844540899,105.26968448757603,129122300
2012-07-26,106.80707550048828,107.03454825491123,106.09329984394427,106.58745406285486,156526500
2012-07-27,108.77584075927734,109.08175490358659,106.78355694175544,107.37183127747873,236768900
2012-07-30,108.77584075927734,109.29352504714713,108.45425988512065,108.65035133036176,106782000
2012-07-31,108.01504516601562,108.92490061346352,108.01504516601562,108.62684967743539,120575900
2012-08-01,107.9208755493164,108.81505198314966,107.77184414893236,108.79152196924386,138293800
2012-08-02,107.17570495605469,107.9051711185805,106.34427941374318,107.10511493117195,199556600
2012-08-03,109.30134582519531,109.52880657199314,107.20707924291816,108.68169032902532,157825000
2012-08-06,109.51313018798828,109.94453369692258,109.46607016309913,109.5915715417837,86326200
2012-08-07,110.06217956542969,110.53279171368398,109.83470685390859,109.95235689885506,109545100
2012-08-08,110.19557189941406,110.3210613499929,109.66219685267623,109.6935781916765,89754700
2012-08-09,110.28968048095703,110.50930195716543,109.92886693091589,110.03867766902009,90291700
2012-08-10,110.47004699707031,110.50926767032587,109.66215139557605,109.84255213038868,99792700
2012-08-13,110.41514587402344,110.4700452409332,109.84255038422683,110.28180516184953,79426900
2012-08-14,110.43082427978516,110.89360906608422,110.10139217378051,110.8230070681434,102379400
2012-08-15,110.55633544921875,110.74458751297469,110.24259397809544,110.3131840138277,71085900
2012-08-16,111.37210845947266,111.50544921429501,110.43871120724341,110.71323206653436,112014200
2012-08-17,111.52112579345703,111.61525782978595,111.27013495634911,111.56034647788803,90813700
2012-08-20,111.52896118164062,111.5524911952439,111.05833697263326,111.3642391179468,78255700
2012-08-21,111.19161987304688,112.23482715126075,110.94846854663322,111.80342384546334,105581100
2012-08-22,111.2387466430664,111.41914739855513,110.65047238221709,110.90930252473677,133243500
2012-08-23,110.3288803100586,110.97205394923546,110.15631890159078,110.96421460102167,111466400
2012-08-24,110.99561309814453,111.24661592851947,109.98378636332062,110.05437642118594,99481200
2012-08-27,111.01912689208984,111.4426911143256,110.86225613026888,111.29365970163049,68785900
2012-08-28,110.90931701660156,111.25443987635028,110.57204547451117,110.73675558672721,75689600
2012-08-29,110.99561309814453,111.29367596709635,110.68971087892115,111.00346441688981,65421300
2012-08-30,110.19557189941406,110.54853416808557,109.96025973080837,110.5171528290853,96589900
2012-08-31,110.72103118896484,111.23871526491715,110.09353642736815,110.8229905601915,151970400
2012-09-04,110.61911010742188,110.95639363201254,109.91318566019123,110.6269494569342,120226200
2012-09-05,110.52497100830078,110.96421387480947,110.30534957504645,110.66615108604837,100660300
2012-09-06,112.76830291748047,112.77614226881171,111.18388024987182,111.19171960120306,158272500
2012-09-07,113.20752716064453,113.25458719776714,112.85456491375172,112.95652433802623,107272100
2012-09-10,112.56431579589844,113.29378211076668,112.52510708619839,113.097690688384,86458500
2012-09-11,112.8780517578125,113.23885321673242,112.60351902163838,112.63490034669935,88760000
2012-09-12,113.25455474853516,113.38005612388618,112.8702112746989,113.25455474853516,87640900
2012-09-13,114.98014068603516,115.3331027824248,112.94079747996815,113.23884824414677,225470200
2012-09-14,115.48998260498047,116.17237677233919,115.11347854091476,115.20761054116514,169777000
2012-09-17,115.0977783203125,115.4507403419475,114.80755499581937,115.25464900009852,119427800
2012-09-18,115.00367736816406,115.15270874313569,114.71346593383126,114.90171798144841,98326600
2012-09-19,115.06649017333984,115.43514315199378,114.83902929874345,115.13708024113093,128318300
2012-09-20,115.07430267333984,115.13704140011701,114.227186240192,114.5409277479632,154009800
2012-09-21,115.02617645263672,115.65702100788755,114.97886521665575,115.63336538989707,108737500
2012-09-24,114.8526840209961,115.11290782886945,114.37166644262864,114.45840771191975,95682000
2012-09-25,113.6304702758789,115.3179728902866,113.59892142381807,115.09717905530702,133165200
2012-09-26,112.99168395996094,113.6383027942431,112.72357899409798,113.60676598805304,146502200
2012-09-27,114.05626678466797,114.31649063036093,113.1651983462975,113.46485223510027,111830300
2012-09-28,113.5279541015625,113.99319739252736,113.12579648210564,113.62257659264375,150696100
2012-10-01,113.82759094238281,114.88424870867568,113.55947387064006,113.96164346207432,135911200
2012-10-02,113.94586944580078,114.45842390718055,113.41754056076572,114.27706014840368,113422200
2012-10-03,114.4111099243164,114.67921495822708,113.65410606005574,114.25340178862538,121283100
2012-10-04,115.2311782836914,115.39676756713504,114.68707514480745,114.84478323506292,124311600
2012-10-05,115.23904418945312,116.0433709851181,114.89207921750533,115.84623289036179,124842100
2012-10-08,114.84484100341797,115.22334301689341,114.58461710904045,114.81330418244588,78415400
2012-10-09,113.70932006835938,114.85271930951882,113.66989001886523,114.7580968166223,148872900
2012-10-10,112.98382568359375,113.80392719915768,112.83399875099886,113.69351827420662,124247500
2012-10-11,113.04691314697266,113.93798152936031,113.02325752906494,113.77238017164721,123601500
2012-10-12,112.67630767822266,113.51217171041837,112.43185823850814,113.1257885440415,124181900
2012-10-15,113.61465454101562,113.73293261233545,112.58165261029853,112.94438005058412,107689100
2012-10-16,114.76593780517578,114.84479787653532,114.07201971311348,114.15086775211547,108815500
2012-10-17,115.28644561767578,115.38108015921053,114.67137524333714,114.84485786505971,128834100
2012-10-18,114.98677062988281,115.53875516208886,114.60037544115839,114.98677062988281,148108500
2012-10-19,113.07058715820312,114.7817453152523,112.8024820900633,114.77386411878736,185645200
2012-10-22,113.08634185791016,113.2913612214861,112.19527348599989,112.88131046197532,125578600
2012-10-23,111.51715087890625,112.02182425906406,111.0519075506469,111.86411608383271,192056300
2012-10-24,111.20169830322266,112.05333661087603,111.02821575727333,111.91927207162182,120179400
2012-10-25,111.52501678466797,112.19529147795008,110.84687292739264,111.99027208149667,134457400
2012-10-26,111.46194458007812,111.84832775652235,110.7049285877392,111.42251453307989,146023500
2012-10-31,111.46194458007812,111.99815471569909,110.93360360855142,111.8562209853386,103438500
2012-11-01,112.6290054321289,112.77093917012807,111.59600311992946,111.69850680880832,100995600
2012-11-02,111.62753295898438,113.33080990262687,111.5092548513818,113.29926105235891,137702200
2012-11-05,111.85618591308594,112.10851647650725,111.13070696640128,111.46190963144991,98378500
2012-11-06,112.73152923583984,113.1731169399798,112.07702887707437,112.19530700055381,107068100
2012-11-07,110.1765365600586,111.7220924455521,109.65608911536309,111.70633006166734,264304500
2012-11-08,108.85182189941406,110.72070019478471,108.76508061117018,110.16082241932685,181517300
2012-11-09,108.9463882446289,109.95573422223164,108.46537086215002,108.52056326611807,201055300
2012-11-12,109.03314971923828,109.45896274444283,108.78870038695831,109.28548024430438,97677500
2012-11-13,108.65467071533203,109.80596294602393,108.31559883149794,108.45753254128172,123018300
2012-11-14,107.18797302246094,109.15935496165747,106.94352358717823,108.98588442077981,191505000
2012-11-15,107.00657653808594,107.62953977853589,106.59652585103657,107.22737028518404,178128400
2012-11-16,107.53491973876953,107.74783232077309,106.21803827296685,107.16429903513159,239483900
2012-11-19,109.7113265991211,109.72708898775319,107.56646257409702,108.74139824214866,151495800
2012-11-20,109.7586898803711,109.94005369450996,108.88339560189095,109.53789601123768,119807400
2012-11-21,109.96369171142578,110.05832623473063,109.63250096076261,109.85329479453806,81710800
2012-11-23,111.46194458007812,111.50136259471537,110.42893029111247,110.49990918865372,65409200
2012-11-26,111.22534942626953,111.46979881322366,110.54719369196546,110.90992115894316,100124400
2012-11-27,110.6576156616211,111.49347970288534,110.58664879751997,111.11497772865188,128646200
2012-11-28,111.54864501953125,111.61171863279662,109.60880052181476,110.20809610668853,177086500
2012-11-29,112.0691146850586,112.3766497809441,111.47770011355873,111.9666110080036,151085900
2012-11-30,112.0927505493164,112.30566312659202,111.70636746474592,112.08486935473513,136568300
2012-12-03,111.54077911376953,112.69995256723674,111.45403783383799,112.60533009180578,124656300
2012-12-04,111.383056640625,111.87195541056911,111.08340279718416,111.53288356234542,127512200
2012-12-05,111.5802001953125,112.10064783310617,110.68913184869838,111.47768450025535,147300500
2012-12-06,111.95875549316406,112.00606674964328,111.31214826734083,111.47773766501811,103220600
2012-12-07,112.29776000976562,112.51855373852018,111.71422685099668,112.39238245570164,108726400
2012-12-10,112.34510803222656,112.61321307176897,112.09276538393271,112.14008865475762,98840700
2012-12-11,113.1099853515625,113.6383141425909,112.75513909279509,112.81033151722852,152570400
2012-12-12,113.16521453857422,113.98531623610741,113.00750637592908,113.55160976456212,145880100
2012-12-13,112.4713134765625,113.41757463001022,112.18743392729183,113.09426502593688,135715000
2012-12-14,112.05331420898438,112.43181603704006,111.87983169771799,112.22679672025076,137701700
2012-12-17,113.37026977539062,113.43335546016259,112.31359959591545,112.34514845448346,143238200
2012-12-18,114.63191986083984,114.73443557803489,113.38600495844588,113.55160634527165,177762800
2012-12-19,113.7802734375,114.79751324488468,113.74085542504476,114.7580832000691,150895400
2012-12-20,114.43478393554688,114.45055836135917,113.53583418202926,113.85126253646789,168487000
2012-12-21,113.3960189819336,114.42841044957866,112.72100264679071,112.90365270010027,245883800
2012-12-24,113.04662322998047,113.21338700859576,112.91955703447401,113.14985391084252,53874600
2012-12-26,112.57012939453125,113.33251443862048,112.25247602815192,113.27691843476954,106947700
2012-12-27,112.41922760009766,112.83218662571937,111.11682955101182,112.60187766005235,167920600
2012-12-28,111.2042236328125,112.3080856932526,111.07715741001459,111.68865300424028,148806700
2012-12-31,113.09425354003906,113.21337050740262,110.81504791700321,110.91035360859163,243935200
2013-01-02,115.99283599853516,116.0643061521426,114.93662151923948,115.23840054695054,192059000
2013-01-03,115.73076629638672,116.2390186944154,115.42105018067693,115.93725178532192,144761800
2013-01-04,116.23908996582031,116.42968927608095,115.68319045801901,115.9214365664197,116817700
2013-01-07,115.92140197753906,116.03258184592524,115.49255668683753,115.82610840969286,110002500
2013-01-08,115.58788299560547,115.87377586784997,115.1352142321771,115.7149491872028,121265100
2013-01-09,115.88169860839844,116.19936404804795,115.65933885949251,115.84198891373005,90745600
2013-01-10,116.80290985107422,116.81084694290472,115.92140794999008,116.52495410693966,130735400
2013-01-11,116.7950210571289,116.8585420534355,116.4297086810025,116.77118553638586,113917300
2013-01-14,116.71554565429688,116.79496503814146,116.28670036985075,116.65201257076053,89567200
2013-01-15,116.7950210571289,116.90620097721913,116.10410601584455,116.1755762249663,93172600
2013-01-16,116.77912139892578,116.96177150725705,116.42969537067388,116.55676158416567,104849500
2013-01-17,117.53355407714844,117.86709379000004,116.8585254397602,117.29530796291137,133833500
2013-01-18,117.79556274414062,117.92262888845825,117.08082477062489,117.50966997827322,169906000
2013-01-22,118.4308853149414,118.4308853149414,117.51761100447419,117.79556668976745,111797300
2013-01-23,118.62150573730469,118.72474852673052,118.21649590737753,118.43091857860875,104596100
2013-01-24,118.6532974243164,119.23302032141274,118.33563191257166,118.44681181225725,146426400
2013-01-25,119.32032012939453,119.32032012939453,118.6214684533039,119.02649027362665,147211600
2013-01-28,119.17743682861328,119.38391032366205,118.73270511068469,119.35213771353129,113357700
2013-01-29,119.64598083496094,119.79687044010174,118.85977231655903,118.93919172485431,105694400
2013-01-30,119.17743682861328,119.86833962770365,119.06624481085592,119.63009352252412,137447700
2013-01-31,118.88357543945312,119.4236006648168,118.80416816240144,119.03446501885912,108975800
2013-02-01,120.1065673828125,120.2495077534614,119.43153887421914,119.63801233772259,131173000
2013-02-04,118.75652313232422,120.13040369231554,118.66916663497042,119.3759678248236,159073600
2013-02-05,119.9556655883789,120.29714229529293,119.35210732656294,119.39976622962514,113912400
2013-02-06,120.04303741455078,120.12244469441201,119.44742828594713,119.53478477618361,138762800
2013-02-07,119.88420867919922,120.19392493604857,119.01064379182998,120.08274505199236,162490000
2013-02-08,120.55127716064453,120.62274734018595,120.09067136299304,120.09067136299304,103133700
2013-02-11,120.52743530273438,120.63066595146906,120.22565621175086,120.50361191320363,73775000
2013-02-12,120.72599792480469,120.94835768732487,120.40039537336504,120.53539864934528,65392700
2013-02-13,120.82927703857422,121.19458943357358,120.48780016554932,120.97222958190548,82322600
2013-02-14,120.94042205810547,121.0833745601772,120.32893870135848,120.4639419924987,80834300
2013-02-15,120.79749298095703,121.17867949266324,120.35277336434966,121.05161328286093,215226500
2013-02-19,121.70278930664062,121.72661270054748,120.83717368083109,121.003937438179,95105400
2013-02-20,120.18596649169922,121.65514038456854,120.12243340316294,121.61543068952118,160574800
2013-02-21,119.45535278320312,120.24949820427297,119.07416637404488,119.88419809649142,183257000
2013-02-22,120.62278747558594,120.62278747558592,119.5109883649049,120.03511530696797,106356600
2013-02-25,118.32769012451172,121.39309251445874,118.32769012451173,121.21044242601442,245824800
2013-02-26,119.1376953125,119.28063566681944,118.11324096908925,118.89944927093724,186596200
2013-02-27,120.63860321044922,120.97214274853789,118.93118371779495,119.03442647399896,150781900
2013-02-28,120.4004135131836,121.40103259528014,120.241586818554,120.63071040274151,126866000
2013-03-01,120.79749298095703,120.9801430839849,119.44744782548446,119.9874610405932,170634800
2013-03-04,121.44076538085938,121.44076538085938,120.32896618943013,120.51955341213095,99010200
2013-03-05,122.52873229980469,122.85433493861856,122.0125424520863,122.02842875872884,121431900
2013-03-06,122.69544982910156,123.02898940363971,122.42544333319387,122.96545632500924,94469900
2013-03-07,122.91783142089844,123.0766580868928,122.71135796687555,122.85429833096111,86101400
2013-03-08,123.44195556640625,123.60871930456851,122.82252316069646,123.45784186641575,123477800
2013-03-11,123.91055297851562,123.91849007316715,123.19582669342213,123.34671631571341,83746800
2013-03-12,123.63258361816406,123.96613544028719,123.25934632712233,123.8231829282772,105755800
2013-03-13,123.80725860595703,123.98197155715384,123.27518266102012,123.6960787386224,92550900
2013-03-14,124.46636962890625,124.52196560753494,123.81517688794577,124.13283011021522,126329900
2013-03-15,124.30210876464844,124.46961425384858,123.88731298158993,124.31806572558008,138601100
2013-03-18,123.61609649658203,124.15053901869909,123.00188134721417,123.11355572240886,126704300
2013-03-19,123.32893371582031,124.04683868423108,122.51529915911902,123.87933320501251,167567300
2013-03-20,124.19042205810547,124.39781384325812,123.8474143758831,124.05481833262947,113759300
2013-03-21,123.12953186035156,124.15055835590391,122.92214003742859,123.4485980758632,128605000
2013-03-22,124.11864471435547,124.11864471435547,123.42465689611721,123.52038648887803,111163600
2013-03-25,123.60018920898438,124.65312988819704,123.1215897679232,124.4457258426315,151322300
2013-03-26,124.58926391601562,124.62116566390593,123.97504876767997,124.11065249650322,86856600
2013-03-27,124.58926391601562,124.629150229574,123.64002564265888,123.8474174329308,99950600
2013-03-28,124.97220611572266,125.11579447957345,124.23834384381824,124.50955143246989,102932800
2013-04-01,124.47763061523438,125.16363405138114,124.17450913808176,124.90837129765303,99194100
2013-04-02,125.09181213378906,125.4029059235077,124.7328474619951,124.92429447551224,101504300
2013-04-03,123.82347106933594,125.25929295903859,123.49643255490861,125.16357555692252,154167400
2013-04-04,124.32598114013672,124.57325914906966,123.71176622751695,123.9829735810828,131885000
2013-04-05,123.76766204833984,123.91922274311489,122.65889064691574,122.80246677569556,159666000
2013-04-08,124.60516357421875,124.6131359646266,123.44054948048714,123.85534504187505,86571200
2013-04-09,125.0360107421875,125.49069298725378,124.42179535154662,124.83659126731958,101922200
2013-04-10,126.56753540039062,126.7270685264934,125.33911694064221,125.37101869722385,135711100
2013-04-11,126.98230743408203,127.39710322138014,126.46380965706064,126.59144100262853,110142500
2013-04-12,126.67121887207031,126.86265372673947,125.96925861402863,126.57548927314019,116359900
2013-04-15,123.73574829101562,126.13676571260274,123.71980350219314,126.03306372728397,217259000
2013-04-16,125.56241607666016,125.62623173617406,124.36589984685763,124.66900901505802,147507800
2013-04-17,123.72776794433594,124.69296315622002,123.0656941029201,124.66902163133602,226834800
2013-04-18,122.95408630371094,123.96714077069265,122.4834592053904,123.93522683463006,167583200
2013-04-19,124.02288818359375,124.07873144820786,122.93804635016053,123.2411676801409,149687600
2013-04-22,124.57328796386719,124.86842473033344,123.44058742674594,124.26219424009157,106553500
2013-04-23,125.85763549804688,125.97728233095799,124.5733734145321,125.19556128887089,166141300
2013-04-24,125.93733215332031,126.27235525485564,125.66611254309282,125.89744584255806,96781200
2013-04-25,126.44786071777344,127.04611893744473,126.11283757534886,126.3042724158231,131060600
2013-04-26,126.22450256347656,126.51166697441396,125.81767921455226,126.29629062331249,95918800
2013-04-29,127.070068359375,127.34924826968617,126.36810804253034,126.5675274805797,88572800
2013-04-30,127.37316131591797,127.40507523801274,126.51965255960526,127.04612272981403,116010700
2013-05-01,126.25637817382812,127.15775753270458,126.11280208387855,127.09394187997435,138874200
2013-05-02,127.4290542602539,127.5407286879216,126.45588617417845,126.57553299967964,96407600
2013-05-03,128.72120666503906,129.12802995579105,127.45290243625325,128.53774425893852,144202300
2013-05-06,129.04830932617188,129.23177180617628,128.76114484061864,128.81698812717477,66882100
2013-05-07,129.70240783691406,129.7422819873884,128.96056119550366,129.3274983183211,90359200
2013-05-08,130.2926483154297,130.3325346273156,129.4869983703454,129.55878642878395,97419200
2013-05-09,129.9257354736328,130.57982479699785,129.59868472615298,130.23682926056387,106738600
2013-05-10,130.34849548339844,130.46016985706163,129.6305783627688,130.0134723624088,103203000
2013-05-13,130.45217895507812,130.667555297965,129.87786232670194,130.18097151386846,81843200
2013-05-14,131.80020141601562,131.8959309574713,130.55582692138577,130.55582692138577,119000900
2013-05-15,132.51019287109375,132.77342792747586,131.54500983595298,131.58489614842185,120718500
2013-05-16,131.88803100585938,132.70166568646937,131.6886115763096,132.23901114932235,109913600
2013-05-17,133.16432189941406,133.2440823692801,132.19912649274443,132.37461656668438,129801000
2013-05-20,133.1563262939453,133.67482407727505,132.90107577129908,133.03667951326665,85071200
2013-05-21,133.3477783203125,133.850319161218,132.81333572722684,133.27599024921045,95804200
2013-05-22,132.35865783691406,134.86337755487074,131.7524271533222,133.48338633989536,244031800
2013-05-23,131.9757537841797,132.34269082817005,130.7712650146091,130.94675505674442,211064400
2013-05-24,131.8640594482422,131.91990271301097,130.80314696196436,131.1940133005695,151573900
2013-05-28,132.65377807617188,133.83433743391012,132.2629116976183,133.2440516692443,143679800
2013-05-29,131.79232788085938,132.2549824682283,131.09036751773445,131.95186100749757,160363400
2013-05-30,132.27886962890625,132.88510018537005,131.7922858363519,131.89598781280245,107793800
2013-05-31,130.38040161132812,132.66176003988997,130.1251511079196,131.9119411465621,176850100
2013-06-03,131.09837341308594,131.1861184727512,129.75029575622867,130.68357747906848,168390700
2013-06-04,130.46815490722656,131.6965853082807,129.80608099500037,131.17011513640037,157631500
2013-06-05,128.64149475097656,130.35649705284266,128.52982035231918,130.09326193352243,211737800
2013-06-06,129.8061065673828,129.81409113530236,127.82786900732916,128.58566049224189,200225500
2013-06-07,131.45726013183594,131.5769068933845,130.1331125032635,130.69946890831088,188337800
2013-06-10,131.45726013183594,131.93585934962337,131.11425246274135,131.86407129269423,105667100
2013-06-11,130.1012725830078,131.24991855450344,129.81410804723413,130.26080573141562,159505400
2013-06-12,129.02435302734375,131.13022142451206,128.90470625484332,130.99461769181343,177361500
2013-06-13,130.98663330078125,131.21795443029413,128.66538875411464,128.9525531534094,163587800
2013-06-14,130.1649932861328,131.3535370030047,129.94962915002972,130.84302394996004,141197500
2013-06-17,131.17005920410156,131.79224653407292,130.1968919092049,131.05040030428256,136295600
2013-06-18,132.2070770263672,132.40649640709088,131.233909474708,131.24188186816346,114695600
2013-06-19,130.38040161132812,132.32673690764452,130.32457050841768,132.0954157585682,206149500
2013-06-20,127.14977264404297,130.39632550319848,126.81474959675859,129.1120644028128,321255900
2013-06-21,127.5579605102539,128.11126002455816,126.27491841576008,128.01503615006982,271956800
2013-06-24,125.9461898803711,127.04478702698131,124.87966329334016,126.22685927969553,222329000
2013-06-25,127.15702056884766,128.3839240011694,126.23483017307832,127.0848404217721,162262200
2013-06-26,128.41603088378906,128.70471484578036,127.70234167719953,128.19951485329543,134848000
2013-06-27,129.1697540283203,129.76316305765383,129.06550335446582,129.18579541721974,129483700
2013-06-28,128.6405029296875,129.4263597100049,128.19144191236327,128.8089069291816,160402900
2013-07-01,129.3943634033203,130.29248595324057,129.16983276584025,129.3141686459337,131954800
2013-07-02,129.27407836914062,130.1481449043319,128.70472498071237,129.20189819595848,154863700
2013-07-03,129.3301544189453,129.72308898353296,128.48014419465062,128.68863334378054,75216400
2013-07-05,130.72552490234375,130.7736368648911,129.3462582079736,130.28447818565516,122416900
2013-07-08,131.4712371826172,131.824074428191,130.77358950632242,131.39906926493117,108092500
2013-07-09,132.41749572753906,132.57787297126393,131.72786256712266,132.29720361774588,119298000
2013-07-10,132.46556091308594,132.9146219313845,132.01649989478736,132.28914233646935,121410100
2013-07-11,134.2698974609375,134.4062187484436,132.45759887597197,134.0052694666018,135592200
2013-07-12,134.3259735107422,134.66276931258315,134.0212604915507,134.2297496347866,104212700
2013-07-15,134.83921813964844,135.0316781707049,134.46232489299567,134.69488229335548,69450600
2013-07-16,134.33404541015625,135.00763723991193,133.97319351821577,134.92744249236935,88702100
2013-07-17,134.6788330078125,135.10383817832923,134.50241438201328,134.84723705462028,92873900
2013-07-18,135.4166259765625,135.73739278969157,134.87935533007442,134.96756467418456,103620100
2013-07-19,135.6571044921875,135.70521642198312,134.96747161446353,135.13587560474255,103831700
2013-07-22,135.9217529296875,136.1142129140156,135.52881838351618,135.84958502406303,79428600
2013-07-23,135.63307189941406,136.18638365939833,135.56090399228475,136.16232769035523,80829700
2013-07-24,135.1359100341797,136.21045086003053,134.86325530254797,136.15431210363658,112914000
2013-07-25,135.46473693847656,135.5850290810121,134.67086508335456,134.89539573288428,111088600
2013-07-26,135.60897827148438,135.64907562075325,134.33396332228833,134.8952895040734,107814600
2013-07-29,135.19200134277344,135.5688944386903,134.80709367060095,135.26416923705685,79695000
2013-07-30,135.19200134277344,135.74531300426818,134.87124698862874,135.60097721570136,85209600
2013-07-31,135.2882537841797,136.2024172635407,135.11183519728584,135.47268694829754,142388700
2013-08-01,136.8520050048828,136.97228488904958,136.24255429576996,136.31473446227045,110438400
2013-08-02,137.0845184326172,137.10055982545634,136.36281482282297,136.5472480144819,91116700
2013-08-05,136.88404846191406,137.09254986785828,136.60339137575545,136.77980999493994,54072700
2013-08-06,136.10617065429688,136.91609562326545,135.80145767535345,136.61938498493274,87495000
2013-08-07,135.6651611328125,135.8656357264496,135.1599734773258,135.6731879475968,84854700
2013-08-08,136.16233825683594,136.46705130036042,135.46467839245673,136.3066740822953,102181300
2013-08-09,135.76942443847656,136.40293106532772,135.29630729022017,135.98594044578007,91757700
2013-08-12,135.60897827148438,135.7693554325668,135.0235961273366,135.08774943896816,68593300
2013-08-13,136.00997924804688,136.2425243850498,135.04770367796957,135.84960202570028,80806000
2013-08-14,135.31231689453125,136.16232709298225,135.28023411195022,135.94581113654777,79829200
2013-08-15,133.41986083984375,134.26184437819077,133.18730344971087,134.24581521997368,152931800
2013-08-16,132.97877502441406,133.62029600773366,132.71414715994493,133.16320817747012,130868200
2013-08-19,132.12881469726562,133.28355045505293,132.12078788150345,132.8264624525956,96437600
2013-08-20,132.77830505371094,133.27547802080468,132.20093737244284,132.34527317476213,89294400
2013-08-21,131.96035766601562,133.13914892592916,131.66365926589955,132.40941867245988,159530500
2013-08-22,133.16329956054688,133.35575965841664,132.2250795259381,132.23309410818138,101471400
2013-08-23,133.6123046875,133.78070873180397,132.93069840340837,133.55617816339753,90888900
2013-08-26,133.1151123046875,134.15758249885124,133.02690300588912,133.74860655169667,89702100
2013-08-27,130.97406005859375,133.1151272025071,130.87783617131606,131.80001438705477,158619400
2013-08-28,131.43914794921875,131.90425041264112,130.7495149497989,130.91790673379876,108113000
2013-08-29,131.64767456054688,132.34532233623182,131.03020929282573,131.1505014087714,119200500
2013-08-30,131.2306365966797,131.93631093390402,130.84572888364622,131.92026954369558,134928900
2013-09-03,131.82408142089844,132.77834250313848,131.27076955062486,132.49767316036238,142375100
2013-09-04,132.91465759277344,133.1391881621649,131.6155861218658,131.85614584907213,97389400
2013-09-05,133.0830841064453,133.43590917791542,132.8986386364491,132.99487477957769,63090500
2013-09-06,133.14715576171875,133.90094193699662,131.89619667763807,133.52404884935768,159756500
2013-09-09,134.4221954345703,134.50237791073798,133.47594922222876,133.47594922222876,87559300
2013-09-10,135.4166259765625,135.44068195804684,134.9274672930431,135.232192706515,105847200
2013-09-11,135.8416290283203,135.8416290283203,134.99964521842784,135.23219044755947,94545900
2013-09-12,135.480712890625,135.96987133422925,135.29627971103557,135.7934527325361,83209000
2013-09-13,135.78550720214844,135.88975794779634,135.31238990975143,135.62512991069218,72727800
2013-09-16,136.5712890625,137.31706079806074,136.35477310882155,137.25290746971172,106299200
2013-09-17,137.1807403564453,137.212810902807,136.69158193145432,136.69158193145432,82523300
2013-09-18,138.7685089111328,139.145402106355,136.7878190506239,137.13262946038176,203460600
2013-09-19,138.53599548339844,139.20959959583092,138.39967419193033,139.1454462405516,146616900
2013-09-20,137.5674285888672,138.86477888413953,137.45461605430629,138.86477888413953,132867100
2013-09-23,136.93077087402344,137.510952869142,136.49564052550375,137.38203310016777,104616500
2013-09-24,136.60845947265625,137.4142664711598,136.3506076268674,136.90660412749807,106333100
2013-09-25,136.21363830566406,136.9710990110926,136.09277214868786,136.69712752485214,117306500
2013-09-26,136.73741149902344,137.12419547197402,136.22169543654238,136.43926680066994,77146900
2013-09-27,136.1089324951172,136.29426475652903,135.75437526761957,136.05252007454015,99141800
2013-09-30,135.3836669921875,135.81074383635507,134.69067228918382,134.9565901480199,143937000
2013-10-01,136.45542907714844,136.58436121863429,135.35147681783454,135.4884626072961,127160000
2013-10-02,136.3264617919922,136.45539390024055,135.23862940470838,135.65765260869426,113350000
2013-10-03,135.06936645507812,136.1330376052511,134.44083797384468,136.0121591769283,176698000
2013-10-04,136.0927276611328,136.2297133594736,134.99682977876896,135.17410828147763,96878000
2013-10-07,134.91627502441406,135.73820169806507,134.77123565028526,134.9082213799537,96295000
2013-10-08,133.34503173828125,135.0694594268244,133.24833876557807,134.89218077977017,178015000
2013-10-09,133.44166564941406,133.9251425500409,132.579446118386,133.60282461628967,168973000
2013-10-10,136.31834411621094,136.39086378217158,134.75507685099646,134.80342329497023,195955000
2013-10-11,137.1967315673828,137.24509032847007,135.9960866900252,136.1088992079442,105040000
2013-10-14,137.7446746826172,137.85748719055837,136.24587290817493,136.35063177113503,112106000
2013-10-15,136.7454376220703,137.91385524613497,136.56010546544613,137.39813928744803,155485000
2013-10-16,138.65524291992188,138.72776261284324,137.5029322957254,137.56739834353596,161676000
2013-10-17,139.5819091796875,139.66249480929125,138.06698787175057,138.09116110150356,129389000
2013-10-18,140.5247039794922,140.62139689984755,139.8155897751769,140.097627187068,138316000
2013-10-21,140.53273010253906,140.8147674591963,140.21846587728828,140.57302291000988,104104000
2013-10-22,141.34666442871094,141.76567538069563,140.55696440517178,140.943760770203,126663000
2013-10-23,140.66981506347656,140.92766705853418,140.17827201801288,140.86320098585824,105484000
2013-10-24,141.1371307373047,141.3144093107033,140.62141460441123,140.95179851807615,70350000
2013-10-25,141.78175354003906,141.82204635324476,141.15322500007932,141.42719645685352,93625000
2013-10-28,142.0073699951172,142.2007681094842,141.58029325124136,141.73339855482695,84979000
2013-10-29,142.7648468017578,142.82125920239216,142.12826458335297,142.3297163645197,87401000
2013-10-30,142.05569458007812,143.03877999272677,141.54804458843262,142.9340334555885,140002000
2013-10-31,141.65283203125,142.5392248053883,141.44332660083603,141.94292309409153,133795000
2013-11-01,141.9912872314453,142.3136051820868,141.19353370449136,141.83818190141602,142805000
2013-11-04,142.49082946777344,142.54722955461372,141.8058887140074,142.37801699845588,85677000
2013-11-05,142.03965759277344,142.4264416577483,141.47559493642595,141.93489870815043,85825000
2013-11-06,142.7648468017578,143.0307646283748,142.25718437861258,142.6520342961301,87348000
2013-11-07,140.9598388671875,143.14358165407327,140.82285312714544,143.03076914488324,157000000
2013-11-08,142.86154174804688,142.87766133354828,140.89538266431572,140.911489954176,136713000
2013-11-11,142.88575744628906,143.05497009504123,142.55537349977178,142.72458614852394,62614000
2013-11-12,142.5956573486328,142.91797533258756,142.1202217231816,142.5795377607422,83990000
2013-11-13,143.73989868164062,143.78017920692352,141.8945932257774,141.8945932257774,103844000
2013-11-14,144.4569854736328,144.57785157286403,143.6350591119533,143.86873766901223,103435000
2013-11-15,145.08555603027344,145.14195612779332,144.50537399374127,144.69070616507705,102818000
2013-11-18,144.57791137695312,145.44818453831022,144.25559344858715,145.32731838908316,104796000
2013-11-19,144.26368713378906,144.94056234860918,144.01388882562765,144.5054317949803,93891000
2013-11-20,143.81240844726562,144.98888004490718,143.41755850250001,144.55374957764127,124909000
2013-11-21,144.97274780273438,145.08556029673085,144.1266479499409,144.21528721634095,92841000
2013-11-22,145.69796752929688,145.71408711272045,144.8599336258643,145.02914621707342,81296000
2013-11-25,145.55296325683594,145.98809374906185,145.3434455087354,145.95586687008463,79486000
2013-11-26,145.5932159423828,146.02835864704645,145.37565688569114,145.62545511083798,86994000
2013-11-27,145.94778442382812,146.04448964110864,145.56905408655237,145.74633263998533,58800000
2013-11-29,145.85104370117188,146.45539885462975,145.68988478604385,146.10890780188637,55870900
2013-12-02,145.47235107421875,146.1975725274914,145.24672607561658,145.9236010714231,99726000
2013-12-03,144.8438262939453,145.35954234636517,144.376456700246,144.9969316103207,116563000
2013-12-04,144.82772827148438,145.43208368675005,143.7157226684324,144.32007808369804,123033000
2013-12-05,144.1911163330078,144.83576443588544,144.05413060918778,144.56984663236193,106934000
2013-12-06,145.80271911621094,145.9397048293897,145.1661247069014,145.58514778556753,127728000
2013-12-09,146.17343139648438,146.39100279849802,145.98004552415486,146.22984380634244,70124000
2013-12-10,145.64967346191406,146.14121642019498,145.56103416466198,145.835005703207,80976000
2013-12-11,144.0137939453125,145.73016638376757,143.83651546361122,145.70599316313886,130591000
2013-12-12,143.53846740722656,144.1267033308359,143.24031032623736,143.9494247299162,115565000
2013-12-13,143.5222930908203,143.96548942412403,143.2483216468288,143.83655734613754,107808000
2013-12-16,144.4167938232422,144.8922172073805,144.15892957009603,144.19922239660568,96195000
2013-12-17,143.9574432373047,144.56986454395278,143.63512529375197,144.5456913129684,89886000
2013-12-18,146.4151611328125,146.43933436439374,142.88573406989343,144.1750181715789,234906000
2013-12-19,146.24595642089844,146.4151690511183,145.61742777451133,145.99614585497946,136531200
2013-12-20,147.09658813476562,147.4449726957742,146.29451616009342,146.3917340085648,197087000
2013-12-23,147.8824920654297,147.97161256340974,147.509815337436,147.81767603395383,85598000
2013-12-24,148.20655822753906,148.2713742583008,147.88249043612421,147.89058780407177,45368800
2013-12-26,148.95999145507812,149.04101456111363,148.5224988247011,148.53869355599596,63365000
2013-12-27,148.95191955566406,149.21926865403114,148.79798304531232,149.15446499299165,61814000
2013-12-30,148.92764282226562,149.08967672981967,148.73319471576394,148.9681420273581,56857000
2013-12-31,149.63250732421875,149.63250732421875,149.01676112616758,149.1301984678259,86119900
2014-01-02,148.19847106933594,149.1301876680309,147.84198905678443,149.05726190190381,119636900
2014-01-03,148.17417907714844,148.74941371172457,147.96353621672114,148.44963797826006,81390600
2014-01-06,147.74473571777344,148.71695128800147,147.51788583013328,148.6602449972873,108028200
2014-01-07,148.65216064453125,148.90331503712193,148.2227652580258,148.33619022120848,86144200
2014-01-08,148.68460083007812,148.93575526656878,148.17418222534167,148.62788215737586,96582300
2014-01-09,148.7818145751953,149.17880818588506,148.10126469606624,149.16260108522135,90683400
2014-01-10,149.18690490722656,149.2517209472044,148.27139534083344,149.03296835757862,102026400
2014-01-13,147.20199584960938,149.2193414779922,146.9184271540029,148.8061530346556,149892000
2014-01-14,148.8061065673828,148.88712970151192,147.41259272464544,147.68805160085304,105016100
2014-01-15,149.608154296875,149.83500418177283,148.83848416151508,149.15445452707934,98525800
2014-01-16,149.41371154785156,149.6081596114106,148.9357072992932,149.30028660137344,72290600
2014-01-17,148.7818145751953,149.4380599845266,148.5225627765538,149.1545037160873,107848700
2014-01-21,149.21929931640625,149.697316042143,148.30380215799119,149.64059737408806,88621200
2014-01-22,149.31654357910156,149.53529617838467,149.00057309675756,149.4704801355454,61270900
2014-01-23,148.0931854248047,148.58739701633655,147.30732013571125,148.56309254153976,132496900
2014-01-24,144.93341064453125,147.17761752069785,144.88480171822454,147.12900859439114,208677100
2014-01-27,144.22044372558594,145.44382603640358,143.49938248828744,145.07113700523726,180843100
2014-01-28,145.0792694091797,145.26560777269015,144.3095867639093,144.32579386233442,110463200
2014-01-29,143.6857452392578,144.65796091368173,143.30495880939623,143.87208358927742,216597300
2014-01-30,145.20887756347656,145.67878448129093,144.423000244662,144.88480979510462,118938100
2014-01-31,144.3582305908203,145.25753315368803,143.3374056663746,143.41031908332138,194677900
2014-02-03,141.10935974121094,144.51212075925156,140.83390090180987,144.18805299082595,254837100
2014-02-04,142.0977783203125,142.4623576396503,141.06074665702639,141.7412963681093,165012400
2014-02-05,141.91954040527344,142.2355108038337,140.73668193369616,141.60357000671317,164230500
2014-02-06,143.7910919189453,143.7910919189453,141.96008512555076,142.25175112791763,132877600
2014-02-07,145.5735321044922,145.7274687008382,143.99367928325563,144.46358644384895,170787200
2014-02-10,145.8408203125,145.88944160455856,145.1926847671033,145.5896659342998,92218800
2014-02-11,147.4368438720703,147.80953284692933,145.86508959258737,145.96231979085803,117814100
2014-02-12,147.50985717773438,148.12559110781325,147.21819113456073,147.65568401812249,94717700
2014-02-13,148.27139282226562,148.42532936929877,146.50520212185364,146.51329949081497,100542200
2014-02-14,149.08966064453125,149.36511949389333,147.9959102523555,148.1336396770365,96498400
2014-02-18,149.26791381835938,149.4704592880835,148.78989711439067,149.2192925212143,80460900
2014-02-19,148.279541015625,149.8431866360367,148.1580062753079,148.8790678965545,126524300
2014-02-20,149.1544647216797,149.49473957228398,147.93919209992475,148.4820123874882,104998100
2014-02-21,148.98434448242188,149.79452635733034,148.91143108065475,149.43804435438753,118116400
2014-02-24,149.81069946289062,150.81531684788794,149.23546502277804,149.3002810415507,114063900
2014-02-25,149.75401306152344,150.3616494606869,149.2598016290414,149.93225406093626,117085000
2014-02-26,149.76219177246094,150.36982845150138,149.34089354685426,149.97283470406433,98677200
2014-02-27,150.54800415039062,150.58850335481804,149.3732305245271,149.54337416022142,93880800
2014-02-28,150.92880249023438,151.62555951927064,149.9241847012029,150.52371148178065,150842000
2014-03-03,149.8674774169922,150.24826398287271,148.8709569219249,149.60011584760392,167748500
2014-03-04,151.97390747070312,152.29797525415432,151.30145507576805,151.33385690915574,167545900
2014-03-05,152.11167907714844,152.3709432657178,151.8686219909639,152.1035817071545,88376900
2014-03-06,152.46006774902344,152.8084524944207,152.13599984100586,152.4843845864031,82516500
2014-03-07,152.5248260498047,153.09196321768718,151.85237365101298,153.09196321768718,114513500
2014-03-10,152.44384765625,152.50055396764373,151.56884961523474,152.28991109870154,74939200
2014-03-11,151.6903839111328,152.88946226306265,151.34201155864315,152.6707096449894,99009100
2014-03-12,151.7308807373047,151.78759941004608,150.612825645166,150.95311295682245,104824400
2014-03-13,150.02947998046875,152.30610152925843,149.60819428869675,152.18456682546682,155014300
2014-03-14,149.608154296875,150.53176093178521,149.4299133355422,149.7620907964253,153919600
2014-03-17,150.96115112304688,151.31763303362973,150.29679622379865,150.36161224048564,98359500
2014-03-18,152.03872680664062,152.24127226630128,151.1070102747654,151.26905653240894,101804600
2014-03-19,151.22862243652344,152.2656547322256,150.26450357667525,152.05499943433605,176267300
2014-03-20,152.11167907714844,152.2251040690483,150.6290444500593,150.89640600862262,117241000
2014-03-21,151.52169799804688,153.8165009257361,151.383360663797,152.750480207666,163128000
2014-03-24,150.8950958251953,152.2296704749576,150.23595402478614,152.0424972495155,121411000
2014-03-25,151.6111602783203,152.12383148499654,150.7648579281597,151.65998374239342,103852000
2014-03-26,150.52076721191406,152.44936904449938,150.4800768423198,152.2052392438912,119843000
2014-03-27,150.20338439941406,150.82183572631462,149.65002275580326,150.34172170607778,142383000
2014-03-28,150.94393920898438,151.70072800493435,150.54519341577802,150.6347072707036,101642000
2014-03-31,152.18077087402344,152.41676747967358,150.9682802632413,151.9040963308741,99745000
2014-04-01,153.18991088867188,153.2794247462945,152.17271360521457,152.6772394843825,89193000
2014-04-02,153.70249938964844,153.90593873660976,153.10031445254006,153.38513450506684,78774000
2014-04-03,153.49911499023438,153.97922904085934,153.02713404629642,153.9385386735108,77435000
2014-04-04,151.68435668945312,154.36975827941828,151.44023943150717,154.33721345067585,169381000
2014-04-07,150.00802612304688,151.5704387367231,149.69880677521468,151.3181759462738,140803000
2014-04-08,150.62652587890625,150.87064320776088,149.39774404454954,149.94296010724932,112660000
2014-04-09,152.2459259033203,152.29474937886064,150.59399875710085,151.03343487087818,100254000
2014-04-10,149.04786682128906,152.31103080501325,148.8606936056731,152.23779559035867,172959000
2014-04-11,147.7051239013672,149.25940375427803,147.54237487974848,148.21779511557287,167251000
2014-04-14,148.86886596679688,149.21877588897524,147.64822916800972,148.86072044128414,132382000
2014-04-15,149.89419555664062,149.9999880520286,147.70518492319698,149.17809708228373,157093000
2014-04-16,151.4646759033203,151.47280900759694,150.2603059549142,150.92759301418945,105197000
2014-04-17,151.67628479003906,152.0994422361472,151.00086446429438,151.26127286711665,105255000
2014-04-21,152.2052764892578,152.2541123948958,151.52986833993862,151.71702918552248,68329000
2014-04-22,152.89698791503906,153.31200001893885,152.2785363140775,152.3599046627253,85790000
2014-04-23,152.5388641357422,152.9213312123795,152.41680545892427,152.83996290015287,73869000
2014-04-24,152.84808349609375,153.30378574152382,152.11569424426264,153.2875071136285,88170000
2014-04-25,151.5949249267578,152.44123993546825,151.25314816372554,152.35172608679613,100380000
2014-04-28,152.0750274658203,152.7341691489963,150.51261433093316,152.21336477070057,135121000
2014-04-29,152.78302001953125,153.01900430736484,152.2378038082981,152.56330194674956,84098000
2014-04-30,153.2386932373047,153.3933091695997,152.3191431664696,152.5307280914862,101508000
2014-05-01,153.2549591064453,153.66997098203467,152.7666996153187,153.1654452803039,93019000
2014-05-02,153.03524780273438,153.91410747511827,152.80739667474097,153.2386871967967,98122000
2014-05-05,153.32821655273438,153.4340090217849,151.8634502837737,152.28660774301932,75883000
2014-05-06,151.99362182617188,153.0921993960499,151.96107699028053,152.9864069497339,85454000
2014-05-07,152.88876342773438,152.96199862283513,151.3670284556791,152.5062964084917,106500000
2014-05-08,152.7260284423828,153.84088485656233,152.23778130687074,152.75045259526684,93618000
2014-05-09,152.95387268066406,153.01896235694346,152.03432268704574,152.75043329566563,83679000
2014-05-12,154.44308471679688,154.51633235441358,152.98646374355135,153.637472455639,86940000
2014-05-13,154.58140563964844,154.95572719784522,154.4267897024539,154.64649532345615,66454000
2014-05-14,153.84901428222656,154.5163014935054,153.6292962471767,154.44305387051818,72367000
2014-05-15,152.4981689453125,153.57233493514147,151.74951344495696,153.53977767771636,154956000
2014-05-16,153.02713012695312,153.092232229652,151.9448309513776,152.5876940379748,97458000
2014-05-19,153.58859252929688,153.7106511855358,152.59580740204095,152.73414468476298,63839000
2014-05-20,152.62025451660156,153.5316591396947,152.2296543091269,153.51538050943756,111644000
2014-05-21,153.9059600830078,153.9791952780029,153.03523359710846,153.05964532877348,89093000
2014-05-22,154.28028869628906,154.59765363952744,153.68624917011562,153.94664512553845,61549000
2014-05-23,154.8987579345703,155.00453797481188,154.28029423644236,154.41863153287755,61092800
2014-05-27,155.85086059570312,155.89968406548113,155.38701279890086,155.47652663247905,72010000
2014-05-28,155.7370147705078,156.0950702881587,155.4766062424119,155.85094039730927,66723000
2014-05-29,156.54254150390625,156.56695323792064,155.69623908517897,156.09498476900586,64377000
2014-05-30,156.79483032226562,156.89248969144475,156.265892775121,156.3960969893883,76316000
2014-06-02,156.97384643554688,157.0470940612684,156.2170577777276,157.0145368016241,64656000
2014-06-03,156.89242553710938,156.97379382503644,156.44485649417774,156.5913268626178,65047000
2014-06-04,157.2098388671875,157.29935270335977,156.4611833359994,156.623932378961,55529000
2014-06-05,158.23513793945312,158.39788695045462,156.81106236352113,157.38883563207312,92103000
2014-06-06,158.9919891357422,159.03266708864416,158.5037295313433,158.57696474691588,78696000
2014-06-09,159.15469360351562,159.53716062250513,158.8210500478943,158.9675328549529,65119000
2014-06-10,159.17100524902344,159.2035500923687,158.61764357650085,158.959420307931,57129000
2014-06-11,158.6175994873047,158.7803484927067,158.2595442252483,158.60132086167852,68772000
2014-06-12,157.49468994140625,158.52003278652492,157.14478002356762,158.43051892571233,106350000
2014-06-13,157.9747772216797,158.12939316253255,157.2993568793498,157.8038826510117,82017000
2014-06-16,158.10498046875,158.43862411088267,157.59232155350134,157.77948235059347,87424000
2014-06-17,158.5443878173828,158.65831337976036,157.71435162465792,157.88524617670174,84834000
2014-06-18,159.7080841064453,159.7975979514545,158.19449426526288,158.54441653828323,105267000
2014-06-19,159.88710021972656,159.9847595816383,159.33375097570436,159.84640985367636,85929000
2014-06-20,160.2117462158203,160.34257435600642,160.01550400554117,160.2853323660032,100587000
2014-06-23,160.16262817382812,160.3016283415038,159.8682712080287,160.25257092661278,70611000
2014-06-24,159.1978302001953,160.66961543227083,159.0179446453607,159.87648707044283,96237000
2014-06-25,159.9173583984375,160.08088730400664,158.82987308554198,158.8625738760735,82782000
2014-06-26,159.8029022216797,159.95825906360886,158.73177343969272,159.9419024285487,84312000
2014-06-27,160.1135711669922,160.1626285820082,159.35314380488333,159.4267299274074,71445100
2014-06-30,160.03184509277344,160.39978828439496,159.87648825095488,160.01548845772493,70201200
2014-07-01,161.10304260253906,161.59364205163482,160.3671559053577,160.4243854377569,90470000
2014-07-02,161.26649475097656,161.47090901128735,161.04573633288945,161.1193224722518,52475000
2014-07-03,162.05958557128906,162.1331716936203,161.6016997304011,161.72434326761987,52938800
2014-07-07,161.4954071044922,161.87970683912883,161.25829209713004,161.74889121943968,61696000
2014-07-08,160.45704650878906,161.25834703686934,160.06456208664272,161.20110504663452,108143000
2014-07-09,161.176513671875,161.32369839207587,160.51421362210453,160.8576280006354,72992000
2014-07-10,160.5387725830078,160.9639577169381,159.49217261983762,159.62300073434784,99040000
2014-07-11,160.75953674316406,160.87400821945897,160.08087996353885,160.44065102516717,64243000
2014-07-14,161.56900024414062,161.78158653584572,161.43817215242046,161.57717232120305,58658000
2014-07-15,161.26649475097656,161.97786486084837,160.55513711756103,161.66715119270998,111307000
2014-07-16,161.86338806152344,162.10867518468064,161.4218462869287,161.98603162310204,79986400
2014-07-17,160.0236358642578,161.97783533758397,159.794680456101,161.3645926684257,145398000
2014-07-18,161.65896606445312,161.82249496421016,160.45700931273308,160.54695207906775,124330000
2014-07-21,161.35641479492188,161.48724289744106,160.61234399785548,161.15200056340612,67592000
2014-07-22,162.05958557128906,162.35394253706752,161.78975731295435,161.90422877317633,67678000
2014-07-23,162.4193878173828,162.59110127896483,161.97785852203103,162.30491633514671,65612000
2014-07-24,162.4276123046875,162.76285478099638,162.26408334536555,162.57479710159913,56888000
2014-07-25,161.6671142578125,162.1086434695701,161.3482285836394,161.96964330148987,76837000
2014-07-28,161.73255920410156,161.96967424755277,160.76771744376416,161.69984593685984,69259000
2014-07-29,161.03749084472656,162.26397594251802,161.01296214088686,162.03503305571306,80466000
2014-07-30,161.06204223632812,161.8224695918301,160.39157010951192,161.60987082666983,104222000
2014-07-31,157.88143920898438,160.08093926066863,157.7833243290894,159.94193902199746,183479000
2014-08-01,157.39895629882812,158.4291995212605,156.63854135579683,157.4480137175457,189261000
2014-08-04,158.53546142578125,158.87070367635314,157.03097605073611,157.70144807542846,91340000
2014-08-05,156.99832153320312,158.2984056904794,156.42596410860835,157.8895771762751,152690000
2014-08-06,157.04736328125,157.71783543659228,156.23787847671767,156.26240718505616,94818000
2014-08-07,156.19700622558594,157.9140908118847,155.8045343828295,157.75873399508706,135733000
2014-08-08,158.00404357910156,158.11033050538586,156.13160205745635,156.54861511346368,117014000
2014-08-11,158.46194458007812,159.16513016785112,158.3883584372367,158.60094478648642,74544000
2014-08-12,158.24111938476562,158.74806260791277,157.7587048674835,158.30653342588988,73632000
2014-08-13,159.312255859375,159.4921413624585,158.59272632349422,158.86254210166624,69047000
2014-08-14,160.0645751953125,160.0645751953125,159.4268035526664,159.5739883421397,57371000
2014-08-15,160.03184509277344,160.7922601903608,158.87894561276332,160.64508790429497,139951000
2014-08-18,161.3727569580078,161.44634308040656,160.824928363839,160.91487111669977,75424000
2014-08-19,162.21493530273438,162.33757883461035,161.43816382246317,161.76522155843435,59135000
2014-08-20,162.6482391357422,162.84448119891013,161.96141062932753,161.99411140163113,72763000
2014-08-21,163.12258911132812,163.3351754627557,162.65651858231067,162.78734671078473,67791000
2014-08-22,162.86907958984375,163.27790803904705,162.5011364808516,162.9917231340231,76107000
2014-08-25,163.6949005126953,164.01378618832806,162.83635831631378,163.64584309743697,63855000
2014-08-26,163.80120849609375,164.20186486916006,163.76032315574753,163.80120849609375,47298000
2014-08-27,163.73580932617188,163.99746554700212,163.48233766002713,163.88298159304742,47874000
2014-08-28,163.6458740234375,163.75217342755485,163.03263126390982,163.19616017115933,58330000
2014-08-29,164.11187744140625,164.1282215919327,163.38416349655478,163.89927872005475,65907000
2014-09-02,164.03021240234375,164.3490982132514,163.41696949856296,164.32456949521688,72426000
2014-09-03,163.94021606445312,164.6842868723616,163.71127311993584,164.65975816233868,57462000
2014-09-04,163.70306396484375,164.82324972369543,163.2533502555213,164.2181792351114,85236000
2014-09-05,164.4390411376953,164.5044552113265,163.04902638329446,163.67044136810244,102177000
2014-09-08,164.0137939453125,164.52074970534989,163.53137937051844,164.28362221844833,64146000
2014-09-09,162.97540283203125,163.98111747085966,162.64016046026978,163.86664598738696,88591000
2014-09-10,163.58860778808594,163.69489469188173,162.52565141495654,163.06529544006267,67251000
2014-09-11,163.77674865722656,163.80127737645807,162.8119066204358,162.93456269305278,66774400
2014-09-12,162.82005310058594,163.62952559884081,162.35398259126396,163.61318144081503,117409300
2014-09-15,162.6973876953125,162.9754005596893,162.20680097717937,162.84457244427148,76401000
2014-09-16,163.9238739013672,164.21823092407925,162.30491651467878,162.39485928485348,116201000
2014-09-17,164.14463806152344,164.9050530611049,163.32698108487824,164.16099469446382,151266000
2014-09-18,165.01954650878906,165.0440752213831,164.43083245361942,164.64341878825334,94990000
2014-09-19,164.87083435058594,165.8566066529436,164.53402494905814,165.54445315364154,121649000
2014-09-22,163.59756469726562,164.60799305820626,163.25254496478962,164.58334968694203,125553000
2014-09-23,162.66107177734375,163.68792065044275,162.6117850369992,163.00609149453186,111393000
2014-09-24,163.93434143066406,164.04113770801106,162.25852984529376,162.68568988513317,107276000
2014-09-25,161.2891845703125,163.51539818553277,161.2316875581392,163.50717537324027,150300000
2014-09-26,162.57070922851562,162.9732385009077,161.35492366761738,161.58493681333388,103547000
2014-09-29,162.27496337890625,162.5624860556339,161.05096763659645,161.17418447817954,95112000
2014-09-30,161.84783935546875,162.8993317537754,161.5110298670857,162.39822892842787,131302000
2014-10-01,159.6544952392578,161.64247349502955,159.29304236824868,161.58496393156062,177798000
2014-10-02,159.67910766601562,160.2377074240187,158.01150613551536,159.5148018221079,157285000
2014-10-03,161.43707275390625,161.78209246427897,160.25414086989917,160.74702079838477,121569000
2014-10-06,161.2481231689453,162.3242712934313,160.6648800413629,162.11067871028055,104778000
2014-10-07,158.759033203125,160.7798771370357,158.72617955714793,160.4184243574114,147913000
2014-10-08,161.5355987548828,161.76561182752698,158.01967031901097,158.84935943570792,186461000
2014-10-09,158.33187866210938,161.50278833760757,158.2004390040593,161.280985481495,210705000
2014-10-10,156.52464294433594,159.07944378533804,156.48357901171443,158.2908307642907,221909000
2014-10-13,153.9534149169922,157.02573900368472,153.8630517065143,156.45892890317165,230939000
2014-10-14,154.19163513183594,155.93317946685488,153.6494558803269,154.78310112715903,215847000
2014-10-15,153.1483612060547,154.18343302008776,149.44349452737913,152.10509164732125,380715000
2014-10-16,153.0168914794922,154.09302692623075,150.2402885456298,150.37993846656482,270391000
2014-10-17,154.82415771484375,155.87564989713857,154.1258955077184,154.78308125534656,214625000
2014-10-20,156.32748413085938,156.450700988959,154.49558914337516,154.54487588661502,130011000
2014-10-21,159.4244384765625,159.5312222248781,157.2967983010323,157.4610915970967,154949000
2014-10-22,158.29078674316406,160.11447108248385,158.22506692055734,159.70373159227262,151822000
2014-10-23,160.13092041015625,161.17420241249158,159.58053089854948,159.8762638860313,154944000
2014-10-24,161.36309814453125,161.41239740891223,159.76943956987316,160.39375903618952,117927000
2014-10-27,161.14132690429688,161.3795503038094,160.2130516044126,160.78808440907653,82954000
2014-10-28,162.98965454101562,162.99786481865502,161.60956327632263,161.6835059141772,106736000
2014-10-29,162.74327087402344,163.57296048636442,161.66713495526258,163.10472378546856,142557000
2014-10-30,163.78646850585938,164.25470496481606,162.15993124479303,162.3078039661506,113330000
2014-10-31,165.65943908691406,165.79087872013602,164.92832336243012,165.75801254444386,146903000
2014-11-03,165.74984741210938,166.30844720328497,165.3719614973672,165.8730642675814,93600000
2014-11-04,165.17481994628906,165.61020289627302,164.34511797630753,165.30624708484441,93343000
2014-11-05,166.2180633544922,166.4234331112912,165.48694752167876,166.38235665297634,91709000
2014-11-06,166.8834686279297,166.9738318273301,165.64303974050227,166.25914904511157,107089000
2014-11-07,167.03952026367188,167.25311280471678,166.4398441629601,166.8998703517129,89540000
2014-11-10,167.56527709960938,167.6145638323363,166.86702749468742,167.07239723756584,66319000
2014-11-11,167.72955322265625,167.836349489152,167.2941704150901,167.63097976728974,54499400
2014-11-12,167.5488739013672,167.7788870344358,167.01490499370564,167.04777117544438,90120300
2014-11-13,167.73780822753906,168.26355431502145,166.93276227306376,167.71316485896764,85357900
2014-11-14,167.7788848876953,167.98425464921996,167.35171227398692,167.66387832263254,80417500
2014-11-17,167.88568115234375,168.05819728018307,167.29421519228953,167.45852104157512,80441000
2014-11-18,168.8550262451172,169.15896949150834,167.94318397116785,167.94318397116785,76068100
2014-11-19,168.58395385742188,168.85504348381534,167.82819453601152,168.6578839733172,82373000
2014-11-20,168.87969970703125,168.98649601685844,167.72962127710704,167.79534111894085,72840300
2014-11-21,169.78330993652344,170.73622878823045,169.20827702076141,170.5719354601238,142327300
2014-11-24,170.259765625,170.3665619265749,169.97225544081888,170.18583550919146,65880800
2014-11-25,170.1365203857422,170.69512010282136,169.88186389502815,170.48975034775842,79108300
2014-11-26,170.5718994140625,170.67047288313998,170.07079672162726,170.28437674955342,62167800
2014-11-28,170.21044921875,170.76083865403754,169.97222581995615,170.44868515231886,57890100
2014-12-01,169.02752685546875,169.66827951941994,168.71537333634876,169.55327295242296,103968400
2014-12-02,170.12013244628906,170.32550225585814,169.0439966497117,169.0686400240777,74507200
2014-12-03,170.77731323242188,170.99089331546094,170.1283501689099,170.29264350469208,68952000
2014-12-04,170.5883026123047,171.08940521693367,169.79967739354814,170.48971662572725,91316600
2014-12-05,170.86764526367188,171.25374142642474,170.49798219193158,170.76084897425383,91025500
2014-12-08,169.725830078125,170.96625924577924,169.16721766433233,170.47337921161022,108588200
2014-12-09,169.61077880859375,169.71757509518446,167.50779446658734,167.88566780644217,125180100
2014-12-10,166.89166259765625,169.20822666454072,166.70271341852614,169.15072965746432,159856400
2014-12-11,167.73780822753906,169.3807663177685,167.3435017956211,167.48315172911757,159012800
2014-12-12,165.02694702148438,167.43388746481128,164.9940933705714,166.46453554338706,202330200
2014-12-15,163.89328002929688,166.37415025907953,163.29360383518193,165.92233427661947,189965800
2014-12-16,162.5789337158203,166.26736689853817,162.53785725335305,163.12932321550753,259543800
2014-12-17,165.7662811279297,166.21809719181957,162.89110394743852,163.01433334746906,253910100
2014-12-18,169.86541748046875,174.9503742225222,167.5159871654493,168.18960592590847,257633900
2014-12-19,170.5881805419922,171.2572489465312,169.83650580930632,170.5138298050776,245084600
2014-12-22,171.37289428710938,171.37289428710938,170.53862581054813,170.77816400149624,148318900
2014-12-23,171.6041717529297,172.00065439682518,171.31506221019916,171.95109564183275,122167900
2014-12-24,171.6207733154297,172.09159430518343,171.5794701328993,171.82727662411997,42963400
2014-12-26,172.1741485595703,172.51281690827093,172.01720407583304,172.06676283828526,57326700
2014-12-29,172.40536499023438,172.6118681571349,171.92627613055078,171.9923586564333,79643900
2014-12-30,171.4803009033203,172.11632182757245,171.4059501555861,171.984169328845,73540800
2014-12-31,169.7786865234375,171.9676282785882,169.65478962957997,171.80242821879258,130333800
2015-01-02,169.6878204345703,170.88554919758974,168.6553043312476,170.47254275626065,121465900
2015-01-05,166.62335205078125,168.81228157325947,166.31773125812248,168.64708148544278,169632600
2015-01-06,165.05389404296875,167.4493262708284,164.2609161597577,166.92893414109756,209151400
2015-01-07,167.11065673828125,167.44932502984875,165.9294644192436,166.3755058100245,125346700
2015-01-08,170.07606506347656,170.2908365016817,168.49838987366132,168.51490105817123,147217800
2015-01-09,168.71316528320312,170.5056120873232,168.10191108942752,170.48908829723226,158567300
2015-01-12,167.39151000976562,169.0022452562674,166.78852411875266,168.84530078782205,144396100
2015-01-13,166.92071533203125,169.72915460451395,165.62386881945937,168.60577637472915,214553300
2015-01-14,165.9129638671875,166.111211515272,164.0213997320499,164.91348263853635,192991100
2015-01-15,164.3931427001953,166.86291398308043,164.277501361906,166.54903755284403,176613900
2015-01-16,166.5489959716797,166.70594044959492,164.00487456052744,164.18659841874955,211879600
2015-01-20,166.9041748046875,167.44934637710867,165.34301083199585,167.18501618298058,130991100
2015-01-21,167.7467041015625,168.2257931041972,165.9790369696136,166.441602184859,122942700
2015-01-22,170.2412567138672,170.37340919341256,167.12718468012818,168.49836906255456,174356000
2015-01-23,169.3079071044922,170.24130594621263,169.1757419827697,169.9852312963904,117516800
2015-01-26,169.704345703125,169.795207625169,168.3827326417059,169.09310423115286,92009700
2015-01-27,167.4658966064453,168.60578608771726,166.63988352531175,167.6558760859974,134044600
2015-01-28,165.31822204589844,168.74617055474414,165.12824260715124,168.64705303956416,168514300
2015-01-29,166.84640502929688,167.10246709579837,164.112290844623,165.5165233191782,173585400
2015-01-30,164.748291015625,166.99504739330268,164.48397340858196,165.67343415017112,197729700
2015-02-02,166.78855895996094,166.87942090257002,163.4349478846863,165.24391853956578,163107000
2015-02-03,169.2004852294922,169.20875342530874,167.30892116918625,167.68062446617702,124212900
2015-02-04,168.5561981201172,169.64654124823144,168.10188848340294,168.44055681294967,134306700
2015-02-05,170.2578125,170.40650140888124,169.1427024012078,169.21704055366874,97953200
2015-02-06,169.78697204589844,171.18293601095024,169.26657983067707,170.6212406255758,125672000
2015-02-09,169.02696228027344,169.8612304684016,168.6222115690686,169.1426035400531,87219000
2015-02-10,170.8277587890625,171.08382082082983,169.06834693936443,170.0595726937605,96164200
2015-02-11,170.9268341064453,171.35636432033186,170.0182275279404,170.6625165467923,91087800
2015-02-12,172.57058715820312,172.62841410225678,170.9598647703792,171.7197950096614,97545900
2015-02-13,173.281005859375,173.33056462266381,172.43846907159076,172.69454368851316,93670400
2015-02-17,173.55360412597656,173.72707241390395,172.71933547479566,172.9671293090362,76968200
2015-02-18,173.5701141357422,173.64445228011232,172.91755681349412,173.18188702097638,80652900
2015-02-19,173.4462432861328,173.8096911004554,172.8350016020092,172.97542232955007,91462500
2015-02-20,174.48695373535156,174.56129186467138,172.41365347753623,173.03316309644572,140896400
2015-02-23,174.4622039794922,174.4622039794922,173.85920543986055,174.2391769497112,74411100
2015-02-24,174.95779418945312,175.15604182724803,174.09047810454112,174.38784325925505,72472300
2015-02-25,174.8091278076172,175.3129962204007,174.47045946703403,174.83390718824936,73061700
2015-02-26,174.60260009765625,174.87518585036773,173.99960164289035,174.71824139238635,72697900
2015-02-27,174.00791931152344,174.7678498363769,173.95836054311377,174.5035195995795,108076000
2015-03-02,175.1064453125,175.16425965025124,174.05740560345816,174.10696435123188,87491400
2015-03-03,174.38787841796875,175.15607714083993,173.52883035557673,174.67698803921306,110325800
2015-03-04,173.65272521972656,173.86749668575007,172.6862914344985,173.79314592999464,114497200
2015-03-05,173.84274291992188,174.12358438184387,173.338874365786,173.9748954523809,76873000
2015-03-06,171.39768981933594,173.41316346565193,171.06728967572505,172.98363319579175,188128000
2015-03-09,172.10806274414062,172.46324227095045,171.43899425580943,171.5959387365701,89818900
2015-03-10,169.31619262695312,170.82779838845576,169.274889443619,170.74520462574947,157121300
2015-03-11,168.91964721679688,169.74566016162228,168.83704088073142,169.57219189746775,110145700
2015-03-12,171.0673065185547,171.13337647061587,169.497874171987,169.5474329380123,93993500
2015-03-13,170.0182647705078,171.75288458432593,168.98574847515465,170.7947190412468,162410900
2015-03-16,172.28977966308594,172.380641590183,170.0430234693745,170.74513950639326,136099200
2015-03-17,171.77764892578125,172.15760780310515,170.96814720565243,171.5546219127697,94510400
2015-03-18,173.84274291992188,174.51181159260238,170.67084266564368,171.30687635619972,228808500
2015-03-19,173.04974365234375,173.8509773639673,172.66151648881646,173.42971522233455,117917300
2015-03-20,174.5772247314453,175.08334236742368,173.81390205525543,173.9964371148031,177715100
2015-03-23,174.2370147705078,175.15798235498923,174.2370147705078,174.5854872808226,71784500
2015-03-24,173.2580108642578,174.56892610753695,173.1916333255744,174.11260110194763,77805300
2015-03-25,170.71908569335938,173.69771863356073,170.67761081709924,173.46540362154204,159521700
2015-03-26,170.31251525878906,171.22517762361446,169.35835270347835,170.0553102954272,153067200
2015-03-27,170.70249938964844,170.87672931710654,170.0055416991604,170.19638183333447,118939000
2015-03-30,172.7850341796875,173.08372670196508,171.71472669332005,171.73131157884472,96180400
2015-03-31,171.27499389648438,172.66060427186957,171.21692146997367,171.963646532205,126768700
2015-04-01,170.6693572998047,171.26674255705095,169.6820118701832,171.24185255968422,137303600
2015-04-02,171.2832794189453,171.73131187302016,170.4203842819018,170.6029193047295,86900900
2015-04-06,172.4365692138672,172.95097921240085,170.26275905467685,170.3955014457633,114368200
2015-04-07,171.98025512695312,173.20820786869345,171.94707268970402,172.46148275849654,81236300
2015-04-08,172.56106567382812,173.00080582211194,171.8143404643482,172.20430062002958,89351900
2015-04-09,173.3242950439453,173.5566099910623,171.9055153783535,172.39503525547744,85548900
2015-04-10,174.27020263671875,174.31169017357283,173.37413767380824,173.57325759435778,72722900
2015-04-13,173.48196411132812,174.75970915796123,173.4321841386416,174.1291290766868,74436600
2015-04-14,173.81385803222656,173.9963930455423,172.66057553548654,173.2828505371855,75099900
2015-04-15,174.5937957763672,175.09991337221425,174.195543250851,174.27851832960081,99529300
2015-04-16,174.5439910888672,175.05010861308017,174.0627635527124,174.26189611739576,68934900
2015-04-17,172.53616333007812,173.5981786303334,171.75624307452983,173.35757112990004,191113200
2015-04-20,174.11260986328125,174.44448491317723,173.3741771160743,173.45713954843745,92189500
2015-04-21,173.90516662597656,174.95058431814448,173.60647404818283,174.79293925483387,72559800
2015-04-22,174.75970458984375,174.94223959173425,173.3243145604123,174.24528201169025,78264600
2015-04-23,175.199462890625,175.84662790681259,174.24530025173053,174.36145775052785,102585900
2015-04-24,175.6060028076172,175.87151288886338,175.15797037078605,175.61430791029204,61327400
2015-04-27,174.87588500976562,176.29466502117256,174.68504488080637,176.17021507638887,79358100
2015-04-28,175.43177795410156,175.48155793071655,173.68111036857317,174.8509904598969,86863500
2015-04-29,174.7099609375,175.30733337852325,173.90515080555448,174.5440107847622,125684900
2015-04-30,172.95932006835938,174.52745303792176,172.26236223504856,174.13749290674085,161304900
2015-05-01,174.83444213867188,174.87592968427109,173.63967172265475,173.7392317039157,103399700
2015-05-04,175.33224487304688,175.91303245626554,175.14970982400388,175.25756223646033,70927200
2015-05-05,173.3242950439453,175.44833731220987,173.1832475874968,175.09155979042768,113326200
2015-05-06,172.6107940673828,174.1789266667018,171.54877900859634,173.8719416972736,135060200
2015-05-07,173.29945373535156,173.722608883763,172.17936621005825,172.5112411819484,88244900
2015-05-08,175.5811309814453,175.78026356297747,174.884185936411,174.96716101043745,155877300
2015-05-11,174.74317932128906,175.80519468415648,174.66850933332694,175.5396971735505,75708100
2015-05-12,174.22047424316406,174.75978706151977,173.09208127179795,173.91348916793956,119727600
2015-05-13,174.2536163330078,175.2492539083147,174.02130132077684,174.62697884122056,94667900
2015-05-14,176.07066345214844,176.1619309693813,174.99205079218353,175.26585334388207,95934000
2015-05-15,176.26150512695312,176.40255263581574,175.78027751189376,176.26150512695312,76510100
2015-05-18,176.80908203125,177.05798191288406,176.02916197488247,176.09553949672417,74549700
2015-05-19,176.7510528564453,177.19909810553395,176.46895779455798,176.92529548891795,72114600
2015-05-20,176.62661743164062,177.37334269469508,176.31132724224202,176.85062741442326,76857500
2015-05-21,177.1409912109375,177.34841625919387,176.319583462163,176.48553362894427,64764600
2015-05-22,176.71783447265625,177.17415941398292,176.65145694332057,176.75930935079924,57433500
2015-05-26,174.8177947998047,176.65143744720314,174.40294478240588,176.228282326917,124308600
2015-05-27,176.47720336914062,176.7095183772556,174.8675831984737,175.27414079278412,93214000
2015-05-28,176.27809143066406,176.3859438363147,175.58943881822523,176.17022636479442,74974600
2015-05-29,175.18292236328125,176.25323018911732,174.91742484828134,176.21175530193312,124919600
2015-06-01,175.5396728515625,176.17853287368334,174.75144755376922,175.84665786635355,93338800
2015-06-02,175.3654022216797,176.05405477905722,174.46103221002957,175.08330724450371,91531000
2015-06-03,175.82998657226562,176.45226144518284,175.34046671068893,175.89636407793589,87820900
2015-06-04,174.34487915039062,175.78025672160754,174.02958907362384,175.12479923909686,151882800
2015-06-05,174.046142578125,174.71819743677787,173.39067260126015,174.19548247550782,121704700
2015-06-08,172.9758758544922,174.08768362665737,172.90120588284333,173.93833102314068,89063300
2015-06-09,172.95098876953125,173.49030144767775,172.32042123131572,172.95098876953125,105034700
2015-06-10,175.02525329589844,175.40692095542522,173.65625304064022,173.71432547087372,134551300
2015-06-11,175.58944702148438,175.971102001252,175.23266937321156,175.46498440269264,73876400
2015-06-12,174.24530029296875,175.4649603607381,173.97149776140645,174.76801536778927,135382400
2015-06-15,173.49862670898438,173.78072176679095,172.4034162583637,173.1086665631017,124384200
2015-06-16,174.44448852539062,174.5274636196936,173.17504807593085,173.34927804965645,85308200
2015-06-17,174.7265167236328,175.33220682776502,173.7059892874054,174.7265167236328,126708600
2015-06-18,176.54360961914062,177.00823971096892,174.75975923225266,175.32394929798113,165867900
2015-06-19,175.75985717773438,176.37682630299184,175.38467857961558,176.30179312772805,130478700
2015-06-22,176.66033935546875,177.24395207329624,176.4519053332587,176.67701763935042,70696000
2015-06-23,176.78536987304688,177.11887189486686,176.39352567033555,176.8687485589522,68476800
2015-06-24,175.50137329101562,176.89371045036663,175.47636223655647,176.51853191168127,92307300
2015-06-25,174.96783447265625,176.12672698393885,174.89280128717357,176.00167167480106,97107400
2015-06-26,174.93446350097656,175.56809817200963,174.384194782506,175.3263076494394,104174800
2015-06-29,171.2660675048828,174.94284674557986,171.19103430939182,173.45879751078752,202621300
2015-06-30,171.62454223632812,172.8501350423014,171.14930666095873,172.80010020136746,182925100
2015-07-01,173.00021362304688,173.44209266901464,172.21649977644702,173.19196933387408,135979900
2015-07-02,172.84178161621094,173.64217365104963,172.4249136801449,173.47542902098317,104373700
2015-07-06,172.3498992919922,173.1252676311306,171.35775146051736,171.55785267148914,117975400
2015-07-07,173.4337615966797,173.55881690458054,170.17385087151584,172.55000349604325,173820200
2015-07-08,170.5240478515625,172.38327583973646,170.29060275537043,172.09980861176086,164020100
2015-07-09,170.8324432373047,172.87510592034906,170.7240662449723,172.61663716190128,144113100
2015-07-10,172.9835205078125,173.40038845669895,170.87416970419113,172.82510865174763,129456900
2015-07-13,174.8927459716797,175.00112296472085,174.20074379578168,174.24243312624253,106069400
2015-07-14,175.65150451660156,175.9599955052407,174.79275740475703,174.85112503459231,81709600
2015-07-15,175.59317016601562,176.15177185705397,175.1179344564702,175.69321443252878,97914100
2015-07-16,177.00213623046875,177.00213623046875,176.4018453575481,176.6436231738465,106683300
2015-07-17,177.1522216796875,177.21058930613975,176.5852873062746,176.99380980423336,89030000
2015-07-20,177.2439422607422,177.73584347269255,176.92713121534828,177.37734308080402,70446800
2015-07-21,176.54360961914062,177.36901289331283,176.2434641305146,177.11054402998832,77965000
2015-07-22,176.22674560546875,176.56024758434305,175.82655595261932,175.85989978960689,88667900
2015-07-23,175.23464965820312,176.4602427588005,174.87614923703148,176.36019849648346,90509100
2015-07-24,173.41709899902344,175.39304937337204,173.08360966659248,175.33469446500777,117755000
2015-07-27,172.4082489013672,173.04189635575844,171.96636987227896,172.53331692506057,132361100
2015-07-28,174.52597045898438,174.66770406215596,172.41661925106152,173.24200980610797,123544800
2015-07-29,175.7265167236328,175.95161625375798,174.5092567292299,174.65099030361242,105791300
2015-07-30,175.76820373535156,175.9349483664293,174.60096587420767,175.21793500317514,91304400
2015-07-31,175.50137329101562,176.29341969975093,175.21790619261316,176.26840864529174,103266900
2015-08-03,174.9094696044922,175.52643882350162,173.9590110746571,175.4680839189179,113965700
2015-08-04,174.5676727294922,175.29301908230389,174.0841042536832,174.83446167232952,81820800
2015-08-05,175.14291381835938,176.1767382349005,174.85943393213935,175.4597248225571,85786800
2015-08-06,173.70892333984375,175.43475046954953,173.12529788629934,175.32636070443925,116030800
2015-08-07,173.3754119873047,173.70056854343548,172.47497551144963,173.55050215836098,117858000
2015-08-10,175.55982971191406,175.64319569501873,174.48430293888842,174.48430293888842,80270700
2015-08-11,173.9757080078125,174.64269942277045,173.2170051142753,174.22583137864711,126081400
2015-08-12,174.18409729003906,174.36752020008473,171.21599961373644,172.6750373934088,172123700
2015-08-13,173.96734619140625,174.7093706772288,173.42541019141387,174.02570109250638,89383300
2015-08-14,174.60096740722656,174.67600058360037,173.6338307279643,173.7755643017148,72786500
2015-08-17,175.57644653320312,175.57644653320312,173.5504743287551,174.00903163484438,79072600
2015-08-18,175.06788635253906,175.65149902362893,174.83444128410312,175.301331420975,71692700
2015-08-19,173.6838836669922,175.09288677233275,172.87515875699717,174.3258512052676,172946000
2015-08-20,170.05711364746094,173.65884614356457,169.998746027617,172.17479724965054,194327900
2015-08-21,164.93798828125,170.0321155609395,164.67953216633668,168.18955347177467,346588500
2015-08-24,157.99298095703125,164.64619105211446,152.07344993271698,156.31717608187415,507244300
2015-08-25,156.1337127685547,162.95366576557146,155.84190013873254,162.93698748683326,369833100
2015-08-26,162.1282958984375,162.4034175624489,157.0508343737949,160.1440002975013,339257000
2015-08-27,166.1385955810547,166.26365090686062,162.75362906333933,164.26268936314614,274143900
2015-08-28,166.1468963623047,166.61378645112822,165.01301498010434,165.49658334975751,160414400
2015-08-31,164.80458068847656,166.02184075075263,164.25431191833255,165.17142653523922,163298800
2015-09-01,159.88551330566406,162.3867206333518,159.01842097452524,161.01104897004456,256000400
2015-09-02,162.9203643798828,162.96205372669115,160.42748901365306,162.26170577699753,160269300
2015-09-03,163.03707885742188,165.12141887676555,162.54517766608922,163.62902429870644,152087800
2015-09-04,160.56915283203125,161.628000716136,159.7520954212513,160.78593225250134,207081000
2015-09-08,164.60447692871094,164.75455600996594,162.7202383253575,163.36221854722507,116025700
2015-09-09,162.40342712402344,166.3053181540487,162.03659397647715,166.18026284486263,149347700
2015-09-10,163.28713989257812,164.42935371632498,161.95315770053443,162.2116137288161,158611100
2015-09-11,164.02920532226562,164.09590572079074,162.18664338818505,162.89532399093918,119691200
2015-09-14,163.42056274414062,164.25429861131062,162.93699441456607,164.20427649476838,79452000
2015-09-15,165.46328735351562,165.9051665097642,163.3789469101527,163.92087033670526,113806200
2015-09-16,166.89723205566406,167.08900045592938,165.4215287987995,165.76336354174293,99581600
2015-09-17,166.5220489501953,169.15665715006932,166.14687038190033,166.7638394581135,276046600
2015-09-18,163.80084228515625,166.50780585133356,163.39019601063427,164.0187487536993,223657500
2015-09-21,164.6473388671875,165.66977312973452,163.5997507243054,164.63057387627785,105726200
2015-09-22,162.5102996826172,162.97124114556132,161.37889907247654,162.48515858354247,153890900
2015-09-23,162.25042724609375,163.14715588396928,161.67215665007348,162.67783852718148,92790600
2015-09-24,161.6637725830078,162.12471385357648,159.70269094597663,161.03521979257943,159378800
2015-09-25,161.62188720703125,163.42373351263564,160.7502868003842,163.12202764694086,155054800
2015-09-28,157.56564331054688,160.8341262073183,157.25556129169289,160.7251729410433,178515900
2015-09-29,157.65777587890625,159.0154584188091,156.6604702066107,157.78349409278962,159045600
2015-09-30,160.59945678710938,160.76706833242253,158.76408031426854,159.54347975454826,163452000
2015-10-01,161.01849365234375,161.32019955209685,159.08255279057036,160.97658756861168,131079000
2015-10-02,163.42367553710938,163.44881661800335,158.495819074928,159.0405723328129,211003300
2015-10-05,166.33184814453125,166.5581307533342,164.5383778401069,164.647331093964,126320800
2015-10-06,165.7619171142578,166.7592228059203,165.09984721152352,166.19771724589557,110274500
2015-10-07,167.1195831298828,167.47157108244505,165.5021009798434,166.6921591398214,124307300
2015-10-08,168.62820434570312,168.91314530305888,166.43245050481033,166.73415645611158,153055200
2015-10-09,168.72874450683594,169.20643806817367,168.1001915975367,168.77065059171088,107069200
2015-10-12,168.8879852294922,169.08911398246477,168.37676166911677,168.80417305712558,56395600
2015-10-13,167.8236083984375,169.4243260345395,167.6559968652406,168.1588314648313,88038700
2015-10-14,167.01904296875,168.34319572404036,166.72572600400844,167.76492510688843,99106200
2015-10-15,169.58352661132812,169.59190271048726,167.3123505213068,167.68110349131211,134142200
2015-10-16,170.35458374023438,170.37133594189658,169.22318351896553,169.9858306966226,114580100
2015-10-19,170.4383544921875,170.4383544921875,169.39915549426513,169.70923741616932,76523900
2015-10-20,170.220458984375,170.83224672217682,169.7511416628866,170.00256531023766,78448500
2015-10-21,169.16453552246094,170.79038155042025,168.9969111921257,170.63953499864772,102038000
2015-10-22,172.02230834960938,172.23182592847675,169.16449829269143,170.111509053374,174911700
2015-10-23,173.90798950195312,174.27674253547696,172.89393144770239,173.6900957948435,144442300
2015-10-26,173.48057556152344,173.7906575223188,173.1118225335832,173.7319992431136,69033000
2015-10-27,173.1453094482422,173.48053241502902,172.4664618404037,172.8100736935189,77905800
2015-10-28,175.11480712890625,175.1399482178146,172.81850242234762,173.4805724101665,135906700
2015-10-29,175.0142822265625,175.38303533093182,174.49468255473792,174.6120119254061,90525500
2015-10-30,174.25997924804688,175.5254737879926,174.10075660741566,175.20700293085025,131076900
2015-11-02,176.3216094970703,176.51436208500124,174.46109241234478,174.58681062981634,86270800
2015-11-03,176.83285522460938,177.3859847602942,175.74336114194094,175.9696437316192,95246100
2015-11-04,176.2965545654297,177.25195466059316,175.7601898240738,177.12624916962855,96224500
2015-11-05,176.1204833984375,176.81608334110962,175.23213085100582,176.35514207934628,78408700
2015-11-06,176.02833557128906,176.26300709402958,174.70419533404373,175.77692463253484,110471500
2015-11-09,174.3856964111328,175.56737878519792,173.43867273416632,175.4165194582403,131008700
2015-11-10,174.78802490234375,174.82155489192934,173.63987212394824,173.9080481009122,75874600
2015-11-11,174.10073852539062,175.10642038441057,174.03369136306415,175.05613820965038,67846000
2015-11-12,171.6703643798828,173.53088198042622,171.65361217659247,173.06156452946777,121315200
2015-11-13,169.7427978515625,171.5278921550629,169.65899847215078,171.2597162378276,153577100
2015-11-16,172.32400512695312,172.38267618416583,169.44104134703582,169.55838346146123,117645200
2015-11-17,172.1983184814453,173.51408230141928,171.70386003645876,172.63411865075938,121123700
2015-11-18,174.930419921875,175.07289034629054,172.6341153557277,172.67600864272038,121342500
2015-11-19,174.7795867919922,175.19862199754098,174.48625703293217,174.81310398174264,88220500
2015-11-20,175.41650390625,176.09533884752574,175.03937480420112,175.5338332443972,94011500
2015-11-23,175.2153778076172,175.9780121229308,174.75443654807228,175.47517757537733,64931200
2015-11-24,175.45004272460938,175.85231293454058,173.82418410838238,174.2096893297508,98874400
2015-11-25,175.4249267578125,175.77691484040187,175.16511415567015,175.5757733126617,51980100
2015-11-27,175.62606811523438,175.8272096574253,175.0394212687719,175.51711484805486,37317800
2015-11-30,174.89688110351562,175.90256283779144,174.78792787975726,175.78523351525823,112822700
2015-12-01,176.56471252441406,176.68205468793226,175.2489482974578,175.52551313730174,97858400
2015-12-02,174.76284790039062,176.83288314795413,174.51142418192845,176.51441225203928,108441300
2015-12-03,172.315673828125,175.28243773375337,171.59493269576072,175.0142618268885,166224200
2015-12-04,175.6763153076172,175.9696450663858,172.31565756611263,172.31565756611263,192913900
2015-12-07,174.61199951171875,175.76852814381505,173.6482107323735,175.34949288008445,102027100
2015-12-08,173.43869018554688,174.56170160436466,172.45814921945004,173.05318491064102,103372400
2015-12-09,172.08938598632812,174.88853826661926,171.11722117910855,172.8017509958119,162401500
2015-12-10,172.53353881835938,173.84092651795578,171.92175104363824,172.1564097185433,116128900
2015-12-11,169.1896514892578,171.08368593413098,168.8795567545404,170.42161596421371,211173300
2015-12-14,170.04449462890625,170.17021287319162,167.57218927991457,169.34890738654443,182385200
2015-12-15,171.82960510253906,172.7347228377243,170.01936963216863,171.55304028445954,154069600
2015-12-16,174.34381103515625,174.64551693695873,171.63684680850224,172.9526108886259,197017000
2015-12-17,171.68707275390625,174.7208829813868,171.67030776820306,174.65383582651123,173092500
2015-12-18,168.62850952148438,171.08179917599455,168.46832640071943,170.94691963686665,251393500
2015-12-21,170.01953125,170.19657911718517,168.6874978631349,169.800340767622,99094300
2015-12-22,171.5623321533203,171.8574076490797,169.91837134677345,170.90474783070158,111026200
2015-12-23,173.68685913085938,173.7290146149224,172.47285322851093,172.56559014783053,110987200
2015-12-24,173.40025329589844,173.94824899884821,173.18106273314908,173.4339828372758,48539600
2015-12-28,173.0039825439453,173.0461251635995,171.93329500535015,172.7089070220809,65899900
2015-12-29,174.85031127929688,175.1791035487547,174.0662731229169,174.0999897995572,92640700
2015-12-30,173.61097717285156,174.6901035548786,173.46765881575018,174.60579258526704,63317700
2015-12-31,171.87423706054688,173.57721788903368,171.87423706054688,172.93649841504953,114877900
2016-01-04,169.47154235839844,169.47996830831684,167.42290449220576,169.02472259585497,222353500
2016-01-05,169.75820922851562,170.2134550219774,168.6538049825555,169.79192589823398,110845800
2016-01-06,167.6168212890625,168.6622051229766,166.58828935540473,167.21214413008352,152112600
2016-01-07,163.59542846679688,166.45339493899422,163.20761607684997,164.67454181615454,213436100
2016-01-08,161.79971313476562,165.11293824156806,161.51307646082637,164.55651679400643,209817200
2016-01-11,161.95989990234375,163.0558780579135,160.02930242058451,162.71864708325168,187941300
2016-01-12,163.26663208007812,164.0169532623226,161.14212210067134,163.4015244612569,172330500
2016-01-13,159.1946258544922,164.27826399602048,158.8152523697894,163.93260716736214,221168900
2016-01-14,161.80813598632812,162.92940481013775,158.20828713856892,159.80166644313084,240795600
2016-01-15,158.33477783203125,159.13568064709096,156.4041799782958,157.45800285707142,324846400
2016-01-19,158.54551696777344,160.27378878445893,156.9774282612069,160.14733520491595,195244400
2016-01-20,156.5137481689453,158.07341096946286,152.61039748829143,155.99105620650136,286547800
2016-01-21,157.39053344726562,159.22839410217688,155.66226160803873,156.98586912340346,195772900
2016-01-22,160.6194610595703,160.82178680616093,159.2368460469932,159.99559332480396,168319600
2016-01-25,158.19143676757812,160.3075081734972,157.997536987637,160.11360839355606,130371700
2016-01-26,160.34963989257812,160.62785059511515,158.51177950278483,158.84899758001725,141036800
2016-01-27,158.60450744628906,161.49619024417947,157.70242920136823,159.82693898727493,185681700
2016-01-28,159.4307403564453,160.3496707280536,157.7867794017223,160.14734498842466,143798800
2016-01-29,163.3171844482422,163.4520768054198,160.07984506023874,160.19787265675834,210529300
2016-02-01,163.25820922851562,164.04226001473677,161.73227600136582,162.31398819603547,136061600
2016-02-02,160.31594848632812,161.84188175187165,159.7932436610134,161.83345580102923,182564900
2016-02-03,161.2770233154297,161.68168761708515,157.7361817318406,161.3697602245639,205054900
2016-02-04,161.5299530029297,162.49946476772794,160.14733809741855,160.77963173464707,139531800
2016-02-05,158.45278930664062,161.5889669028916,157.82049564391338,161.01569349009503,180788300
2016-02-08,156.31982421875,156.9099622889876,154.1110162141271,156.61489968589137,191526700
2016-02-09,156.32827758789062,157.60130371702277,154.44826138293897,154.5831537838088,184513100
2016-02-10,156.19338989257812,158.7815717708362,156.06692344935064,157.1544756864922,148214100
2016-02-11,154.16162109375,155.20701788010714,152.66940449594475,153.72322723314252,219058900
2016-02-12,157.33995056152344,157.3568024628288,155.08898678876355,155.9320449597169,127632400
2016-02-16,159.99563598632812,160.02092671139553,158.18306541489093,159.14415155960603,120250700
2016-02-17,162.6090850830078,162.98003278427333,161.03255735262937,161.15902381299634,136009500
2016-02-18,161.94305419921875,162.93786961150857,161.63112676698148,162.87884935997835,102343000
2016-02-19,161.86712646484375,162.0188707211637,160.5603840690116,161.16738682237823,114793000
2016-02-22,164.2108154296875,164.354133727865,163.37618348425585,163.4436296594057,103640300
2016-02-23,162.13694763183594,163.82306391154782,162.01890714277164,163.55327913205167,111455300
2016-02-24,162.87884521484375,163.1570559705891,159.60778807514922,160.7121922829566,150812200
2016-02-25,164.85162353515625,164.8600623516191,162.5669426183358,163.32568998512167,110728300
2016-02-26,164.47222900390625,165.81268851853963,164.3120458800102,165.71996446159756,129833700
2016-02-29,163.1823272705078,165.43329090200194,162.9884275052904,164.48906992628648,125918100
2016-03-01,167.01821899414062,167.10252993879897,163.93262366187955,164.40473407826056,141799700
2016-03-02,167.7686004638672,167.81918190324672,166.29324844973772,166.7063516447515,102415000
2016-03-03,168.42617797851562,168.44304274563157,167.0182722294656,167.5915456709263,95172200
2016-03-04,168.9740753173828,169.74969984420932,167.7937994966323,168.61999257115767,129293600
2016-03-07,169.10902404785156,169.51370120479942,167.9793292621422,168.05520140505269,100219000
2016-03-08,167.26272583007812,168.54417777416353,167.10255559310772,168.03835062068885,123974900
2016-03-09,168.0889129638672,168.4345569770791,167.28799754972553,168.07204820145247,94801200
2016-03-10,168.2238311767578,169.51372208535355,166.40283520236756,168.57792694871588,156838700
2016-03-11,170.93849182128906,170.980647308,168.2069912334791,169.67390440425157,137964500
2016-03-14,170.71926879882812,171.17451452211145,170.1038399749677,170.43263212624063,73612000
2016-03-15,170.44105529785156,170.74455672977479,169.49683433811077,169.75818029203575,93169100
2016-03-16,171.42747497558594,171.83215222958782,169.9184062493571,169.96056173798843,129303200
2016-03-17,172.5149688720703,173.02079597186835,170.94688042101157,171.34311872441126,134278500
2016-03-18,173.19290161132812,173.53185895502068,172.70140441169823,173.01494060113356,138372400
2016-03-21,173.4386749267578,173.66747828660118,172.70143545996896,172.9302388198123,72926700
2016-03-22,173.3454132080078,173.91317382020262,172.5064893309166,172.66748565017772,97471900
2016-03-23,172.20144653320312,173.15053748796785,172.0319549223713,172.96410706036843,81052500
2016-03-24,172.125244140625,172.1591476495258,170.95583169154767,171.17615277780283,84360900
2016-03-28,172.22691345214844,172.75230138022638,171.77778901097253,172.54044974078877,62408200
2016-03-29,173.8199920654297,173.93015903226305,171.51504568353033,171.8201124967345,92922900
2016-03-30,174.5827178955078,175.30300577426357,174.21832632004393,174.81999071796844,86365300
2016-03-31,174.15895080566406,174.91314191454202,173.99794153572478,174.48943875381522,94584100
2016-04-01,175.34530639648438,175.5317368130374,172.85392985745173,173.16747897459658,114423500
2016-04-04,174.77760314941406,175.4724827357991,174.47253627033734,175.26910050628197,63497000
2016-04-05,173.0319061279297,174.78603056334993,172.7776816347166,173.43865755883377,99662200
2016-04-06,174.921630859375,174.98095551509184,172.8539571352317,173.03191817198646,91839800
2016-04-07,172.82850646972656,174.1928310839261,172.0997365590909,173.83692200157756,113859000
2016-04-08,173.29458618164062,174.4385898444838,172.76071608159464,174.0064043614394,95040600
2016-04-11,172.88784790039062,174.62503351153455,172.79463268426892,173.93015409491906,83757500
2016-04-12,174.4978790283203,174.77752461935836,172.61663627434967,173.05729110844524,115350600
2016-04-13,176.26051330566406,176.34525910921872,175.2775188781648,175.41310699169452,96336400
2016-04-14,176.2689971923828,176.76897678579215,175.92157040221767,176.3198524369293,65212900
2016-04-15,176.0740966796875,176.40458465081758,175.7520781174189,176.26899652666287,75761600
2016-04-18,177.3113250732422,177.3452156408778,175.4131300257505,176.07410600301003,82531000
2016-04-19,177.87057495117188,178.12479942403957,177.0570721544678,177.73499977198375,88316100
2016-04-20,178.0401153564453,178.73498198033556,177.43845103674758,177.91299661996968,81100300
2016-04-21,177.0824737548828,178.16715265097818,176.81129756566278,178.0569857078085,85695000
2016-04-22,177.0824737548828,177.35363701371045,176.18422525627813,176.7265647043258,99251700
2016-04-25,176.77745056152344,176.81982346782792,175.87071950211055,176.4808531477876,66166500
2016-04-26,177.0401153564453,177.54856428767246,176.56556991684315,177.14179997053336,75864200
2016-04-27,177.4045867919922,177.79438660874322,176.30295556437525,176.65886480460856,77329400
2016-04-28,175.79444885253906,177.75195549817673,175.37922800673414,176.65033756160483,97216200
2016-04-29,174.8453826904297,175.5233104687304,173.74375166699065,175.1758707044217,142424100
2016-05-02,176.23509216308594,176.41304024801133,174.91314038206343,175.34531294727643,62188000
2016-05-03,174.7012939453125,175.24363348503738,173.95557222929278,175.0063607445574,106422100
2016-05-04,173.72674560546875,174.43857666186707,173.22677903580248,173.70980679084445,92243800
2016-05-05,173.69285583496094,174.54873147151844,173.2691527203575,174.1928224068987,67619200
2016-05-06,174.3284149169922,174.37078781560305,172.76919051910093,172.92171743762816,89315000
2016-05-09,174.47250366210938,174.90467627236418,174.02337930329685,174.20134033716386,74374900
2016-05-10,176.64187622070312,176.65882797062716,175.1080725776919,175.1758666469914,77472200
2016-05-11,174.98944091796875,176.71814447543505,174.98944091796875,176.18428717716878,81727000
2016-05-12,175.04026794433594,175.82836263828253,174.03185223626025,175.65887101006464,89586300
2016-05-13,173.51495361328125,175.29451246957413,173.1929479297748,174.74370340616778,96474600
2016-05-16,175.22665405273438,175.70119945871832,173.62505684234227,173.68438148328653,77486800
2016-05-17,173.59117126464844,175.2436108258989,173.06577060975354,174.95549581119738,114924900
2016-05-18,173.6420440673828,174.81993841591333,172.5573649376739,173.24376203518085,120062100
2016-05-19,173.04037475585938,173.32848981268344,171.83705928583413,172.9217383836145,115430500
2016-05-20,174.13357543945312,174.65049394868106,173.59970517882817,173.65054750262146,104990400
2016-05-23,173.896240234375,174.43009737301395,173.70980982710645,174.15045176211112,58682600
2016-05-24,176.150390625,176.4639398326518,174.68438095384093,174.70980211521845,93537800
2016-05-25,177.3452606201172,177.76049452874364,176.1504141541832,176.82834205239817,76621400
2016-05-26,177.39602661132812,177.70957572593335,177.0824904271165,177.48077241103627,55280700
2016-05-27,178.1587677001953,178.1672371112262,177.50626099965686,177.55710332663935,64211200
2016-05-31,177.81973266601562,178.5400331841697,177.26044141171204,178.42986622882066,109879400
2016-06-01,178.1841278076172,178.3620758910807,177.01470296613778,177.209602796253,69936200
2016-06-02,178.72647094726562,178.74340976386634,177.3113039374439,177.7858494101513,63044700
2016-06-03,178.19261169433594,178.54005141175855,176.98929619217486,178.1671905374899,101757100
2016-06-06,179.09933471679688,179.45524382712608,178.38750356574386,178.54851283883448,64887000
2016-06-07,179.37896728515625,179.93825857110662,179.22644035102138,179.25186150671053,60974800
2016-06-08,179.96363830566406,180.09075698524623,179.38740833547797,179.51451408466855,66170900
2016-06-09,179.71798706054688,179.83662346322555,178.96379572986143,179.23495910867064,73786900
2016-06-10,178.01463317871094,178.68407841192564,177.47228077761466,178.3451210916334,113829200
2016-06-13,176.64187622070312,178.2688950927016,176.55714333187618,177.4130192122889,117751200
2016-06-14,176.29440307617188,176.88759783759872,175.34531214651957,176.26051251313893,125059300
2016-06-15,176.04869079589844,177.41301570387913,175.86226034161066,176.29443297815249,109124500
2016-06-16,176.57403564453125,176.74352723833687,174.21824731103703,176.0486479088348,149533100
2016-06-17,175.91648864746094,176.49571546014107,175.26058875857578,176.4701621006193,117055700
2016-06-20,177.04931640625,178.54850243061253,176.96412991722448,177.8755759587909,82789600
2016-06-21,177.5519256591797,177.96079231018012,176.98972589053128,177.43267234440304,72461700
2016-06-22,177.26235961914062,178.4548930850924,177.11753991475223,177.73084655371028,95560500
2016-06-23,179.57073974609375,179.62184645879435,178.2589531287725,178.71892654071584,102731400
2016-06-24,173.12254333496094,179.60484320130777,172.67959677050362,173.454750008894,333444400
2016-06-27,170.0218963623047,171.7255225262651,169.21266353631458,171.71699607695817,230775800
2016-06-28,173.08851623535156,173.1140696028484,171.31674243559226,171.62339584319759,159382400
2016-06-29,176.03570556640625,176.26568575451566,174.3831860051859,174.48539942212344,137328600
2016-06-30,178.43775939941406,178.48886609286095,175.95046733647797,176.50415350996326,165021900
2016-07-01,178.8126220703125,179.29816182418008,178.27597560501414,178.43782218963668,106055300
2016-07-05,177.5264434814453,178.09715693080918,176.93017666850108,177.98641702353322,109803700
2016-07-06,178.59115600585938,178.71040933220064,176.3764365193641,177.03233631305994,96021500
2016-07-07,178.48043823242188,179.43446496128354,177.71381146782082,178.77005163259213,85593800
2016-07-08,181.13804626464844,181.38507933652699,179.54515996427702,179.7751531352173,133971000
2016-07-11,181.7769317626953,182.34765804487338,181.3936184220505,181.59805826929212,73633900
2016-07-12,183.09722900390625,183.39536879733734,181.80246941184768,182.739469050371,101275600
2016-07-13,183.07164001464844,183.52309984415845,182.58611338565825,183.51458639369696,87324100
2016-07-14,184.0938720703125,184.56237194878827,183.70204526114256,184.33237873614772,91230900
2016-07-15,183.8468475341797,184.85198088781613,183.4039010235686,184.65606748793815,107155400
2016-07-18,184.3408660888672,184.5027126487079,183.71051974991803,183.96606626558042,58725900
2016-07-19,184.15345764160156,184.18752444321422,183.676444433214,183.92346448840215,54345700
2016-07-20,184.9200897216797,185.15859633305274,184.15346318478564,184.15346318478564,58159500
2016-07-21,184.22164916992188,185.0308691313322,183.77870265512237,184.80940237275158,67777300
2016-07-22,185.04791259765625,185.09901931234043,184.07684602574125,184.3409060500352,62787500
2016-07-25,184.5453643798828,184.8946109866342,183.96613751783332,184.84350426323465,55873100
2016-07-26,184.63052368164062,184.9882836903036,183.78722387702433,184.44312372505922,70080500
2016-07-27,184.4346160888672,185.0734760525525,183.66797633386125,185.0053294300427,84083900
2016-07-28,184.64761352539062,184.9372269920212,183.7787601278565,184.23873369264376,65035700
2016-07-29,184.94569396972656,185.30345398524094,184.10240714659952,184.38350708685488,79519400
2016-08-01,184.79232788085938,185.39710787663188,184.3408679974903,185.00528114651027,73311400
2016-08-02,183.6083526611328,184.698672605218,182.7735792971761,184.54533945808532,92295500
2016-08-03,184.14492797851562,184.20456112734067,183.2505347272191,183.54866147843964,53993600
2016-08-04,184.3408660888672,184.6560327595239,182.50094677326078,184.2556795844345,46585500
2016-08-05,185.84860229492188,185.89119555549402,184.34090225224605,184.34090225224605,71892200
2016-08-08,185.7378387451172,186.13819191970643,185.4737787783957,186.03596551498777,39906500
2016-08-09,185.84860229492188,186.34265552275468,185.52492210937768,185.806022031988,51251700
2016-08-10,185.38861083984375,186.0359841455934,185.03936433382066,185.95932408260404,57941100
2016-08-11,186.24891662597656,186.49594968708675,185.65265009548986,185.91671005916,72504300
2016-08-12,186.087158203125,186.30011154982938,185.68680487150948,185.9423384894421,61313500
2016-08-15,186.6237030029297,186.97294944478733,186.44482955548477,186.45334300615156,49813500
2016-08-16,185.6612091064453,186.27450264705396,185.6612091064453,186.20636902959353,53213600
2016-08-17,186.01046752929688,186.14676077773237,184.86052736442625,185.6953007652244,75134300
2016-08-18,186.42784118652344,186.46190799624154,185.87416779454654,185.984894674359,52989300
2016-08-19,186.15524291992188,186.3341294031093,185.47380278764328,185.95932953177365,75443000
2016-08-22,186.1467742919922,186.37676754071967,185.5505075338474,185.91678104326473,61368800
2016-08-23,186.52157592773438,187.0582225137017,186.4619427525644,186.76008263313307,53399200
2016-08-24,185.5675048828125,186.4704247663063,185.1501117490151,186.37672479739823,71728900
2016-08-25,185.43971252441406,185.85710562988723,185.0308458685778,185.18416599040268,69224800
2016-08-26,185.09046936035156,186.64928894848688,184.20458942381688,185.627115791674,122506300
2016-08-29,186.001953125,186.26601316896983,185.18420663620492,185.21828644695944,70502200
2016-08-30,185.6952667236328,186.19783336276384,185.14159337511722,185.9167334635116,58114500
2016-08-31,185.16722106933594,185.48238790216294,184.3920676721017,185.3631345331763,85269500
2016-09-01,185.1756591796875,185.46527252972356,184.0171927819061,185.15861927743916,97844200
2016-09-02,186.01046752929688,186.43637418242812,185.43975417381776,186.0275074347612,79293900
2016-09-06,186.57264709472656,186.64930716450087,185.57602719474625,186.29154717458266,56702100
2016-09-07,186.55560302734375,186.73448951712933,185.95082293799388,186.41079634401157,76554900
2016-09-08,186.1297149658203,186.4960014346624,185.82306166539124,186.22341494644138,74102900
2016-09-09,181.67469787597656,184.86899701764105,181.64914452265418,184.81789031099626,221589100
2016-09-12,184.2812957763672,184.68164908797755,180.84848903883682,180.9166356660939,168110900
2016-09-13,181.63209533691406,183.2675748541307,181.01027544179323,183.00351488487263,182828800
2016-09-14,181.56398010253906,182.88429317458588,181.01030671634427,181.6832334317643,134185500
2016-09-15,183.3783721923828,183.76168559041375,181.22328551258488,181.40217203040726,134427900
2016-09-16,182.6694793701172,182.9434427794408,181.98459697339692,182.76365265916039,155236400
2016-09-19,182.70370483398438,183.96219630356973,182.3783765984122,183.32010935228303,80250500
2016-09-20,182.71234130859375,183.713995823676,182.67810240404572,183.5599011582625,69665300
2016-09-21,184.76698303222656,184.94676009783961,182.7294225333122,183.41431802619306,110284400
2016-09-22,185.93124389648438,186.23088968519738,185.52888144386645,185.77714930568925,76678700
2016-09-23,184.91249084472656,185.67443352635397,184.81831756662461,185.537451837607,73630900
2016-09-26,183.41429138183594,184.26183783747967,183.2173753018055,184.08206079798262,89827300
2016-09-27,184.5529327392578,184.6470929586741,182.88349608546716,183.25163275907568,78494800
2016-09-28,185.46896362304688,185.62307129089558,183.81666606772146,184.77551177596033,87411000
2016-09-29,183.79095458984375,185.66585049534166,183.24304093802039,185.26347497848633,128070600
2016-09-30,185.17788696289062,185.879895265527,184.37313586079327,184.62140374429694,117202900
2016-10-03,184.73272705078125,184.95531252922103,184.09919644758304,184.7669790094918,83512100
2016-10-04,183.79095458984375,185.0665719797992,183.2002455937824,184.84398654925255,119948100
2016-10-05,184.60433959960938,185.0323976977853,184.3475021280445,184.41599299134825,72816000
2016-10-06,184.73272705078125,184.95531252922103,183.8423720737274,184.38171632211893,62927400
2016-10-07,184.0991973876953,185.1779120165763,183.37150655256386,185.0066914120333,89788300
2016-10-10,185.05799865722656,185.520295451856,184.91246053552302,185.05799865722656,51855000
2016-10-11,182.7208709716797,184.69851033087284,181.99318005289527,184.6300194685232,130367400
2016-10-12,182.96051025390625,183.48274140555534,182.36121875346717,182.85776747661632,73866100
2016-10-13,182.36126708984375,182.8578159446073,180.82026871823211,181.63357631731463,101357000
2016-10-14,182.45541381835938,183.79952203251673,182.37836652365132,183.337212137685,93346200
2016-10-17,181.82188415527344,182.68655644078692,181.64209408312584,182.42971907912928,58275700
2016-10-18,182.96051025390625,183.47417188719524,182.5838172181869,183.41425057512544,76869700
2016-10-19,183.4485626220703,183.75676495027773,182.86640992617598,183.22597713186872,66519200
2016-10-20,183.10609436035156,183.6625645353384,182.44688138226903,183.09752483983908,73639800
2016-10-21,183.19166564941406,183.27728245960162,182.14720326892362,183.10606190251767,89089100
2016-10-24,183.97080993652344,184.33894669592,183.61979915887235,184.06498324117868,60146600
2016-10-25,183.35435485839844,184.04780670068533,183.19169073474242,183.79096929824388,66542300
2016-10-26,182.98622131347656,183.56837386828238,182.29275644560417,182.53248092126256,75705500
2016-10-27,182.49827575683594,183.73964154554864,182.42122843952794,183.70540264784358,77220200
2016-10-28,181.95889282226562,183.1488935654366,181.24832802261642,182.4725676586778,140623200
2016-10-31,181.96742248535156,182.5153360946408,181.8047583873407,182.2927376180824,61272500
2016-11-01,180.6490478515625,182.34416708158656,179.44193411679908,182.2927891440418,122781800
2016-11-02,179.56178283691406,180.72610117322677,179.12515529623803,180.34083850479635,103330800
2016-11-03,178.73988342285156,179.98981843271363,178.46593311724016,179.77578944949215,88939300
2016-11-04,178.54299926757812,179.690191603582,178.3974611112159,178.85120155849046,109122100
2016-11-07,182.48110961914062,182.51536157260367,178.54298408491587,178.54298408491587,109794900
2016-11-08,183.30296325683594,183.86800284714064,181.82188650948365,182.08728033009285,106772100
2016-11-09,185.2463836669922,185.8627882300816,181.78766772262458,181.81335015747885,258429000
2016-11-10,185.70864868164062,186.89864919103982,184.25325434877195,186.03397688501158,172113300
2016-11-11,185.28062438964844,185.52033582618566,184.338904621336,184.98954808289514,100552700
2016-11-14,185.4261474609375,186.00831309038577,184.68133077679926,185.80284056294064,94580000
2016-11-15,186.87301635742188,186.87301635742188,185.60596822040515,185.81142771850293,91652600
2016-11-16,186.52198791503906,186.75314289173917,186.13673832940114,186.25659404633944,65617700
2016-11-17,187.48086547851562,187.54078681133552,186.56481500049895,186.67611427140054,69797200
2016-11-18,187.06138610839844,187.72059922746448,186.88159596199995,187.54937860341124,86265800
2016-11-21,188.47393798828125,188.49962042400998,187.48940978323023,187.63494794012425,72402600
2016-11-22,188.84210205078125,189.02187912694623,188.11439809751522,188.7821676498624,67429000
2016-11-23,188.94482421875,188.99618909559098,188.13151652107902,188.32841957006784,56620200
2016-11-25,189.64682006835938,189.68105896052663,189.2101925476429,189.28725291578274,37872300
2016-11-28,188.75653076171875,189.61264711884613,188.6538009791191,189.33869667748078,76572500
2016-11-29,189.12457275390625,189.57831315059707,188.49104226452081,188.79068806458108,69886700
2016-11-30,188.6708526611328,189.9036618200159,188.61091826935393,189.7409976860947,113291800
2016-12-01,187.9774169921875,188.97050173292382,187.61783673708024,188.97050173292382,79040500
2016-12-02,188.07156372070312,188.55955612953525,187.71199655470292,188.06300726316525,74840300
2016-12-05,189.20164489746094,189.5440860882473,188.70509602651484,188.9019990580523,67837800
2016-12-06,189.8009490966797,189.83520105835166,188.91059404264573,189.39001699968676,59877400
2016-12-07,192.28370666503906,192.34362800703474,189.52701141411646,189.64686716140454,110738100
2016-12-08,192.75453186035156,193.22539832109896,191.99258906506745,192.2579960253395,99714400
2016-12-09,193.91883850097656,193.93596447940914,192.94286674302495,192.97711869989007,88005800
2016-12-12,193.69625854492188,194.304106695277,193.27675697280102,193.82467072858418,102016100
2016-12-13,194.98899841308594,195.48554731913939,194.33835487927195,194.35548085901033,110477500
2016-12-14,193.37950134277344,195.39136626171157,192.9428737882111,194.68935787987144,142501800
2016-12-15,194.1757049560547,195.03182111956679,193.38807965321905,193.61923467509018,124972600
2016-12-16,193.79586791992188,194.69148365321513,193.47724222226503,194.63119601296233,156420200
2016-12-19,194.21786499023438,194.63983910113276,193.83034471793016,193.97674068123223,90341100
2016-12-20,194.9670867919922,195.11349590689724,194.51929197797907,194.75179627515462,89838800
2016-12-21,194.424560546875,195.010144436063,194.424560546875,194.8379146533777,67909000
2016-12-22,194.08871459960938,194.39873347530573,193.6925742594399,194.27817130921775,56219100
2016-12-23,194.3728790283203,194.38148591773765,193.94229803224883,194.13174158145424,36697800
2016-12-27,194.8551788330078,195.2513060949005,194.62266135476222,194.63988827841183,42672500
2016-12-28,193.24476623535156,195.1307133002148,193.13282409992078,195.1134995195581,64095000
2016-12-29,193.20172119140625,193.66674294079067,192.7625201133474,193.31366332831337,48696100
2016-12-30,192.49557495117188,193.61508837779465,191.80664260092001,193.5289669064038,108998300
2017-01-03,193.96815490722656,194.476237389342,192.79697393302524,193.79591197608372,91366500
2017-01-04,195.12210083007812,195.26849680321703,194.28677258194588,194.2953794720281,78744400
2017-01-05,194.9670867919922,195.12210279706622,194.17481926686474,194.85514465863406,78379000
2017-01-06,195.6645965576172,196.12961819114082,194.5364634568541,195.07899964620458,71559900
2017-01-09,195.01876831054688,195.54407769928036,194.9843144691566,195.40628861430002,46939700
2017-01-10,195.01876831054688,195.87131035074572,194.63123486650335,195.03598209095162,63771900
2017-01-11,195.56985473632812,195.56985473632812,194.26949197729274,194.9325902585094,74650000
2017-01-12,195.07904052734375,195.26849723189008,193.7270229252161,195.05320671675017,72113200
2017-01-13,195.52687072753906,195.82826959885762,195.21685182484828,195.25129252946203,62717900
2017-01-17,194.83790588378906,195.29432070049256,194.4503856051168,194.8895735022401,61240800
2017-01-18,195.2685089111328,195.31156964479436,194.53651585975967,195.08765908587074,54793300
2017-01-19,194.5450897216797,195.4837530474012,194.11450876783078,195.34596398850047,66608800
2017-01-20,195.25990295410156,195.75075852737518,194.59680444535826,195.2254491108912,129168600
2017-01-23,194.7517852783203,195.32015536434764,193.9939716372401,195.25988085598757,75061600
2017-01-24,196.00047302246094,196.41382709593856,194.8551260056911,194.9670681283333,95555300
2017-01-25,197.6969757080078,197.6969757080078,196.7841329083282,196.9477557982735,84437700
2017-01-26,197.49029541015625,197.8175411955517,197.21471724555164,197.55056992098218,59970700
2017-01-27,197.18023681640625,197.71415297738932,196.99938703978657,197.56775703454838,59711100
2017-01-30,195.95745849609375,196.5172086621444,194.97573412744237,196.49137484772928,79737300
2017-01-31,195.94020080566406,196.0004884566942,194.89820208042732,195.4665590486064,75880800
2017-02-01,196.01773071289062,196.85305907660958,195.43214673930603,195.94022927055596,79117700
2017-02-02,196.14683532714844,196.43102031024267,195.32873420991243,196.0176531674037,69657600
2017-02-03,197.4989471435547,197.6797969976758,196.7411332994059,197.05115223483276,80563200
2017-02-06,197.14578247070312,197.4902551061586,196.8099298638137,197.09411486045667,57790100
2017-02-07,197.15444946289062,197.7744872141205,196.964992753332,197.53336288200782,57931200
2017-02-08,197.41281127929688,197.54198034259372,196.61192366598257,197.1544600124119,51566200
2017-02-09,198.58396911621094,198.88536794214565,197.41278823132038,197.41278823132038,65955200
2017-02-10,199.3676300048828,199.59154055725963,198.60119627316433,198.92844207107467,66015900
2017-02-13,200.45269775390625,200.71104900172796,199.83266001525024,199.85849382600338,55182100
2017-02-14,201.2535858154297,201.26220584645884,199.92740192577156,200.27186151936579,71109000
2017-02-15,202.30413818359375,202.4935948399048,200.98656161761318,201.03822922564584,86785800
2017-02-16,202.13197326660156,202.51088670074023,201.38276642928537,202.33003687434092,84722400
2017-02-17,202.4506072998047,202.4506072998047,201.45165604912492,201.46888297145847,77204100
2017-02-21,203.65621948242188,203.8284492656725,202.81227120600053,202.82089123635168,88946100
2017-02-22,203.4753875732422,203.6992849971404,203.08786724175664,203.251490149344,62115200
2017-02-23,203.61312866210938,204.00925579101815,202.85530195944816,203.99204201344,74615900
2017-02-24,203.8715362548828,203.91458385102231,202.72618899532657,202.76924973175792,82381600
2017-02-27,204.1901397705078,204.36236955714747,203.535661325161,203.78539254474492,56515400
2017-02-28,203.63894653320312,204.05230054763163,203.25142632340842,203.8111762775244,96961900
2017-03-01,206.4894561767578,206.95449108934181,205.27521440981133,205.29244133183443,149158200
2017-03-02,205.18910217285156,206.30861555778915,205.13743454805757,206.29999552679604,70246000
2017-03-03,205.31826782226562,205.4818907249212,204.7240638664285,205.10297729567483,81974300
2017-03-06,204.70680236816406,205.0598687628521,204.10397852199534,204.52595258625587,55391500
2017-03-07,204.09542846679688,204.7585269980592,203.88874482138883,204.40544736476315,65103700
2017-03-08,203.7165069580078,204.64656361509844,203.5787178665223,204.38821235363588,78168800
2017-03-09,203.97482299804688,204.30206874874492,203.01032580477525,203.83703393035415,90683900
2017-03-10,204.68959045410156,204.97377548062298,203.7423070323635,204.93071475412785,81991700
2017-03-13,204.79290771484375,204.83596843756033,204.30205226868037,204.62928485269342,57256800
2017-03-14,204.00926208496094,204.3020671365696,203.39784445486842,204.25038638137607,59880800
2017-03-15,205.77467346191406,206.19664760561835,204.34514127577168,204.57765871334672,96081800
2017-03-16,205.36990356445312,205.98994123600284,205.04267095023275,205.91243981213134,78344000
2017-03-17,205.00927734375,205.82229351135118,205.00927734375,205.6320125701059,89002100
2017-03-20,204.7843780517578,205.2946708714881,204.3951718875136,205.0092494983875,52537000
2017-03-21,202.15505981445312,205.51090901439778,202.02532881856098,205.38982235241298,131809300
2017-03-22,202.63076782226562,202.91618921870486,201.56693403368797,202.18966922638143,97569200
2017-03-23,202.41453552246094,203.54756354767736,202.04263120164606,202.63076264780625,100410300
2017-03-24,202.26748657226562,203.2880721879376,201.4890742619211,202.71724265249742,112504900
2017-03-27,202.0599365234375,202.3194117347293,200.32147504346014,200.5982389240359,87454500
2017-03-28,203.5302734375,203.9540701538015,201.6447660551732,201.75720838274196,93483900
2017-03-29,203.72052001953125,203.95404898429783,203.01994632268642,203.24483095448198,61950400
2017-03-30,204.36923217773438,204.56817064319617,203.48703497312647,203.66001404084622,56737900
2017-03-31,203.89353942871094,204.55950948750663,203.84163383160336,204.03191476196116,73733100
2017-04-03,203.53897094726562,204.1444044126243,202.31080214683521,203.94547910203354,85546500
2017-04-04,203.66864013671875,203.75513626156143,202.872925938498,203.25348777187656,56466200
2017-04-05,203.06321716308594,205.32062888253068,202.85563437139967,204.34327805151034,108800600
2017-04-06,203.6341094970703,204.15304680638627,202.76054325058007,203.2016551405772,69135800
2017-04-07,203.42648315429688,204.11841261621606,202.94213649019045,203.38323508840378,74412300
2017-04-10,203.54754638671875,204.34326055720862,203.0199517174591,203.56484825057547,67615300
2017-04-11,203.305419921875,203.40920473401556,201.8177760263882,203.16703137404872,88045300
2017-04-12,202.41453552246094,203.21890729142282,202.1896640631861,203.02862636532242,81864400
2017-04-13,201.09986877441406,202.81239709117327,201.09986877441406,202.07721959380586,92880400
2017-04-17,202.881591796875,202.881591796875,201.41989433024537,201.61881958860167,68405400
2017-04-18,202.2761688232422,202.81242112623795,201.59289684029733,202.1464378130178,83225800
2017-04-19,201.90426635742188,203.21027359661804,201.67938167431168,202.83836923217876,68699900
2017-04-20,203.54754638671875,203.98865813160546,202.1982913499118,202.51830324525685,92572200
2017-04-21,202.8988800048828,203.52161517502364,202.50102948907167,203.46972277708795,110389800
2017-04-24,205.13035583496094,205.33793863462017,202.87294402881207,205.13900016923373,119209900
2017-04-25,206.3239288330078,206.669886959925,205.68389178100873,205.77038791146632,76698300
2017-04-26,206.19419860839844,207.17154951947384,206.15096373769677,206.28933907936556,84702500
2017-04-27,206.36720275878906,206.66991285841107,205.83095043817428,206.5142356410269,57410300
2017-04-28,205.91741943359375,206.65258374786688,205.7876752387527,206.62663754838997,63532800
2017-05-01,206.43638610839844,206.86019608948664,206.0212336600102,206.43638610839844,66882500
2017-05-02,206.51422119140625,206.69584459897976,206.10771311117955,206.57475792811164,57375700
2017-05-03,206.26333618164062,206.60930743435804,205.588708735659,206.51416698954247,73137700
2017-05-04,206.50559997558594,206.64398853733152,205.65799313044852,206.566149920397,61462700
2017-05-05,207.31858825683594,207.33589012408044,206.43637779177612,206.87748962303496,62001300
2017-05-08,207.2839813232422,207.50885278980158,206.86017139275205,207.3618199234985,48385700
2017-05-09,207.0936737060547,207.74235501951878,206.74770242040077,207.54342977867722,51363200
2017-05-10,207.465576171875,207.465576171875,206.84284106061338,207.0504238301856,54293800
2017-05-11,207.0418243408203,207.20615908597674,205.96068859369421,207.0158781386859,62358300
2017-05-12,206.69583129882812,207.08503748747037,206.4277117732625,206.79097176249238,53912700
2017-05-15,207.83753967285156,207.95862634921738,207.10236208226476,207.11966394959072,61918900
2017-05-16,207.64724731445312,208.15754019413583,207.25804110448254,208.1315939933016,51241800
2017-05-17,203.96275329589844,207.64725919723645,203.90220335884877,207.64725919723645,172174100
2017-05-18,204.7843780517578,205.63198464016048,203.625390695013,203.8848658703277,107047700
2017-05-19,206.11631774902344,206.7823009092626,205.21681882402052,205.26871121619024,115011400
2017-05-22,207.1629180908203,207.32725284158846,206.55748469124688,206.62666576766244,61010600
2017-05-23,207.62127685546875,207.78561157318967,207.15421890010862,207.53478073115593,48341700
2017-05-24,208.10562133789062,208.2094061280343,207.51747673301352,207.85480369589155,46927700
2017-05-25,209.1002655029297,209.377042546185,208.40834928970304,208.6159188746887,64071700
2017-05-26,209.05709838867188,209.22141996422008,208.83221366878263,208.9100522883781,46629900
2017-05-30,208.8754119873047,209.12622965651605,208.58134625168944,208.73702345379505,35201900
2017-05-31,208.82350158691406,209.20406342253426,208.13157217646426,209.16945969341108,91796000
2017-06-01,210.48411560058594,210.50141746443626,208.9964720483849,209.28189341336648,68962000
2017-06-02,211.18467712402344,211.34036749477772,210.2419301591628,210.5359958403654,88666100
2017-06-05,211.029052734375,211.29717228709103,210.8301142554598,211.0117508671959,44698800
2017-06-06,210.35440063476562,211.0203706729839,210.27654884023806,210.4668297647165,50375400
2017-06-07,210.74363708496094,210.96850857461544,210.02576134813626,210.69174467946053,54144300
2017-06-08,210.84738159179688,211.32308388038217,210.31978690763057,210.83873725835193,65950700
2017-06-09,210.5273895263672,211.91123526293748,209.2646172592581,211.11552099498175,132256400
2017-06-12,210.48411560058594,210.53600799468163,209.63650903629403,210.2851903574007,86108100
2017-06-13,211.51336669921875,211.56525909526675,210.67440443656096,211.02036254185137,60067000
2017-06-14,211.24526977539062,211.79015318961186,210.42359609192093,211.78150885516482,78602300
2017-06-15,210.8387451171875,210.95983177720848,209.61922098575457,209.89598483832128,66464900
2017-06-16,210.88485717773438,211.04999333756032,210.00704417138684,210.99784786852436,84553100
2017-06-19,212.64047241210938,212.70130436516789,211.61489634368257,211.71050078004595,65123800
2017-06-20,211.20639038085938,212.2927983226885,211.18901740229742,212.2841118334075,56906400
2017-06-21,211.1542205810547,211.7104608526788,210.68489823948386,211.59748345778655,55977600
2017-06-22,211.0586700439453,211.65836943369348,210.8848474012777,211.1629742389999,44148100
2017-06-23,211.3106689453125,211.64092790155846,210.73704243872845,211.11946010978448,66986800
2017-06-26,211.44973754882812,212.39709532104865,211.24115571861205,211.97990513698605,56700500
2017-06-27,209.7462615966797,211.5279732492118,209.72887535654044,211.23246021410642,82247700
2017-06-28,211.62356567382812,211.82346100773714,210.52845805803364,210.76312587024884,70042600
2017-06-29,209.76364135742188,211.82346647947858,208.55555631046235,211.77132102248703,106949700
2017-06-30,210.1547393798828,210.9456474858864,209.96353053531456,210.57191628538862,86820700
2017-07-03,210.51109313964844,211.52796934909023,210.51109313964844,211.0934061863297,39153800
2017-07-05,210.9978485107422,211.20643038752084,210.06787677070994,210.8761713286819,54427600
2017-07-06,209.06832885742188,210.35463203575168,208.88580650381542,210.23295488728553,65400800
2017-07-07,210.42417907714844,210.57192896378987,209.0770305954212,209.64197067450192,57972300
2017-07-10,210.65011596679688,211.02384713446918,210.1199484464805,210.42414792570648,36663300
2017-07-11,210.4936981201172,210.80658411472686,209.3290720753313,210.65013448651465,50354600
2017-07-12,212.0754852294922,212.24062133400898,211.45841303681908,211.45841303681908,59610400
2017-07-13,212.43190002441406,212.544890714518,211.8582733448653,212.08425472507315,39471600
2017-07-14,213.42263793945312,213.77898288163507,212.33623013656714,212.43183455369368,60262700
2017-07-17,213.39657592773438,213.7268481601751,213.22275332290783,213.34443047246788,33531900
2017-07-18,213.50958251953125,213.56172797868854,212.64914265798896,212.988101404327,42742500
2017-07-19,214.6654815673828,214.67416805499465,213.81372835614903,213.822428105574,51034300
2017-07-20,214.76113891601562,215.0392524680929,214.21358503979766,214.91757530246852,47135200
2017-07-21,214.5699005126953,214.59597324018205,213.9615015064993,214.1874828271371,82340800
2017-07-24,214.51776123046875,214.65681136046095,214.04842559857326,214.4916752404168,46622300
2017-07-25,215.03924560546875,215.36951787097334,214.81327752275382,215.26521368818368,54915600
2017-07-26,215.0479278564453,215.36081387501542,214.78720055915,215.3260546559813,47575400
2017-07-27,214.84800720214844,215.54331085727668,213.5269315835862,215.50855164233664,70766600
2017-07-28,214.5960235595703,214.7263872275722,213.91810596232506,214.37004218594342,50088400
2017-07-31,214.47430419921875,215.09137645548512,214.26570910962465,214.9957720304814,65838700
2017-08-01,214.95233154296875,215.10876791760106,214.43085043723022,215.074008699399,55050400
2017-08-02,215.05657958984375,215.19564295856176,214.12660823108152,215.0826523137518,47211200
2017-08-03,214.63943481445312,214.9696937872359,214.36130803546263,214.9436210594324,40856000
2017-08-04,215.03054809570312,215.36080708246598,214.6481303893106,215.12615252230128,60191800
2017-08-07,215.43032836914062,215.43032836914062,214.99576522593466,215.10006939833806,31995000
2017-08-08,214.90017700195312,216.33424343971365,214.52645903629823,215.11745858993362,61719400
2017-08-09,214.89146423339844,214.9436096862463,213.85720187920182,214.2135468227478,62632600
2017-08-10,211.85824584960938,214.18751149071593,211.80610038765755,214.05713457402004,120479500
2017-08-11,212.1710968017578,212.7621095503957,211.84952433168104,212.08419213347946,74869900
2017-08-14,214.27444458007812,214.49172620822696,213.41401782017223,213.44877704547608,73291900
2017-08-15,214.24835205078125,214.67422877685988,213.94416575656814,214.65684253490522,55242700
2017-08-16,214.62205505371094,215.16960887774223,214.19617838370715,214.76980493632897,56715500
2017-08-17,211.27593994140625,214.32658218751973,211.27593994140625,214.01369614334953,128490400
2017-08-18,210.94566345214844,212.23196674420893,210.5024005235471,211.11078631966924,136748000
2017-08-21,211.11080932617188,211.3715499134438,210.18085092114322,210.8848412235054,65469700
2017-08-22,213.318359375,213.47479574199497,211.6757112124789,211.6930974516388,63140100
2017-08-23,212.5535125732422,212.9793892079819,212.20586737961136,212.35361724999515,50203800
2017-08-24,212.05813598632812,213.0923851691312,211.84954089488582,212.93594879691088,50741700
2017-08-25,212.5535125732422,213.46609778379067,212.4057627028584,212.8490123140098,64445900
2017-08-28,212.56224060058594,213.10978119030355,212.14505039855294,213.08370846040347,40565600
2017-08-29,212.8055877685547,213.0663150587926,211.1368535401398,211.24984420711982,51135700
2017-08-30,213.81375122070312,214.08319150724105,212.60566622281107,212.78818857668327,62030800
2017-08-31,215.1000518798828,215.34340615931342,213.84850800748916,214.4308209805419,103803900
2017-09-01,215.40423583984375,215.83011245528897,215.2564859761538,215.47376752778257,62007000
2017-09-05,213.8572235107422,215.12615379291992,212.89249275003215,214.90017245863578,91398800
2017-09-06,214.5872802734375,214.91755251446293,214.00496723813447,214.53513481681557,57916900
2017-09-07,214.5612030029297,214.90886147607426,214.15271258561899,214.89147523696337,58034700
2017-09-08,214.30917358398438,214.76980948125174,214.06581927077957,214.27440110391774,63832800
2017-09-11,216.594970703125,216.67318888716122,215.56070828593013,215.57808126339495,71364800
2017-09-12,217.32505798339844,217.35981720404104,216.7775041101089,216.96002648847752,56896000
2017-09-13,217.4293212890625,217.4640937671046,216.92522645196908,217.03821711288396,59228000
2017-09-14,217.35983276367188,217.55974139758038,216.93396928668705,217.1077919259758,95446300
2017-09-15,217.65237426757812,217.73971021423142,217.1108460843923,217.2156545514275,95432400
2017-09-18,218.11532592773438,218.46469641738005,217.7310103925462,218.01924704393736,46235200
2017-09-19,218.3336639404297,218.42101321790437,218.01049560350478,218.3598660581464,47108100
2017-09-20,218.4123077392578,218.525859153917,217.41658711242658,218.42105066508134,59574100
2017-09-21,217.82713317871094,218.3424594194711,217.65244789868083,218.25512344327234,48211400
2017-09-22,217.87078857421875,218.03674424025084,217.50394552028905,217.53014764359605,51214000
2017-09-25,217.42527770996094,217.9668192362781,216.68286216782775,217.61743545677857,57064400
2017-09-26,217.55630493164062,218.0978331385597,217.32047254284774,217.8532711530073,54082000
2017-09-27,218.403564453125,218.78787999161077,217.37289884285593,218.25508132737005,81001400
2017-09-28,218.66563415527344,218.7442405296163,218.03675650526645,218.1240924786589,44778800
2017-09-29,219.4342041015625,219.51282378636614,218.47342863829596,218.65684347170293,85578000
2017-10-02,220.38624572753906,220.38624572753906,219.48659084361725,219.6612893935846,59023000
2017-10-03,220.85797119140625,220.88417331715857,220.30769989534207,220.38631960023167,66810200
2017-10-04,221.11997985839844,221.3645418885094,220.5959107495144,220.70946216621985,55953600
2017-10-05,222.43016052246094,222.44761972082654,221.15493267725822,221.45189898106148,63522800
2017-10-06,222.17681884765625,222.46505550467177,221.7226398677804,221.98466107631256,80646000
2017-10-09,221.8099822998047,222.46506199550856,221.54794775599703,222.4039281542774,35803100
2017-10-10,222.39515686035156,222.7707427683473,221.83615612442787,222.37769766658715,43057400
2017-10-11,222.74456787109375,222.74456787109375,222.13316282390105,222.29910515071512,47674300
2017-10-12,222.41268920898438,222.77953229114695,222.1768567534397,222.43016173507755,47065100
2017-10-13,222.68344116210938,222.9629482537238,222.4126769968777,222.8493968318015,54800400
2017-10-16,222.9803924560547,223.1725502367093,222.56988810025342,222.91052901548102,38221700
2017-10-17,223.1375732421875,223.18124787940764,222.70958312163512,222.9279429801077,31561000
2017-10-18,223.35597229003906,223.55685966334508,223.1638145146575,223.51318501846194,40888300
2017-10-19,223.41709899902344,223.45204404486665,222.15935722889787,222.5786044856064,61903800
2017-10-20,224.570068359375,224.5962971394155,223.39967568822829,224.21198153918792,89176400
2017-10-23,223.6966094970703,224.9194462959128,223.61800312947534,224.89324417338113,63915300
2017-10-24,224.08970642089844,224.32552556412546,223.7315929147093,224.12465147535426,66935900
2017-10-25,222.9803924560547,223.87130459112328,221.85366122188066,223.75775317683716,103715300
2017-10-26,223.2686004638672,223.86253292591013,223.14631946711546,223.59178214127675,69798000
2017-10-27,225.09408569335938,225.25132506108443,223.2773432648059,224.01102924490968,85562500
2017-10-30,224.25558471679688,224.99801359997798,223.95861849457592,224.01102273054096,54285700
2017-10-31,224.60498046875,224.858285407945,224.30801421308635,224.63118258968325,60304800
2017-11-01,224.90196228027344,225.7229976666513,224.5351325618353,225.38237007095873,54202700
2017-11-02,224.98927307128906,225.12902658710306,223.76646312698873,224.83206036171993,56449500
2017-11-03,225.7404327392578,225.78409404892494,224.73595606435163,225.14647366519628,59589700
2017-11-06,226.08987426757812,226.22088489302695,225.53960298542842,225.60946643391293,49652600
2017-11-07,225.9326171875,226.5265496765108,225.4260073281454,226.1946383869873,57502200
2017-11-08,226.3169403076172,226.41303253214264,225.47844568711866,225.7579527790393,50469600
2017-11-09,225.49594116210938,225.68809896409653,223.91499076764975,225.1116255581351,95085500
2017-11-10,225.42605590820312,225.60075451568235,224.79717823864902,225.11163040105865,59984700
2017-11-13,225.63565063476562,225.86275347101255,224.7098067481224,224.74475179722094,50228600
2017-11-14,225.11158752441406,225.21639600683287,224.05470646441782,224.8320804677906,61315200
2017-11-15,223.98484802246094,224.6661298286348,223.27736409509808,224.14206074959475,80811500
2017-11-16,225.888916015625,226.25577232872615,224.88446593594833,224.92812724822468,67777000
2017-11-17,225.2251434326172,225.8627639958813,225.14653705992936,225.53959557863226,75756800
2017-11-20,225.60946655273438,225.80162435524875,225.22515094770566,225.46973965569177,48075500
2017-11-21,227.08555603027344,227.26899754044936,225.5745225619716,226.37807207748506,69176800
2017-11-22,226.8846893310547,227.22531692979058,226.7187336670959,227.09430631489215,45033400
2017-11-24,227.40867614746094,227.51351126899064,227.2340042554232,227.37375776220694,27856500
2017-11-27,227.29519653320312,227.74937552896802,227.09429582945995,227.45240926382237,52274900
2017-11-28,229.60107421875,229.62727634177566,227.6620371490641,227.75812937033317,98971700
2017-11-29,229.4612579345703,230.26483391306797,229.0158219649324,229.73202201688628,77512100
2017-11-30,231.47015380859375,232.3785114746295,230.29974836349825,230.37835470064067,127894400
2017-12-01,230.9898681640625,231.7322972805025,227.75815709142037,231.2519160814761,164390900
2017-12-04,230.71029663085938,233.03362198548888,230.65786574386095,232.60564520783424,94040600
2017-12-05,229.8805694580078,231.59250360309943,229.74955884962907,229.8805694580078,77994500
2017-12-06,229.92422485351562,230.3522283702102,229.46130294566018,229.97662909551735,75898600
2017-12-07,230.64920043945312,230.96362589938755,229.662209431446,230.64920043945312,77218600
2017-12-08,231.906982421875,231.91569869326315,230.61428207474475,231.60127319694897,76563900
2017-12-11,232.60572814941406,232.6668753266698,231.88078491496563,232.60572814941406,83077500
2017-12-12,233.01620483398438,233.48786966002598,232.64063222031234,233.39177744765638,85195800
2017-12-13,232.99000549316406,233.69748941303737,232.90265620503862,233.2607696276706,102905400
2017-12-14,232.03793334960938,233.40049679362306,231.98552911370558,233.28694539741238,100666700
2017-12-15,233.97023010253906,234.43551820355714,232.9869817978599,233.03965390050294,144610300
2017-12-18,235.45396423339844,235.80512062530684,235.26082419912152,235.36616843754248,83653600
2017-12-19,234.54969787597656,235.74363483481503,234.47945053044936,235.69975033749483,82382900
2017-12-20,234.4267120361328,235.5679765584184,234.12822788094283,235.515304459944,76751500
2017-12-21,234.90956115722656,235.6206881078484,234.66374908730396,235.05002902454035,67032300
2017-12-22,234.84812927246094,234.96226108962753,234.31259385148846,234.92713742476712,78720900
2017-12-26,234.5672149658203,234.78669100611233,234.3038544340734,234.44429552333253,45244400
2017-12-27,234.6813507080078,235.0412946350718,234.40920255682684,234.7340228152358,57751000
2017-12-28,235.16421508789062,235.20812637677773,234.79551029370862,235.18179032005045,45116100
2017-12-29,234.27752685546875,235.7611872545007,234.0844136307907,235.74363881357894,96007400
2018-01-02,235.95431518554688,235.98943885710432,234.75159065194177,235.13787066453907,86655700
2018-01-03,237.44674682617188,237.59600232641256,236.12110292886277,236.12110292886277,90070400
2018-01-04,238.447509765625,238.9303730753286,237.50817277946746,238.08759267620826,80636400
2018-01-05,240.03651428222656,240.1594069059415,238.74599437995371,239.23761845781928,83524000
2018-01-08,240.4755096435547,240.63352595605033,239.65027762295614,239.93997419586478,57319200
2018-01-09,241.0198211669922,241.64312563339757,240.6159659541577,240.89690172182273,57254000
2018-01-10,240.65113830566406,240.91452568794818,239.59766915107215,240.26485824485925,69574300
2018-01-11,242.4069061279297,242.4069061279297,241.03737770393656,241.20418164712254,62361500
2018-01-12,243.9871368408203,244.15391398365108,242.37176960389846,242.6702805959339,90816100
2018-01-16,243.1531524658203,245.89220956615077,242.45960057454664,245.2425689643196,106555100
2018-01-17,245.47071838378906,245.8569982773587,243.15306581387438,244.08364188706403,113258800
2018-01-18,245.05813598632812,245.777996906449,244.56648509700818,245.35662013203756,100728000
2018-01-19,246.173095703125,246.173095703125,245.05816712382477,245.63756026225914,140920100
2018-01-22,248.17469787597656,248.17469787597653,245.9096904252106,245.96238931636123,91322400
2018-01-23,248.70144653320312,248.9911430822644,247.8937630166444,248.21858322942705,97084700
2018-01-24,248.60488891601562,249.93932036064535,247.4285005787556,249.3423251815439,134816100
2018-01-25,248.710205078125,249.5617730729087,247.92009679641455,249.46521648794092,84587300
2018-01-26,251.5897674560547,251.63367873984512,249.28966279713086,249.5442625102855,107743100
2018-01-29,249.9217071533203,251.45803917092164,249.7636908614709,251.01908716589267,90118300
2018-01-30,247.3582000732422,249.97433642849208,246.88412448740175,248.09563610038308,131796400
2018-01-31,247.48121643066406,248.71027709046913,246.41017211465257,248.20989200178946,108364800
2018-02-01,247.2002410888672,248.49954888800508,246.41013270475324,246.7525281863909,90102500
2018-02-02,241.81871032714844,246.01509111839752,241.78358665930918,245.88338406187754,173174800
2018-02-05,231.70526123046875,242.1698916316703,231.1609648845585,240.06292679944846,294681800
2018-02-06,236.27032470703125,236.7707364527866,227.11379176202638,228.20238422661203,355026800
2018-02-07,234.98867797851562,239.1060248864623,234.90964300751438,235.71732682811594,167376100
2018-02-08,226.17446899414062,235.4275869953834,226.13934532363862,235.28711910488605,246449500
2018-02-09,229.57188415527344,231.4242486397791,222.03946661641714,228.95734067037915,283565300
2018-02-12,232.943115234375,234.40922715006334,229.71243395839974,231.61747121653497,143736000
2018-02-13,233.52252197265625,234.0668183011388,231.16095748307058,231.74037748189377,81223600
2018-02-14,236.67417907714844,237.0341229974219,232.03005857309503,232.03884618797034,120735700
2018-02-15,239.69419860839844,239.70298622426654,235.95431789418856,238.41246589270904,111200300
2018-02-16,239.76437377929688,241.70456111309323,239.02693755677285,239.07084883629025,160420100
2018-02-20,238.26316833496094,240.25602779649859,237.47306000010119,238.81625220681488,86369700
2018-02-21,237.0780029296875,241.17782706280644,236.98144633395106,238.70213095136867,98883700
2018-02-22,237.3852081298828,239.71164809607853,236.71801938711582,237.99975157370844,110511300
2018-02-23,241.16909790039062,241.16909790039062,238.1315563332114,238.6056321866141,92766400
2018-02-26,243.96954345703125,244.06612683938735,241.65189057007407,242.2400713124447,86491400
2018-02-27,240.92324829101562,244.86505645092993,240.8617885657484,244.15392938564298,99099200
2018-02-28,238.48268127441406,242.46837402290828,238.16664860815584,242.02063428753124,121907800
2018-03-01,235.01495361328125,239.8170904251165,233.52250582934735,238.2719705350681,176855100
2018-03-02,236.22645568847656,236.78832724910447,232.48660193015064,233.34693091903503,139083200
2018-03-05,238.95669555664062,239.5712390826377,234.93588017192567,235.04125115839994,97307400
2018-03-06,239.56251525878906,240.01025499813764,238.07006732196808,239.93122003936082,79213200
2018-03-07,239.47467041015625,239.82582667878052,237.20968970474965,237.4028296712189,87063500
2018-03-08,240.6334686279297,240.75636124453487,239.15859647965954,240.15060539944153,66901200
2018-03-09,244.8210906982422,244.8210906982422,241.72209056756208,242.0381499475418,113625300
2018-03-12,244.5138702392578,245.73416994766413,244.12759024461914,245.11086546193317,71924800
2018-03-13,242.93362426757812,246.17309254848522,242.32786829365196,245.67268078019714,91968900
2018-03-14,241.68704223632812,244.0749429957183,241.13398503411454,243.89059059498044,105895100
2018-03-15,241.42359924316406,242.83701181881128,240.92318753477184,242.1961590473828,83433000
2018-03-16,241.68545532226562,242.73434762380472,241.63257225654203,241.9498706508836,100343700
2018-03-19,238.4153289794922,241.86168501139227,236.7670775944114,240.93620460870457,109208400
2018-03-20,238.8208465576172,239.45547026421977,238.14213569570916,238.8120237467934,59757300
2018-03-21,238.3624267578125,240.86565656743832,238.15089454536155,238.77669527306645,78709600
2018-03-22,232.40408325195312,236.98745229628895,232.13081823448522,236.14129640944108,148785900
2018-03-23,227.4505157470703,233.17095224027113,227.25660218969375,232.84483100714124,183534800
2018-03-26,233.67333984375,233.95540081601212,228.64925990705333,231.04672437365164,141956100
2018-03-27,229.69813537597656,235.13648355929,228.14682704159767,234.60765289876343,129941400
2018-03-28,229.0193634033203,231.49617853016616,227.91758832327378,229.83028169770907,146452300
2018-03-29,231.9457244873047,233.80553513065988,229.0282257239141,230.1564425245714,111601600
2018-04-02,226.93919372558594,231.92803382918277,224.47121519611676,231.41679519908166,186286300
2018-04-03,229.84791564941406,230.32389004720667,226.38394102387377,228.17322279650818,119956900
2018-04-04,232.30709838867188,233.01222376677336,226.17242152300034,226.30462916904324,123715300
2018-04-05,234.14051818847656,235.02193855166377,232.97703685335392,234.0611666848327,82652600
2018-04-06,228.92245483398438,233.67329571244264,227.40641101791257,232.18372032516052,179521200
2018-04-09,230.05068969726562,233.43534029483922,229.11638636610888,230.37681089226027,105442900
2018-04-10,233.70858764648438,234.49306462652993,231.79592065488106,232.93293347707709,103529000
2018-04-11,232.4833984375,234.1404727021837,232.15727727028641,232.22777905016653,91140200
2018-04-12,234.39605712890625,235.3391831575739,233.6292258920898,233.80552068394104,68890500
2018-04-13,233.70858764648438,235.81519507925242,232.703782489798,235.7006061362064,85079200
2018-04-16,235.6300048828125,236.39686290422858,234.51943393573595,235.3391481082651,63405300
2018-04-17,238.1509246826172,238.75028395961277,236.88167744967973,237.3928893273972,64682000
2018-04-18,238.3272705078125,239.12933938618258,237.86891469295483,238.5916858634493,57303900
2018-04-19,237.00509643554688,237.87769384781993,235.97382294019738,237.67495751316204,77655900
2018-04-20,234.99539184570312,237.1548817757553,234.1139717760991,236.9345267583543,99953100
2018-04-23,234.9602508544922,236.1237322796586,233.88491685222934,235.56843310406478,65558000
2018-04-24,231.7958984375,236.2029995241592,230.2974733085117,235.98264446982625,112885500
2018-04-25,232.3688507080078,232.8095608821234,229.91850321587756,231.73422698132876,103840900
2018-04-26,234.73101806640625,235.559555230159,232.95055889473045,233.3912690074155,67731900
2018-04-27,234.9513702392578,235.6388769306565,234.0170669637368,235.3391972855658,57053600
2018-04-30,233.1444854736328,236.12369030599413,233.07395678832052,235.568391229111,82182300
2018-05-01,233.55874633789062,233.6645124635416,231.02904763828548,232.58035587799654,74203400
2018-05-02,231.9897918701172,234.17569660455436,231.60196485617357,233.36480513816895,86368900
2018-05-03,231.4785919189453,232.13083432497558,228.33191503251203,231.16129352643733,136311500
2018-05-04,234.4753875732422,235.15409832989712,230.18287558263515,230.50899674677927,91222100
2018-05-07,235.26873779296875,236.23827868420156,234.55476254394,235.24229625773177,55304900
2018-05-08,235.26873779296875,235.63009647493584,233.70860651754143,234.89852940083588,67499200
2018-05-09,237.542724609375,237.86884575308144,235.41849887202426,235.93853351993553,59666100
2018-05-10,239.763916015625,240.09006408856357,238.1773703959911,238.28313651745867,72063900
2018-05-11,240.4954071044922,240.75982229519235,239.37598669999807,239.8872252670832,59871500
2018-05-14,240.61009216308594,241.57963284906248,240.06358905252702,240.9273905187562,54790600
2018-05-15,238.9530487060547,239.40255476785495,238.0099225293542,239.38493604542785,87036100
2018-05-16,239.95777893066406,240.41613455876956,238.96176999888644,238.98823842248126,53942600
2018-05-17,239.7550811767578,240.830414735098,238.9794272135215,239.69337531631723,56536400
2018-05-18,239.15574645996094,239.7727513992917,238.80318373697688,239.4113658661193,64368000
2018-05-21,240.95388793945312,241.49156836524816,240.24876238630932,240.6365895101831,58025900
2018-05-22,240.2839813232422,241.72952356428226,239.95786010756726,241.473904138964,52966400
2018-05-23,240.94509887695312,240.9715673152487,238.85613656187897,239.0148126975553,64694200
2018-05-24,240.45140075683594,240.82160904699194,238.67094177741902,240.54837095853705,76043800
2018-05-25,239.87847900390625,240.5042797541157,239.37606308246154,239.87847900390625,56374800
2018-05-29,237.11968994140625,239.01476518952487,236.00911860533242,238.2567297105146,115908600
2018-05-30,240.2839813232422,240.7246914847085,238.35369556292812,238.42419735328477,69678400
2018-05-31,238.8119659423828,240.17815634870945,238.21260672533674,239.87847674018641,93519900
2018-06-01,241.1566162109375,241.45629590589624,240.03719513694026,240.10772382917452,71258400
2018-06-04,242.30238342285156,242.55800278701213,241.7382885385191,241.9762622852021,45385200
2018-06-05,242.47869873046875,242.85770295501914,241.6677803232636,242.43461158185002,51135000
2018-06-06,244.50595092773438,244.6117170448222,242.4698724773669,243.08687735879116,62732200
2018-06-07,244.4795684814453,245.28166426161448,243.57170655862802,244.99080736933206,72969400
2018-06-08,245.2023468017578,245.25522987462332,243.85377464605486,244.02124667640106,72139700
2018-06-11,245.52842712402344,246.24237538751734,245.30807205754232,245.4226609959224,58892500
2018-06-12,245.84576416015625,246.20712281550618,245.20231765169822,245.9427074826128,72329000
2018-06-13,245.06124877929688,246.33931878526906,244.85851245663383,246.08369940431285,79070600
2018-06-14,245.67828369140625,246.2071143389862,245.08772026985903,245.9250802932143,77097600
2018-06-15,245.36480712890625,245.7012550888403,243.78883538468264,244.89555787415404,120041600
2018-06-18,244.86016845703125,244.98413436209893,243.43472266632747,243.91280739262805,52917600
2018-06-19,243.92166137695312,244.1430058972589,242.1774654761599,242.59359425511855,97531500
2018-06-20,244.33779907226562,245.00183265741478,244.00135106598808,244.603401698487,53785500
2018-06-21,242.80609130859375,244.34666763816736,242.3102817141276,244.32894278291016,71061400
2018-06-22,243.24874877929688,244.17841191285814,243.0274042741051,244.06330844702353,54898500
2018-06-25,239.93746948242188,242.25715582365535,238.2552564656156,242.09779424744752,137854200
2018-06-26,240.46865844726562,241.318613720225,239.7515044638951,240.50408113101963,68547400
2018-06-27,238.47659301757812,242.47849224175374,238.326066854242,241.05304649180533,105110700
2018-06-28,239.84005737304688,240.60146947724132,237.71512857523751,238.423447181038,76650500
2018-06-29,240.18539428710938,242.29259870231078,240.070290799281,240.9291087243102,97592500
2018-07-02,240.69888305664062,240.85827165334734,238.3791967022646,238.61826608752668,63554800
2018-07-03,239.84890747070312,241.69050893899274,239.42394330078528,241.59310330365744,42187100
2018-07-05,241.8055877685547,241.86757071714234,239.9020303531457,240.97335725440993,56925900
2018-07-06,243.85086059570312,244.22270428564602,241.4514663685335,241.83219950579445,66493700
2018-07-09,246.04656982421875,246.09969034891844,244.8070458819004,244.85130397928495,50550400
2018-07-10,246.9319305419922,247.02933617681353,246.20591406275534,246.49810394762574,51966800
2018-07-11,245.12579345703125,246.17056025929276,244.82476811387056,245.38256069839704,77054700
2018-07-12,247.3480682373047,247.40118876018292,245.78095877320726,246.38300937889045,60124700
2018-07-13,247.54287719726562,247.84390253014723,246.71948199088973,247.17103350001074,48216000
2018-07-16,247.321533203125,247.72879959326502,246.87884412092146,247.5871628642055,48201000
2018-07-17,248.32196044921875,248.7115289177783,246.4980839916861,246.551204508345,52315500
2018-07-18,248.84437561035156,248.95061666305273,247.95899747838,248.4016865443658,44593500
2018-07-19,247.9058837890625,248.56105497851968,247.42777201912497,248.18034885597547,61412100
2018-07-20,247.62257385253906,248.33089263963382,247.46321225779238,247.70225464991242,82337700
2018-07-23,248.0829620361328,248.28658171283647,247.07361800177213,247.41892844076798,47047600
2018-07-24,249.33135986328125,250.17248002160983,248.46370645742684,249.49074848563848,68026900
2018-07-25,251.45628356933594,251.77500676757114,249.03919123765357,249.08344934198635,78882900
2018-07-26,250.8629913330078,251.54472264436467,250.64164684001761,250.73905246712084,57919500
2018-07-27,249.16311645507812,251.2880184882975,248.24231566683144,251.1906128472391,76768700
2018-07-30,247.86160278320312,249.40215198668153,247.33920594196468,249.24279041796194,63742500
2018-07-31,249.08338928222656,249.69430228447183,248.24229636551306,248.62300243369685,68570500
2018-08-01,248.6673126220703,249.79176024823593,248.0210038173346,249.28708818072533,53853300
2018-08-02,250.0219268798828,250.19012385564247,247.16214597845703,247.36579266220008,63426400
2018-08-03,251.09320068359375,251.14632120085852,249.96875335577585,250.14583975971948,53935400
2018-08-06,252.0139923095703,252.32385297597003,250.73904590176275,251.1286143607923,39400900
2018-08-07,252.84629821777344,253.22703138431552,252.54527286766023,252.67810121530914,43196600
2018-08-08,252.74000549316406,253.1384364154706,252.2796186434976,252.67804956580417,42114600
2018-08-09,252.39474487304688,253.19157976992932,252.26194356016575,252.80201123908088,35717000
2018-08-10,250.70362854003906,251.5004633069356,249.99530995422668,250.9603957161205,77076000
2018-08-13,249.76519775390625,251.58907469989234,249.47300781443937,250.97816157511463,65732900
2018-08-14,251.35891723632812,251.59798669200555,250.1016950649141,250.4912637145476,43842000
2018-08-15,249.48191833496094,250.15481454868382,248.0476096853759,250.01315076581565,102925400
2018-08-16,251.50054931640625,252.36822974841357,250.88077371931524,250.91619641561772,69967900
2018-08-17,252.38587951660156,252.82856856746483,250.88958836311608,251.29685472442358,65618500
2018-08-20,252.9259490966797,253.19155169298872,252.38585445806106,252.83740589137912,39807500
2018-08-21,253.5191650390625,254.37798288744068,252.9613725060463,253.439484251431,67272000
2018-08-22,253.36863708496094,253.8910068686637,252.84624028166556,253.11186989649937,44993300
2018-08-23,253.03221130371094,254.05039070086602,252.71346114188097,253.19157287482844,49204900
2018-08-24,254.5550537109375,254.69671744235123,253.55457218379885,253.60769270562974,57487400
2018-08-27,256.5647888183594,256.67102983578684,255.59086779262861,255.7502293187698,57072400
2018-08-28,256.68890380859375,257.13159298478024,256.2284897728139,257.0253248860289,46943500
2018-08-29,258.07000732421875,258.3001872470909,256.66225944752415,256.90130179728936,61485500
2018-08-30,257.0252380371094,257.96373661193746,256.4320498724357,257.5918929605646,61229500
2018-08-31,257.0341491699219,257.4768382804098,256.1310731115822,256.6180203252793,66140800
2018-09-04,256.5914001464844,256.94554594826343,255.59091866725385,256.617960406128,57594400
2018-09-05,255.90074157714844,256.44083607926314,254.89142494667695,256.2371894605009,72452400
2018-09-06,255.13058471679688,256.308125831231,254.10354276501158,256.00710048633505,65909900
2018-09-07,254.63473510742188,255.6086563759925,253.84673566570757,254.08580503411685,73524800
2018-09-10,255.07748413085938,255.90974186342126,254.88269983133213,255.64411217155657,50210900
2018-09-11,255.91860961914062,256.3612988086009,254.08589690967403,254.43118042725905,50530500
2018-09-12,255.98040771484375,256.58245809298876,255.19243557689188,255.9272872120418,59810800
2018-09-13,257.49444580078125,257.6803946160753,256.7595940237465,257.0429214397845,51034200
2018-09-14,257.53887939453125,257.8841629284876,256.75974206100244,257.69824102558806,55079900
2018-09-17,256.17535400390625,257.52111929245183,255.9008888925555,257.4857236145753,68244000
2018-09-18,257.5654296875,258.1586180755422,256.36130103153295,256.3878613023467,61930400
2018-09-19,257.8397521972656,258.2558808895619,257.4944418480969,257.6184077230567,49080600
2018-09-20,259.9292907714844,260.2480409377501,257.85750925934076,259.0970602153132,100360600
2018-09-21,259.69183349609375,260.78578814845525,259.53175051533134,260.670163615046,105479700
2018-09-24,258.8291320800781,259.25604717756437,258.25103654562844,259.11374214506895,53409600
2018-09-25,258.5889892578125,259.38943125963567,258.3488647998379,259.28270927831363,44370000
2018-09-26,257.8152160644531,259.91415398039527,257.3972035619519,258.7312825518188,79739700
2018-09-27,258.5356750488281,259.6207272917874,258.01094045110614,258.2866480000463,59249500
2018-09-28,258.5623779296875,259.0604320703618,257.877560271739,257.9131161804193,70091400
2018-10-01,259.46063232421875,260.52787942324136,258.79359270911283,259.7985762633335,62078900
2018-10-02,259.3094482421875,260.0209463727001,258.9359212233382,259.3094482421875,47258200
2018-10-03,259.45172119140625,260.7768978308185,259.0959721701713,260.358885266842,64694600
2018-10-04,257.4239196777344,259.0248038303383,255.84081347636905,258.9714428347122,111545900
2018-10-05,255.9831085205078,258.16208813528516,254.5600853615641,257.64625615039654,105951700
2018-10-08,255.9831085205078,256.3388575247664,253.91972629713487,255.298263866853,87742200
2018-10-09,255.60948181152344,256.90797752205634,255.0491643965814,255.60060640972696,74339000
2018-10-10,247.51609802246094,255.17372513463502,247.14257112444565,255.10255905945726,214731000
2018-10-11,242.064208984375,248.04975962653202,240.45439529116155,246.43107052946968,274840500
2018-10-12,245.4260711669922,246.43995706680374,242.24205417042162,246.15534704015607,183186500
2018-10-15,244.04754638671875,246.39553877632216,243.95860234615915,245.0703349983781,102263700
2018-10-16,249.38385009765625,249.75740419174008,245.53282033386319,246.00419386811836,118255800
2018-10-17,249.4282989501953,250.0508528260985,246.8579605429045,249.41939640534218,110626000
2018-10-18,245.82635498046875,249.0904144724787,244.55453915232613,248.49451374033328,134557500
2018-10-19,245.6929168701172,248.40553369282395,244.99919677874857,246.47558100230958,139901600
2018-10-22,244.590087890625,246.68012357912642,244.05645078512885,246.35995760097512,82415800
2018-10-23,243.34494018554688,244.46557546007915,238.89800927633917,240.9791968267312,146352700
2018-10-24,235.9719696044922,243.47839182892562,235.42055446462632,243.0959351083187,177806700
2018-10-25,240.205322265625,241.7439695818075,236.78120840190687,237.80399671737732,138061500
2018-10-26,235.98080444335938,241.0236356256426,233.2770902132027,236.5055661327389,201574600
2018-10-29,234.6734161376953,240.3566066552751,231.10699613836647,239.0669858830614,160749100
2018-10-30,238.15090942382812,238.46219999139012,234.01526943167627,234.50444807839088,157116000
2018-10-31,240.694580078125,243.00698951534628,240.24098445251798,240.71235803018175,128296300
2018-11-01,243.25601196289062,243.4516779994685,240.47222900054206,241.55728117758088,99495000
2018-11-02,241.81512451171875,244.7856699043476,239.76952083310158,244.35875493810283,122634100
2018-11-05,243.1492156982422,243.70063059419127,241.33486092616565,242.30428826612493,65622500
2018-11-06,244.68783569335938,244.8479186355636,243.02468846268695,243.08695198751172,60085900
2018-11-07,249.9263458251953,250.0063873008901,246.43103853509635,246.85795354737292,102752100
2018-11-08,249.4728240966797,250.11318323351344,248.33441086918774,249.12595045751826,65584900
2018-11-09,247.03591918945312,248.35219339245518,245.63067379630257,248.1654298904992,98812600
2018-11-12,242.419921875,246.76900482293735,241.90406285226152,246.52888040043038,99673600
2018-11-13,241.96641540527344,244.87469860439538,241.24601473079449,242.88248213590185,98176600
2018-11-14,240.31207275390625,244.23424055284536,238.7556474825517,243.83403319678155,125335900
2018-11-15,242.82025146484375,243.2827497375927,237.4750579587516,239.0492620268951,135101400
2018-11-16,243.45167541503906,244.35883949759102,241.2104049940472,241.72626414950847,126668000
2018-11-19,239.33375549316406,243.14032612906826,238.41768908509545,242.84681357723707,103061700
2018-11-20,234.9046630859375,237.4660995132809,234.04195744397686,236.00749321474495,136021300
2018-11-21,235.7050323486328,237.59942858521316,235.6961569464699,236.45211321876684,75563700
2018-11-23,234.130859375,235.5272018784924,233.97077641256175,234.06859584230529,42807900
2018-11-26,237.91079711914062,238.1331436585043,235.989719762009,236.38105184264202,79981400
2018-11-27,238.71124267578125,238.71124267578125,236.27433325461553,236.87910933634961,75502400
2018-11-28,244.20762634277344,244.20762634277344,238.64896315068884,239.7785008821429,127629600
2018-11-29,243.6739501953125,245.07026538200046,242.2953858130194,243.43379863982963,82346400
2018-11-30,245.1592559814453,245.71957352817088,243.20262298270973,243.52278892831978,98204200
2018-12-03,248.40548706054688,249.38381704212895,246.81350573887352,249.27709506993918,103176300
2018-12-04,240.35658264160156,248.00530818364757,240.04529209231492,247.57839310389085,177986000
2018-12-06,239.99192810058594,240.1075526296109,233.41047676923458,236.5055499894933,204185400
2018-12-07,234.41546630859375,241.21926354147223,233.5794413265767,239.65393555098828,161018900
2018-12-10,234.8601531982422,235.82958062203974,230.0129889373494,234.2375721794817,151445900
2018-12-11,234.91357421875,238.23986982038016,233.4460924616727,238.05310632378428,121504400
2018-12-12,236.09642028808594,239.24485459889894,236.0163787982232,237.88409498741427,97976700
2018-12-13,236.01634216308594,237.90183601004946,234.90460973993248,237.03913056400617,96662700
2018-12-14,231.65835571289062,234.82456747202116,231.10694077556747,233.87291800694808,116961100
2018-12-17,227.1136474609375,231.8184942160514,225.48606918040167,230.7067615302446,165492300
2018-12-18,226.8646240234375,229.41717153878733,225.26372621629173,228.75013191672292,134515100
2018-12-19,223.46714782714844,230.70675017805107,221.7684306807493,226.9446507542669,214992800
2018-12-20,219.8295440673828,223.7873091985889,217.58828746517864,222.22199466662704,252053400
2018-12-21,215.32534790039062,223.38552036390047,214.68124937399995,220.72861735508985,255345600
2018-12-24,209.63580322265625,215.45057126158082,209.57318974188104,213.84032507460728,147311600
2018-12-26,220.2276611328125,220.2276611328125,209.11698102314602,211.0940084996387,218485400
2018-12-27,221.9184112548828,222.1152062471228,213.76878896161634,216.99822249418898,186267300
2018-12-28,221.6321563720703,224.89736734289866,220.46919984471873,223.26923912477056,153100200
2018-12-31,223.57339477539062,223.81493515727374,221.38167686997687,223.25134548294824,144299400
2019-01-02,223.80593872070312,224.72736835312008,220.02187048062882,220.0487067791242,126925200
2019-01-03,218.46533203125,222.36570038148278,217.9822513104657,222.06153288497993,144140700
2019-01-04,225.78297424316406,226.42707273146465,221.11326702808634,221.48898887122783,142628800
2019-01-07,227.56320190429688,228.967685018204,225.1567801850317,226.05135993790628,103139100
2019-01-08,229.70123291015625,230.18431361996602,227.22325682723428,229.74597827796512,102512600
2019-01-09,230.7747344970703,231.61564162896792,229.18238366653358,230.40795353099523,95006600
2019-01-10,231.5888214111328,231.83930266140655,228.56513733970846,229.24502671919808,96823900
2019-01-11,231.6782684326172,231.70510473251588,229.93382703798264,230.51529840272522,73858100
2019-01-14,230.26483154296875,231.06994789059002,229.3792062906262,229.7817508142326,70908200
2019-01-15,232.90382385253906,233.21693219887842,230.63158383386505,230.64053836674492,85208300
2019-01-16,233.46742248535156,234.35304766189932,233.12747782757188,233.3332136885603,77636700
2019-01-17,235.23866271972656,236.09747886046176,232.55492370584037,232.59966906964814,96118400
2019-01-18,238.3697052001953,238.83490412813006,235.2744670046285,237.04574468322795,127900300
2019-01-22,235.14923095703125,237.11731741906,233.53899825203223,236.90262700516908,115531200
2019-01-23,235.6411895751953,236.8757136543288,233.181095948064,236.17794273574026,86030300
2019-01-24,235.7664794921875,236.34797816335373,234.4514461827318,235.46232565671974,59204100
2019-01-25,237.76141357421875,238.58443898655247,235.86490880279874,237.60932299896712,96883400
2019-01-28,235.95436096191406,236.01696079540557,234.1920377820725,235.62337082617444,85613700
2019-01-29,235.6411895751953,236.66099600987093,234.80923719157047,236.09743385671848,66136300
2019-01-30,239.3716278076172,240.21253492262588,236.3926893728271,237.15308758964215,92473700
2019-01-31,241.473876953125,241.95695760539888,239.09429182206264,239.3090095010756,104012100
2019-02-01,241.5902557373047,242.61008997025334,240.8030210242383,241.67076465563014,85782500
2019-02-04,243.2899169921875,243.35254413085923,240.96400403080258,241.63493888694768,60744800
2019-02-05,244.30978393554688,244.61393783518994,243.2183953307509,243.7193579066822,79552800
2019-02-06,243.9876708984375,244.52442420548215,243.25413625589732,244.0324162659288,58347800
2019-02-07,241.66180419921875,242.9231377133348,240.00682608227083,242.37745713067275,95482000
2019-02-08,241.95701599121094,242.05540667168086,239.59531205500326,240.41833753894525,75788900
2019-02-11,242.09120178222656,242.8694819066253,241.56340293120226,242.6100733987666,68021400
2019-02-12,245.2042694091797,245.5799775461956,243.6298006053734,243.70138226031133,72270200
2019-02-13,246.00048828125,246.84139546981498,245.61582552276414,246.03627911704666,65277200
2019-02-14,245.45477294921875,246.5819520637004,244.1039489183974,244.91801968992252,83234400
2019-02-15,248.12957763671875,248.16536847036366,247.0203074973905,247.22604336493276,97088700
2019-02-19,248.5589599609375,249.21198562989034,247.32443568208936,247.33339021467367,59120800
2019-02-20,249.0600128173828,249.51625733838685,248.022296775743,248.5232593750982,76610800
2019-02-21,248.17433166503906,248.78263935619668,247.2171247595832,248.4248129084809,64214700
2019-02-22,249.7129364013672,249.9097176842972,248.156349496703,248.7914933018315,78114600
2019-02-25,250.05296325683594,251.65426891834582,249.97245434206664,251.1354245896953,69030700
2019-02-26,249.8740234375,250.7506941241526,249.49828792864352,249.7040511002087,56844100
2019-02-27,249.76661682128906,250.11548864335228,248.22793893074171,249.15828198984414,56921600
2019-02-28,249.3014678955078,249.99031174685732,248.97943230298569,249.55194912316048,69268300
2019-03-01,250.85812377929688,251.26962291577038,249.42679038672932,250.87600555030397,78880500
2019-03-04,249.94557189941406,252.1551849315805,247.65544996733956,251.9136582318563,106494600
2019-03-05,249.6056365966797,250.2676441881034,249.05995604336294,250.070835547476,59114600
2019-03-06,248.09378051757812,249.73087668536957,247.77174492415404,249.72192215208347,75039800
2019-03-07,246.0183868408203,247.78963728117097,245.17747968817417,247.646501244507,94885100
2019-03-08,245.52639770507812,245.6963700742614,243.7014743208143,244.16664605202442,85795800
2019-03-11,249.08680725097656,249.24782506646932,246.21521367305095,246.24204997563308,65098900
2019-03-12,250.0260467529297,250.5449182155576,249.4535299980749,249.64138407228003,79667500
2019-03-13,251.68106079101562,252.61143136478677,250.75069021724445,250.91173531876376,80639200
2019-03-14,251.52000427246094,252.1283118499615,251.08166900343892,251.7078583448414,67518400
2019-03-15,252.76268005371094,253.57134263691682,251.88212050895183,252.07082946753658,81309000
2019-03-18,253.67918395996094,253.97571096745602,252.75370929471526,252.97833933405315,62199800
2019-03-19,253.7419891357422,255.50308028747529,252.85246329748261,254.73936038466377,90268100
2019-03-20,252.97830200195312,254.7304270184905,251.87313992072177,253.52641347579527,84609200
2019-03-21,255.83563232421875,256.2399499079423,252.115746030022,252.16068848642908,79550400
2019-03-22,250.91175842285156,255.00001424357242,250.84885542975505,254.47888460808878,122659300
2019-03-25,250.7230987548828,251.75639156038153,249.46517588642084,250.57033824697652,85575200
2019-03-26,252.59202575683594,253.54445509403368,251.19033626357648,252.4752137289537,68125900
2019-03-27,251.27117919921875,253.16707116109836,249.7257232922533,252.58301106957472,72224700
2019-03-28,252.22349548339844,252.67275540139417,250.74993721110997,251.90004150435314,56238500
2019-03-29,253.81398010253906,254.13743419240424,252.6099664002764,253.73311658007276,82186800
2019-04-01,256.823974609375,257.12050158234626,255.53909751491526,255.80866998313059,77617900
2019-04-02,256.9497985839844,257.1834225886773,256.1590964948618,257.01270157304134,40070400
2019-04-03,257.3541259765625,258.55813955865335,256.75210547518907,258.16278854117206,68243200
2019-04-04,258.03704833984375,258.2886329223049,256.98579496410593,257.67764571070825,48997500
2019-04-05,259.2860412597656,259.339950290705,258.4144753653563,258.7020084774776,58621700
2019-04-08,259.4836120605469,259.59143007888594,258.20770152867095,258.86363103444137,53566300
2019-04-09,258.1537780761719,258.8456286022435,257.6056940400608,258.522174565323,66142300
2019-04-10,259.034423828125,259.12428134186337,258.1538640665501,258.5671757249507,52601500
2019-04-11,258.9624938964844,259.52856599827516,258.39642179469354,259.5195720218468,55093100
2019-04-12,260.7146301269531,260.99316920128797,259.0074471943866,260.5708636013834,69727800
2019-04-15,260.5438537597656,260.88529575789886,259.7441577724898,260.7864442960236,49596700
2019-04-16,260.7146301269531,261.4783777975032,260.12160349172586,261.42446877799716,52153200
2019-04-17,260.07659912109375,261.85565099506766,259.6632602193015,261.8286964945726,58268300
2019-04-18,260.5887451171875,260.8583175536374,259.36677115136985,260.6606420685019,68708500
2019-04-22,260.8134765625,260.96623707797863,259.7352686592267,259.8251261729986,40160100
2019-04-23,263.1585388183594,263.39216279015545,260.94818732275957,261.1817838739017,52246600
2019-04-24,262.5746154785156,263.4102328349155,262.4308489299954,263.07778468800365,50392900
2019-04-25,262.41278076171875,263.06871029746924,261.22675508512435,262.47568374884355,57770900
2019-04-26,263.6347961425781,263.7066656882998,261.68499538422964,262.4577369591944,50916400
2019-04-29,264.048095703125,264.56925271334455,263.6347841375647,263.7246416311188,57197700
2019-04-30,264.182861328125,264.47039433172,262.29599111609195,263.706646787458,81111700
2019-05-01,262.1971130371094,265.0184789347916,262.18811906270474,264.8118094680611,71671900
2019-05-02,261.63104248046875,262.9968104059952,260.13949601586444,262.0803024726753,65030200
2019-05-03,264.19195556640625,264.4704947003916,261.7389849709223,263.1047535459904,56543700
2019-05-06,263.1046447753906,263.54491082051743,259.58243415240935,259.89692165063803,107198100
2019-05-07,258.7109375,261.2986802923113,256.80607889473276,260.7056536173514,144729900
2019-05-08,258.3514404296875,260.05862285255927,257.7584139715136,258.3514404296875,91568300
2019-05-09,257.56976318359375,258.17175626704255,254.55072152918922,256.2848860812778,103471100
2019-05-10,258.8636779785156,259.6184316644171,253.65224430825242,256.6353379863347,112429300
2019-05-13,252.35833740234375,254.721449608434,251.52272030593628,253.76005395912173,127290500
2019-05-14,254.6406707763672,256.1681663940438,253.24797515252428,253.3737537472588,77003200
2019-05-15,256.1321105957031,256.7700521218785,252.80757560681195,253.01424507952993,73956400
2019-05-16,258.50421142578125,259.8609579611438,256.7610804560164,256.8329499899436,76749600
2019-05-17,256.8330078125,259.3129323114473,256.1860721788903,256.2040601319123,100353000
2019-05-20,255.13478088378906,256.94078755040437,254.3889938816998,255.2336049280397,62877600
2019-05-21,257.43499755859375,257.8123606375981,256.57239853669876,256.82398306292055,46847100
2019-05-22,256.644287109375,257.59671617184193,256.1680725781415,256.48256008080267,49482500
2019-05-23,253.50856018066406,254.46995617412554,252.09787656412092,254.4250411221507,98733800
2019-05-24,254.08348083496094,255.35939128162846,253.46349985025927,254.94605234472476,55268100
2019-05-28,251.72044372558594,255.31452474232293,251.7024831919406,254.3620954665406,70029400
2019-05-29,250.0311279296875,251.01051135068815,248.62943905003047,250.60619383962467,104972900
2019-05-30,250.7140350341797,251.62154901071113,249.6178395350318,250.785904569244,62523800
2019-05-31,247.33566284179688,248.99793081192303,247.30870833074238,248.17130752581056,86862800
2019-06-03,246.70668029785156,248.48573261773257,245.37686062526726,247.3715764238145,96428000
2019-06-04,252.06179809570312,252.1965706027995,248.54858183391056,248.99784180466688,77231900
2019-06-05,254.2452392578125,254.2721937639268,251.87316045778283,253.67916720875505,71169700
2019-06-06,255.8986053466797,256.57249566352033,253.8949223538339,254.5418581548276,69430400
2019-06-07,258.4593505859375,259.5375858798903,256.7431735770717,256.9138946222919,74272200
2019-06-10,259.6453857421875,261.3076536120134,259.55552823720706,260.0047883414486,60799100
2019-06-11,259.5824890136719,261.8287895891115,258.9355533511188,261.46039300426,58641300
2019-06-12,259.1242370605469,259.9059451972257,258.61207399835774,259.3488670961745,47096300
2019-06-13,260.1934509277344,260.55288092143763,259.3308792682955,260.0317238829631,48945200
2019-06-14,259.9059753417969,260.5079685515309,259.1422276479497,259.9059753417969,52324700
2019-06-17,260.0047302246094,260.7684777152376,259.83400922950466,260.13950274162505,39205700
2019-06-18,262.727294921875,263.778575596661,261.4603781786856,261.81980818690425,85434800
2019-06-19,263.32025146484375,263.8503749390502,261.8916080504937,262.8619975207617,78674400
2019-06-20,265.8360900878906,266.24043501972335,263.3831482581043,265.9978445130148,116570000
2019-06-21,265.4496765136719,266.8220594796023,265.23299171747703,265.5670566296167,83309500
2019-06-24,265.1246643066406,265.9733556577188,264.97116086464666,265.6573661634113,47582700
2019-06-25,262.5243835449219,265.2059687471691,262.41604112123906,265.1788831412484,82028700
2019-06-26,262.2625732421875,263.92388825683076,262.154230803802,263.4182718416797,51584900
2019-06-27,263.19244384765625,263.6980600603321,262.6416941550696,263.020892537568,40355200
2019-06-28,264.54681396484375,265.04339252576335,263.65296153358025,264.1675879780534,59350900
2019-07-01,266.948486328125,268.08613665460155,265.74762708261784,267.86942429707057,78705600
2019-07-02,267.6437683105469,267.69793952489164,266.0637102660974,266.9033916424673,61504500
2019-07-03,269.78363037109375,269.80170581299336,268.1764866215848,268.32095238664516,40898900
2019-07-05,269.4765930175781,269.6391341895929,267.2645286286108,268.5556549615941,51677300
2019-07-08,267.995849609375,269.2960135747465,267.454110031467,268.1674009349462,45841800
2019-07-09,268.3299865722656,268.6279282653834,266.7860517816925,266.840222998623,41101300
2019-07-10,269.6120300292969,270.5600812739369,268.8626432853066,269.39534519807506,58448500
2019-07-11,270.2440490722656,270.48781949375126,269.2418542299152,270.2530867910683,50826100
2019-07-12,271.4539794921875,271.526226150782,270.42469881644513,270.7316782304043,40326000
2019-07-15,271.544189453125,271.8872920895059,271.0385732165695,271.8872920895059,33900000
2019-07-16,270.66845703125,271.66164188673037,270.3614776311971,271.45396719521267,36650100
2019-07-17,268.82647705078125,270.8038084821164,268.82647705078125,270.6412948846412,36036300
2019-07-18,269.8106994628906,270.1899255172124,267.88756624619475,268.32997368121545,51392600
2019-07-19,268.3118896484375,270.93026568631416,268.1403383081677,270.903180082799,58678600
2019-07-22,268.970947265625,269.51268682028854,268.194475028688,268.7091014293009,43638100
2019-07-23,270.8941650390625,270.8941650390625,269.259935864137,270.090607031503,44564500
2019-07-24,272.1671142578125,272.1671142578125,270.04531763327054,270.1356121276362,47213200
2019-07-25,270.8670959472656,271.76998626708985,270.06351033668966,271.71581505222247,55394100
2019-07-26,272.6819152832031,272.8805522564363,271.42688450822385,271.55330237938404,45084100
2019-07-29,272.1853332519531,272.68193950616376,271.6345833318975,272.5645593450953,38126500
2019-07-30,271.5171813964844,271.923493066979,270.40661637008486,270.78584243281495,45849000
2019-07-31,268.546630859375,271.9505446149553,266.5332033083149,271.7609178303265,104245200
2019-08-01,266.208251953125,271.6526809798995,265.4137038440711,268.7002387398789,142646600
2019-08-02,264.20379638671875,265.55813204796215,262.6508237263318,265.314361548389,116749700
2019-08-05,256.2583312988281,260.2220053837113,254.36225615994783,260.1136629564653,178745400
2019-08-06,259.851806640625,260.0685190404571,256.6736428346704,258.14535837183905,120711700
2019-08-07,260.0052490234375,260.7727110773986,254.65111763531422,256.78192492921147,140572300
2019-08-08,265.1065673828125,265.1065673828125,260.9442575518692,261.4950072466984,87713900
2019-08-09,263.3008728027344,264.76355072411707,261.52217775603447,264.167639801697,93730000
2019-08-12,260.0955810546875,263.29179245654484,259.1475298322207,261.80202916869314,65527600
2019-08-13,264.1404724121094,265.5851019991185,259.4544708605961,259.79757348733773,94299800
2019-08-14,256.3305969238281,260.7005834580758,256.2042065871093,260.0956622781489,135622100
2019-08-15,257.0076599121094,257.901539842479,254.96714703508582,257.2153345533102,99556600
2019-08-16,260.79986572265625,261.23323542718947,257.06188669690755,258.6600201444486,83018300
2019-08-19,263.94183349609375,264.6190010266753,263.1382756878927,263.81544321847423,53571800
2019-08-20,261.91937255859375,263.9689230625115,261.79298227907464,263.43622123692984,51596400
2019-08-21,264.0501708984375,264.4203315219926,263.39105133047104,264.0772564941614,49524700
2019-08-22,263.968994140625,265.3865385206094,262.1993368727227,264.75453184479977,51666400
2019-08-23,257.188232421875,264.33009591746213,255.9422397627942,262.66878155669343,149161500
2019-08-26,260.0323791503906,260.0323791503906,257.8473727295932,259.37325938101276,72423800
2019-08-27,259.0121154785156,261.7930328129497,258.253690992949,261.42284451272855,66668900
2019-08-28,260.8359680175781,260.99848164367427,257.5494344017355,258.3530199208042,59696700
2019-08-29,264.1676025390625,264.69129428520955,262.3889077432596,263.3911301931494,57899400
2019-08-30,264.0501708984375,265.66632403331914,263.12019537323226,265.64827615417454,62901200
2019-09-03,262.5062561035156,263.2646804730789,261.1790065682752,262.35278021837604,69101400
2019-09-04,265.4858703613281,265.5039182477998,263.9238602297381,264.6732746057014,46887300
2019-09-05,268.89874267578125,269.81064296202624,265.44969579769,267.96876695252837,83258100
2019-09-06,269.10650634765625,269.74757845071673,268.53770846991716,269.21487635459073,49584300
2019-09-09,269.24188232421875,270.18086834097136,268.3028687534425,270.0906013596085,51260300
2019-09-10,269.1785888671875,269.24179777751164,267.2283432421519,268.483345961652,57947100
2019-09-11,271.09283447265625,271.17409129973674,268.8356085403277,269.48569071099945,68821100
2019-09-12,272.0317687988281,273.0881347966629,271.2372210938471,271.9956454793237,72908700
2019-09-13,271.8512878417969,272.8264249779895,271.4810994432451,272.47428446935595,62104800
2019-09-16,271.0115966796875,271.89643922675583,270.37055218501104,270.7226651270901,58191200
2019-09-17,271.69769287109375,271.7879598351725,270.6412993619928,270.8128506801717,41475500
2019-09-18,271.8602600097656,271.9686024312111,269.27797956454594,271.30948262871954,73375800
2019-09-19,271.8421936035156,273.24169007108816,271.5081286082832,272.2485052514616,76560500
2019-09-20,270.5578308105469,272.7257172981861,269.7686931121249,272.44450325727587,89565000
2019-09-23,270.4943542480469,271.21093939721106,269.64171563544,269.89569132762455,43476800
2019-09-24,268.3717346191406,271.9727625422939,267.4102536031992,271.582733535712,94869400
2019-09-25,269.9591064453125,270.40355684518136,266.9748722488337,268.45338400504926,71854000
2019-09-26,269.39678955078125,270.1768477756016,267.99085778219984,269.9682417151954,56179700
2019-09-27,267.9455261230469,270.25854579792986,266.39446122946606,270.14967534254725,84746600
2019-09-30,269.1880798339844,269.89558524708093,268.4171012837451,268.4624431933133,51662400
2019-10-01,265.9862365722656,270.72109036382295,265.76855105398255,270.06800612770223,88242400
2019-10-02,261.28765869140625,264.4170262525811,259.99964920337914,264.4079467960568,122539500
2019-10-03,263.4283142089844,263.4555248952082,258.3487738908161,261.0608737824399,85278800
2019-10-04,266.9930725097656,267.2470481606347,264.02696908285304,264.081418140647,65091200
2019-10-07,265.8410949707031,267.81850652842235,265.5599086250279,266.19486160761295,59610500
2019-10-08,261.7138977050781,264.7253421334106,261.6776075713752,263.990626093179,95708100
2019-10-09,264.1992492675781,265.13351958206624,263.10171486269707,263.7275882237998,62359400
2019-10-10,265.9862365722656,266.8660857836884,263.9544312515663,264.1176953902786,55296300
2019-10-11,268.7435607910156,270.9749191880623,268.6165868679146,268.73448133891685,98720400
2019-10-14,268.4443359375,269.09742004492904,268.0996488139588,268.42617702704035,40394800
2019-10-15,271.1019592285156,271.84575469340325,269.36947218865987,269.48739435763724,46754500
2019-10-16,270.6665954589844,271.35596965464424,270.2312245406846,270.63938477659065,48928200
2019-10-17,271.46484375,272.3356133684746,270.77546947468795,271.8276621175921,45736600
2019-10-18,270.2766418457031,271.5737308704061,269.4240033178338,270.92972608659727,64304000
2019-10-21,272.10882568359375,272.3083799212792,271.1564240881151,271.5918227015919,39048600
2019-10-22,271.2199401855469,272.9342686902184,271.1292286758053,272.6440029315517,48594700
2019-10-23,272.0091247558594,272.0635461348605,270.75737767629226,270.9660114166438,34352200
2019-10-24,272.4535827636719,273.08853577790205,271.62815491768134,272.9434028694703,35453100
2019-10-25,273.5691223144531,274.11336349416234,271.8275560756349,271.8819774254802,45205400
2019-10-28,275.1112365722656,275.61013608971376,274.75749763127527,274.7847083190437,42147000
2019-10-29,275.029541015625,275.9547595486964,274.7120646107723,274.8390662452186,44284900
2019-10-30,275.8731994628906,276.24506964645207,273.92299861636155,275.22916703094626,49643900
2019-10-31,275.138427734375,275.864092158819,273.68715424802167,275.864092158819,69053800
2019-11-01,277.6873474121094,277.73268933726877,276.41744133237114,276.58073316174546,71141500
2019-11-04,278.8030090332031,279.3744612238009,278.4311111364447,279.2384077691996,60606900
2019-11-05,278.49462890625,279.30192558808307,278.2043630646061,279.00258028848964,42933200
2019-11-06,278.5579833984375,278.83009018122067,277.6146337493563,278.4944825887015,46487100
2019-11-07,279.5377197265625,280.8710989172841,279.06605853304166,279.89148638265715,54272300
2019-11-08,280.22705078125,280.2814721535745,278.4945632788722,279.19298934454866,49032100
2019-11-11,279.69189453125,279.864238107545,278.7122544469131,278.84833556176477,35797300
2019-11-12,280.2815246582031,281.17950515104246,279.5105181641509,280.05475967061557,46484600
2019-11-13,280.37213134765625,280.7712397910703,279.0659632930762,279.2927281958677,53917700
2019-11-14,280.7802734375,280.86193315674427,279.4559742414444,280.09092700077474,51219900
2019-11-15,282.81219482421875,282.85753674364037,281.4243943784293,282.11374103249324,62023600
2019-11-18,283.0207214355469,283.25656578539156,282.1227413053871,282.5762710973889,49228000
2019-11-19,282.9391174316406,283.62849164179835,282.2951128139359,283.6194121870548,67804700
2019-11-20,281.8868408203125,282.86648047745655,280.33577699130007,282.34944997403363,79406200
2019-11-21,281.4334411621094,282.10468425402297,280.6352517705745,281.9958415043259,54664700
2019-11-22,282.0592956542969,282.31327128023827,281.05247260615073,282.1772178522817,44850200
2019-11-25,284.2453308105469,284.2453308105469,282.98453205746335,282.98453205746335,48647200
2019-11-26,284.8893127441406,285.07073576578375,283.9641217688007,284.2815982160428,37569000
2019-11-27,286.1591491699219,286.1591491699219,285.1522987020101,285.36998413020297,44444600
2019-11-29,285.0979309082031,285.84172650261706,284.87116598414514,285.5968026686247,36592700
2019-12-02,282.6761474609375,285.41545826710006,282.24982822038623,285.3519574335292,75767800
2019-12-03,280.7802734375,280.86193315674427,278.58520482169314,279.9639253764044,73941700
2019-12-04,282.5128479003906,283.11151071206064,281.4788140847929,281.82350125041523,49080000
2019-12-05,283.0207214355469,283.2293551051219,281.71455342008073,283.21122387869605,40709000
2019-12-06,285.60595703125,286.00506561677,284.91658262330225,284.92566208065074,48927000
2019-12-09,284.7080383300781,285.8872054277955,284.63545801808664,285.2159897889052,34838500
2019-12-10,284.3904724121094,285.31566348978197,283.73738821573176,284.6535275182076,52649800
2019-12-11,285.1977233886719,285.4516989977195,284.3087949163725,284.8439568182491,53429100
2019-12-12,287.65582275390625,288.4358807429049,284.97093401980595,285.20675069859516,96389600
2019-12-13,287.8282470703125,289.0527834416107,286.6490526203965,287.42005905278955,81503900
2019-12-16,289.80548095703125,290.39506403618554,287.76459728831975,289.55150542995295,82749700
2019-12-17,289.8691101074219,290.4859041346796,289.78747804627915,290.1865865771561,61097700
2019-12-18,289.88720703125,290.4858697567159,289.8327856635954,290.2591048310666,48133000
2019-12-19,291.075439453125,291.14801972745664,289.8236926929126,290.07766829054526,85310500
2019-12-20,292.3515625,293.48183740439526,291.13013011229833,292.10543451333706,147142100
2019-12-23,292.79827880859375,293.1902254958816,292.6524323585263,293.13553655427705,52990000
2019-12-24,292.80731201171875,293.07163254163527,292.5064951089071,293.026067710231,20270000
2019-12-26,294.3660583496094,294.3751824445798,293.1810943326841,293.1901906102919,30911200
2019-12-27,294.2930908203125,295.1499211381323,293.7644218965359,295.0952322086851,42528800
2019-12-30,292.67071533203125,294.51200281776664,292.18761103295026,294.37528043451204,49729100
2019-12-31,293.381591796875,293.6277198137139,291.82290156546304,292.1692833540794,57077300
2020-01-02,296.12530517578125,296.1435533670269,293.9923531023892,294.9129966046256,59151200
2020-01-03,293.88299560546875,295.0041745676097,292.68890732538284,292.74359626818324,77709700
2020-01-06,295.0041198730469,295.08615327203825,292.0143098616565,292.1328118215423,55653900
2020-01-07,294.1747131347656,294.9130417417363,293.7280496413541,294.43903377463585,40496400
2020-01-08,295.74249267578125,296.95480128822834,294.1199891894408,294.3660894233574,68296000
2020-01-09,297.7478332519531,297.82077038824355,296.71781178644477,297.30119760730037,48473300
2020-01-10,296.8910217285156,298.4861809242892,296.42616567870095,298.3312381801406,53029300
2020-01-13,298.9327392578125,298.9418355342063,297.0823563543286,297.5107715003253,47086800
2020-01-14,298.47705078125,299.54351294484616,297.92100945963375,298.4952711557389,62832800
2020-01-15,299.1516418457031,299.9081909299412,298.3039352312577,298.38596866323246,72056600
2020-01-16,301.6400451660156,301.6400451660156,300.3001103883815,300.5279902633712,54050300
2020-01-17,302.578857421875,302.7884890679203,301.5761805798231,302.35097758583424,95846000
2020-01-21,301.986328125,302.78846954692693,301.5488166711206,301.6217259743135,77742400
2020-01-22,302.0227966308594,303.49035714511143,301.867853930092,302.84315842409643,48914900
2020-01-23,302.36920166015625,302.77939649699647,300.2635941747511,301.3756489009387,51963000
2020-01-24,299.68017578125,303.1074970853696,298.3949302922052,303.02546369041266,87578400
2020-01-27,294.87652587890625,296.35318285602233,294.1108529210448,294.44811064824233,84062500
2020-01-28,297.96661376953125,298.8416646744203,294.9677069156235,296.2985175568416,63834000
2020-01-29,297.7204284667969,299.55259115613137,297.5198931086739,299.32471133178075,53888900
2020-01-30,298.6866760253906,298.89633550564963,294.9130001022843,295.66042488337473,75491800
2020-01-31,293.2630920410156,298.22175888029057,292.3515728105219,298.06678837146853,113845600
2020-02-03,295.4416198730469,297.30112696346464,294.6212580975968,294.73976005288546,69083000
2020-02-04,299.94451904296875,300.8104734483571,298.723086598825,299.0421238964606,62573200
2020-02-05,303.4083251953125,303.6179846653886,301.41212336008243,302.870532103236,65951100
2020-02-06,304.4292297363281,304.6206410029242,303.35361580732535,304.3654167083422,50359700
2020-02-07,302.80670166015625,304.4383010658972,302.2597845544811,303.37183913632214,64139400
2020-02-10,305.0672607421875,305.13107376686384,301.88606741089336,301.92253597033135,42070000
2020-02-11,305.5960388183594,307.2002942348692,305.0673419265735,306.4164008111858,54864500
2020-02-12,307.5649108886719,307.7745425630313,306.66248770025715,307.02708992369514,43992700
2020-02-13,307.23675537109375,308.202963799749,305.86947614367216,306.1429208622096,54501900
2020-02-14,307.72894287109375,307.8474448392001,306.4528213248784,307.64690946641167,64582200
2020-02-18,306.93597412109375,307.7928046845001,305.5504466650149,306.73543871652276,57226200
2020-02-19,308.4034118652344,309.0779271915285,307.61951868249895,307.9020874174254,48814700
2020-02-20,307.1364440917969,308.67691395841035,304.15575813081296,307.8565243216202,74163400
2020-02-21,303.9734802246094,306.09730805211063,303.1530905628107,305.78739481387316,113788200
2020-02-24,293.89215087890625,304.046464384972,292.81653664920486,294.5484460794996,161088400
2020-02-25,284.9864807128906,295.88824287722144,284.11143004396996,295.2775405729495,218913200
2020-02-26,283.938232421875,289.9633610159589,283.2090281846531,286.3810972156628,194773800
2020-02-27,271.18621826171875,283.9930581364514,271.18621826171875,278.4327827430655,284353500
2020-02-28,270.0467834472656,271.5325647241753,260.2752930240666,263.15569806188904,384975800
2020-03-02,281.741455078125,281.80526809577424,268.40592525729664,271.8241221224841,238703600
2020-03-03,273.6745910644531,286.07126116142535,271.24084970802795,282.1152700822015,300139100
2020-03-04,285.1778869628906,285.3966704893052,276.4911099959197,279.03425638312916,176613400
2020-03-05,275.6981201171875,281.1763600202487,273.4649145191371,277.9951665598652,186366800
2020-03-06,271.14056396484375,272.3437762979566,264.55029623787203,267.2119174164198,228667200
2020-03-09,249.96595764160156,259.04468244351574,249.25497367188592,250.94126219037892,309417300
2020-03-10,262.90032958984375,262.99145923851665,249.30045348894666,259.45478878594474,276444100
2020-03-11,250.08444213867188,256.9937745724308,246.91237251975267,255.86349945004477,255316300
2020-03-12,226.1570587158203,243.06574485920348,225.7650981762707,233.34894558391483,392220700
2020-03-13,245.4904022216797,247.45928738947632,226.53079663529957,239.8116265596918,329566100
2020-03-16,218.6279296875,234.16932404862888,216.35824141554718,219.84023822786799,297240000
2020-03-17,230.43206787109375,233.50389718402428,216.09387404457632,223.35866962977036,262070500
2020-03-18,218.76467895507812,226.3940926828577,207.84467929166857,215.34648084640503,327597100
2020-03-19,219.22947692871094,225.491623266157,211.6729889100404,218.08096774832077,289322000
2020-03-20,209.78201293945312,224.149511692918,209.50694631687315,222.37076338943308,347158800
2020-03-23,204.41824340820312,210.58883736917826,200.11807712080454,209.22269612416616,326025200
2020-03-24,222.93917846679688,223.81022492489032,214.3663660879373,214.93482673177368,235494500
2020-03-25,226.27664184570312,235.04201992086357,219.82181757105965,224.5162352253458,299430300
2020-03-26,239.4888916015625,240.95587614121874,228.34879937507776,228.77973377835932,257632800
2020-03-27,232.3555908203125,239.13132946268587,230.1825909794387,232.21806449765097,224341200
2020-03-30,239.9015350341797,240.61669998293996,232.45647736735626,234.44610436485314,171369500
2020-03-31,236.32565307617188,241.4418275508448,234.92282878626662,238.90208181788717,194881100
2020-04-01,225.68983459472656,236.24312431481496,223.62685616519354,227.36772539626958,189554600
2020-04-02,230.89776611328125,231.67710529382802,224.25955349816576,224.8096867942336,177660400
2020-04-03,227.5602569580078,232.26385185645358,224.83712454211462,229.91662928983567,135561200
2020-04-06,242.84463500976562,244.80677011871967,227.54193143111638,236.40815247528656,188061200
2020-04-07,243.09228515625,252.1693873137106,242.8722430130939,251.417539350002,201427200
2020-04-08,251.25247192382812,253.05872554058368,243.202271556666,245.68700700539043,153774500
2020-04-09,255.0758514404297,257.8264895451894,252.57276069196072,254.50736272812495,189999200
2020-04-13,252.74693298339844,254.4431651623593,248.85019623918757,254.10392432275387,114839100
2020-04-14,260.20123291015625,261.2189556921162,252.60947200950213,257.6248038351175,134143400
2020-04-15,254.67242431640625,260.3387321420968,252.5635849639978,254.49821499657006,121775000
2020-04-16,255.9010467529297,256.75373788155946,252.83867290726175,255.94687953066466,131798300
2020-04-17,262.8143005371094,263.4194162623719,258.9267132107058,261.65902364519036,146684800
2020-04-20,258.1840515136719,262.95183530213035,257.96400942467557,259.11925837284326,100109300
2020-04-21,250.34471130371094,254.9291074264228,249.40947658688037,253.72799788074695,126385700
2020-04-22,255.9010467529297,257.64311202094046,253.89307862361522,255.21338720127235,92951600
2020-04-23,255.88267517089844,260.3387233355944,255.58011729880272,257.17547840445417,104709700
2020-04-24,259.4493408203125,260.1186727932332,255.35088916404356,257.39554010912246,85063200
2020-04-27,263.19024658203125,264.30884067979105,260.9622361353189,261.42067588061485,77896600
2020-04-28,261.97991943359375,267.1786091367333,261.6773336103177,266.83019054311086,105270000
2020-04-29,268.8382263183594,270.36942737195216,266.27097494933463,267.2978754969445,118745600
2020-04-30,266.3351135253906,268.9390474225819,264.60219818898923,267.462857175173,122901700
2020-05-01,259.2843322753906,266.5001686462375,258.11987753446385,261.59485828058166,125180000
2020-05-04,259.99945068359375,260.30200851871746,255.92850465269154,257.40466678621465,80873200
2020-05-05,262.4016418457031,265.20728975991784,260.12777151810104,262.814248648765,79569900
2020-05-06,260.623046875,264.4831024610692,260.1921123097419,264.0980286679985,73632600
2020-05-07,263.76788330078125,265.69333581380084,263.2636107768448,263.83207158010157,75250400
2020-05-08,268.1322326660156,268.5998501465137,265.76666797978606,266.89443979354115,76452400
2020-05-11,268.18719482421875,269.56251377203523,265.7849755389823,266.2067321816507,79514200
2020-05-12,262.8418273925781,269.7825831185984,262.7042730991444,269.37000418111256,95870800
2020-05-13,258.19329833984375,263.31865189419375,255.7727227895186,262.2825734797414,144721100
2020-05-14,261.2830810546875,261.41142959963264,250.29885756390482,255.76347804149395,121977900
2020-05-15,262.4842224121094,262.5300551877956,257.95483612918537,258.8992207520091,111146300
2020-05-18,270.4794006347656,272.08393945209053,268.3705893815132,268.6914747602291,119703800
2020-05-19,267.7012939453125,271.58885385664627,267.68296642946405,269.8834715117107,95189300
2020-05-20,272.2489318847656,273.1108005640989,271.0019896139452,271.2312094120459,85861700
2020-05-21,270.369384765625,272.92748596370774,269.278296110494,272.1206276660374,78293900
2020-05-22,270.8827819824219,271.0569912617553,268.84730912262285,270.0851015880697,63958200
2020-05-26,274.2202453613281,277.07175449936034,270.90114681308035,276.83335693039163,88951400
2020-05-27,278.3004455566406,278.33712857289146,272.1940244647287,277.0076420479935,104817400
2020-05-28,277.7868957519531,281.33521382254526,277.11756385460404,279.3272461114309,90405200
2020-05-29,279.02471923828125,279.61150744849493,274.5778489741923,277.3193091660714,119090800
2020-06-01,280.15240478515625,280.75754836392883,277.8693847232331,278.3828347935377,55758300
2020-06-02,282.47216796875,282.51802872321025,279.739885508997,281.06934373149255,74267200
2020-06-03,286.2313232421875,287.1848853825561,284.1775229222528,284.45257547191164,92567600
2020-06-04,285.4794921875,286.98318749531984,283.3890087460685,285.2502723891811,75794400
2020-06-05,292.7962951660156,294.565865879508,290.797504578311,290.86169285851645,150524700
2020-06-08,296.3353576660156,296.5278944562294,293.06209232772414,293.60304767799335,73641200
2020-06-09,294.12567138671875,296.4086915242657,292.81451293214826,293.6763815746221,77479200
2020-06-10,292.4845275878906,295.5927621739855,291.7693627776029,294.70338803982554,95000800
2020-06-11,275.623046875,286.2038408309795,275.0729417317749,285.57119193533765,209243600
2020-06-12,278.923828125,283.3890255846192,273.78014897594073,282.6188503742168,194678900
2020-06-15,281.5277404785156,282.6555119408555,272.07471838959447,273.24832261847223,135782700
2020-06-16,286.9465026855469,289.40376017355715,282.09623192993956,289.2570561458452,137627500
2020-06-17,285.7546691894531,288.25776030514066,285.021148798676,287.9643521488298,83398900
2020-06-18,285.86468505859375,286.34145231822947,283.7833786982742,284.2418184413267,80828700
2020-06-19,284.23095703125,289.5169952642536,282.2878135586834,289.323611161699,135549600
2020-06-22,286.0543518066406,286.4503381503588,282.49041850503755,283.6323430698322,74649400
2020-06-23,287.3712158203125,289.6274664668477,286.96601139314646,288.69733429029844,68471200
2020-06-24,280.040771484375,285.95305250280444,278.20816137818287,285.3360276763805,132813500
2020-06-25,283.04296875,283.3100417218154,277.45301313177083,279.46981736237365,89468000
2020-06-26,276.32025146484375,282.1588713157659,275.7400992165521,281.9470509652658,127961000
2020-06-29,280.3815002441406,280.51963173893165,275.2888463730119,277.5727234684733,79773300
2020-06-30,283.9731140136719,285.66762102118946,279.7921834155964,279.94872310498295,113394800
2020-07-01,285.9622802734375,287.22395639224413,284.62697148514405,285.08742860608777,72396500
2020-07-02,287.53704833984375,290.7326217108491,286.8739889973159,289.38806675534465,69344200
2020-07-06,291.975830078125,292.55601050927066,290.6036769406393,291.3496151795207,61713800
2020-07-07,288.9644470214844,292.408657022588,288.5868688394488,290.43791531370204,82910000
2020-07-08,291.17462158203125,291.2851267804882,287.9698584105039,289.728779659392,54638600
2020-07-09,289.51702880859375,292.0219167134949,286.10963481375455,291.78247001320926,83354200
2020-07-10,292.47308349609375,292.74015643400605,288.0250810957527,289.45248660102106,57550400
2020-07-13,289.94061279296875,297.18820278628755,289.2867716039281,294.8122566026346,102997500
2020-07-14,293.6979675292969,294.4715320808562,287.32522893206374,288.522406144319,93657000
2020-07-15,296.3962707519531,297.4921610086868,294.0202961383002,296.91198050758385,87196500
2020-07-16,295.4200134277344,295.87125229977755,293.8544483675677,294.4990994168282,54622500
2020-07-17,296.2764892578125,297.0592718738817,294.4530691984586,296.42383888823116,62774900
2020-07-20,298.6708679199219,299.4168060932532,295.2634745052949,296.0094126786261,56308800
2020-07-21,299.3063659667969,301.0745056864678,298.320980919731,300.6324848085871,57292200
2020-07-22,301.0099182128906,301.3230536853919,298.83657479523924,298.947079971857,57792900
2020-07-23,297.4184265136719,301.3507479273714,296.05549155599056,300.65084417889534,75738000
2020-07-24,295.5029602050781,296.5251615020732,294.0018655257891,295.56743094562876,73766600
2020-07-27,297.6578674316406,297.83284336537673,295.4016165623497,296.19361733148213,48293000
2020-07-28,295.77001953125,298.04467867981947,295.47532024869815,296.9303522871835,57495000
2020-07-29,299.4075927734375,299.9693649980808,296.60800599281623,296.64485042658015,48454200
2020-07-30,298.3393249511719,298.7537475391664,294.36099738513786,296.4422441472383,61861700
2020-07-31,300.69683837890625,300.7981535361253,295.9172923240878,300.1258761780566,84986800
2020-08-03,302.787353515625,303.5516998495723,301.8111868221174,302.3545227663099,53077900
2020-08-04,303.9568786621094,303.9568786621094,301.930856580021,301.930856580021,41917900
2020-08-05,305.8447570800781,306.1026399985558,304.988313743364,305.2553866917395,42697700
2020-08-06,307.88922119140625,308.00894452980793,304.942312718452,305.264638297825,43679400
2020-08-07,308.1102600097656,308.3957411535914,306.0197668612782,306.922272863609,57308300
2020-08-10,309.0310974121094,309.21526333756503,306.62749741598617,308.5614223096807,44282100
2020-08-11,306.4801940917969,310.8453459347755,305.7526922046899,310.2099129722672,69601100
2020-08-12,310.7532958984375,311.52686046889016,308.88384116049235,308.91146746286313,53774400
2020-08-13,310.19146728515625,311.49917760274417,309.2705532345938,309.98886506986986,41816100
2020-08-14,310.20068359375,310.73482947821054,309.0771673345119,309.80469729931406,47260400
2020-08-17,311.1861267089844,311.58211307766084,310.2099598864431,311.2137530113555,35481000
2020-08-18,311.85833740234375,312.28194998264934,309.98885496076423,311.5820463337453,38733900
2020-08-19,310.5599060058594,312.7516581960092,309.99813372934017,312.2359484919656,68054200
2020-08-20,311.5268249511719,312.0056901723592,308.70883001435334,308.83774337602864,42207800
2020-08-21,312.6319580078125,312.85296841916903,310.85457226958493,311.1953341258538,55106600
2020-08-24,315.7998962402344,315.87355700727335,312.604322979584,315.0631480494956,48588700
2020-08-25,316.9048767089844,316.9877555848654,315.2011804272678,316.36154089772384,38463400
2020-08-26,320.0821228027344,320.34916765874164,316.9510204608459,317.4943564112972,50790200
2020-08-27,320.78204345703125,322.22788555251475,319.1244090738759,320.94782937860447,58034100
2020-08-28,322.85406494140625,322.983006410203,320.61625033931085,321.804237442081,48588900
2020-08-31,321.6846008300781,323.517211458674,321.45437223436204,322.6423596573987,66099200
2020-09-01,324.7143249511719,324.8156120146118,321.6200388879637,322.51332671022755,54908700
2020-09-02,329.4109802246094,330.3779287745175,325.47865908576307,326.6206116646277,69540000
2020-09-03,318.0745544433594,328.19539204398836,315.4959779391516,327.72571683022153,148011100
2020-09-04,315.4775695800781,320.32155893623025,308.3865193279406,318.7560217314167,139156300
2020-09-08,306.85772705078125,315.54196689159204,306.5538378154059,310.0809258509965,114465300
2020-09-09,312.9174499511719,315.37627517454166,309.98892137932586,310.8545829924272,91462300
2020-09-10,307.48406982421875,315.44075426286713,306.5263111431715,314.7869130200324,90569500
2020-09-11,307.6405334472656,310.32039660205055,304.8225388111135,309.2613511061483,84680200
2020-09-14,311.69256591796875,313.46073328485505,307.78789928384793,310.7992781526269,65605700
2020-09-15,313.267333984375,314.9710024350509,311.70176891157143,314.14218543935834,52920900
2020-09-16,312.02410888671875,315.9287755119788,311.7478178059842,314.50136995908423,82096000
2020-09-17,309.2798156738281,310.9927306673699,306.65520463292705,307.1801324619214,91523300
2020-09-18,305.71917724609375,310.19424068358853,303.2412544546544,310.0832931282361,105877900
2020-09-21,302.31671142578125,302.4646509332724,297.471812475892,301.14247861932574,99450800
2020-09-22,305.3955383300781,305.95030428150574,301.29030979270976,303.79599750028683,63612100
2020-09-23,298.3130798339844,306.22765682115056,297.8137877286705,305.95025977750316,93112200
2020-09-24,299.1082763671875,302.1594468796686,295.6872430633771,297.0001882528296,76681300
2020-09-25,303.9440002441406,304.7298882709884,297.38858462452924,298.2576833289289,71069400
2020-09-28,308.9922180175781,309.70415018624124,307.1060252515909,308.0953544774506,64584600
2020-09-29,307.3094787597656,309.52851442541044,306.616028350716,308.78884527571864,51304000
2020-09-30,309.6394348144531,312.7830704632652,307.7809790212787,307.9751372004484,104081100
2020-10-01,311.6273193359375,313.19912304877136,309.7503816970542,312.2283039383906,88698700
2020-10-02,308.6686096191406,311.59960544931795,306.21842407966096,306.68997933659404,89431100
2020-10-05,314.142333984375,314.3272371892056,310.6750814573515,310.7213002044158,45713100
2020-10-06,309.67645263671875,316.37057974539914,309.16793362544905,314.28097349200937,90128900
2020-10-07,315.0668640136719,315.87126190492677,312.598168352672,312.6259052380061,56999600
2020-10-08,317.8591613769531,317.9238901844621,316.083915987055,316.99928967685366,45242500
2020-10-09,320.69769287109375,321.15999312657567,318.8854837702439,319.5049503113114,59528600
2020-10-12,325.85699462890625,327.32710625079835,322.7410950073578,323.23113221465513,80388500
2020-10-13,323.73040771484375,325.89396970025575,322.76881520469266,325.71829333157706,73255500
2020-10-14,321.69622802734375,325.39462982999737,320.96581398724754,324.30360807019053,57727900
2020-10-15,321.2987060546875,321.7794882050628,317.25820597808996,317.7944619067174,60357700
2020-10-16,321.1045227050781,324.30363260576735,320.92884634883575,322.648589773227,89501900
2020-10-19,316.2226257324219,322.99067994136914,315.3257621196153,322.36195837394564,68425600
2020-10-20,317.4892578125,320.7253588857788,316.80506261487807,317.56321342174476,60051900
2020-10-21,316.8883056640625,319.6066331009399,316.5831717303874,317.4430433315355,63575000
2020-10-22,318.6266174316406,319.2091203575822,314.9652067470299,317.1010319977672,55399300
2020-10-23,319.70831298828125,319.902471164237,317.2581276650549,319.84699739967823,49143900
2020-10-26,313.8001403808594,317.11945239999403,310.3143788466837,316.333536423992,91473000
2020-10-27,312.7184753417969,314.475211171502,312.5058070055164,314.1423684363601,65994100
2020-10-28,302.0299987792969,312.7461150486337,301.5399616493468,307.059827691063,127094300
2020-10-29,305.0997619628906,308.26188068846716,300.57845080596985,302.2612309226505,90597700
2020-10-30,301.9189758300781,304.8314609963996,298.2760485600688,303.5277712480049,120287300
2020-11-02,305.3031005859375,307.30021286282704,302.56626275236454,305.3031005859375,86068300
2020-11-03,310.6935119628906,312.746126248305,305.38631400131226,308.52995012960014,93294200
2020-11-04,317.6372985839844,321.70553558783416,313.9851149209246,315.15934752702685,126959700
2020-11-05,323.8321228027344,325.63510535784354,322.5561693903892,322.90752215223176,82039700
2020-11-06,323.7580871582031,325.00630337123437,321.43733106964845,323.5454189031764,74973000
2020-11-09,327.82635498046875,336.9059387720614,327.36405472488747,336.52684917649657,172304200
2020-11-10,327.3455505371094,328.39958037530033,324.0817120840673,326.8370033607283,85552000
2020-11-11,329.7773132324219,330.6001931058199,328.28869157206935,329.5276530081711,58649000
2020-11-12,326.57818603515625,329.82354332955566,324.7752317067129,328.7694850499286,67546200
2020-11-13,331.0994567871094,331.8391259274995,327.96504743366876,328.48282147525566,62892200
2020-11-16,335.23248291015625,335.4266411567119,332.4771626634018,333.7623711816577,74541100
2020-11-17,333.42938232421875,334.63137974023823,331.32129460037004,332.8283977244911,66111000
2020-11-18,329.4166259765625,334.2430411433111,329.3796340603069,333.6975302989405,70591300
2020-11-19,330.8035888671875,331.173423449706,327.44728430310664,328.7879664083773,59940900
2020-11-20,328.5382995605469,330.7481084092092,328.46434393216515,330.5446951604477,70417300
2020-11-23,330.5077209472656,331.7651924296882,328.1130087910506,330.34129961206247,63230600
2020-11-24,335.8333435058594,336.3788543316512,332.19967086716787,333.05028739612465,62415900
2020-11-25,335.31561279296875,335.77791303204526,334.22459100072433,335.75017614636334,45330900
2020-11-27,336.24951171875,336.7210388362217,335.24167223686067,336.4066780190502,28514100
2020-11-30,334.7608642578125,335.7409385582566,332.08878340971694,335.47279650501997,83872700
2020-12-01,338.4222717285156,339.95711197569057,337.4144605490259,338.00621842500254,74231400
2020-12-02,339.1342468261719,339.2914131198718,336.73953476512753,337.3127825968703,45927000
2020-12-03,339.041748046875,340.4286487496057,337.94147123204993,339.03249301288866,62882000
2020-12-04,341.96343994140625,341.96343994140625,339.53173654287355,339.62420221979386,50749900
2020-12-07,341.2608642578125,341.75090149337296,339.99416583098116,341.1961354377298,48944300
2020-12-08,342.2594909667969,342.82348391152453,339.9479889639907,339.994207717416,42458900
2020-12-09,339.189697265625,343.0730024150456,338.35756246336115,342.915836132159,74098300
2020-12-10,339.07879638671875,340.12357138803657,336.95219802540623,337.82132486772645,57735400
2020-12-11,338.68115234375,339.0879788216525,335.8703871356922,337.38671728522763,57698600
2020-12-14,337.1648254394531,341.91725738932104,336.9891490851876,340.8447456280566,69216200
2020-12-15,341.7230224609375,341.7230224609375,338.3297551515809,339.69814554086526,63865300
2020-12-16,342.2594909667969,343.17483673060343,341.0574929953914,341.9358750430886,58420500
2020-12-17,344.1731872558594,344.37660043906385,343.0729107035116,343.89581846810796,64119500
2020-12-18,342.799072265625,344.62830083764095,340.79341847573585,344.461170106029,136542300
2020-12-21,341.5733947753906,351.415944151772,336.1600082036477,338.8899235370573,96386700
2020-12-22,340.9976806640625,342.0097878229692,339.87415302334546,341.8983673411588,47949000
2020-12-23,341.3041076660156,343.20760697353194,340.979112376798,341.9633643931626,46201400
2020-12-24,342.6319885253906,342.6598436511462,341.19275979993,341.77771744079797,26457900
2020-12-28,345.57537841796875,345.9653500649846,344.5539768762825,345.1760839492796,39000400
2020-12-29,344.91607666015625,347.27458040793783,344.3310908811892,347.09815522580993,53680500
2020-12-30,345.4082946777344,346.4389909289521,345.0183229457008,345.7332900123292,49455300
2020-12-31,347.1632080078125,347.8874694685123,344.7025779385661,345.2132645868987,78520700
2021-01-04,342.4370422363281,348.6211359007259,338.75072903859245,348.49112640760035,110210800
2021-01-05,344.79541015625,345.88181651795514,341.74979422078724,341.7962383123607,66426200
2021-01-06,346.85675048828125,350.0416701451585,342.743317442046,343.29115366008426,107997700
2021-01-07,352.0101623535156,352.75298437501374,349.0481120785787,349.2245372676321,68766800
2021-01-08,354.0157775878906,354.22932401916887,350.1530411521562,353.39364225101247,71677200
2021-01-11,351.6294860839844,353.3844152987946,350.7287994312137,350.84951439553026,51034700
2021-01-12,351.70379638671875,352.7159036317569,349.4660070637659,351.8152452148604,52547700
2021-01-13,352.6509704589844,353.64448885267797,350.8495967307079,351.6295686022009,45303600
2021-01-14,351.4158935546875,353.8951124303812,351.0816321351394,353.3936919642144,49989100
2021-01-15,348.8531799316406,350.59881478443,346.9960962553196,349.800282405299,107160000
2021-01-19,351.5923767089844,352.1309468672761,349.82815280679114,351.3045309935299,51233300
2021-01-20,356.4578857421875,357.2935676023044,353.48654097639,353.87651262058415,61836100
2021-01-21,356.782958984375,357.4422441883791,355.86371149800453,357.01509447785054,47840100
2021-01-22,355.5200500488281,356.6807271719311,354.5543587480902,354.9350642448892,52860500
2021-01-25,356.9222106933594,357.27503278883,351.4159360582794,356.25365943655754,70402000
2021-01-26,356.3650817871094,358.2778757163541,356.1329463264064,357.869315038569,42665300
2021-01-27,347.6553649902344,353.1430508430368,345.4268701693278,353.05019098865546,123351100
2021-01-28,350.645263671875,354.6379822958076,349.02960991918064,349.46599738570745,94198100
2021-01-29,343.62542724609375,349.75380801800657,341.9540352154757,348.7881167338835,126765100
2021-02-01,349.3452453613281,350.3759130211794,343.9132708831619,347.01459668411917,75817600
2021-02-02,354.2851257324219,355.83580306474755,349.42887007201125,352.52090191367535,64450700
2021-02-03,354.5636901855469,356.2814981741382,353.2915924599428,355.11152644432576,52427100
2021-02-04,358.59356689453125,358.63998265068375,354.6751192898168,355.59436662167684,47142600
2021-02-05,360.0049133300781,360.71061412663744,358.54712432112404,360.4599180558391,48669800
2021-02-08,362.6047668457031,362.65118258809457,360.5991137133926,361.453356063901,38365200
2021-02-09,362.3634033203125,362.95768361802595,361.3605907389764,361.76912302259905,35551100
2021-02-10,362.2055969238281,364.24840035419544,359.8099713889872,364.09983025590975,59154400
2021-02-11,362.7905578613281,363.7005390243798,360.3670773709089,363.2826838806573,42913300
2021-02-12,364.5826721191406,364.82407372216704,361.91773330512245,361.9920325190132,50593300
2021-02-16,364.26690673828125,366.0033035639086,363.5519398125603,365.80828939947554,50972400
2021-02-17,364.35052490234375,364.6012209832248,361.5091609681263,362.52129645099154,52290600
2021-02-18,362.7998352050781,363.54265727343494,360.0327705772848,361.7505784893111,59712800
2021-02-19,362.1592102050781,364.34128942229216,361.7134998744819,364.0534436890481,83241000
2021-02-22,359.37353515625,361.7784550408201,359.1042500973584,359.4013902770424,67414200
2021-02-23,359.8099365234375,361.15633342710237,353.0315929249602,357.1728812923066,107284100
2021-02-24,363.7748107910156,364.20196042155277,357.7392890909114,358.72354113198065,72433900
2021-02-25,355.0093688964844,363.8769599629682,353.5701404616122,362.51200240283123,146670500
2021-02-26,353.18011474609375,358.0271036542426,351.20234468696304,356.8850154751008,152701600
2021-03-01,361.7413635253906,362.9856346855263,353.3752197529631,358.0364901808045,105348800
2021-03-02,358.9185485839844,362.19629994312015,358.41712808705853,361.9641644974679,79595300
2021-03-03,354.1643981933594,359.1877840030245,354.06224386816876,358.22212100889243,119940200
2021-03-04,349.7817077636719,356.5600515760826,345.306129482108,353.9787065028338,183433000
2021-03-05,356.2165222167969,357.265779064072,346.01185613057277,353.2730320198999,152039600
2021-03-08,354.4429931640625,359.977094609663,354.16444194612137,357.17290844727864,123149200
2021-03-09,359.5035400390625,362.04773549523804,357.7764375613555,358.2778580660894,113633600
2021-03-10,361.7413635253906,363.43131668977617,360.43214430105473,361.8435178759324,109899400
2021-03-11,365.4090270996094,367.3775310399198,363.7469294630154,364.2019341812967,86245000
2021-03-12,365.9012145996094,366.04049021562264,363.2455983981242,364.0534253078508,64653600
2021-03-15,368.083251953125,368.343242519141,364.0162344057818,366.15186917399524,73427200
2021-03-16,367.6189880371094,369.40177242737843,366.84828247321997,368.6960999272851,73722500
2021-03-17,368.87249755859375,369.67102984650717,365.19545189698175,366.3375684287189,97959300
2021-03-18,363.50555419921875,368.37110416522074,362.8277084837041,366.2911796002453,115349100
2021-03-19,362.8329772949219,364.7799824618673,360.6623728633488,363.20560482975657,113624500
2021-03-22,365.73016357421875,367.10891663764517,363.28942068287944,363.3453133880508,73778600
2021-03-23,362.8515625,366.5406230570263,362.0690362260645,365.09668084256,90686600
2021-03-24,361.00701904296875,365.87920816679144,360.9604512667513,364.2489379839986,97588600
2021-03-25,363.0379333496094,363.8297562145069,357.6347344917859,359.57244319585334,116128600
2021-03-26,368.8882751464844,369.2888490443927,363.58756519155156,364.18376357430776,114409100
2021-03-29,368.7018737792969,369.60551031662703,365.935071468474,367.4162848468423,108107600
2021-03-30,367.72381591796875,368.3945569028789,366.1307883102693,367.4350274245717,76262200
2021-03-31,369.2143249511719,370.7700812685605,368.26412040470916,368.2920667610857,112734200
2021-04-01,373.2014465332031,373.25736766767085,370.93770669938243,371.14265609357545,99682900
2021-04-05,378.5580749511719,379.09840904135075,375.7819756542243,375.8564897892532,91684800
2021-04-06,378.33447265625,379.3778410378448,377.663731778131,377.9991164320186,62021000
2021-04-07,378.7723388671875,379.1170200378233,377.7103490017058,378.16681558663885,55836300
2021-04-08,380.5702819824219,380.626174688792,379.089068404298,380.0206514166771,57863100
2021-04-09,383.33709716796875,383.5048037222059,380.32810213483407,380.4492124791382,61104600
2021-04-12,383.47686767578125,383.74700629608895,382.1353857837753,382.74090909191403,56704900
2021-04-13,384.6133728027344,385.2375459689583,382.992427357714,383.3743798281407,56551000
2021-04-14,383.2998352050781,385.63808919365846,382.7595011466084,384.58539585907903,61659900
2021-04-15,387.4174499511719,387.68761700399335,385.3866056650256,385.4331734470441,60229800
2021-04-16,388.71234130859375,389.3178645876654,387.28702042046496,388.70301638087244,82037300
2021-04-19,386.8025817871094,388.2279026853113,385.4797498055928,387.7807610260529,78498500
2021-04-20,383.9705505371094,386.6907567846418,382.4986335803177,385.5914957452918,81851800
2021-04-21,387.60369873046875,387.80864810285476,383.21592286206607,383.3556830388797,66793000
2021-04-22,384.063720703125,388.2651692129653,383.00173084573123,387.43607511013636,97582800
2021-04-23,388.2278747558594,389.6345741269456,384.54813911119874,384.6226532391619,73209200
2021-04-26,389.038330078125,389.60661044348035,388.29307511302295,388.87997690212677,52182400
2021-04-27,388.9544982910156,389.53210359386003,387.8179659687333,389.33645070740164,51303100
2021-04-28,388.8427429199219,390.342606350338,388.3769514146441,389.2246953658085,51238900
2021-04-29,391.3207702636719,391.93561848281814,387.9484442011052,391.5629909520302,78544300
2021-04-30,388.7496032714844,389.9047856090629,387.85529148566474,389.05704160482367,85527000
2021-05-03,389.5879211425781,391.1157020837514,389.0941834175487,390.73374974104564,68128300
2021-05-04,387.18450927734375,388.09747082223015,383.5047736052085,387.6037329855272,101591200
2021-05-05,387.30560302734375,389.0569834839452,386.7466475835862,388.8240877515174,60162200
2021-05-06,390.3985595703125,390.5289664285822,385.3773127188648,387.3802108160868,74321400
2021-05-07,393.2397766113281,393.89189602548134,390.48229913565626,391.16236490015007,67733800
2021-05-10,389.3457946777344,393.81738162988034,389.2246843410474,393.59381081117,81852400
2021-05-11,385.8709716796875,386.8584473474661,382.0049080638009,384.8369282355566,116888000
2021-05-12,377.6730651855469,384.3618242624742,376.3595297518344,383.09488503627756,134811000
2021-05-13,382.2098693847656,384.1382530041698,379.1728997288725,379.21949593633536,106394000
2021-05-14,388.0787658691406,388.92650966267627,384.9113899081225,384.9393362560565,82201600
2021-05-17,387.0914001464844,387.9019013257999,385.07917723544665,386.9703182241895,65129200
2021-05-18,383.75628662109375,387.59440386559174,383.597905008926,387.3521831986254,59810200
2021-05-19,382.750244140625,382.92724721570744,377.59859039400345,379.07983263909597,106467100
2021-05-20,386.8677978515625,388.1254406224363,383.5047967743601,383.62587868681237,78022200
2021-05-21,386.5509948730469,389.5879640994018,386.09452836834424,388.34894297284785,76578700
2021-05-24,390.49163818359375,391.56295289159766,388.544604797389,388.7868254622032,51376700
2021-05-25,389.6252746582031,391.9262858634761,389.0476977323679,391.57227976579446,57451400
2021-05-26,390.3985595703125,390.901594004632,389.1781879116937,390.2122315674567,43088600
2021-05-27,390.6034240722656,391.9355808710809,390.3239321287522,391.4232216191229,56707700
2021-05-28,391.30224609375,392.4294538941843,391.0693502754152,392.1686117148359,58520200
2021-06-01,390.9573974609375,393.7987138563774,390.51955237272466,393.65898211112926,54216600
2021-06-02,391.5722961425781,392.410743642536,390.60347022695476,391.6095674253817,49097100
2021-06-03,390.1190185546875,391.2555509981351,387.7993858877597,389.26197808041053,58138800
2021-06-04,393.68701171875,393.985125124761,390.1842502722685,391.9635773504691,55938800
2021-06-07,393.3050537109375,393.85468430384935,392.3734706525122,393.67768124837585,51555000
2021-06-08,393.388916015625,394.2552814880263,391.563021073544,394.162117490748,47134300
2021-06-09,392.80194091796875,394.30180423460956,392.5783701098852,394.2272616788116,48436300
2021-06-10,394.6278991699219,395.5781321168516,392.70884027859677,394.0223758472598,51020100
2021-06-11,395.2799987792969,395.3917841957337,393.8919491424424,395.17753829078254,45570800
2021-06-14,396.16497802734375,396.26743850654356,394.1527554254345,395.39174825118516,42358500
2021-06-15,395.4383544921875,396.3512876197017,394.56266421460623,396.3140447697688,51508500
2021-06-16,393.2304382324219,395.8016160944157,391.19029786804174,395.5780452993392,80386100
2021-06-17,393.1001281738281,394.07827907271417,390.63143860500963,392.8206646111922,90949700
2021-06-18,387.7969665527344,390.51671667728624,387.5913466663332,389.82509911514796,118676300
2021-06-21,393.3486633300781,393.53560087943845,388.7409408172673,389.5540649639203,72822000
2021-06-22,395.45166015625,396.28349533498147,392.6197297149281,393.3394137510601,57700300
2021-06-23,394.9749755859375,396.33017311106846,394.8908622379778,395.52640432656335,49445400
2021-06-24,397.31158447265625,397.7321512462469,396.86295139148933,397.115319978314,45110300
2021-06-25,398.72271728515625,399.1713502083584,397.732011203746,398.05913759424794,58129500
2021-06-28,399.5267028808594,399.69492961043625,398.04999849456163,399.2463249982312,53159600
2021-06-29,399.74163818359375,400.5454070483023,399.2088917373543,399.9098648962996,35970500
2021-06-30,400.07806396484375,400.7509992918403,399.2555842848848,399.2836220683984,64827900
2021-07-01,402.2930603027344,402.4519600618117,400.76960779298105,400.835038783346,53441000
2021-07-02,405.3680114746094,405.7231756894549,402.37718195001327,403.4520300284134,57697700
2021-07-06,404.62969970703125,405.6391169295271,401.9005937821132,405.4241415803903,68710400
2021-07-07,406.0596008300781,406.3400071225295,403.3024576849441,405.3119077621989,63549500
2021-07-08,402.7510986328125,403.50814726468866,399.57333123869796,400.7509751205796,97595200
2021-07-09,407.05035400390625,407.3494426746745,402.55478259875076,404.2558173257462,76238600
2021-07-12,408.5083312988281,408.7606998160739,406.5362744179092,406.9661965088275,52889600
2021-07-13,407.11578369140625,409.2187027689948,406.85408823599073,407.72328794262097,52911300
2021-07-14,407.7232666015625,409.2934677745335,406.48022038406873,408.80744158086895,64130400
2021-07-15,406.3306579589844,407.059668694347,404.4333589603699,406.3867335138074,55126400
2021-07-16,403.14361572265625,407.555073909898,402.75108678868395,407.5083537824567,75874700
2021-07-19,397.19000244140625,403.20902632092094,394.38611039278754,398.3302530154178,147987000
2021-07-20,402.8819274902344,404.1530401378472,397.0591676686946,397.85360950811923,99608200
2021-07-21,406.1437683105469,406.28398573679834,402.83519609526724,404.07824240394586,64724400
2021-07-22,406.9942626953125,407.23727579624176,405.33997668113454,406.3213274734552,47878500
2021-07-23,411.181396484375,411.51784981607466,408.2373157413509,408.9195778381852,63766600
2021-07-26,412.1908264160156,412.20018185039044,410.5458957579973,410.59261588453984,43719200
2021-07-27,410.31219482421875,411.18139444947093,407.489592116502,411.1533566719681,67397100
2021-07-28,410.1440124511719,411.51792083805464,408.7233839343774,410.93845431834467,52472400
2021-07-29,411.8450012207031,412.91982079238494,411.05991487644866,411.06927031045103,47435300
2021-07-30,409.844970703125,411.29363706752343,409.15332449973266,409.2841865056366,68951200
2021-08-02,408.9850769042969,412.10674026622047,408.62991264660883,411.5553115323718,58783300
2021-08-03,412.3123474121094,412.43385397257424,407.5924735593852,409.7795060797524,58053900
2021-08-04,410.28424072265625,412.28433581198715,410.050583021591,411.03193395699765,46732200
2021-08-05,412.8825378417969,412.9666511964766,411.12542726136564,411.4431983310459,38969700
2021-08-06,413.5647277832031,413.9853230057107,412.9198303207797,413.20023664333985,46930000
2021-08-09,413.228271484375,413.85445807390835,412.46186747322616,413.5366870620658,41222600
2021-08-10,413.7423095703125,414.4526380263717,412.9946164227404,413.676878576167,43339300
2021-08-11,414.77044677734375,414.8639155599606,413.6862716488568,414.80783999492405,44034300
2021-08-12,416.01348876953125,416.15370620330873,413.72366049428854,414.62089804805976,38909400
2021-08-13,416.77056884765625,416.7892511950456,415.9761269822574,416.46212471839107,39470300
2021-08-16,417.7518615722656,417.88269503110484,413.91987021373245,415.4713605109986,73740000
2021-08-17,415.0135192871094,415.8733637558073,412.0320443878525,415.200428356418,92673900
2021-08-18,410.4710998535156,415.56484852636714,410.2281152693712,414.00400272308775,89351900
2021-08-19,411.1066589355469,412.3030136509168,407.61114913490746,407.7513380397817,92812200
2021-08-20,414.3778381347656,414.70496457219946,410.96644191047403,411.45246811100355,72008700
2021-08-23,418.02294921875,418.9295421673049,414.45265298648917,416.0602189821948,54973000
2021-08-24,418.6865539550781,419.2193003480419,418.17251843232447,418.6865539550781,38744700
2021-08-25,419.5650939941406,420.0791294982954,418.49960124676494,418.87347636542324,40529700
2021-08-26,417.0883483886719,419.5183656415265,416.99487960448477,419.2847079423929,57829600
2021-08-27,420.8175354003906,421.19138203158167,417.8360607411706,417.8921363097158,77235100
2021-08-30,422.6680603027344,423.4531466839395,421.2474033554113,421.4904164695936,48357400
2021-08-31,422.0418395996094,422.9110393113264,421.44369077915854,422.57458594782264,59300200
2021-09-01,422.2662048339844,423.4905689604895,422.03254712247315,422.9765334042328,48721400
2021-09-02,423.5653381347656,424.369106938718,422.36901184150173,423.68684470342555,42501000
2021-09-03,423.4624938964844,423.9765579301553,422.0325099688313,422.4344228744772,47170500
2021-09-07,421.9483642578125,423.21012139664674,421.27542901861193,423.1166526229062,51671500
2021-09-08,421.4342956542969,422.14462405168274,419.51828577257527,421.4156133100836,56181900
2021-09-09,419.6304626464844,422.98578312246457,419.387449559995,421.2380284408069,57970400
2021-09-10,416.32196044921875,421.9764655786585,416.2004538773262,421.5558988174952,89948200
2021-09-13,417.3873596191406,419.57442052650157,415.07882068151736,419.3127250750678,83738600
2021-09-14,415.1349792480469,419.032373751366,414.24706856986353,418.8267538323482,78197100
2021-09-15,418.6024169921875,419.0977701394543,414.4526542585058,415.5555116773011,78792200
2021-09-16,417.9388122558594,419.0509965202967,414.99470280608074,418.0790011528334,77786700
2021-09-17,413.86767578125,417.59004823430996,413.51137369740354,417.168134146106,118425000
2021-09-20,406.9668273925781,409.3296324653092,402.10990737755776,407.7544290834885,166445500
2021-09-21,406.582275390625,410.59530867420943,406.0572077545702,409.3013817803459,92526100
2021-09-22,410.5484619140625,412.5831207202877,406.69483696311266,408.85136298150707,102350100
2021-09-23,415.53668212890625,417.1400416411326,412.1799968838808,412.41440315728903,76396000
2021-09-24,416.22113037109375,416.9337345501658,413.6895313452658,413.9051954031547,62094800
2021-09-27,415.0302734375,416.35229928321826,414.33641159747526,415.18965363663966,61371100
2021-09-28,406.6667175292969,412.59251441684535,405.93537117136833,412.26433994291904,130436300
2021-09-29,407.3511657714844,409.77961092728947,406.78858508585967,408.0449990691309,82329200
2021-09-30,402.3724060058594,409.5264607159928,402.03484612674845,408.82324196639286,140506000
2021-10-01,407.1542663574219,408.8326231008619,400.58153463739126,404.0976283486504,129240100
2021-10-04,401.9035339355469,406.891676446688,399.7657217841494,405.99156459254795,128570000
2021-10-05,406.0854187011719,408.32632771246665,402.60683774485324,403.4037961536202,90682500
2021-10-06,407.7730712890625,407.97934991567206,400.8721656243834,402.4942384202276,113032200
2021-10-07,411.298583984375,414.13020116989895,410.86728449835147,411.0454355366307,72437500
2021-10-08,410.5484619140625,412.45186810178103,409.92026919841044,412.06743842451107,74557400
2021-10-11,407.5762023925781,412.7987803671197,407.5105617770027,409.8921372238028,65233300
2021-10-12,406.5728454589844,408.89816517402306,405.78524409115767,408.4949933929993,71181200
2021-10-13,408.0356140136719,408.8513431322092,404.6226741156243,407.594929147859,72974000
2021-10-14,414.8990478515625,415.0490712799511,411.2235453911505,411.69235787459854,70236800
2021-10-15,418.058837890625,418.42452536112467,416.3898666001841,417.00870250976914,66260200
2021-10-18,419.2964782714844,419.6340094982905,415.6209761000303,416.27732497087453,62213200
2021-10-19,422.53131103515625,422.59692303340495,420.30911592133424,420.91859501540216,46996800
2021-10-20,424.19091796875,424.4909648278342,422.878248727811,422.99075914645675,49571600
2021-10-21,425.29736328125,425.5223841474882,423.1595792098458,423.59087874148474,41305400
2021-10-22,424.856689453125,426.3100255563803,422.91579858892055,424.8660748608127,58845100
2021-10-25,427.1350402832031,427.4632147429343,424.17217058163135,425.9442668817109,45214500
2021-10-26,427.5195007324219,429.89169091412384,427.1444564431734,428.68217522735085,56075100
2021-10-27,425.6255187988281,428.6446726137015,425.5504927707311,427.9789668380812,72438000
2021-10-28,429.7322998046875,429.80729721502064,427.0413206145411,427.050677407055,51437900
2021-10-29,430.604248046875,430.8949094853391,427.1444097745334,427.4350712129975,70162400
2021-11-01,431.3450012207031,431.96383713747196,429.61977470154915,431.5887642564896,48433600
2021-11-02,433.0889587402344,433.3983909976397,431.3824744636354,431.5137556913935,48908400
2021-11-03,435.7330322265625,436.1362040546767,432.085657735004,432.5263425699782,52509800
2021-11-04,437.7864990234375,437.8708818410705,435.9862464051318,436.3331630823048,52847100
2021-11-05,439.30548095703125,441.2932415636286,437.7959183013962,440.00869977242445,66390600
2021-11-08,439.6805114746094,440.8994412181432,438.9960634954237,440.40250108208477,50405200
2021-11-09,438.22723388671875,440.28063519202976,436.8207962043988,440.0462289116431,51149100
2021-11-10,434.70166015625,438.2271390064617,433.2202253751318,436.53939698466087,69429700
2021-11-11,434.8423156738281,436.2675239203641,434.8235734757579,436.1924978999976,34848500
2021-11-12,438.1239929199219,438.67718819768925,435.161094692695,436.1081050332003,53466700
2021-11-15,438.2740478515625,439.56797493267015,437.14891501750157,439.40859470618256,46980500
2021-11-16,440.0086669921875,441.1431852512349,437.9365237158013,438.01152112700873,48857500
2021-11-17,438.9397888183594,439.9242836397509,438.3209528739824,439.7461325975495,47858300
2021-11-18,440.43060302734375,440.69313688366196,437.25204053194824,439.97114731825366,50625600
2021-11-19,439.6429748535156,441.5650945480242,439.2772873896782,440.31803734544474,57315600
2021-11-22,438.4053039550781,444.00292604113224,438.1990253218852,441.518225650883,72762000
2021-11-23,438.98663330078125,439.83987544998917,435.4799250989726,438.07713594296996,73206500
2021-11-24,440.15869140625,440.2805872370219,436.17378507370955,436.98951426235885,61858800
2021-11-26,430.3417663574219,434.96425094373944,429.21660486222436,433.50155816840993,112669600
2021-11-29,435.6205749511719,437.4583119148909,432.92959581507233,435.1236348523177,86268800
2021-11-30,427.1445007324219,435.08618670574947,426.9007090428121,433.18280884176426,148559600
2021-12-01,422.4000549316406,435.6862135337651,422.2031616971008,432.84521097923056,131939200
2021-12-02,428.8697204589844,430.4355669860337,422.22196184931875,422.6157769864965,127637800
2021-12-03,425.13787841796875,431.58871344638754,420.9185665300391,430.5292213858788,137331600
2021-12-06,430.1730041503906,432.0482542479885,425.2692148441158,427.6789180869,98977500
2021-12-07,439.0710754394531,439.6336562155435,430.0417412560462,435.44247092403845,95484700
2021-12-08,440.23370361328125,440.68377393878586,437.71148993714627,439.4648728181905,72238800
2021-12-09,437.2615051269531,440.33691454965947,437.06461185256796,438.9492189926391,61272600
2021-12-10,441.37762451171875,441.52764795939703,437.41148870477724,439.9618300872147,77159800
2021-12-13,437.46771240234375,441.2088270752524,437.18640772794674,440.86191039613635,87724700
2021-12-14,434.4578857421875,436.6894377150197,431.5418858646757,434.2047373052017,97264100
2021-12-15,441.2463684082031,441.49013147147207,432.0013702393154,434.51422720060384,116899300
2021-12-16,437.355224609375,443.3747615247552,435.80812035524764,443.0934854498481,116568600
2021-12-17,432.70050048828125,437.2827723193572,430.997439062657,434.28123782567144,135511600
2021-12-20,428.0993957519531,428.4945657060667,424.4862697414786,427.62893618734074,107134800
2021-12-21,435.7020263671875,435.84315849906136,429.35082200169626,431.51492459595994,69806300
2021-12-22,440.05841064453125,440.17131633051764,435.25029960943573,435.44791327448115,58890200
2021-12-23,442.79656982421875,444.29262786782226,440.95237627994055,441.0558636062711,56439700
2021-12-27,449.0630187988281,449.1100532638039,444.12319396445406,444.1702284294298,56808600
2021-12-28,448.696044921875,450.5214301033936,447.9339028188725,449.49583182545905,47274600
2021-12-29,449.27001953125,450.28619942831625,447.802188171838,448.7995600259367,54503000
2021-12-30,448.0280456542969,450.70025247373695,447.56700448030426,449.6934621372565,55329000
2021-12-31,446.89892578125,448.68666632067624,446.6260799179109,447.5387725895835,65237400
2022-01-03,449.4864501953125,449.61819265083415,445.8545162929149,448.15975083339737,72668200
2022-01-04,449.3359069824219,451.6223622300133,447.4822951975026,450.9072545217483,71178700
2022-01-05,440.7076416015625,449.7404696581306,440.61354395954817,448.9689091940095,104538900
2022-01-06,440.293701171875,443.0035528678846,437.9319849605687,440.2466667010779,86858900
2022-01-07,438.552978515625,441.47925183914367,437.1980527186537,440.3031029677847,85111600
2022-01-10,438.0072326660156,438.22362566846715,429.62364055153137,435.36325245373706,119362000
2022-01-11,441.9967346191406,442.0908322693714,434.75164626994354,437.7437907456816,74303100
2022-01-12,443.1916809082031,445.2429062617321,441.2345819172256,443.7280116585806,67605400
2022-01-13,437.0851135253906,444.9417931268879,436.0595152339108,444.2925567024861,91173100
2022-01-14,437.2638244628906,437.61195985527536,432.728588555267,433.94238195443353,95890900
2022-01-18,429.5201416015625,432.7851319574491,428.4098639787604,432.578128611285,109709100
2022-01-19,425.0602111816406,432.45582165960354,424.7873365975809,431.0632797435182,109357600
2022-01-20,420.3555908203125,431.6372011815895,418.2385229314581,426.94202425230395,122379700
2022-01-21,412.103759765625,421.58821170548157,412.0755333410702,419.2359139440063,202271200
2022-01-24,413.8538513183594,414.36195566976323,395.90112761933347,406.5052754832323,251783900
2022-01-25,408.8011169433594,413.7409421509055,401.9135823339121,407.47441758472695,167997300
2022-01-26,407.7755126953125,417.80571346524874,403.5225401054795,414.6818552495206,186391100
2022-01-27,405.76190185546875,415.5004192840026,404.0776775137982,412.36717163695266,149878300
2022-01-28,415.8392333984375,415.88626787051186,402.54404110046244,407.1168944257264,164457400
2022-01-31,423.32891845703125,423.677053931945,413.82562974282484,415.17113717300543,152251400
2022-02-01,426.1893310546875,426.82914917104256,420.5343978995624,424.0534262540882,123155400
2022-02-02,430.329345703125,431.05384305532795,426.2833764423959,428.5886396673794,117361000
2022-02-03,420.2144470214844,426.2080966836343,419.3770152968473,424.30745056905977,118024400
2022-02-04,422.1904296875,426.0293671450485,417.6081293545503,419.97926396514714,118454400
2022-02-07,420.83551025390625,424.3451203230606,419.5088108002381,422.95257835164983,84472900
2022-02-08,424.2980651855469,425.2201762493433,418.91600673505786,420.33680377789557,81012000
2022-02-09,430.5081481933594,430.8280572528607,428.1276239352286,428.3252089130967,92589900
2022-02-10,422.77374267578125,430.6680383540824,420.778998939607,424.67438876665915,140103700
2022-02-11,414.437255859375,424.92849902096657,413.0070690365457,422.85849404433793,153214600
2022-02-14,413.082275390625,415.5098626456239,409.6197001412661,413.9291255162954,123006300
2022-02-15,419.7440490722656,419.91340763201026,416.99655245102997,417.51407522523783,88482700
2022-02-16,420.2144470214844,421.58818077331404,415.82976087005267,417.7021805621434,84863600
2022-02-17,411.2380676269531,420.18621676202645,410.63589438127366,417.03413227878895,102259100
2022-02-18,408.5753479003906,412.7436129970205,406.3077292195654,411.4921744012356,132642900
2022-02-22,404.1906433105469,409.7702869392554,400.6998126141375,406.37358261467153,124391800
2022-02-23,397.0208435058594,407.6626367061376,396.45628627766916,407.0980794779474,132578000
2022-02-24,402.99560546875,403.4284488931798,386.3790008159794,386.7365259239518,213942900
2022-02-25,411.8873291015625,411.97200837339045,402.58162557598797,404.22823397331,121804500
2022-02-28,410.83349609375,412.3107459178309,405.25385292778066,406.5052626502716,145615000
2022-03-01,404.5763244628906,411.3415337430863,401.87586306291945,409.3373718644921,137785900
2022-03-02,412.0190124511719,413.74088149381066,406.07239780068846,406.82512147422693,117726500
2022-03-03,409.9678955078125,415.04885343146157,408.17073639481583,414.446680076633,105501700
2022-03-04,406.6370849609375,407.76617083234146,402.60053333781974,406.24188624147126,113978200
2022-03-07,394.64971923828125,406.75934432063025,394.58384800510765,406.05365494553234,137896600
2022-03-08,391.6576232910156,401.97008984857894,390.5943799836052,394.82851645161617,164772700
2022-03-09,402.1582946777344,404.1342308190661,397.8394788240876,400.0224183462174,116990800
2022-03-10,400.34222412109375,401.2360799371363,395.5999843486872,397.55708322285636,93972700
2022-03-11,395.25189208984375,403.4378710075181,394.7437877372273,402.82627933719436,95636300
2022-03-14,392.3633117675781,399.46724033893065,391.2248075600843,396.02350128864606,95729200
2022-03-15,400.9914855957031,401.62188528128036,393.69936293232934,394.9695806826798,106219100
2022-03-16,409.88311767578125,409.93957051689273,399.7023675150075,404.49167034765577,144954800
2022-03-17,415.01116943359375,415.01116943359375,407.596722776026,407.9730846505351,102676900
2022-03-18,419.55670166015625,419.8776045343294,412.6666654946888,413.40286121868064,106345500
2022-03-21,419.43402099609375,421.3877523283893,415.93234592986585,419.3868116069883,88349800
2022-03-22,424.3419494628906,425.276343887646,420.82140820007544,420.82140820007544,74650400
2022-03-23,418.87713623046875,423.303758234989,418.79219389310117,421.8125003060186,79426100
2022-03-24,425.1913757324219,425.20082336968153,419.7831794766956,420.8969061299972,64736900
2022-03-25,427.2679443359375,427.54166664957455,423.247167191328,425.8238668662759,77101300
2022-03-28,430.3070373535156,430.3070373535156,424.7855555376232,426.6732396590378,68529800
2022-03-29,435.63031005859375,436.12112638537604,431.50572468711965,434.18623279666707,86581500
2022-03-30,432.9403991699219,435.30000450918726,430.83562083793777,434.4882852945164,79666900
2022-03-31,426.27691650390625,432.997068540125,425.8238618663555,432.1759304126346,121699900
2022-04-01,427.4850158691406,427.99466991123313,423.91729355560483,427.8530993439852,89048800
2022-04-04,431.1470947265625,431.2509323439472,426.86207198374484,427.683210068739,59601000
2022-04-05,425.701171875,432.1192876988634,424.5591308094842,429.6558732347616,74214500
2022-04-06,421.4443664550781,423.71902938512,418.5656595556562,421.793612229182,106898000
2022-04-07,423.56805419921875,425.38024389891154,418.6223302828864,420.56664291276263,78097200
2022-04-08,422.4354248046875,425.32357938924946,420.89695753959705,422.8129558921499,79272700
2022-04-11,415.2151184082031,420.0098246314558,414.7148831400068,419.16979115637787,89770500
2022-04-12,413.67657470703125,420.71762892299597,412.12865978994853,418.1975577653763,84363600
2022-04-13,418.4146728515625,419.16973507105604,413.25185499529334,413.4311873130841,74070400
2022-04-14,413.2046203613281,419.7548865120772,413.1007827575576,418.64113099890267,97869500
2022-04-18,413.3745422363281,415.0545800894282,411.14705981320014,412.27968190004844,66002500
2022-04-19,420.0475158691406,420.76481631207815,413.10082271070314,413.2707073837323,77821000
2022-04-20,419.7359924316406,422.43539568830266,418.5750851378038,421.8219041129893,65224400
2022-04-21,413.45947265625,424.7383973991878,412.55339229515056,423.3509483444846,85417300
2022-04-22,402.114501953125,413.47834025677906,401.5481909244776,412.3740611145033,132471800
2022-04-25,404.4458312988281,404.61571598232445,395.31886452951045,399.87763849644267,119647700
2022-04-26,392.7326965332031,402.1144891433886,392.7043824228615,401.9162615672227,103996300
2022-04-27,393.83697509765625,399.169705902769,391.7039115793856,393.8086609873536,122030000
2022-04-28,403.7851257324219,405.51237307337215,394.1485050200903,398.5751272035263,105449100
2022-04-29,388.86297607421875,401.9540624319965,388.11733269096055,399.8021034252902,145491100
2022-05-02,391.20367431640625,392.5628092111438,382.2749075321882,388.92901145512707,158312500
2022-05-03,392.9970703125,395.40385671006345,390.1466480680365,391.7040109410524,100028200
2022-05-04,404.96490478515625,405.53121582781534,390.47692222902697,393.65766562044956,144247900
2022-05-05,390.5712585449219,401.1328529057298,386.4466735836477,400.7081124811443,172929100
2022-05-06,388.2400207519531,391.50570647733946,382.9450801949944,388.01350785652954,151770800
2022-05-09,375.80963134765625,383.5868812355381,374.23340232623997,382.35045035687074,155586100
2022-05-10,376.6780700683594,383.2755194042025,372.64787328156433,381.77481340438254,132497200
2022-05-11,370.6939392089844,381.3499232731987,369.9482959765825,375.7151854766745,142361000
2022-05-12,370.3070983886719,373.57278480387015,363.52086969331447,367.5038855005772,125090800
2022-05-13,379.1602478027344,380.5382491972758,373.39335762056186,374.4315896864937,104174400
2022-05-16,377.6217956542969,381.28390774009296,375.271637959596,377.51798684544667,78622400
2022-05-17,385.3896484375,385.62560898408395,379.9719747013643,383.70016285890136,83029700
2022-05-18,369.85400390625,381.12348248197793,368.6175728842904,380.84034133335325,117674500
2022-05-19,367.5887756347656,372.005979027499,365.3707407010665,366.79595164216687,98510700
2022-05-20,367.74920654296875,374.7336324078952,359.1696852051724,371.16591037827914,131432200
2022-05-23,374.6298828125,375.39439273940906,368.45714636210454,370.7695426186861,76414900
2022-05-24,371.77001953125,372.95924112163084,365.22917116715337,370.5146932699092,91448800
2022-05-25,375.0545959472656,377.0178039870792,369.8823587734453,370.2787563943249,91472900
2022-05-26,382.54864501953125,384.18150224653084,376.07390194163645,376.28154835892093,82168300
2022-05-27,391.9399108886719,392.0531673410909,384.80446634850006,385.0026651402334,84768700
2022-05-31,389.74072265625,393.07248421298215,387.00358624823434,390.3259001664865,95937000
2022-06-01,386.58831787109375,392.8648626531449,384.07769419751776,391.8549734040455,86585800
2022-06-02,393.9502258300781,393.99740640852434,384.18145537864075,386.4278039451018,79609600
2022-06-03,387.4848937988281,390.78834072255836,386.5127377134241,389.24042605248593,71874300
2022-06-06,388.664794921875,393.21409252066996,387.49441098526677,391.48687393580764,57508900
2022-06-07,392.3929748535156,392.8460295110228,384.71953261443264,385.18203491181913,59272400
2022-06-08,388.1268310546875,392.4685113875746,387.3340069805782,390.68463561799285,64350000
2022-06-09,378.8960266113281,388.61759004588066,378.8960266113281,386.3523744576506,86289800
2022-06-10,367.90966796875,373.55385453962793,367.86248738155257,372.70440234363315,132893900
2022-06-13,353.94073486328125,360.36829630409676,352.3361920103927,358.51837412826717,170004900
2022-06-14,352.874267578125,356.7157121238985,349.7784664118968,355.6869276147928,104011800
2022-06-15,357.90496826171875,362.34100925128496,351.2225494582893,356.1682732930812,125666800
2022-06-16,346.05975341796875,350.1088447146559,343.63407193506487,349.70299946215493,134473300
2022-06-17,346.8057556152344,350.14245020385545,343.30795986691686,346.474006989018,111113900
2022-06-21,355.5360412597656,356.91999511391333,352.4458155848116,352.5216653163301,76811900
2022-06-22,354.8915100097656,358.99598772773135,350.90074904768903,351.3178358414842,90059400
2022-06-23,358.370361328125,359.1002487608876,353.46963484148904,357.0243321478926,79292100
2022-06-24,369.76434326171875,369.7738317116263,361.5079743602973,361.53641078181903,98050300
2022-06-27,368.35198974609375,370.97771602411575,367.2618882407592,370.6838633295004,66009600
2022-06-28,360.8254699707031,372.68394948048416,360.71172428504013,369.9065529188097,86548900
2022-06-29,360.53167724609375,362.3611548271313,358.7116881165058,361.3753394353569,65676000
2022-06-30,357.6025390625,360.8349471944622,353.1567954408799,356.6451313576215,112508300
2022-07-01,361.384765625,361.8208293565842,354.33224330989844,356.94850998659183,74839700
2022-07-05,362.0672607421875,362.08623764291843,353.4791138897527,356.3039239194396,81438000
2022-07-06,363.2900695800781,365.7736135029027,359.8301699411462,362.2094276989218,70426200
2022-07-07,368.73114013671875,369.52738892243804,363.3090402764563,365.0626968664323,64525900
2022-07-08,368.42779541015625,370.29519752923926,365.5745491503481,367.10068528955685,72397800
2022-07-11,364.2190856933594,366.7215778956689,363.5270941091934,365.7547105106273,58366900
2022-07-12,360.99609375,366.0485198112267,359.251925711996,363.6692331147653,62219200
2022-07-13,359.1002502441406,362.02934629353234,355.14744302288534,355.56452982281553,84224600
2022-07-14,358.2281799316406,359.3087928722651,351.715979081912,354.1521096552973,89704800
2022-07-15,365.0721740722656,365.185919762693,360.72122784420594,362.6265260152687,79060400
2022-07-18,362.0577392578125,368.82586710212945,360.834915426236,368.1528525900141,63203600
2022-07-19,371.8402404785156,372.4089977632134,365.3185809223327,365.9726185323084,78506000
2022-07-20,374.21002197265625,375.6224411378547,370.66481370776324,372.0298195598688,71843800
2022-07-21,378.020751953125,378.06813634762244,371.2336461823122,373.63188089355765,64903900
2022-07-22,374.5133972167969,379.3383025244326,372.29526973672574,378.143943990978,72197300
2022-07-25,374.96844482421875,375.8215664094441,372.73134023128426,375.13906335562353,53631500
2022-07-26,370.5321960449219,373.5370840827539,369.64114957187473,373.328540675696,52946400
2022-07-27,380.153564453125,381.8977324950311,373.5275888700464,373.82144153900765,82342100
2022-07-28,384.9216003417969,385.61356292258694,377.4140666940386,380.95930457713075,73966600
2022-07-29,390.53326416015625,391.51910833460266,385.585124244229,386.352936564959,87003700
2022-08-01,389.3768005371094,391.8793213752261,387.1302364241008,387.8411758992656,69997500
2022-08-02,386.8079528808594,391.4906766053588,385.63254218875403,387.8127450392465,63435400
2022-08-03,392.8651428222656,394.0310649800449,388.6468906090099,388.93125481134643,67820600
2022-08-04,392.5997619628906,393.4718315474268,390.95985110646615,392.78932847212786,45656600
2022-08-05,391.93621826171875,392.58079648264055,388.26777497334547,388.3246478205913,56814900
2022-08-08,391.48126220703125,395.87013408869484,390.381672123626,393.6235695185111,53886100
2022-08-09,389.926513671875,391.25359457893273,388.85536049854454,390.75119863096825,44931800
2022-08-10,398.1165771484375,398.2587881715667,395.0168917661512,396.9696030117307,68665700
2022-08-11,398.1165771484375,402.818277227606,397.37720132659865,400.9603347598482,59489700
2022-08-12,404.8563232421875,404.9605804756404,399.10244636975136,400.0503656332881,61694500
2022-08-15,406.524658203125,407.04603117644456,402.59079888321116,402.64767172710765,54048300
2022-08-16,407.32098388671875,409.24525914057574,404.64784419568446,405.4535814834621,59289000
2022-08-17,404.42974853515625,407.1313242254354,402.42965277199465,403.7282975362389,63563400
2022-08-18,405.605224609375,406.2876987703884,403.3396834770453,404.6288399076743,49023200
2022-08-19,400.1546630859375,403.11216664311075,399.28256461046794,402.84675039895933,68016900
2022-08-22,391.8224182128906,395.5003494416631,390.92188337608326,395.329701995395,77695600
2022-08-23,390.87451171875,393.7846307828097,390.3247023494631,391.39585573923233,49105200
2022-08-24,392.12579345703125,393.49077064865355,389.96453858867704,390.6470127203874,49177800
2022-08-25,397.6616516113281,397.7090360070508,392.52391605971974,393.614017515164,50942300
2022-08-26,384.201171875,398.0881839321778,384.1442990308555,397.547891912805,103087000
2022-08-29,381.6607360839844,384.70354880710715,380.3052184856568,381.25313774516417,65370800
2022-08-30,377.4709167480469,383.0541750206006,375.3760233037477,382.81719520790887,85652400
2022-08-31,374.5987548828125,380.3431437236325,374.4660612189248,379.10137171228644,76029700
2022-09-01,375.7742004394531,376.1154375189932,369.7264703742915,372.428046300128,78740100
2022-09-02,371.81182861328125,380.6464427581479,370.00129941700374,379.43310730382876,99632100
2022-09-06,370.4089660644531,373.5939611226999,368.1908383071308,372.6555302445026,76637400
2022-09-07,377.0633239746094,377.8311362647998,369.8781086762223,370.0961115930664,70964200
2022-09-08,379.5279235839844,379.98290632149366,373.59393967123003,374.79781566335777,80821700
2022-09-09,385.4239196777344,386.2865295476467,381.49952063845404,381.76493683471966,76706900
2022-09-12,389.56634521484375,390.28677304617617,387.1870588242466,387.4903999035653,69256300
2022-09-13,372.6270751953125,382.10626800654813,371.5085373863549,380.90239200547273,122947100
2022-09-14,374.0489196777344,375.56559617352946,370.7501504689949,373.92568555402255,85023700
2022-09-15,369.80218505859375,375.3380289874275,368.53197696896837,372.4942717612886,87633800
2022-09-16,366.98101806640625,367.6377713603656,363.6972515966094,365.629459872336,103084800
2022-09-19,369.8270263671875,369.8270263671875,363.763980617156,363.84014194343365,73278500
2022-09-20,365.5819396972656,367.5141193905518,362.83121456949,366.5051996914192,77274900
2022-09-21,359.20477294921875,370.55036925173334,359.1952455228189,367.504555601014,106746600
2022-09-22,356.1875305175781,360.07091552367,355.44511739669144,358.4337956869669,89472600
2022-09-23,350.21966552734375,352.7609904104437,345.78421269474035,352.7229097506912,122346900
2022-09-26,346.7550964355469,352.3707890222306,345.5367765894628,348.75391014864755,92581200
2022-09-27,345.869873046875,352.5515910179344,343.4808127042095,350.2862710344236,108294100
2022-09-28,352.67535400390625,354.3600529595543,345.127482081543,346.8217084645166,110802200
2022-09-29,345.3083190917969,349.42013004160674,342.3672197883283,349.13459770031216,112952300
2022-09-30,339.9686584472656,348.27799879138144,339.83541969328155,344.3660311283521,153711200
2022-10-03,348.9442138671875,350.7907337489844,341.90080218718504,343.6806881754969,89756500
2022-10-04,359.7568359375,359.78538917158465,348.9061712798272,354.45522944852485,103602800
2022-10-05,358.91925048828125,361.1750432151708,353.0751323104993,355.3975589353477,88065700
2022-10-06,355.2167053222656,360.47070383972516,354.72174385776447,357.5200770483229,82333500
2022-10-07,345.3083190917969,355.30235769557754,343.547458861724,351.19051769873397,107789500
2022-10-10,342.6717529296875,346.659852271921,340.43501530969775,346.42189898919605,76042800
2022-10-11,340.5016174316406,345.5367169870272,338.5694379532379,340.9775239932869,92482800
2022-10-12,339.3785095214844,342.4814298234217,339.13102879643657,340.91094386553914,76991800
2022-10-13,348.3350830078125,349.8008834901985,331.3356839052994,332.3826842498608,147254500
2022-10-14,340.39697265625,352.41837848921915,339.7592450066515,350.7907569397952,123737000
2022-10-17,349.1440734863281,350.24818012108415,340.0637687647691,346.4694811126714,93168200
2022-10-18,353.24639892578125,357.35823847132036,349.81033854515664,357.0536513093477,97162900
2022-10-19,350.7431945800781,353.9317748856679,347.9353337780581,351.2095737934234,79746900
2022-10-20,347.80206298828125,354.7122360773966,347.0405950042413,350.2958089110657,88283100
2022-10-21,356.254150390625,356.7395553428867,346.0221590756883,347.5260110650035,131038400
2022-10-24,360.6134338378906,361.7460937798273,355.1309809456278,357.77704931693273,85436900
2022-10-25,366.3719787597656,366.6860643599622,360.4231457883191,360.53735873384517,78846300
2022-10-26,363.6116027832031,368.903680899248,362.9739043202817,363.2308833811119,104087300
2022-10-27,361.66998291015625,366.44807462100994,361.05128110498777,364.6110821532887,81971800
2022-10-28,370.27435302734375,370.75025961760167,361.3844214069697,361.5652682350303,100302000
2022-10-31,367.5997009277344,369.68417378007797,366.6954959805395,367.81862838081696,96631300
2022-11-01,365.99114990234375,371.57831700264165,364.8204384205559,371.340363735998,85407600
2022-11-02,356.80621337890625,369.90317244332704,356.7015278683844,365.4010855031739,126990400
2022-11-03,353.13226318359375,356.1685499468717,351.0192364870028,353.57008917022813,87100100
2022-11-04,358.2148742675781,360.61343287804317,352.170855133582,358.8335469874606,103505200
2022-11-07,361.641357421875,362.2314768285628,357.4343312224449,359.50927657080746,68286900
2022-11-08,363.5926208496094,366.5622732100706,359.5188617569453,362.745493209243,84641100
2022-11-09,356.10186767578125,362.77408732506177,355.6069062348671,361.6223724698831,78495500
2022-11-10,375.671142578125,376.00428299719744,367.0572450041489,369.35108918360226,141455800
2022-11-11,379.3070373535156,380.1065568499029,374.6431300540452,376.5277303971915,93839900
2022-11-14,376.0804138183594,380.89658611860307,375.8043798668183,377.5462142284,71903500
2022-11-15,379.2880554199219,382.9239890323085,375.48080239259394,381.8198821687392,93194500
2022-11-16,376.39453125,378.61224316456577,375.76633106956126,377.6604299906343,68508500
2022-11-17,375.2428283691406,375.9186366580597,371.3404174691277,371.6449756187588,74496300
2022-11-18,376.94659423828125,378.6408206344442,374.1006819611119,378.5741867367159,92922500
2022-11-21,375.5759582519531,376.7466989172969,373.73896579052973,375.6235663390515,51243200
2022-11-22,380.6300964355469,380.7919174617573,376.1089836932025,377.5176776993283,60429000
2022-11-23,383.02862548828125,383.5140303982983,380.0684717587064,380.2968975987144,68261600
2022-11-25,382.9429931640625,383.49506108811516,382.1910816475926,382.46708656258517,30545400
2022-11-28,376.83233642578125,381.4962149118125,376.0708685003482,379.8590951809206,67881600
2022-11-29,376.1851501464844,378.15538144006086,374.34812855248094,376.96561491269216,52310000
2022-11-30,388.0352478027344,388.0352478027344,374.5195160703624,376.4326410939259,144566700
2022-12-01,387.74969482421875,390.2434409456629,385.2464212750172,389.07270016589297,76398200
2022-12-02,387.30230712890625,388.20651222768515,382.76216868711776,382.86685419503635,85342700
2022-12-05,380.3349914550781,385.41766990087285,378.98343312541476,384.4849116571129,77289800
2022-12-06,374.8525695800781,380.7157422182558,372.7681254520418,380.17323078475664,77972200
2022-12-07,374.21490478515625,376.57541212687585,373.0822446819997,374.005504706076,65927900
2022-12-08,377.146484375,378.21251059995166,374.3195977744953,376.0995130057314,60737900
2022-12-09,374.3291320800781,378.45999830118234,374.2053917040091,375.909145637889,81447700
2022-12-12,379.725830078125,379.725830078125,374.4527776179369,375.11902932851245,75405800
2022-12-13,382.600341796875,390.70977956297014,379.8400894083029,390.45280046353844,123782500
2022-12-14,380.1541748046875,385.9602409589763,377.21307559103866,382.257673780074,108111300
2022-12-15,370.8549499511719,376.2041350287874,369.19880442028864,375.2999009475401,117705900
2022-12-16,366.4765930175781,369.6415593936089,364.34432159505855,368.302907769073,119858000
2022-12-19,363.3689880371094,367.00250429400353,361.70523742151596,366.6678340994925,79878100
2022-12-20,363.86627197265625,365.48222528681765,361.2941346468216,362.61367325179793,74427200
2022-12-21,369.30694580078125,370.4352358837999,365.92204637130624,366.4575070608886,78167400
2022-12-22,364.03839111328125,369.28783218740784,358.3490843681481,366.26628710078785,100120900
2022-12-23,366.1324157714844,366.2758375341586,361.46623322301946,363.0152466207401,59857300
2022-12-27,364.68853759765625,366.3618594408892,363.0152157544233,366.01764723973866,51638200
2022-12-28,360.1562194824219,366.59134742365524,359.92674469166934,364.6215818081712,70911500
2022-12-29,366.63922119140625,367.50935219451696,362.47024348311885,362.99616222851824,66970900
2022-12-30,365.6733703613281,365.8167920978852,361.8486350909296,363.9618223377231,84022200
2023-01-03,364.1339416503906,369.4981190554035,361.2749320892196,367.52838265402187,74850700
2023-01-04,366.94512939453125,368.9722345195995,363.34986872415914,366.3905264117615,85934100
2023-01-05,362.7570495605469,365.1092537639918,362.16422021646383,364.9945163658359,76970500
2023-01-06,371.0758056640625,372.19455357778276,362.785708249104,365.84547897836046,104189600
2023-01-09,370.8654479980469,376.4495872696216,370.68379991549534,373.2654787600865,73978100
2023-01-10,373.46630859375,373.5332484725184,369.34515816722075,370.2822289287242,65358100
2023-01-11,378.1898193359375,378.26633038365287,374.2312334389066,375.0439955334967,68881100
2023-01-12,379.5667724609375,381.02973273660194,375.22571833967487,379.289500125456,90157700
2023-01-13,381.0392761230469,381.61299228704434,376.10536380133436,376.3730941204777,63903900
2023-01-17,380.34130859375,382.6935423019026,379.6624261074559,381.0202202604648,62677300
2023-01-18,374.3364562988281,382.58832869980466,374.1356658339176,381.52697849057256,99632300
2023-01-19,371.611328125,373.94439001524745,370.29178966269103,372.2997525257694,86958900
2023-01-20,378.5340881347656,378.68708106087394,371.36270886328373,373.00734634342695,91806400
2023-01-23,383.0760192871094,385.00750055643533,378.38115211629884,379.3373361629709,84178800
2023-01-24,382.664794921875,383.57315208650715,380.21696655885887,381.4026252152029,59524900
2023-01-25,382.8081970214844,383.1428671935605,376.31570073269967,378.6009940622238,84800300
2023-01-26,387.0154113769531,387.1779754700334,382.5022224600164,385.4663982164665,72287400
2023-01-27,387.90472412109375,390.2760709827511,385.7628812656745,385.97324291614746,68346200
2023-01-30,383.0376892089844,387.37877210654403,382.7412745466371,385.1508473703547,74202000
2023-01-31,388.669677734375,388.717475261581,383.2098461559824,383.5540875652921,86811800
2023-02-01,392.8003234863281,395.5445957142965,384.7205872650518,387.4552591361378,101459200
2023-02-02,398.5182800292969,399.9812400651867,394.7891690731477,396.68239430758535,101654500
2023-02-03,394.2825012207031,398.70006688935706,393.0776999727351,393.5557920006054,94736800
2023-02-06,391.8729248046875,393.2689746288822,390.2187449536372,391.83469844981744,60295300
2023-02-07,396.9980163574219,398.24104381969875,389.7118993305467,390.9549267928235,90990700
2023-02-08,392.6569519042969,396.36695047559357,391.9684982603406,395.02829871801737,76227500
2023-02-09,389.2529296875,396.4051963035193,388.0290153704697,396.2522033663381,78694900
2023-02-10,390.1612854003906,390.54375312300726,387.26404936045475,388.07678232835883,70769700
2023-02-13,394.74139404296875,394.875273798094,390.3525133608386,390.81149214644563,64913500
2023-02-14,394.5596618652344,396.86403893787644,390.6106184564108,393.22098132091975,88389300
2023-02-15,395.8410339355469,395.91751581058026,391.5286350725414,392.3700815999979,61555700
2023-02-16,390.3907775878906,394.8179138959173,390.25692701019995,390.8784407346895,76431500
2023-02-17,389.4154968261719,389.6545428210452,386.34612524209655,388.2680643786122,89257800
2023-02-21,381.60345458984375,386.4513142893378,381.34529542458307,385.39950609313314,82655900
2023-02-22,381.0775146484375,383.55402728513724,379.62409654042705,382.0145561334285,83742300
2023-02-23,383.1046447753906,384.577176151522,378.88787027584414,383.965204449082,96242400
2023-02-24,379.0121765136719,379.84405183245593,376.3922419822525,378.0942481460913,108194400
2023-02-27,380.3030700683594,383.7070827492521,379.36599925020045,382.3492886397092,80444700
2023-02-28,378.8974304199219,381.78509520813367,378.7922350201957,379.82492994288907,96438600
2023-03-01,377.44403076171875,379.30860107550785,376.1436346387775,378.0846868266854,99706800
2023-03-02,380.3794860839844,381.22093252105213,375.13958820432623,375.47425838003477,85127800
2023-03-03,386.47998046875,386.7285976253681,381.54606794616154,382.1962660076362,90120000
2023-03-06,386.7477111816406,389.59714976739536,386.3078747490803,387.3022850157021,72795900
2023-03-07,380.8193664550781,386.93896700217493,380.20742390861926,386.699921017692,108310600
2023-03-08,381.4408874511719,382.19625170885286,379.212962662717,380.9341111603913,74746600
2023-03-09,374.40338134765625,383.88873887527785,373.41851305631604,382.2249589763906,111945300
2023-03-10,369.0008850097656,375.9332173953836,367.4805563054659,373.85828575920306,189253000
2023-03-13,368.4749755859375,373.28460811867615,363.9713580532645,365.0805347641921,157790000
2023-03-14,374.56591796875,376.21055539266825,370.0909552792131,373.38980130348455,149752400
2023-03-15,372.2232971191406,372.42408758364206,366.8973453679593,368.9818486133687,172996900
2023-03-16,378.7540588378906,379.09830027770704,369.3643534258748,369.87112981693105,143254200
2023-03-17,374.3253479003906,378.55821591341066,372.94318572096427,377.4256197444262,140553400
2023-03-20,377.9247131347656,378.33746367070916,374.40214170963634,375.1028011958168,93055800
2023-03-21,382.8870544433594,383.36697102971766,379.69079357481445,381.28412015653794,91524200
2023-03-22,376.36016845703125,386.3232414014182,376.3217962204962,382.71428861761933,111746600
2023-03-23,377.3775939941406,383.25176789780386,374.6708576136584,379.2204571484992,119351300
2023-03-24,379.8539733886719,379.9403548581303,373.75902695920195,376.1010222149094,107682400
2023-03-27,380.56427001953125,382.8966870426311,379.6716321408978,382.1288028794633,74010400
2023-03-28,379.71002197265625,380.5642582938647,377.8767370350477,379.8731772141997,62871700
2023-03-29,385.22906494140625,385.4690232440617,382.6662973806607,383.8660888939379,77497900
2023-03-30,387.48468017578125,388.10856590647154,385.62260139743574,387.8589998974814,69840000
2023-03-31,392.9460754394531,393.24362134845586,388.30045759381215,388.4060544634671,112062600
2023-04-03,394.4434509277344,394.84656445369103,392.03426030988214,392.42779542260035,67391100
2023-04-04,392.2550964355469,395.3745547308176,390.8825125238686,395.08658715925804,66601500
2023-04-05,391.2280578613281,392.28388034677903,389.5771434182015,391.52560384016596,65200200
2023-04-06,392.7541809082031,393.0325407601975,389.3851567329968,390.4313714897771,63743300
2023-04-10,393.15716552734375,393.2339685677035,389.6633887771874,390.27766664117837,63681000
2023-04-11,393.26287841796875,394.66422675434245,392.4950235384784,393.7811965721071,59297900
2023-04-12,391.659912109375,395.61444936283374,391.0744279375137,395.3264818376402,86420400
2023-04-13,396.8621826171875,397.21731616818573,391.60228682213693,392.7444905245143,85814800
2023-04-14,395.89276123046875,398.41712702758065,393.5891675964206,396.22870868146754,78161500
2023-04-17,397.3133544921875,397.3325406110166,394.577824032139,395.8064093482449,66436400
2023-04-18,397.572509765625,399.0218673008723,396.1999552913603,398.8874765900454,63560000
2023-04-19,397.5053405761719,398.4075568472331,395.60486027089866,395.6624479202901,55227300
2023-04-20,395.3360900878906,397.0829934844094,393.7907434550367,394.6929889766768,75840400
2023-04-21,395.6432800292969,396.10398124565415,393.6948196903557,395.63367232336066,73457400
2023-04-24,396.0560302734375,396.4783592805185,394.10756979195463,395.4417228843057,64332100
2023-04-25,389.76904296875,394.6450119030647,389.7114553215701,394.088292257947,97766700
2023-04-26,388.11810302734375,391.4583328014488,387.56141271088387,390.3833244029181,80447000
2023-04-27,395.84478759765625,396.11353970438057,390.40252082176045,390.652086810784,92968400
2023-04-28,399.2234191894531,399.23302689490464,394.9041697532796,394.9617574024191,89433100
2023-05-01,398.8202819824219,400.845515871164,398.5899021077479,398.781880454679,62122300
2023-05-02,394.337890625,398.1580375216088,391.4392047424731,398.11002828382885,103998500
2023-05-03,391.6311340332031,397.24616414474065,391.39117573178515,394.83697342513307,91531800
2023-05-04,388.8572082519531,390.91123595861524,387.52302611509293,390.58489620304397,94901900
2023-05-05,396.0560302734375,397.10224508450085,392.2263046733684,392.4854491265273,87891800
2023-05-08,396.1615295410156,396.64144612156804,394.76018132750204,396.3823017131118,50046800
2023-05-09,394.4242248535156,395.53763480997924,394.1938742734827,394.6162031980649,49220100
2023-05-10,396.2671813964844,397.8893020071386,392.44703434025826,397.2558085179079,96142900
2023-05-11,395.57611083984375,395.86404911911495,393.5028673537258,395.40334787228096,70157100
2023-05-12,395.0577697753906,397.0254455424627,392.63900049417026,396.8142810526254,70481500
2023-05-15,396.4207763671875,396.8238899658133,393.7524408587719,395.66249982833955,54289400
2023-05-16,393.7715759277344,396.2383543170176,393.761968222226,395.31689334176326,57705500
2023-05-17,398.5515441894531,399.1562144912637,394.14591338269895,395.78721992832476,87287000
2023-05-18,402.39093017578125,402.8132591766572,398.0140926137832,398.234835528931,97177200
2023-05-19,401.8053894042969,403.8210450825171,400.5864117249465,403.29314851307697,103793300
2023-05-22,401.9685974121094,403.5043365562108,400.5864351115969,401.8246282749285,60745400
2023-05-23,397.4573669433594,401.9013998007867,397.0638317760762,400.32725913165393,86383500
2023-05-24,394.5778503417969,396.238372422446,393.4164603018304,395.85444497777297,89213700
2023-05-25,397.9948425292969,399.4442000783956,395.84482546980115,398.0812240048889,90961600
2023-05-26,403.1490783691406,403.86895317673464,398.57068513788386,398.64745889564364,93830000
2023-05-30,403.30267333984375,405.60626696953454,401.9205113036728,405.0783704702366,72216000
2023-05-31,401.0663146972656,402.3812815149699,399.50178187032054,401.4790359496369,110811800
2023-06-01,404.8768615722656,405.9326839874396,400.0489015795839,401.2966730663804,88865000
2023-06-02,410.7319030761719,411.51894416726753,406.92136347665047,407.44926010636226,91426200
2023-06-05,409.94476318359375,412.36353228842165,409.2440744066445,411.0773593229492,65460200
2023-06-06,410.8373718261719,411.36526832885664,408.87930404707026,409.53201283462573,64022200
2023-06-07,409.41680908203125,412.36350381538136,408.99448016231673,411.2309077542299,85373300
2023-06-08,411.8932189941406,412.344341762355,408.71617349799953,409.4840283285931,61952800
2023-06-09,412.6322937011719,414.63834160760314,411.64366666036057,412.6898813507892,85742800
2023-06-12,416.3756408691406,416.4524439304632,412.89147087099775,413.61134578902306,76104300
2023-06-13,419.1207275390625,419.76379931662035,417.1722675057486,417.8345546921649,95899700
2023-06-14,419.619873046875,421.4243641568749,416.1740753599218,419.45671780561304,100612100
2023-06-15,424.8221740722656,426.0699454976172,418.7080413628314,418.8040012480244,110303100
2023-06-16,423.3751220703125,427.37322020593024,422.9030661850773,426.804818584776,114165800
2023-06-20,421.17864990234375,422.32509674357345,419.1073485120921,421.43878637593457,76160400
2023-06-21,419.02056884765625,420.9955241203809,418.43288044222425,420.19591625792975,76982300
2023-06-22,420.5330810546875,420.6390407754928,417.72958794220574,418.0667832912389,70637200
2023-06-23,417.3538818359375,419.13617505158805,416.6409763099136,417.0841314152319,92074500
2023-06-26,415.648681640625,418.70263864501453,415.4078319979814,416.7854848977608,72823600
2023-06-27,420.20556640625,420.82212620155866,416.0725783167209,416.5253768197751,72813700
2023-06-28,420.4175109863281,421.4290677123489,418.509971256602,419.1265310456325,75636000
2023-06-29,422.0745544433594,422.2383451446893,419.5986423394109,420.00325329466176,67882300
2023-06-30,427.05535888671875,428.0380149404403,424.9647708481831,425.2827088718478,104964000
2023-07-03,427.5466613769531,427.82602579498047,426.4291155030701,426.70850932168867,32793400
2023-07-05,426.91082763671875,427.6430199831629,425.7258367708566,425.7354801650757,58418400
2023-07-06,423.5678405761719,423.991738320798,421.06299828536083,423.3366343156822,80658300
2023-07-07,422.4984436035156,426.438769743823,422.2575939538954,422.5755319557256,86134200
2023-07-10,423.5678405761719,423.7412452715391,421.57359837767063,422.1420000351028,62443500
2023-07-11,426.2653503417969,426.7566930521444,423.3558970583311,424.32893908451956,64463800
2023-07-12,429.695068359375,431.10165159958825,428.6257099376319,430.0515505672172,91924500
2023-07-13,433.10546875,433.89546265173254,431.07271183277675,431.50622355890425,72425200
2023-07-14,432.835693359375,434.83954937929775,432.0746002832751,433.99178336356243,69815800
2023-07-17,434.3386535644531,435.3887545883977,432.64306249429234,432.6912500682276,52680200
2023-07-18,437.56597900390625,438.2114395521847,433.57749499281715,434.01103608987984,80668200
2023-07-19,438.5390625,439.724023983291,437.48893213427476,438.35601441060516,65891700
2023-07-20,435.6295471191406,438.44268380742795,434.9166416038705,437.54673021651973,70591600
2023-07-21,435.6295471191406,437.54673021651973,435.6199331260899,437.34439535359957,71275600
2023-07-24,437.5755920410156,438.3848432188805,435.74511144759634,436.77595485534556,54023400
2023-07-25,438.770263671875,440.02267010001805,437.2577208036124,437.3059083742901,55191200
2023-07-26,438.8377685546875,440.26357987054627,436.78572453865155,437.8358256350003,71052900
2023-07-27,435.92822265625,442.6238546795818,435.02262562113657,442.2192143317386,92194400
2023-07-28,440.1960754394531,441.0245840745933,435.92819754722996,439.1941327220315,80011800
2023-07-31,441.03424072265625,441.39069349037516,439.35790721415856,440.66814456102355,62040400
2023-08-01,439.772216796875,440.51402315707037,438.81843216166044,439.5698819163366,55291500
2023-08-02,433.6546325683594,436.9205386548979,432.9031828085776,436.66043160748643,93933400
2023-08-03,432.41180419921875,434.29044314301314,430.995607146359,431.6410971149184,64276100
2023-08-04,430.4561462402344,436.3232404604835,429.9359027397443,434.2230384704291,100128900
2023-08-07,434.21343994140625,434.36758726861206,431.59299418010113,432.2866424522289,58357500
2023-08-08,432.3251037597656,434.2037427118271,428.9724661870649,431.6796137883657,71361300
2023-08-09,429.43487548828125,432.7586120279548,428.6737824515494,432.59482134894097,78789600
2023-08-10,429.5890808105469,435.16716703483127,428.42337671620794,431.7856284811605,93005500
2023-08-11,429.33856201171875,430.3501481391964,427.1227570858758,427.7200594884635,68690900
2023-08-14,431.7085266113281,431.7085266113281,428.1150686990038,428.4233633029166,47867400
2023-08-15,426.67962646484375,430.2923712690211,426.1111954097984,429.9358890851779,75707500
2023-08-16,423.5486145019531,427.9224233894094,423.4426253576642,426.26537646534126,80107200
2023-08-17,420.3211975097656,425.27305119137833,419.8009540161682,425.01294414487614,95711300
2023-08-18,420.52349853515625,421.5543421169173,417.1612467523088,417.5080561439708,98852000
2023-08-21,423.259521484375,424.0013277942752,419.38666984217986,421.53502982303786,68719000
2023-08-22,422.1130676269531,425.0321640493009,421.5543094057689,425.0321640493009,64994200
2023-08-23,426.81451416015625,427.4311034249485,423.0283644204359,423.17286834168584,68441000
2023-08-24,420.89923095703125,428.9243284062607,420.8703007742917,428.41372832126285,88517300
2023-08-25,423.866455078125,425.14776219480035,419.07836317797603,422.62366273446645,102325100
2023-08-28,426.5543212890625,427.17088102922287,423.86643129217725,426.053335262057,61595400
2023-08-29,432.7201843261719,432.9995781947078,426.2654009670659,426.44844908087254,83081900
2023-08-30,434.5023498535156,435.1381963666506,432.35396069855597,433.0572521601873,69053900
2023-08-31,433.86663818359375,436.2558482960728,433.6835900668348,435.11904481348375,66084600
2023-09-01,434.6758117675781,437.06505085275637,433.2210704898494,436.5833515582069,58944100
2023-09-05,432.79718017578125,434.55057269413254,432.72976461783867,434.23266409054196,55166200
2023-09-06,429.88775634765625,432.0939475374288,427.5659620214055,431.987958395261,70758500
2023-09-07,428.56787109375,429.24223247025344,426.5447281630559,426.8915375451562,70355400
2023-09-08,429.2133483886719,430.74514868706615,428.25959315019446,428.61604594030854,61659700
2023-09-11,432.0361328125,432.3443980335229,430.1285929169173,431.8337979292306,60180100
2023-09-12,429.6661682128906,432.11320909412444,429.08815252492514,430.59105211482444,67565400
2023-09-13,430.1670837402344,431.32314432701645,428.78940150844926,429.88768993651144,60199300
2023-09-14,433.876220703125,434.569868937207,431.3328634452209,432.633457559199,83430800
2023-09-15,428.648681640625,432.62223173023705,428.2136407942197,432.29352436707654,111848900
2023-09-18,428.9001159667969,430.1956202798295,427.8656361967372,428.3393572391215,55752200
2023-09-19,428.0106201171875,428.57137880593234,425.3326034960519,427.981617392204,66514600
2023-09-20,424.0757751464844,429.68318495179983,423.8727265693422,429.2674693964477,82562600
2023-09-21,417.0664978027344,421.49441429318694,416.91180676973505,421.233389771168,104095800
2023-09-22,416.1287536621094,419.68655933537104,415.7130085528767,418.0913502784636,100829700
2023-09-25,417.87860107421875,417.9172517040119,414.485134786977,414.920205158679,70874500
2023-09-26,411.7393798828125,415.54856120938774,410.90791938551405,414.84278900272807,96168400
2023-09-27,411.90380859375,413.4700443597365,408.26867230252077,412.9092856337623,104705800
2023-09-28,414.2917785644531,415.964347748709,410.76297593705533,411.3527373620953,92258300
2023-09-29,413.28631591796875,417.5112133076614,411.7684378270295,417.3371969608053,115111300
2023-10-02,413.1219787597656,414.36915501527096,410.3666017087048,412.4548865420046,83798600
2023-10-03,407.5918884277344,413.1799731499237,406.2287013020404,410.94667474306095,103760600
2023-10-04,410.55987548828125,411.3042982991283,406.59600325909923,408.0558756652945,87453000
2023-10-05,410.4052734375,411.24638199806213,407.18585282564163,410.2699077129364,70142700
2023-10-06,415.2778625488281,416.8150657604601,406.6346976952794,407.9592044528576,113273300
2023-10-09,417.9366455078125,418.5070521455923,412.8319589906931,413.3830108074734,80374400
2023-10-10,420.11187744140625,422.70288570856627,418.1686064888882,418.5649967058061,78607300
2023-10-11,421.832763671875,422.0841107631383,418.79700772466646,421.17534896503963,62451700
2023-10-12,419.2611083984375,422.8189135801861,416.91179922986146,422.44187816631086,81154200
2023-10-13,417.1728210449219,421.9584770278049,415.60661494268294,420.7596289275812,95143100
2023-10-16,421.5621337890625,422.62561629317145,419.1741442361407,419.4158434641518,75433200
2023-10-17,421.5428161621094,423.5924505801015,418.09137330484737,418.43940606182724,75324700
2023-10-18,415.9256896972656,420.73067151213604,414.84288188055683,419.77355201420596,93559800
2023-10-19,412.27117919921875,418.4490253157197,411.59443909771255,416.64111990263626,121323000
2023-10-20,407.20513916015625,412.37750784711915,407.0987761718527,411.83610400929126,123919900
2023-10-23,406.4993896484375,410.35692908932583,403.92770652261123,405.67760643648245,92035100
2023-10-24,409.5641784667969,410.71466914656554,406.7701212432729,408.61670687631084,78564200
2023-10-25,403.68597412109375,407.9109007331841,403.17357302000806,407.8818980106432,94223200
2023-10-26,398.85205078125,403.47333880031834,397.93361142540357,402.6225823087564,115156800
2023-10-27,397.0440673828125,400.83392348318415,395.62287503320994,400.4375332899705,107367700
2023-10-30,401.7911071777344,402.84491222424634,398.53300645045545,399.82851071417565,86562700
2023-10-31,404.3144836425781,404.63351364420447,400.4569438698378,402.36153498192397,79665200
2023-11-01,408.6263732910156,409.43847913059346,404.7495083565733,405.2812643437381,98068100
2023-11-02,416.4573974609375,416.612088488878,412.3968391143164,412.41616442869764,94938900
2023-11-03,420.2569274902344,421.80380835994043,418.63271585397734,418.75840416588386,100167800
2023-11-06,421.2237243652344,421.66844265759465,419.28045324415575,421.01102787683624,67831700
2023-11-07,422.42254638671875,423.0606358569916,420.0829145000172,421.2237277176419,64256100
2023-11-08,422.7319030761719,423.544008852029,420.4309219590949,423.0219303160148,61746000
2023-11-09,419.4351806640625,423.91145521433583,419.00978765036695,423.8727750755541,83174400
2023-11-10,425.9803466796875,426.28972875327344,419.42546520511473,421.5041020397778,89462200
2023-11-13,425.5742492675781,426.67638218285714,423.863029699829,424.6461326803493,52236100
2023-11-14,433.8307189941406,435.11654569788686,431.27836139592864,431.50073527138204,97176900
2023-11-15,434.7491760253906,436.39274237985995,433.8983901244557,435.16489156652574,77327600
2023-11-16,435.28094482421875,435.59997479434537,433.24098818272,434.30447059030485,66665800
2023-11-17,435.8223571777344,436.43144390959674,434.37216191303287,435.2906012114316,83133200
2023-11-20,439.17718505859375,440.0182936712103,435.56134445939387,435.5710218701185,69936200
2023-11-21,438.2200012207031,439.0514618608499,436.9534996970191,438.13299304399567,49244600
2023-11-22,439.9118957519531,441.22675482120695,438.8194400859089,439.8732451207241,59394900
2023-11-24,440.18255615234375,440.3759273074353,439.631504418495,439.9602117787139,29737400
2023-11-27,439.3898620605469,440.3663068584605,439.0031197003399,439.55420100976517,50506000
2023-11-28,439.82489013671875,441.1203943936042,438.4423777026132,439.00310690168646,62115000
2023-11-29,439.5154724121094,443.10230972873876,439.1191116939092,441.97114450802434,63146000
2023-11-30,441.2460632324219,441.59412543023933,438.28766732031204,440.35662667945024,79752700
2023-12-01,443.8564453125,444.3881717849613,440.0472633152973,440.6369952391435,89183400
2023-12-04,441.5264892578125,443.87579870037587,439.25451058722007,440.4726841519421,72430900
2023-12-05,441.43939208984375,442.3965114095888,439.7668231281598,440.14388801429857,69793500
2023-12-06,439.6605529785156,443.60507121667763,439.225482586349,443.57606849081975,69124700
2023-12-07,443.0152893066406,443.6630266124851,441.13970123464765,441.73911050428126,66995400
2023-12-08,444.919921875,445.451648340426,442.02917923250493,442.27087844484373,83194400
2023-12-11,446.65045166015625,446.8244975103325,444.2141343049595,444.4268307846884,65002200
2023-12-12,448.6903991699219,448.78708475043413,445.30661038207074,446.30240990232363,68327600
2023-12-13,454.8779296875,455.12930631637573,448.70976090431213,449.06747102737427,93278000
2023-12-14,456.3377380371094,458.0006296077065,453.6693695971455,456.81145899765846,119026000
2023-12-15,455.5863952636719,456.9163018501235,453.7420397034311,455.7417134699126,141553700
2023-12-18,458.149169921875,459.1296032853033,456.13009218585904,457.1881698520897,70375300
2023-12-19,460.9350891113281,461.0127630324847,458.61509172941334,458.69273602664884,55761800
2023-12-20,454.5477600097656,461.96401935450547,454.12064234016117,460.0808267995912,102921000
2023-12-21,458.8577575683594,459.1295570366737,455.1107760152546,457.5278509164755,86667500
2023-12-22,459.7799072265625,461.45925759296136,457.8870276491879,459.98374941589714,67160400
2023-12-26,461.7213439941406,462.62410332069675,460.1099508863103,460.1876248035588,55387000
2023-12-27,462.55615234375,462.7017539013479,460.98359627385656,461.51747852635486,68000300
2023-12-28,462.73095703125,463.5657591935007,462.3135559501247,462.9153955785237,77158100
2023-12-29,461.3913269042969,463.06096072132885,459.4401769650659,462.5367654374911,122283100
2024-01-02,458.8092346191406,459.79938459581,456.7124830275094,458.33359292378987,123623700
2024-01-03,455.062255859375,457.3919698393569,454.4604162904711,456.6542157231931,103585900
2024-01-04,453.596435546875,457.1686653982138,453.3731600721968,454.5865557790852,84232200
2024-01-05,454.2177429199219,456.66393818647634,452.7713549830218,453.8003122508208,86118900
2024-01-08,460.7021179199219,460.84771948944723,454.5865853845721,454.71278328613425,74879100
2024-01-09,460.0032043457031,461.02244496424106,457.54729244084217,458.05205442710235,65931400
2024-01-10,462.604736328125,463.4686883884697,459.99350610212235,460.275022232607,67310600
2024-01-11,462.4009094238281,464.11906733105025,458.43068164604205,463.6045886611641,77940700
2024-01-12,462.72125244140625,464.5850416325541,461.3137309308125,463.84728742423584,58026400
2024-01-16,461.0224304199219,462.6532272077025,459.2071951071508,461.34278348918724,85014900
2024-01-17,458.4597473144531,458.9451056102245,456.11060012839494,458.0035093314712,68843900
2024-01-18,462.5367126464844,463.09002818161,458.58591886010277,460.12935459709723,91856200
2024-01-19,468.3028259277344,468.58434205067863,462.5853202688259,463.6628015298727,110834500
2024-01-22,469.29296875,471.0111265282756,468.6425755704272,469.83656769535,75844900
2024-01-23,470.66162109375,470.90430023582877,468.7493378931313,469.83653570981716,49945300
2024-01-24,471.1761474609375,474.45714470411593,470.6810725123754,473.52526505734005,81765000
2024-01-25,473.73883056640625,474.0106300348732,471.1761540957068,473.30199623812143,72525000
2024-01-26,473.13702392578125,474.7969411657135,472.2925051479898,473.3117458196852,76641600
2024-01-29,476.8839416503906,477.0295728420406,472.9040272208165,473.4476261562877,61322800
2024-01-30,476.51507568359375,477.2236798269538,475.7578883130134,476.1947226231299,58618400
2024-01-31,468.7396545410156,474.75807991768903,468.7202212489611,474.31155855924624,126011100
2024-02-01,474.87457275390625,474.9036930669608,469.6326794127357,470.43839078044346,91891600
2024-02-02,479.873779296875,481.5239798187347,474.971642466127,475.31139921660196,99228200
2024-02-05,478.12646484375,479.90289286822576,475.87442477356564,479.2428126687566,75757100
2024-02-06,479.5146179199219,479.84465802363434,477.6411122849623,479.0680669349689,55918600
2024-02-07,483.513916015625,483.93131701939416,480.8541325434168,481.75692144262655,70556500
2024-02-08,483.7275390625,484.10610316011065,482.69858176017516,483.51398020972,52343600
2024-02-09,486.5231628417969,486.95996752942966,483.89249957484776,484.2322563033971,63979400
2024-02-12,486.3096008300781,488.7557959365899,485.59125041968997,486.4940393494017,56502300
2024-02-13,479.6116943359375,482.53356108402113,476.35010044182593,480.0485287007201,113099200
2024-02-14,483.97021484375,484.4555731763151,479.92231331563113,482.2423403647749,68387800
2024-02-15,487.3094787597656,487.49391729462275,484.1934569596569,484.66912826614583,61683000
2024-02-16,484.8826904296875,488.1442842020213,484.144936285217,487.00856229426716,75532900
2024-02-20,482.21319580078125,483.8148722929186,479.970842787005,483.14507545774694,71736700
2024-02-21,482.6499938964844,482.80531210783914,479.10688422021883,480.9124325062878,59293400
2024-02-22,492.638671875,493.5996718242251,488.2898508655614,489.25088043870596,76402500
2024-02-23,492.9784240722656,495.1916567031526,492.25038663284334,494.3568250348437,61321800
2024-02-26,491.1728820800781,493.8520693709636,491.0466841824756,493.4152350521733,50386700
2024-02-27,492.0853576660156,492.30863314805396,489.9692025931845,491.86211180789684,48854500
2024-02-28,491.43499755859375,492.0174038220213,490.17304819868775,490.53220860244136,56506600
2024-02-29,493.2016906738281,494.8130838290683,490.5516532421677,493.1920036518268,83924800
2024-03-01,497.8319091796875,498.25902678888446,493.6675569258897,494.0752708706378,76844800
2024-03-04,497.29815673828125,499.14254217920546,497.0069535759895,497.03610351614157,49799300
2024-03-05,492.3280334472656,495.7449748064334,490.1245174506037,495.29842384541166,72855600
2024-03-06,494.8227844238281,497.0748540345267,493.53174438668293,495.5993458504527,68382400
2024-03-07,499.7345886230469,500.78297909459656,494.88100583529064,498.1135085613306,58652100
2024-03-08,496.73516845703125,503.0447976060077,496.1624491386697,500.3656691875528,86532500
2024-03-11,496.3080139160156,496.8904498381802,493.6094227797772,495.53145243574386,62557200
2024-03-12,501.6470031738281,502.2294094929587,495.9003176684613,498.41449998303995,73114400
2024-03-13,500.860595703125,502.1419486738022,499.4239541516855,501.9672268025058,55104100
2024-03-14,499.87054443359375,501.9866995940405,496.8321966177629,501.831351753217,110171800
2024-03-15,496.4381103515625,498.2590153922283,494.7730358188075,496.80813351794416,107646300
2024-03-18,499.3885192871094,501.93969410963876,498.97956820958467,500.4985887866016,88893300
2024-03-19,502.1636962890625,502.44605736767124,497.6942371868493,498.6972103635703,60755300
2024-03-20,506.8083801269531,506.94471696954355,501.5502591703246,502.22213711517423,69594600
2024-03-21,508.48321533203125,510.34301859328446,508.20079481953724,509.6419595938359,60256100
2024-03-22,507.519287109375,508.8824773514824,507.2855413177628,508.39561095817277,79070800
2024-03-25,506.1170349121094,507.2660322991133,505.96120440733904,506.1462159868013,48512100
2024-03-26,505.18231201171875,507.87957088818524,504.78310771343683,507.53872874874105,65463700
2024-03-27,509.4277038574219,509.4666912006187,505.8443747669276,508.00609219695343,82999800
2024-03-28,509.33026123046875,510.8297878712115,509.04790020355074,509.4665980428767,96294900
2024-04-01,508.4441833496094,510.605900605306,507.2854391895369,510.07035956686866,62477500
2024-04-02,505.2115478515625,505.34782527414643,502.9134932946272,504.62727251731803,74230300
2024-04-03,505.7664794921875,507.266065898289,504.0721940901131,504.1208688391064,59155800
2024-04-04,499.5930480957031,510.10934946561747,499.2911933332161,509.76856679026787,96858100
2024-04-05,504.81219482421875,506.7694068986325,500.5083132867227,500.9465048519071,74546500
2024-04-08,505.0946044921875,506.5162756490336,504.2864491311744,505.51336185898396,48401800
2024-04-09,505.6788635253906,507.071294128757,500.839381191466,506.82786095826793,68049200
2024-04-10,500.6154479980469,502.6018412987628,498.6388015333815,499.9922448100833,82652800
2024-04-11,504.3935852050781,505.83469071601695,498.6291037293899,502.13451800051297,70099000
2024-04-12,497.4313659667969,502.27081877394835,495.70784003413945,500.85889444352966,92561100
2024-04-15,491.199462890625,501.7644387082916,490.3522904966187,501.5989207934361,92101400
2024-04-16,490.3036193847656,493.19560665785394,489.01828510429004,491.6765860412786,73484000
2024-04-17,487.40191650390625,492.92299427571044,486.0094858021586,492.7574466330574,75910300
2024-04-18,486.3989562988281,490.8878795783521,485.46418121059236,488.794360179131,74548100
2024-04-19,482.1534729003906,487.3142441699,480.8876025986124,486.32104754330464,102212600
2024-04-22,486.59368896484375,489.18382142190774,482.4163675078979,484.75331996273405,67961000
2024-04-23,492.367919921875,492.7963646750655,486.4086807205422,488.5995792337359,64633600
2024-04-24,492.1342468261719,494.0427545951939,489.914137461728,493.2540334865075,55928100
2024-04-25,490.2646179199219,491.02412816029823,484.42222231211605,486.0678327855915,69122400
2024-04-26,494.9093933105469,496.48683553540934,492.41663996726425,493.04956028124485,64306100
2024-04-29,496.6620788574219,497.33395677101214,493.9258924563797,496.69128964862307,46415400
2024-04-30,488.79437255859375,496.1752536684076,488.79437255859375,495.2015209263445,77483600
2024-05-01,487.2071838378906,494.84124497607075,486.7397814235659,488.2101273744075,80242800
2024-05-02,491.7641906738281,492.60161619088024,486.4281251448712,490.90730120185356,62550200
2024-05-03,497.8598327636719,499.0867158383158,495.201531622673,497.7332427499149,72756700
2024-05-06,503.0010986328125,503.0400265445959,499.8169737447077,500.2551653379584,47264700
2024-05-07,503.55615234375,504.9485829994704,502.8842743906612,503.9651034446084,52561300
2024-05-08,503.6048278808594,504.14036899052337,501.6086876910597,501.72553086291623,42047200
2024-05-09,506.50653076171875,506.5455181068331,503.1374535973279,503.7898378767789,43643700
2024-05-10,507.1589660644531,508.9116730396104,505.94180018838176,508.1034582569593,52233200
2024-05-13,507.22698974609375,508.94076852048096,506.0877393186341,508.83367220506113,36716400
2024-05-14,509.5542907714844,510.0703976103099,506.88627278339663,507.42181386177714,57535900
2024-05-15,515.8642578125,516.1563658037695,511.38505069591565,512.018000870284,59504900
2024-05-16,514.8026733398438,517.5583531460086,514.6565896819933,515.9614174721102,50244800
2024-05-17,515.542724609375,515.6108930215729,513.4686694664939,514.9195214966393,59187600
2024-05-20,516.1366577148438,517.5972564963745,515.2700215074756,515.6595382886503,37764200
2024-05-21,517.4025268554688,517.5583573493641,515.1727006539206,515.3772058901883,33437000
2024-05-22,515.912841796875,517.4221156794935,513.7413773413039,516.7113097871478,48390000
2024-05-23,512.1444702148438,519.0676954201629,510.93699174891134,518.9605990872589,57211200
2024-05-24,515.5330200195312,516.3412347653415,513.0402667962413,513.9847589456947,41291100
2024-05-28,515.893310546875,516.5749353115505,513.2642204156563,516.3412489766735,36269600
2024-05-29,512.2807006835938,513.458938533357,511.5698948988185,511.87174962966077,45190300
2024-05-30,508.8824157714844,511.4044095336918,507.6360688600374,510.7422784507473,46377600
2024-05-31,513.517333984375,513.6439239713764,504.7439941340697,509.8366558224101,90785800
2024-06-03,513.9360961914062,515.4064420460951,508.87267437322015,515.1240809646227,46835700
2024-06-04,514.5105590820312,515.250605333056,511.17066354967966,512.6312623824123,34632700
2024-06-05,520.6256713867188,520.6451650598835,514.84169649016,516.8281493311971,47610400
2024-06-06,520.6159057617188,521.3559521321091,518.6879340097541,520.9275073614583,30808500
2024-06-07,519.9829711914062,522.787325920015,518.5515533208824,519.6421291117942,43224500
2024-06-10,521.589599609375,521.9109480214009,518.5807990347079,519.1747616812378,35686100
2024-06-11,522.8458251953125,522.9042467845098,518.0745108271142,520.0414700499772,36383400
2024-06-12,527.139892578125,529.8274041983666,526.1077383475028,527.4028194115604,63251300
2024-06-13,528.201416015625,529.0583057100524,525.4165542247054,528.8830409223657,44760900
2024-06-14,528.522705078125,528.551886156822,525.6696157422205,526.6725890295746,40089900
2024-06-17,532.7291870117188,534.1216772051151,527.3834034899254,527.8410888070123,55839500
2024-06-18,534.0827026367188,534.2092926573293,532.3689233717765,532.7876213507444,41376400
2024-06-20,532.6318359375,535.6698774866474,530.8596351285086,535.0077463215187,70328200
2024-06-21,531.917724609375,533.0313753907063,530.4621917432297,531.8102827682807,64338600
2024-06-24,530.1885986328125,534.3012597413704,530.0713785197397,531.7418545665156,45528700
2024-06-25,532.2302856445312,532.5917242597523,529.8955424418219,531.4096852385123,37936200
2024-06-26,532.8946533203125,533.6077524053179,530.4720243887124,531.1167351250136,38550600
2024-06-27,533.7346801757812,534.3110621107577,532.0153722749866,532.7578061070262,35041500
2024-06-28,531.6343994140625,537.5543137581463,530.3938098387125,534.5064116818106,76144500
2024-07-01,532.728515625,533.2560061424955,529.9737236752046,533.0117876323043,40297800
2024-07-02,536.3135375976562,536.3135375976562,531.0775079183517,531.1263396875488,40434800
2024-07-03,538.7069702148438,539.068408833479,535.9619565950238,536.0010100914286,32789900
2024-07-05,541.8134765625,542.213968717536,538.3748605783948,539.0098526062544,41488400
2024-07-08,542.4386596679688,543.3861988920726,541.3738407022457,542.5949332840256,36110500
2024-07-09,542.9661865234375,544.2947210316149,542.6731362089374,543.396013525926,27289700
2024-07-10,548.3388671875,548.6807492045888,543.8941028470899,544.1871530936876,38701200
2024-07-11,543.61083984375,549.3255886798729,542.9759074999535,548.4561564855596,53054200
2024-07-12,547.0396728515625,550.6345620898736,544.2653840243584,544.7342644743289,53084400
2024-07-15,548.5441284179688,551.7775792240066,546.6880438244344,549.0325654558818,40584300
2024-07-16,551.7970581054688,552.090108393895,549.1008762046278,549.8530882979716,36475300
2024-07-17,544.0601806640625,547.5476278240299,543.7377955656038,545.8771519032762,57119000
2024-07-18,539.879150390625,546.580551242634,537.7007404833427,545.593898977862,56270400
2024-07-19,536.2940673828125,541.2663824595259,535.2390267295067,539.644738170822,65509100
2024-07-22,541.8231811523438,542.4288382548532,538.2771238069361,540.2113152231016,43346700
2024-07-23,540.9733276367188,543.8648365993427,540.484890622907,541.7157018138391,34439600
2024-07-24,528.7135009765625,536.4698829953903,527.7952370228695,536.1670544374522,74515300
2024-07-25,525.9588012695312,534.7995603016705,525.0210402154329,528.8308137450439,61158300
2024-07-26,531.8493041992188,534.5357078065754,528.9675138593225,529.7392825093052,53763800
2024-07-29,532.161865234375,534.3988851266782,530.169004207153,533.3927359573876,39515800
2024-07-30,529.4658203125,534.6823548134623,526.0663171509535,533.6273139750385,46853600
2024-07-31,538.072021484375,540.6998152024645,534.9167372159726,536.2843251839307,65663400
2024-08-01,530.452392578125,542.0381046138815,526.9551667505608,539.7913062018092,76428700
2024-08-02,520.5762939453125,524.571676102486,516.3756871144337,523.3603616135271,82789100
2024-08-05,505.41510009765625,511.4717311244644,498.4695101090915,499.80785259777787,146267400
2024-08-06,510.07470703125,517.4989244767856,505.8936583141911,507.212414168448,84826300
2024-08-07,506.66546630859375,519.2965001883216,506.06958745039486,516.248598311969,70698300
2024-08-08,518.378173828125,519.0033278281719,509.7719169059722,511.79399346845105,63276600
2024-08-09,520.6640625,522.1489300560904,516.3365178449808,517.5576103421191,45619600
2024-08-12,520.9376220703125,523.3406939742863,518.6712672136742,521.8558860240913,42542100
2024-08-13,529.5048217773438,529.7393216479126,523.878076980635,524.1222955084382,52333100
2024-08-14,531.1752319335938,532.3572709257232,527.6291745808618,530.2960214933445,42446900
2024-08-15,540.2797241210938,540.5629961238054,536.1866195717042,536.7922766972661,60846800
2024-08-16,541.4910278320312,542.1846298407453,538.5115740387317,538.6678476452682,44430700
2024-08-19,546.6685180664062,546.6685180664062,541.0514918139045,541.901367537868,39121800
2024-08-20,545.779541015625,547.8700657821756,544.4412283435015,546.2191462607274,33732300
2024-08-21,547.6551513671875,549.1106842316043,541.9013486274712,546.8248322343893,41514600
2024-08-22,543.3568115234375,550.155875826028,542.1454973391976,549.5502187339081,56121500
2024-08-23,549.130126953125,550.0679473561338,544.4020310704757,546.5902786774961,50639400
2024-08-26,547.8211669921875,550.8690092024209,546.1214157161334,550.1559102385648,35788600
2024-08-27,548.5733642578125,549.0618012606642,545.4083020191189,546.5512279111676,32693900
2024-08-28,545.3887329101562,548.661296528156,542.2041141850556,548.2314695905903,41066000
2024-08-29,545.4375,550.6442544077365,544.2945742697917,547.3521942445709,38715200
2024-08-30,550.6443481445312,551.1523417216108,544.2556134288437,547.8016709409602,62700100
2024-09-03,539.3126220703125,547.8407131286382,536.8020487007664,547.508549729637,60600100
2024-09-04,538.208740234375,541.608242662233,536.7532075195429,537.4760847370844,47224900
2024-09-05,536.8997192382812,540.9928237930679,534.4477558926965,538.1501466111926,44264300
2024-09-06,527.8637084960938,538.8437645502386,526.9650009606123,537.2221796738046,68493800
2024-09-09,533.773681640625,535.043665505135,530.1299607989381,532.0544335310877,40445800
2024-09-10,536.0987548828125,536.450474898389,530.8138918516801,535.678706144088,36394600
2024-09-11,541.5985107421875,542.5167747623394,527.4729497044474,536.0108196239122,75248600
2024-09-12,546.1605224609375,546.4633510224045,539.9573366553728,542.1748597619055,51819600
2024-09-13,549.0130004882812,550.0094311099382,546.5122052774053,546.7662020730168,39310500
2024-09-16,549.8238525390625,550.0875680057417,546.9518402590558,548.7492552395013,36656100
2024-09-17,550.0485229492188,553.4773606816602,547.8212213158272,552.0315464267048,49321000
2024-09-18,548.4171142578125,555.5385046014119,547.8602888957543,550.702966140304,59044900
2024-09-19,557.7754516601562,559.6315359572782,554.9425530668651,557.804786497104,75315500
2024-09-20,556.8113403320312,557.8500005367814,553.7933228326182,556.4096197933483,77503100
2024-09-23,558.2027587890625,558.8495067502496,556.6643550711399,557.8794446150124,44116900
2024-09-24,559.7999267578125,559.8587165873663,556.1743944512203,558.9964258828836,46805700
2024-09-25,558.5652465820312,560.3780425284191,557.4579883539482,559.6431398003925,38428600
2024-09-26,560.7798461914062,563.1413674659622,558.428192996937,562.8179934718497,48336000
2024-09-27,559.966552734375,562.6611965458859,558.9377006949258,561.8479471107624,42100900
2024-09-30,562.2103881835938,562.8179029799776,556.6447321030395,558.937595094156,63557400
2024-10-01,557.1738891601562,562.5043864049716,554.6066335561335,561.8576982708267,72668800
2024-10-02,557.4090576171875,558.4281611024765,553.8913563966638,556.282242548741,38097800
2024-10-03,556.3899536132812,558.3300776437013,554.1068390984451,555.9391917508498,40846500
2024-10-04,561.4461669921875,561.8185225581165,556.6643942780399,560.828843806913,42939100
2024-10-07,556.370361328125,560.446655391967,555.2239297880301,559.7999074826037,49964700
2024-10-08,561.6322631835938,562.230029540932,558.0655806170524,558.9376197622599,37398700
2024-10-09,565.5223999023438,566.0809331902332,561.0247685875196,561.6224751598685,37912200
2024-10-10,564.53271484375,565.9535388259317,562.9257131010544,564.1799758679994,44138100
2024-10-11,567.9132690429688,568.6481717987969,564.3171018304082,564.4542980317323,42268000
2024-10-14,572.5579223632812,573.4888112745962,569.0401610478535,569.520288010914,36217200
2024-10-15,568.1092529296875,573.1261842726946,566.8941634738084,572.8224268603595,54203600
2024-10-16,570.5785522460938,571.097912292803,567.3058184280349,568.1093193754714,30725400
2024-10-17,570.6275024414062,574.3216329805343,570.4413246734956,574.1158386665669,34393700
2024-10-18,572.822509765625,573.6063941876963,570.852960533333,572.3129579783322,37416800
2024-10-21,571.8816528320312,573.0770657756304,568.9126174021713,572.0971955701107,36439000
2024-10-22,571.5779418945312,572.7341816541917,568.6971208640092,569.3536172092114,34183800
2024-10-23,566.355224609375,570.0003732214365,562.8570804647936,569.5594196255329,49314600
2024-10-24,567.5801391601562,568.3836400907534,564.9639018539431,568.3052337104026,34979900
2024-10-25,567.3840942382812,572.6950344865168,566.443456997856,569.8044050522926,47268200
2024-10-28,569.1380615234375,570.9802224021391,568.834304134212,570.8528344834444,30174700
2024-10-29,570.0592651367188,571.1762720247682,566.7864714367279,568.1778707648036,42899700
2024-10-30,568.3346557617188,571.5780244818477,567.6291179550885,569.5888588084969,41435800
2024-10-31,557.1934814453125,564.0427655154251,556.9974954170759,563.9741674152153,60182500
2024-11-01,559.545166015625,563.9643910438907,559.1336371976272,559.8195584319851,45667500
2024-11-04,558.3399658203125,560.9758196621659,556.4586313456186,559.6823835212687,38217000
2024-11-05,565.09130859375,565.1304818819561,559.0357163025479,559.2512590975022,39478300
2024-11-06,579.1426391601562,580.014738259286,573.6064067155438,577.3397109306703,68182000
2024-11-07,583.6204833984375,584.6395866964643,581.0630364952552,581.1414428581493,47233200
2024-11-08,586.1486206054688,587.569444510154,584.1692634497057,584.1692634497057,46444900
2024-11-11,586.7072143554688,588.0888053142032,584.9826328704219,587.7360663213191,37586800
2024-11-12,584.8846435546875,587.2264882691159,582.4055428293386,586.6287817012992,43006100
2024-11-13,585.1687622070312,587.1676761411395,582.9836705187753,585.3451316888757,47388600
2024-11-14,581.4060668945312,585.7763103260314,580.7202054727688,585.296183408181,38904100
2024-11-15,573.9591064453125,578.3195418358689,572.1071369723535,577.8491633593196,75988800
2024-11-18,576.3109130859375,577.6239061886371,573.5574791123935,574.419710212039,37001700
2024-11-19,578.41748046875,579.142574989824,572.2737337790142,572.9400384688264,49412000
2024-11-20,578.613525390625,578.897666302881,572.8616903884546,578.4959457161364,50032600
2024-11-21,581.7196655273438,583.1404896221547,575.6249001169805,581.455141177832,46750300
2024-11-22,583.5226440429688,584.1497754660484,581.2101642027249,581.7098478799927,38226400
2024-11-25,585.5020141601562,588.7649396726674,583.2188992835091,587.451946771504,42441400
2024-11-26,588.5592651367188,589.2255699286757,586.0311823918292,586.7464687495894,45621300
2024-11-27,586.7758178710938,588.755115442667,585.2570306878304,588.3730114334577,34000200
2024-11-29,590.4208374023438,591.2047216811674,587.314665296655,587.5889978813017,30177400
2024-12-02,591.4791870117188,592.1552999944694,590.3425038316959,590.8324390421951,31746000
2024-12-03,591.7534790039062,591.9984465923378,590.2151351783115,591.2439870884159,26906600
2024-12-04,595.4280395507812,595.6730071584342,592.7726289600115,593.4389336760423,42787600
2024-12-05,594.4480590820312,596.231430112411,594.095320145877,595.4279293312596,28762200
2024-12-06,595.5750122070312,596.8096584526629,594.800936138575,595.212464951605,31241500
2024-12-09,592.508056640625,595.6240374954255,591.9201582931329,595.457476264727,34742700
2024-12-10,590.6658935546875,593.605504896008,590.0093971009587,593.1841677805376,37234500
2024-12-11,595.232177734375,596.1826234477978,593.3116099521484,593.5860024095599,28677700
2024-12-12,592.1650390625,594.9380289691392,592.1650390625,594.369747252086,31543800
2024-12-13,592.0475463867188,594.9087513561514,590.6757038334936,594.1934650654297,35904700
2024-12-16,594.575439453125,595.5455612250375,593.0272875396962,593.8013634964105,43695200
2024-12-17,592.1258544921875,592.9881452170704,590.7540718346318,592.0278913761272,55773500
2024-12-18,574.478515625,594.2032541174319,574.0963517696575,591.822175937033,108248700
2024-12-19,574.3019409179688,581.0630696987981,574.0569733506421,579.456068103567,85919500
2024-12-20,581.1998901367188,585.7224397345614,571.1321976271144,571.9777678628068,125716700
2024-12-23,584.6803588867188,585.2800771480029,577.7686569320756,580.9443313472664,57635800
2024-12-24,591.1791381835938,591.2185033240278,585.4472496940897,586.0273454449668,33160100
2024-12-26,591.2184448242188,592.3392110668057,588.0133066034633,589.4093887705021,41219100
2024-12-27,584.9949340820312,587.7183292627742,580.8164691334702,587.4823184826345,64969300
2024-12-30,578.3192138671875,581.7799853973963,574.5733451400716,577.9948115421023,56578800
2024-12-31,576.2152709960938,580.6985158642835,574.583178079053,579.9807622286955,57052700
2025-01-02,574.7994995117188,581.180251846637,570.7291685588775,579.4695486945864,50204000
2025-01-03,581.9865112304688,582.6255346471705,576.5594027877501,577.64092396713,37888500
2025-01-06,585.339111328125,589.6060884935793,583.6087253809885,586.2338281568046,47679400
2025-01-07,578.7223510742188,587.6888410122485,576.903513754268,587.3643786767495,60393100
2025-01-08,579.5678100585938,580.6394897953063,575.3500401020275,578.7911287868388,47304700
2025-01-10,570.7192993164062,576.0874192959229,568.8119506064235,576.0185903209236,73105000
2025-01-13,571.604248046875,571.9581742427216,565.6658729466735,566.0788468496604,47910100
2025-01-14,572.3907470703125,575.1534475548353,568.6153544470202,574.5242054496483,48420600
2025-01-15,582.8026123046875,583.943061283102,579.2828525136379,580.3938376431494,56900200
2025-01-16,581.6817626953125,584.346110636513,580.9836915331506,584.1691475266347,43319700
2025-01-17,587.5217895507812,589.27179809953,585.5849165977943,586.9122299431212,58070600
2025-01-21,592.8995361328125,592.9093774154856,588.5932548694913,590.5595911538271,42532900
2025-01-22,596.2326049804688,597.5893820777127,595.1707663809229,595.7213382459036,48196000
2025-01-23,599.4868774414062,599.4868774414062,595.3280946897063,595.6033506126263,41152100
2025-01-24,597.7367553710938,600.4995156835615,596.5864653530726,599.5458113037603,34604700
2025-01-27,589.2816162109375,589.5962372876534,584.6312490621345,584.7983708814467,70361100
2025-01-28,594.3448486328125,595.1805175844501,587.1971967465958,590.5104687195756,44433300
2025-01-29,591.6804809570312,593.9614384934404,589.1340487911447,593.5583059073574,37177400
2025-01-30,594.8560791015625,596.389819126707,590.6087851839717,593.7943006280343,39281300
2025-01-31,591.6903076171875,599.6933113603776,590.9332488823969,597.2746959271392,66566900
2025-02-03,587.7085571289062,590.1861005375324,580.5510628181718,582.6943625959686,65857200
2025-02-04,591.6510620117188,592.1622687341741,587.2268045597665,587.767535135661,33457800
2025-02-05,594.0498657226562,594.1973649569587,588.5048426365228,590.5301667443101,30653100
2025-02-06,596.1146240234375,596.242440705887,592.4867305159943,595.7901616750784,35771500
2025-02-07,590.6580200195312,597.8941240756534,589.9501076619601,596.6750050236558,50788500
2025-02-10,594.6693115234375,595.3083949100401,592.5948408497425,593.8631663388722,26048700
2025-02-11,595.12158203125,595.662312577201,592.2900526181724,592.4080280097315,30056700
2025-02-12,593.2044067382812,594.3743794070193,588.4360645213627,589.1144530437037,45076100
2025-02-13,599.4672241210938,599.6737110792319,593.047165943141,594.3055902381474,40921300
2025-02-14,599.4376831054688,600.7059485220444,598.8182823186273,599.6736338799176,26910400
2025-02-18,601.1976318359375,601.1976318359375,598.1399925315113,600.5979135172886,26749000
2025-02-19,602.6133422851562,602.908280775238,599.3000698962699,599.8113366176324,31011100
2025-02-20,600.1062622070312,601.3843689751305,596.8028311734677,601.2467110134413,36554000
2025-02-21,589.8419799804688,600.0275889538111,589.3798596850504,599.8899309928074,76519800
2025-02-24,587.1578979492188,592.8799440315161,586.4499856464254,591.8869345556642,50737200
2025-02-25,584.2378540039062,587.8264418905826,579.636634088407,587.0989070332523,58266500
2025-02-26,584.5328979492188,589.4881049123491,581.8980139327481,585.8995163780398,43321600
2025-02-27,575.20263671875,587.9543615454245,574.8094053796542,586.8040113591791,74196700
2025-02-28,584.178955078125,584.7098443771037,572.6365684069419,575.7040488167072,88744100
2025-03-03,573.9442138671875,587.2858157400013,570.1393571070072,586.1453068357338,74249200
2025-03-04,567.1505126953125,575.5369680083471,562.6181207422406,569.9525786591505,109648200
2025-03-05,573.24609375,575.035467216836,563.434093538414,566.9833166199888,71230500
2025-03-06,563.0703735351562,570.4047711019521,560.523941077153,565.7937090893346,80094900
2025-03-07,566.2261962890625,567.6714847046253,556.1094174114145,561.2907328755356,81158800
2025-03-10,551.1444702148438,559.9536192631458,546.2384702857362,558.0364891964213,99326600
2025-03-11,546.5628662109375,554.5265648872522,542.7285461144836,549.9843324603625,88102100
2025-03-12,549.4632568359375,553.631880779765,544.3704523001988,552.7077001878538,69588200
2025-03-13,542.1386108398438,549.6991769603108,540.4279077137791,549.0896174558009,74079400
2025-03-14,553.3369750976562,554.3398260143258,542.2075022062043,546.7497351697265,62660300
2025-03-17,557.6039428710938,560.1208513978755,552.8846868765244,553.3172833424321,49008700
2025-03-18,551.5770874023438,555.5097605205915,549.6500559715837,555.2934322950165,66041400
2025-03-19,557.584228515625,561.3399385264869,552.1768030039566,553.3566169353411,66556000
2025-03-20,555.9718627929688,560.966374832501,553.1304918485869,553.848245552193,62958200
2025-03-21,556.1552124023438,557.0526205906217,550.2878120115934,551.5204692681951,83763000
2025-03-24,566.1151733398438,567.1703352751009,562.2890000340255,562.880651498493,58766800
2025-03-25,567.47607421875,568.4128457426297,565.7306119858723,567.3182603575567,38355700
2025-03-26,560.7013549804688,568.3339598573967,559.3207546377017,567.2097618801449,51848300
2025-03-27,559.2123413085938,562.9793497998379,557.1020172521603,559.3109298319079,42164200
2025-03-28,547.95068359375,558.4135249923543,547.3689030262066,557.6838014665011,71662700
2025-03-31,551.62890625,552.9305994826874,539.282592409213,542.201546342058,95328200
2025-04-01,553.18701171875,555.1297110203275,545.9981756472096,549.715889513425,54609600
2025-04-02,556.687744140625,559.547472787333,547.1124411566806,547.3491017135567,76014500
2025-04-03,529.2537841796875,540.3673821784607,529.2537841796875,537.5470765410741,125986000
2025-04-04,498.2696838378906,518.5740121118964,498.05273494035157,516.404523136506,217965100
2025-04-07,497.3822021484375,515.9114867336431,475.1154617622772,482.4029468413161,256611400
2025-04-08,489.591796875,517.6963548854247,482.3733480760591,514.6196468974629,165816600
2025-04-09,541.0084228515625,541.0084228515625,486.20939567811143,486.59399925019795,241867300
2025-04-10,517.3019409179688,526.0981670837639,502.25365007002944,524.7866027854379,162331200
2025-04-11,526.5320434570312,528.9874872153164,512.8544826104954,515.7536950429114,97866300
2025-04-14,531.6401977539062,536.7286411738348,526.453165817952,536.5017912856171,68034000
2025-04-15,530.151123046875,535.6931457102869,529.3622343758641,532.1825399641931,56892900
2025-04-16,518.3668823242188,530.4272422697393,513.0713913810127,524.3033791384568,83484800
2025-04-17,519.1065063476562,523.800475242003,516.6411916080497,520.3194821276195,79868100
2025-04-21,506.7503356933594,514.4618467446136,501.40552056556845,513.9293002870572,69368100
2025-04-22,519.9348754882812,521.9564215250564,511.9867032226325,512.9235348557764,75948100
2025-04-23,527.9915161132812,537.8626460694973,526.4729038847668,532.9320165359907,90590700
2025-04-24,539.1051635742188,539.8348871004667,528.0211182344198,529.2734571828396,64150400
2025-04-25,543.0003662109375,543.4046513367819,536.1467793425768,539.0657336001437,61119600
2025-04-28,543.2074584960938,545.8700106135369,537.4583875113086,543.7400050325934,47613800
2025-04-29,546.6293334960938,547.7436606136026,540.9393676118534,541.2943585019403,47775100
2025-04-30,546.8462524414062,548.7988227140515,534.0069337400583,539.9729835885655,93101500
2025-05-01,550.7216796875,556.2440206119321,550.1201573586014,552.595342895286,63186100
2025-05-02,558.896728515625,560.4942476694231,554.5774922291787,556.8948640346016,60717300
2025-05-05,555.6918334960938,558.788283367358,553.9069479669498,554.7648727126054,38659200
2025-05-06,551.0471801757812,555.5340413030556,549.2327420958744,550.1892553966732,48264700
2025-05-07,553.3645629882812,555.9975022415719,548.3254139860352,552.3784371058738,55588000
2025-05-08,557.2202758789062,562.3974366423718,553.9069074354913,557.3977713110521,65130800
2025-05-09,556.5103149414062,559.6264462916283,554.9522191721212,558.6205786168767,37603400
2025-05-12,574.9015502929688,574.9114211824733,569.0340889310521,573.4026196086874,78993600
2025-05-13,578.6981811523438,580.907093658496,574.7536773375426,575.3157161654024,67947200
2025-05-14,579.437744140625,580.8084133986617,577.4161378946785,579.6546629482465,66283500
2025-05-15,582.267822265625,582.7706958315019,576.9821425909696,577.4357820961777,71268100
2025-05-16,585.9559936523438,586.2518193704545,581.1042713102905,583.0469103495059,76052100
2025-05-19,586.596923828125,587.2773530559552,579.9405744991373,579.9405744991373,68168500
2025-05-20,584.6246948242188,585.8080578995526,581.419785763877,584.8614155899625,60614500
2025-05-21,574.7732543945312,584.3584282191854,573.7477052570061,580.2758530681597,95197700
2025-05-22,575.0001220703125,578.4811148637216,573.3433777523152,574.5760350084579,70860400
2025-05-23,571.0753784179688,573.7379304924723,567.6140667399493,567.9887994120531,76029000
2025-05-27,582.9482421875,583.105995819489,570.4046917584021,577.9387066880435,72588500
2025-05-28,579.5757446289062,584.545857588394,578.8460211072919,583.3526236048898,68445500
2025-05-29,581.8635864257812,584.9699071457442,577.9388245287198,584.8318350718904,69973300
2025-05-30,581.2127075195312,582.92855680446,575.148009692676,580.7590679776305,90601200
2025-06-02,584.4866943359375,584.5655410710423,576.9428072484826,579.6053591727813,61630500
2025-06-03,587.8197631835938,588.7960181097066,583.6385391723649,584.121791379625,63606200
2025-06-04,587.6619262695312,589.6539195966438,587.2280285207049,588.6776647088699,57314200
2025-06-05,584.8219604492188,590.6894216670538,582.8497086239531,589.3384339818148,92278700
2025-06-06,590.8275146484375,592.4940699072976,588.5791185976601,590.3541332655441,66588700
2025-06-09,591.3599853515625,592.9082102708385,590.1864930975049,591.3994087206146,53016400
2025-06-10,594.7128295898438,595.0973729509094,590.7781968461302,591.8924637491524,66247000
2025-06-11,593.0166625976562,596.6653405011278,590.9556931519085,595.8074157747775,73658200
2025-06-12,595.37353515625,595.37353515625,591.2022416981604,591.6854337777163,64129000
2025-06-13,588.7171630859375,593.499849631983,587.218232455665,590.1963519379123,89506000
2025-06-16,594.318359375,596.0638215052488,591.8924679557008,592.0700235861916,79984100
2025-06-17,589.2398681640625,593.401290785268,588.480531921813,591.8826784891205,82209400
2025-06-18,589.1510009765625,592.8785252065284,588.1944276516227,590.1371267775953,76605000
2025-06-20,587.7673950195312,592.8906208578056,586.3629131433069,591.8224395288368,94051400
2025-06-23,593.5730590820312,593.9587392448562,585.4035696790836,588.5190130228361,87426000
2025-06-24,600.1304321289062,601.1886530620405,596.7973078378046,597.7072691809916,67735300
2025-06-25,600.4666748046875,601.940336500435,598.903972841808,601.247995602986,62114800
2025-06-26,605.1646118164062,605.5997923429508,601.7029677445283,602.3161684365299,78548400
2025-06-27,608.1712646484375,609.6350865938839,604.1360202356653,606.1635425121184,86258400
2025-06-30,611.0791015625,612.4340832221852,608.2998981128763,610.6142811588834,92502500
2025-07-01,610.8812866210938,612.0483479268365,608.7746241554748,609.6053849111585,70030100
2025-07-02,613.650634765625,613.6901746824169,609.8526899336259,610.4757907292374,66510400
2025-07-03,618.4869995117188,619.4167005776212,615.6088560521965,615.628656191773,51065800
2025-07-07,613.8780517578125,617.1913758193931,611.0988485499288,616.5286747873084,74814500
2025-07-08,613.5418090820312,615.2923708557059,612.7307881009865,614.5406899285775,59024600
2025-07-09,617.2210693359375,617.8738099884296,614.1055653060555,615.945227877469,66113300
2025-07-10,618.9617919921875,620.000273214104,616.1825885407072,617.3595500232223,57529000
2025-07-11,616.7857666015625,618.0121678287132,614.7187046395575,615.9154056597896,63670200
2025-07-14,617.9628295898438,618.3089698632363,614.9858059200452,616.3308874637725,51898500
2025-07-15,615.3220825195312,620.9793689858044,615.242942324076,620.6431287961128,74317300
2025-07-16,617.3792724609375,617.883693134462,611.2769051241828,616.9045519994012,88987500
2025-07-17,621.1573486328125,621.5134493059918,617.3396644874989,617.557284919235,68885700
2025-07-18,620.7025146484375,622.5717567026577,619.5947932954602,622.4036365954075,65621600
2025-07-21,621.87939453125,624.6189973413707,621.4541141003111,621.87939453125,63375000
2025-07-22,621.9684448242188,622.828905853138,619.3277216791315,622.2058050575365,60046300
2025-07-23,627.2598266601562,627.2598266601562,622.8288811376781,624.6289433239532,70511000
2025-07-24,627.4674682617188,629.1785504969665,627.0421878119985,627.6454884244192,71307100
2025-07-25,630.1181030273438,630.5928838363332,627.8829206987424,628.1301809903662,56865400
2025-07-28,629.9598388671875,631.0477599275997,628.5751571845921,630.4938993278172,54917100
2025-07-29,628.2982788085938,631.6708825055948,627.3883778702398,631.3543820995848,60556300
2025-07-30,627.5070190429688,630.6917023127537,624.6189756546709,628.9509803708415,80418900
2025-07-31,625.1531372070312,632.8379457731452,623.8574957354674,632.4522656090571,103385200
2025-08-01,614.9066162109375,619.476041722763,612.5032535330552,619.4364414435403,140103600
2025-08-04,624.2529907226562,624.3024306993746,618.7242853408221,618.8132652256608,73218000
2025-08-05,621.0880737304688,625.6772386500149,620.168272806011,624.8662177521945,68051400
2025-08-06,625.8455200195312,626.4982606508958,621.2464542892866,622.1563552914652,64357500
2025-08-07,625.3212280273438,629.9993730574174,622.2156245224251,629.2674923107387,74205800
2025-08-08,630.1972045898438,630.6620853000642,626.7949007710238,627.1114011688534,64051600
2025-08-11,628.9510498046875,631.947873553624,627.70484826023,630.4742118551501,58742300
2025-08-12,635.6468505859375,635.8050706066525,629.8114837326607,631.2950454377703,64730800
2025-08-13,637.8228149414062,639.1085564704525,635.6370120856271,637.8425547169825,60092800
2025-08-14,637.882080078125,638.5447207235369,635.300697252298,635.7457174616427,59327500
2025-08-15,636.388671875,639.0096552004113,635.4787708739423,638.9107148606824,68592500
2025-08-18,636.2501220703125,636.942462907598,635.1424008771667,635.814941575414,43804900
2025-08-19,632.7984008789062,637.0512656505922,631.4829592777961,636.0721245937336,69750700
2025-08-20,631.116943359375,632.649944849085,626.0135183173757,632.3928448945792,88890300
2025-08-21,628.5851440429688,630.978606926108,626.8642219548319,629.3071851926883,54805800
2025-08-22,638.2381591796875,639.4151205943501,630.2664897119097,630.7709103705197,84083200
2025-08-25,635.4292602539062,638.218363635622,635.3105801411765,636.9820621561176,51274300
2025-08-26,638.0897827148438,638.4359833484747,634.5391586749303,635.1622594491828,51581600
2025-08-27,639.5436401367188,640.2755208793137,637.3578376120881,637.5062179210042,48341100
2025-08-28,641.80859375,642.362454403162,638.2678697444891,640.1470117905141,61519500
2025-08-29,637.98095703125,640.7404203673219,636.0919150690585,640.374419619015,74522200
2025-09-02,633.2533569335938,633.4709169972102,627.9619508913343,630.5136938017484,81983500
2025-09-03,636.6853637695312,637.1502445176759,633.4413400681225,635.6270824559713,70820900
2025-09-04,642.0064086914062,642.0361089027498,636.4579021356687,637.3579030521721,65219200
2025-09-05,640.14697265625,645.0625384730564,636.2798483910566,644.3404973975818,85178900
2025-09-08,641.7196044921875,642.7185457406785,640.1371023874503,641.5118841129237,63133100
2025-09-09,643.2031860351562,643.7273464852004,640.1272219983028,641.8580441132016,66133900
2025-09-10,645.0625610351562,647.3768835600082,643.4998590892842,646.4570825189741,78034500
2025-09-11,650.423095703125,651.115436538164,646.4273914384058,647.0108918753651,69934400
2025-09-12,650.2055053710938,651.8868873722256,649.7011451004063,650.3934256012134,72780100
2025-09-15,653.6671752929688,653.795755474802,652.1144337731963,652.4111340519337,63772400
2025-09-16,652.7671508789062,654.5276730798186,651.9858301119879,654.2210123755038,61169000
2025-09-17,651.9561157226562,654.4682584259048,647.1295902463727,652.7770367516476,101952200
2025-09-18,655.00244140625,657.6036246179045,653.0342590569163,654.6365009878455,90459200
2025-09-19,658.2465209960938,659.0895125014193,654.9438659954435,656.8877828567474,97945600
2025-09-22,661.3607177734375,661.8069717744121,656.7290467709187,656.7588293222589,69452200
2025-09-23,657.7605590820312,661.856628548307,656.5406245808955,661.2416672722171,81708900
2025-09-24,655.6677856445312,659.1489540239103,654.2495430702726,659.0497999269948,68082200
2025-09-25,652.6429443359375,653.9917550046746,649.0328388399253,652.5338627083877,89622100
2025-09-26,656.3819580078125,656.9274266555326,652.4743298182361,654.0909412604747,69179200
2025-09-29,658.2266845703125,659.8135740530697,656.4216318338509,658.9010899003678,73499000
2025-09-30,660.7061157226562,661.1722852976668,656.173659297658,657.4828203674869,86288000
2025-10-01,662.9574584960938,663.8698820443607,657.6117327913598,657.7208144097488,72545400
2025-10-02,663.7210693359375,665.0600128657511,661.3011766397112,664.9410037342527,56896000
2025-10-03,663.7112426757812,667.1527012490268,662.6698219114437,664.4848020775174,70494400
2025-10-06,666.0914916992188,666.9841207809839,663.9591941673339,666.1014192164715,54623300
2025-10-07,663.6219482421875,667.4601442579947,662.1838505424819,667.0138297258598,72020100
2025-10-08,667.5791625976562,667.6783772359653,663.919480237528,664.7426772273783,60702200
2025-10-09,665.6452026367188,668.4023890582872,663.7112737749407,667.9957845708525,66501900
2025-10-10,647.6542358398438,668.4122493878771,647.4757221413303,666.6071968358344,159422600
2025-10-13,657.5919189453125,659.664772492732,654.3488290056752,655.2216030747315,79560500
2025-10-14,656.78857421875,660.3590300864076,647.8030207789583,651.7701536094826,88779600
2025-10-15,659.7044067382812,664.7228272522149,653.5156893256119,661.3408732132422,81702600
2025-10-16,655.2117309570312,663.2154294168515,651.710706867285,661.3409444600238,110563300
2025-10-17,658.9308471679688,660.2895852935891,652.7322022395391,654.0810128478913,96500900
2025-10-20,665.7840576171875,666.6866142382812,661.7872027532737,661.8367798071084,60493400
2025-10-21,665.7741088867188,667.4601523988813,664.4748753427003,665.9229005771253,56249000
2025-10-22,662.3128051757812,666.4783066993808,657.8497808005621,666.4783066993808,80564000
2025-10-23,666.2402954101562,667.1825015615415,662.3128121266341,662.6301900162397,65604500
2025-10-24,671.6851806640625,672.8951271271609,670.0983517375236,670.9016937183009,74356500
2025-10-27,679.6094970703125,679.9070199177999,676.5151383891614,677.1201116013259,63339800
2025-10-28,681.4144897460938,683.2492642554724,679.2028328185232,681.4045622297778,61738100
2025-10-29,681.7418823242188,684.0328991417463,677.2590027977353,683.0609104229828,85657100
2025-10-30,674.2440185546875,680.3037996369978,674.2440185546875,678.2805836148408,76335800
2025-10-31,676.4556274414062,679.4508319897004,673.6587916341136,679.4111219213156,87164100
2025-11-03,677.7251586914062,680.1649066224819,674.3530715971103,680.0359699637585,57315000
2025-11-04,669.6917114257812,674.3729598389511,669.0371611161902,670.5545580097922,78427000
2025-11-05,672.012451171875,675.2654684624238,668.6304366940664,669.4337786331213,74402400
2025-11-06,664.8021850585938,671.8140994484131,663.2252231578799,670.9115428502156,85035300
2025-11-07,665.4567260742188,665.5658682287408,655.7769731606511,662.4218719882706,100592400
2025-11-10,675.8407592773438,676.57466917413,669.4834554774103,671.6752576501947,75842900
2025-11-11,677.3878784179688,677.9532020666294,673.1529450781785,674.3629519753922,58953400
2025-11-12,677.7647705078125,679.3318048264125,675.3547447293747,679.1631581075335,62312500
2025-11-13,666.5180053710938,675.265541055433,665.0105359672095,674.9085136071693,103457800
2025-11-14,666.4088745117188,670.1082064558575,657.8200586834998,659.9127066954921,96846700
2025-11-17,660.2002563476562,668.1742314199619,656.7290154076413,664.1971714004484,90456100
2025-11-18,654.6561889648438,659.6547538697382,650.4708329116884,656.6595496130724,114467500
2025-11-19,657.185302734375,661.856623370592,653.3371790986623,655.3505280387882,94703000
2025-11-20,647.1683349609375,670.0090710879778,646.5335791707308,667.3808213360044,165293500
2025-11-21,653.6148681640625,659.0894699034471,645.5020288545189,649.6675301260088,123956200
2025-11-24,663.2351684570312,664.5542570793402,656.1538823239337,657.2448196444445,80437900
2025-11-25,669.4734497070312,670.6536740212097,659.020017057554,663.135941149376,81077100
2025-11-26,674.09521484375,676.0986363282427,671.1595147067713,672.0620713400136,71879600
2025-11-28,677.7747192382812,678.0523870500939,674.9084513312986,675.2654787466182,49212000
2025-12-01,674.6802978515625,677.3779187836101,673.1628406770591,673.232272756968,61201200
2025-12-02,675.9300537109375,678.2012155152329,673.7481184984898,676.316803165018,62953800
2025-12-03,678.2706298828125,679.2822075879724,674.105128319461,674.9779023816353,57238500
2025-12-04,678.7665405273438,679.7384687237238,675.7416137771377,679.6690366334618,61970300
2025-12-05,680.0557861328125,682.7336127271673,678.9549213715281,679.8375623637357,79241000
2025-12-08,678.0127563476562,680.9980334759979,675.9696853695019,680.9484564225444,55231500
2025-12-09,677.4276123046875,679.7583392727543,676.9813582671167,677.5367544682442,58310100
2025-12-10,681.92041015625,683.3088703732143,675.711837383319,676.9515664343469,85671300
2025-12-11,683.5072631835938,683.5866227950731,676.5647802535024,679.5104080599091,86173700
2025-12-12,676.1581420898438,683.2196338188487,673.5893968987631,682.5154459360199,113160300
2025-12-15,675.1365356445312,680.1252340287925,673.6687159286942,680.1053789946951,90811000
2025-12-16,673.2918701171875,675.4837328267965,669.4338188610296,673.6488975485244,122030600
2025-12-17,665.8832397460938,674.8489377460819,665.6848710067972,674.3034691132465,110625200
2025-12-18,670.9114990234375,675.1464323222394,669.3544527925658,672.0322187932205,108650100
2025-12-19,676.9923095703125,677.4896664833268,672.8940327515619,673.0134542661981,103599500
2025-12-22,681.2098388671875,681.7370055876305,676.9922622536055,680.3245290528953,69556700
2025-12-23,684.3233032226562,684.562024812114,680.2548972126992,680.3046207584179,64840000
2025-12-24,686.7305297851562,687.1781631452748,684.164151137988,684.313382495532,39445600
2025-12-26,686.660888671875,688.0037280321676,685.6264081645946,686.989161229118,41613300
2025-12-29,684.2138671875,685.5567672531378,682.4433081832867,683.9055083361335,62559500
2025-12-30,683.3782958984375,684.9200900521846,682.9505762759469,683.8159723723246,47160700
