date,asset,regime,y_true,baseline_pred,lr_prob,rf_prob,xgb_prob
2015-01-02,QQQ,0,0,1,0.5083623880392371,0.465008138331562,0.50009096
2015-01-05,QQQ,0,0,1,0.4828415712627703,0.47926784555571567,0.49458322
2015-01-06,QQQ,0,1,1,0.46911723614210754,0.5060918844312359,0.5108677
2015-01-07,QQQ,0,1,1,0.5136724374308282,0.5355770836524664,0.5219315
2015-01-08,QQQ,0,0,1,0.5368978585279635,0.5576336788913008,0.5489133
2015-01-09,QQQ,0,0,1,0.524278748755235,0.5016577933078774,0.5094593
2015-01-12,QQQ,0,0,1,0.5313013675228899,0.5256493162984724,0.51292026
2015-01-13,QQQ,0,1,1,0.5444547392406881,0.5673813065628035,0.5141367
2015-01-14,QQQ,0,0,1,0.5268265648078378,0.5706955224803647,0.51879567
2015-01-15,QQQ,0,1,1,0.47873216986356704,0.4995049892455726,0.51061875
2015-01-16,QQQ,0,1,1,0.5196904720070498,0.5080149721788292,0.51790553
2015-01-20,QQQ,0,1,1,0.5328414072603594,0.5885240470070041,0.55853
2015-01-21,QQQ,0,1,1,0.5308154032210073,0.5541320117335755,0.54738706
2015-01-22,QQQ,0,1,1,0.5500975651273148,0.534480726312548,0.54569876
2015-01-23,QQQ,0,0,1,0.5394724456412291,0.48875134594638986,0.47055784
2015-01-26,QQQ,0,0,1,0.5363912274524361,0.5239956001348507,0.50966316
2015-01-27,QQQ,0,0,1,0.5281471684447541,0.5563129544297183,0.5251663
2015-01-28,QQQ,0,1,1,0.5356400155921177,0.529874604374026,0.51102144
2015-01-29,QQQ,0,0,1,0.5177385538483548,0.5549486724078462,0.52674264
2015-01-30,QQQ,0,1,1,0.4993940622761604,0.4901851041446655,0.50396776
2015-02-02,QQQ,0,1,1,0.5143374819020808,0.5273147562546856,0.5187934
2015-02-03,QQQ,0,1,1,0.5264405858430687,0.5325266689070206,0.54328996
2015-02-04,QQQ,0,1,1,0.5255367633366371,0.4898045686064837,0.50789374
2015-02-05,QQQ,0,0,1,0.5282992388417074,0.6456186257541867,0.5622604
2015-02-06,QQQ,0,1,1,0.5248696012547217,0.4404429574873564,0.50171334
2015-02-09,QQQ,0,1,1,0.5227133769489298,0.42202650246044265,0.5058411
2015-02-10,QQQ,0,1,1,0.5349752335983489,0.5824340053577188,0.5489489
2015-02-11,QQQ,0,1,1,0.529980209192048,0.5441389398035716,0.54262745
2015-02-12,QQQ,0,1,1,0.532261769992214,0.6357838787362474,0.5782567
2015-02-13,QQQ,0,1,1,0.5362611389565614,0.6222233491624276,0.58662874
2015-02-17,QQQ,0,1,1,0.5375862786956976,0.5142328843249228,0.5105177
2015-02-18,QQQ,0,1,1,0.5240278228587006,0.639939870240862,0.52061045
2015-02-19,QQQ,0,1,1,0.5258204022419255,0.6854876095526404,0.58507055
2015-02-20,QQQ,0,1,1,0.5161179349999298,0.6020416118791166,0.5761563
2015-02-23,QQQ,0,1,1,0.5065279821897374,0.5343092399129946,0.5093361
2015-02-24,QQQ,0,0,1,0.5078266150873074,0.5470031300881778,0.5081955
2015-02-25,QQQ,0,1,1,0.5223616540026077,0.6153798476103121,0.49773473
2015-02-26,QQQ,0,0,1,0.5267348879023009,0.5995334140897753,0.555414
2015-02-27,QQQ,0,1,1,0.5123559132432917,0.47532904409624477,0.49593228
2015-03-02,QQQ,0,0,1,0.5326629216982559,0.5962888512409144,0.58219045
2015-03-03,QQQ,0,0,1,0.5252344904099422,0.4932002884421749,0.5416345
2015-03-04,QQQ,0,0,1,0.5287987902756626,0.5152651722594352,0.5324164
2015-03-05,QQQ,0,0,1,0.5297143830964706,0.5195928532098052,0.531977
2015-03-06,QQQ,0,1,1,0.5195449556756342,0.5691779401230915,0.5092009
2015-03-09,QQQ,0,0,1,0.5170859318173094,0.5311040708980554,0.479332
2015-03-10,QQQ,0,0,1,0.504215235212936,0.5423395091039898,0.5095905
2015-03-11,QQQ,0,1,1,0.5183265563071126,0.5104795543017169,0.51396
2015-03-12,QQQ,0,0,1,0.5279757069553063,0.5727403078219945,0.5401076
2015-03-13,QQQ,0,1,1,0.521221268640921,0.5201841296139412,0.5070045
2015-03-16,QQQ,0,1,1,0.5414160631545084,0.5384365982934,0.5282495
2015-03-17,QQQ,0,1,1,0.5393763540571698,0.4418332279869556,0.49043167
2015-03-18,QQQ,0,1,1,0.543643345259402,0.532219229079262,0.52114695
2015-03-19,QQQ,0,0,1,0.5380172794123267,0.4631423713658211,0.5028752
2015-03-20,QQQ,0,0,1,0.5429378228069818,0.5708804982491982,0.54637694
2015-03-23,QQQ,0,0,1,0.5302194368847541,0.3847146273078622,0.49037993
2015-03-24,QQQ,0,0,1,0.5303897925813791,0.39260564082517774,0.4869456
2015-03-25,QQQ,0,1,1,0.5104411359125474,0.561046549698351,0.5144519
2015-03-26,QQQ,0,1,1,0.5175704875078518,0.4870272451049042,0.513966
2015-03-27,QQQ,0,1,1,0.5148070635778239,0.588912493956306,0.5465585
2015-03-30,QQQ,0,0,1,0.5286325149180227,0.4853266695572485,0.502811
2015-03-31,QQQ,0,0,1,0.5137774881690038,0.5093013454017903,0.506582
2015-04-01,QQQ,0,0,1,0.5230120405170073,0.5047373098654407,0.49689427
2015-04-02,QQQ,0,1,1,0.5319041003537844,0.5061802380488793,0.5083151
2015-04-06,QQQ,0,0,1,0.5368022112896993,0.5064912824624771,0.5396877
2015-04-07,QQQ,0,1,1,0.5111935022379661,0.45813499426672455,0.51088846
2015-04-08,QQQ,0,1,1,0.53046639558685,0.5060455334943463,0.53308254
2015-04-09,QQQ,0,1,1,0.5334404004694706,0.5354473518651015,0.5435427
2015-04-10,QQQ,0,0,1,0.5337177895639302,0.5225060822495606,0.5421108
2015-04-13,QQQ,0,0,1,0.5250479771096803,0.415793295699314,0.49800786
2015-04-14,QQQ,0,1,1,0.5292668459013866,0.3778037180395943,0.48896608
2015-04-15,QQQ,0,1,1,0.5298491001591725,0.4649523116662667,0.5291238
2015-04-16,QQQ,0,0,1,0.5182138472952998,0.3493246000917241,0.49387097
2015-04-17,QQQ,0,1,1,0.5046865035074892,0.5809949874389829,0.5174564
2015-04-20,QQQ,0,0,1,0.5418415549749185,0.4782050660141469,0.524853
2015-04-21,QQQ,0,1,1,0.5370808419177896,0.5603419091656715,0.5397463
2015-04-22,QQQ,0,1,1,0.5332968764778138,0.6130501988504726,0.56298274
2015-04-23,QQQ,0,1,1,0.5422654742304214,0.5562728540416675,0.55399436
2015-04-24,QQQ,0,0,1,0.5518046035382838,0.6999204752232638,0.5938469
2015-04-27,QQQ,0,0,1,0.529611449600991,0.5287953304671345,0.5154636
2015-04-28,QQQ,0,0,1,0.5311109893960742,0.4803671642894319,0.5181252
2015-04-29,QQQ,0,0,1,0.5296254042158289,0.504609087274536,0.5177713
2015-04-30,QQQ,0,1,1,0.5210745051593969,0.6194600359265481,0.52087426
2015-05-01,QQQ,0,0,1,0.5312264806612748,0.5221909456213237,0.5093334
2015-05-04,QQQ,0,0,1,0.5251942453871313,0.5158376984786817,0.49725947
2015-05-05,QQQ,0,0,1,0.5085816972558717,0.5830607408919845,0.5208633
2015-05-06,QQQ,0,1,1,0.5197179571363787,0.5722050911903834,0.5198024
2015-05-07,QQQ,0,1,1,0.5428321200763228,0.6000937446984791,0.5673787
2015-05-08,QQQ,0,0,1,0.5334203943109368,0.5668374492676171,0.54860157
2015-05-11,QQQ,0,1,1,0.5189305239701362,0.47801971585488334,0.5076034
2015-05-12,QQQ,0,0,1,0.5235150893416852,0.48424931438475716,0.49433607
2015-05-13,QQQ,0,1,1,0.5349882511203654,0.44228667217565987,0.5114814
2015-05-14,QQQ,0,0,1,0.5457835020244707,0.547085332089393,0.54568547
2015-05-15,QQQ,0,1,1,0.5241381206701445,0.48087229182749347,0.51004714
2015-05-18,QQQ,0,0,1,0.5338656079503726,0.5820835741657326,0.5674898
2015-05-19,QQQ,0,0,1,0.5339317222963134,0.5005538105586759,0.5111656
2015-05-20,QQQ,0,1,1,0.5355920518653744,0.41717235008366743,0.5060015
2015-05-21,QQQ,0,1,1,0.517061567864709,0.4993085682183628,0.529155
2015-05-22,QQQ,0,0,1,0.5151311532881148,0.43262558355065855,0.49608812
2015-05-26,QQQ,0,1,1,0.5077628812565556,0.4640521213350749,0.4927447
2015-05-27,QQQ,0,0,1,0.540666604943409,0.561939033389234,0.5321563
2015-05-28,QQQ,0,0,1,0.5284737706886838,0.4792262968483329,0.5056603
2015-05-29,QQQ,0,0,1,0.5228796145033952,0.49501648613243904,0.5220226
2015-06-01,QQQ,0,1,1,0.5340296893090648,0.4497955109240289,0.478866
2015-06-02,QQQ,0,0,1,0.5354447437315196,0.3915928107153278,0.49480912
2015-06-03,QQQ,0,0,1,0.516878281921136,0.4323011053387102,0.46785185
2015-06-04,QQQ,0,0,1,0.5104738683580985,0.6035860661233214,0.51731545
2015-06-05,QQQ,0,0,1,0.5197631487533361,0.5292853417138271,0.49488795
2015-06-08,QQQ,0,1,1,0.5085109439030683,0.4883640820134658,0.48897383
2015-06-09,QQQ,0,1,1,0.5163696274724935,0.5072906827651477,0.51021564
2015-06-10,QQQ,0,0,1,0.5347408319174204,0.6062866769738247,0.5344851
2015-06-11,QQQ,0,0,1,0.5325419662006774,0.4995878267753055,0.507286
2015-06-12,QQQ,0,1,1,0.5277010308602464,0.4906529629113742,0.5122515
2015-06-15,QQQ,0,1,1,0.5355792545658947,0.5903468639281246,0.51819086
2015-06-16,QQQ,0,1,1,0.5493124426682406,0.5487430032084628,0.55756927
2015-06-17,QQQ,0,1,1,0.5244228110588263,0.40259992426165014,0.42018795
2015-06-18,QQQ,0,0,1,0.5377774468762898,0.5410146660792506,0.5264919
2015-06-19,QQQ,0,0,1,0.5303486820325737,0.4595429433754017,0.49413326
2015-06-22,QQQ,0,0,1,0.5459127001556515,0.5523643941754023,0.56376404
2015-06-23,QQQ,0,0,1,0.5415343410012802,0.48954639028006186,0.5099089
2015-06-24,QQQ,0,0,1,0.5414413183626556,0.3945292430185342,0.4998116
2015-06-25,QQQ,0,0,1,0.5206838127720966,0.36266799011610124,0.49265662
2015-06-26,QQQ,0,0,1,0.5196732341038819,0.5379903729797468,0.51162803
2015-06-29,QQQ,0,0,1,0.4965755150565813,0.5222527886874834,0.5174564
2015-06-30,QQQ,0,0,1,0.517933140626518,0.566822133014122,0.54271024
2015-07-01,QQQ,0,0,1,0.5270382310888087,0.5186805932011971,0.54548967
2015-07-02,QQQ,0,1,1,0.5219006880732338,0.41383617432646136,0.49724874
2015-07-06,QQQ,0,1,1,0.5229454572961274,0.4238531399252313,0.49690035
2015-07-07,QQQ,0,0,1,0.5222552050135443,0.4941294586093246,0.45221347
2015-07-08,QQQ,0,0,1,0.5174479411152608,0.5774157731929425,0.5157187
2015-07-09,QQQ,0,1,1,0.5201497813257878,0.46417007286526557,0.49724326
2015-07-10,QQQ,0,1,1,0.5392930227798832,0.5006232963951145,0.52127606
2015-07-13,QQQ,0,1,1,0.5496746876055788,0.5122340853567472,0.5369744
2015-07-14,QQQ,0,0,1,0.5429881265070627,0.5721077582041831,0.5624783
2015-07-15,QQQ,0,1,1,0.5408137311846918,0.4624500341757244,0.48893717
2015-07-16,QQQ,0,1,1,0.5519745487406462,0.7657291766973635,0.6202771
2015-07-17,QQQ,0,1,1,0.5422099164769291,0.7651231545764279,0.6228918
2015-07-20,QQQ,0,0,1,0.5245580236179382,0.494299588932578,0.52320164
2015-07-21,QQQ,0,1,1,0.5212349444436546,0.4670797948011989,0.5140985
2015-07-22,QQQ,0,0,1,0.5243603887243129,0.5556460613498335,0.51707494
2015-07-23,QQQ,0,0,1,0.5178742216205453,0.4738255172951718,0.5030294
2015-07-24,QQQ,0,0,1,0.4858077684049542,0.5050074984333598,0.4985347
2015-07-27,QQQ,0,1,1,0.4740180945667176,0.5073791394789948,0.50646055
2015-07-28,QQQ,0,1,1,0.5032852198790582,0.5166556861628961,0.51780134
2015-07-29,QQQ,0,1,1,0.5108738780374908,0.5242374259066566,0.5101662
2015-07-30,QQQ,0,0,1,0.5169572857348851,0.6097684187992747,0.5681976
2015-07-31,QQQ,0,0,1,0.5189986890601325,0.5063688025812333,0.51274246
2015-08-03,QQQ,0,0,1,0.5212118822844266,0.5234382476873953,0.50182956
2015-08-04,QQQ,0,1,1,0.5126740135097986,0.4698938250634789,0.50427693
2015-08-05,QQQ,0,0,1,0.5237156745426218,0.5205502364999911,0.5308614
2015-08-06,QQQ,0,1,1,0.5030898315051092,0.5724299038463166,0.5159569
2015-08-07,QQQ,0,1,1,0.5202075821414601,0.5418919193863192,0.50117177
2015-08-10,QQQ,0,0,1,0.5427876394862122,0.5019025098846006,0.5214299
2015-08-11,QQQ,0,1,1,0.5216820693742326,0.6090130684632699,0.5157187
2015-08-12,QQQ,0,0,1,0.521432770246149,0.582595654173954,0.53037536
2015-08-13,QQQ,0,1,1,0.5322649103071168,0.4438250476411867,0.4939153
2015-08-14,QQQ,0,1,1,0.53851129304977,0.46430719024933237,0.496256
2015-08-17,QQQ,0,0,1,0.5275332760316289,0.5690076836904715,0.5579144
2015-08-18,QQQ,0,0,1,0.5224240285136458,0.4086858036146515,0.4886009
2015-08-19,QQQ,0,0,1,0.513824485947876,0.5230430009294352,0.49886462
2015-08-20,QQQ,0,0,1,0.5075945310701132,0.49116350501593276,0.51676625
2015-08-21,QQQ,1,1,1,0.4884846166086286,0.47834082475906475,0.50718737
2015-08-24,QQQ,1,0,1,0.45269013064570934,0.5650565831240424,0.51965135
2015-08-25,QQQ,1,1,1,0.4757632391662175,0.5807866800147143,0.5160095
2015-08-26,QQQ,1,1,1,0.5527826538031666,0.45085488013268393,0.48128894
2015-08-27,QQQ,1,1,1,0.5603386014222043,0.4779914657632034,0.51550835
2015-08-28,QQQ,1,0,1,0.5641498647750242,0.5381045298805466,0.49984604
2015-08-31,QQQ,1,0,1,0.5735459587619612,0.515284894781695,0.49575168
2015-09-01,QQQ,1,1,1,0.577584749730085,0.5311385834848059,0.51913935
2015-09-02,QQQ,1,0,1,0.557087414707643,0.515067087874256,0.5217038
2015-09-03,QQQ,1,1,1,0.4964723291870046,0.47289603546424996,0.50076145
2015-09-04,QQQ,1,1,1,0.48568765509130374,0.48914024522631067,0.50232637
2015-09-08,QQQ,1,0,1,0.5361145185792683,0.5361633231882366,0.5336158
2015-09-09,QQQ,1,1,1,0.5216350412823054,0.4967893796562779,0.5024662
2015-09-10,QQQ,1,1,1,0.5021741740928101,0.552868785346739,0.53618973
2015-09-11,QQQ,1,0,1,0.5037930393400799,0.5349988902611392,0.55716425
2015-09-14,QQQ,1,1,1,0.5061499140332665,0.5504932166896738,0.51814526
2015-09-15,QQQ,1,1,1,0.4761445079153281,0.56234473782597,0.55301183
2015-09-16,QQQ,1,1,1,0.4730785928092381,0.5813955169795895,0.57575995
2015-09-17,QQQ,1,1,1,0.45921339117788557,0.4946556101261602,0.5024845
2015-09-18,QQQ,1,0,1,0.4602365000604457,0.45033775379855007,0.50417674
2015-09-21,QQQ,1,1,1,0.4906315301329841,0.4627795877707249,0.47787902
2015-09-22,QQQ,1,0,1,0.47447574248888336,0.4744483914530515,0.500091
2015-09-23,QQQ,1,1,1,0.48007265090653967,0.5853639634336938,0.5109352
2015-09-24,QQQ,1,0,1,0.47914469437237944,0.5046500541538228,0.5043614
2015-09-25,QQQ,1,0,1,0.4828158149295396,0.5014808332973263,0.49877527
2015-09-28,QQQ,1,0,1,0.46472513862222675,0.450422290427072,0.49877527
2015-09-29,QQQ,1,1,1,0.4911260572166989,0.4160605891491251,0.5150971
2015-09-30,QQQ,1,1,1,0.5350345917943116,0.477188082265865,0.5052484
2015-10-01,QQQ,1,1,1,0.528757091156928,0.5147167216059048,0.5393834
2015-10-02,QQQ,1,1,1,0.5469591696178321,0.5147005129883846,0.5102353
2015-10-05,QQQ,1,0,1,0.5535754462719661,0.6503827993214791,0.58730215
2015-10-06,QQQ,0,0,1,0.5491908703635202,0.47593071893473643,0.5118133
2015-10-07,QQQ,0,1,1,0.5396674074132596,0.6056834366209027,0.5583982
2015-10-08,QQQ,0,1,1,0.536106575052008,0.5689684516762636,0.5470876
2015-10-09,QQQ,0,1,1,0.5235823342472965,0.58585808438115,0.5692524
2015-10-12,QQQ,0,0,1,0.5058745383763197,0.5292991446497747,0.4765594
2015-10-13,QQQ,0,0,1,0.5032650620426665,0.44740510802841427,0.50290436
2015-10-14,QQQ,0,1,1,0.5016973811865317,0.3844793863629902,0.49523714
2015-10-15,QQQ,0,1,1,0.5228666445796943,0.580464376090258,0.57044333
2015-10-16,QQQ,0,1,1,0.513431327531642,0.6185739769954428,0.5667378
2015-10-19,QQQ,0,0,1,0.5152478069172037,0.6336572920005235,0.58758396
2015-10-20,QQQ,0,0,1,0.5156435879807912,0.5534438671764612,0.5175261
2015-10-21,QQQ,0,1,1,0.5203610615196123,0.49733838910780714,0.5056745
2015-10-22,QQQ,0,1,1,0.5329328329661432,0.584915733528341,0.5742819
2015-10-23,QQQ,1,1,1,0.5477543605769493,0.5568023160378942,0.5461891
2015-10-26,QQQ,0,1,1,0.5398667471760907,0.3602357004754721,0.44667646
2015-10-27,QQQ,0,1,1,0.5505951160688756,0.3172524332875064,0.44087481
2015-10-28,QQQ,0,1,1,0.5623143807181298,0.6281703317332539,0.592591
2015-10-29,QQQ,0,0,1,0.5455942538293773,0.46312670644405024,0.49151704
2015-10-30,QQQ,0,1,1,0.5027423243686113,0.5201611792256846,0.50964683
2015-11-02,QQQ,0,1,1,0.5248286595150242,0.5385389854330884,0.57596093
2015-11-03,QQQ,0,0,1,0.5203296822877875,0.4733028665936516,0.53780144
2015-11-04,QQQ,0,0,1,0.5094183113832785,0.44746629580378633,0.50962466
2015-11-05,QQQ,0,1,1,0.511297850727282,0.5911455248213503,0.50990075
2015-11-06,QQQ,0,0,1,0.5176178897785265,0.5609940678673435,0.5073371
2015-11-09,QQQ,0,1,1,0.49637554918494814,0.45326696374444153,0.49354497
2015-11-10,QQQ,0,0,1,0.4993971446693401,0.48303691146172645,0.5127737
2015-11-11,QQQ,0,0,1,0.5024124981129734,0.5016267762599036,0.5080525
2015-11-12,QQQ,0,0,1,0.4948684340907393,0.4947360770310257,0.49554127
2015-11-13,QQQ,0,1,1,0.47967867908705925,0.5833950400991794,0.5135018
2015-11-16,QQQ,0,0,1,0.5340789865952622,0.5644393214793235,0.52552027
2015-11-17,QQQ,0,1,1,0.523354160649117,0.5536375868777487,0.50847363
2015-11-18,QQQ,0,1,1,0.549099664331002,0.6030294843920987,0.5372185
2015-11-19,QQQ,0,1,1,0.5414916411907877,0.48313668161755335,0.49488094
2015-11-20,QQQ,0,0,1,0.5544773293347222,0.5362949946975657,0.5469742
2015-11-23,QQQ,0,1,1,0.5383693280159345,0.4931686971172004,0.51069164
2015-11-24,QQQ,0,0,1,0.5418812729419974,0.46612687440129746,0.50485784
2015-11-25,QQQ,0,0,1,0.5167432006290751,0.4263302663747681,0.48799798
2015-11-27,QQQ,0,0,1,0.5179015428422379,0.44070283043204483,0.48944673
2015-11-30,QQQ,0,1,1,0.5009826248776673,0.40791629991615586,0.48055166
2015-12-01,QQQ,0,0,1,0.5220720487724226,0.49368561156707935,0.5211111
2015-12-02,QQQ,0,0,1,0.5122452231441691,0.3365124532795749,0.4776044
2015-12-03,QQQ,0,1,1,0.5048458950517692,0.564594255100336,0.51779664
2015-12-04,QQQ,0,0,1,0.5518754733329505,0.6441877244694538,0.54011166
2015-12-07,QQQ,0,1,1,0.5313420690002851,0.47328466399508184,0.50243646
2015-12-08,QQQ,0,0,1,0.5256983306713882,0.4780510078351861,0.49969393
2015-12-09,QQQ,0,1,1,0.5149326510708222,0.5969077671683547,0.5173254
2015-12-10,QQQ,0,0,1,0.5465200723029109,0.5517906294782415,0.54959816
2015-12-11,QQQ,0,1,1,0.4843184301236098,0.5576982574202889,0.5197122
2015-12-14,QQQ,0,0,1,0.5238775377307233,0.5767792969157408,0.5488036
2015-12-15,QQQ,0,1,1,0.5227366930354028,0.5951648224318865,0.550217
2015-12-16,QQQ,0,0,1,0.5439105170344596,0.6181524123939508,0.5400067
2015-12-17,QQQ,0,0,1,0.5160456315173906,0.510253091180322,0.5146582
2015-12-18,QQQ,0,1,1,0.5250450796961644,0.5239720917580412,0.5178839
2015-12-21,QQQ,0,1,1,0.5503191406603223,0.570255431363011,0.5302858
2015-12-22,QQQ,0,1,1,0.5396267149699501,0.558799845563963,0.5493581
2015-12-23,QQQ,0,0,1,0.5215980043139866,0.54623604264164,0.5375304
2015-12-24,QQQ,0,1,1,0.523526945877312,0.5151090333943213,0.5188324
2015-12-28,QQQ,0,1,1,0.5222104780678044,0.4746477515080743,0.51082593
2015-12-29,QQQ,1,0,1,0.5318945671735259,0.5731720249778799,0.5395979
2015-12-30,QQQ,1,0,1,0.5128270755376675,0.4402391267233998,0.5082353
2015-12-31,QQQ,1,1,1,0.5061689813875542,0.45106804511923143,0.5018382
2016-01-04,QQQ,1,0,1,0.5048355268263757,0.5455549495136911,0.50924873
2016-01-05,QQQ,0,1,1,0.5198046832646909,0.5442091502115379,0.509878
2016-01-06,QQQ,0,0,1,0.4739936195412837,0.4783865638644788,0.5035167
2016-01-07,QQQ,1,0,1,0.4610495228118046,0.5147745508295931,0.52236575
2016-01-08,QQQ,1,0,1,0.48484454384294895,0.4262362180397101,0.4912341
2016-01-11,QQQ,1,1,1,0.5086624770020863,0.46165042808387535,0.4910842
2016-01-12,QQQ,1,0,1,0.5254357776746263,0.5123441634981932,0.5388287
2016-01-13,QQQ,1,1,1,0.49310771797558944,0.4509010929540919,0.4976785
2016-01-14,QQQ,1,1,1,0.5625514101481461,0.3682794116883815,0.5006198
2016-01-15,QQQ,1,0,1,0.5284005523048153,0.4359180406701455,0.48616123
2016-01-19,QQQ,1,1,1,0.549376218646195,0.48467201217752787,0.48059064
2016-01-20,QQQ,1,0,1,0.5280719743938964,0.4464231102919648,0.48761225
2016-01-21,QQQ,1,1,1,0.5412612199524037,0.5207617877859255,0.53499454
2016-01-22,QQQ,1,0,1,0.5487546649517044,0.45827356670172337,0.5259168
2016-01-25,QQQ,1,1,1,0.5195224495487092,0.5508995204318534,0.5090451
2016-01-26,QQQ,1,0,1,0.5381772663584199,0.5629995809674704,0.5556291
2016-01-27,QQQ,1,0,1,0.5222625121241583,0.4768728480782293,0.48406062
2016-01-28,QQQ,1,1,1,0.555646882474724,0.5632275006034091,0.5351544
2016-01-29,QQQ,1,1,1,0.5299416017788788,0.5632496683458053,0.5622241
2016-02-01,QQQ,1,0,1,0.5218199578575224,0.47296577637910836,0.4378578
2016-02-02,QQQ,1,0,1,0.5028372335007084,0.5616023734297225,0.5135623
2016-02-03,QQQ,1,1,1,0.5240355783399591,0.5483113593286055,0.50000304
2016-02-04,QQQ,1,0,1,0.5119011708842471,0.6032857943441778,0.5253312
2016-02-05,QQQ,1,1,1,0.46309810338680973,0.4668950081231156,0.5209305
2016-02-08,QQQ,1,1,1,0.4620110449852919,0.46216336470388647,0.48557618
2016-02-09,QQQ,1,0,1,0.4827164711468527,0.4730093721029862,0.52352273
2016-02-10,QQQ,1,1,1,0.4904486333796176,0.5565239797739087,0.55504787
2016-02-11,QQQ,1,1,1,0.48761270233934706,0.48137368063583014,0.50102454
2016-02-12,QQQ,1,1,1,0.5132922239789064,0.5249145505437529,0.5307881
2016-02-16,QQQ,1,1,1,0.5387470089129356,0.5213998997975904,0.55424064
2016-02-17,QQQ,1,0,1,0.5449679240001322,0.674597520211028,0.6323132
2016-02-18,QQQ,1,1,1,0.531290344325919,0.46139357900913075,0.47500235
2016-02-19,QQQ,1,1,1,0.5468948312827699,0.5079342647176517,0.4531548
2016-02-22,QQQ,1,0,1,0.5524824064112253,0.6102252821490812,0.62781113
2016-02-23,QQQ,1,1,1,0.5171023964936194,0.5384149560757546,0.5064525
2016-02-24,QQQ,1,1,1,0.511877476464771,0.4768285660621489,0.5100471
2016-02-25,QQQ,1,0,1,0.5247970068903561,0.6045073832492411,0.58932465
2016-02-26,QQQ,1,0,1,0.516099693608531,0.5188266496723506,0.5145829
2016-02-29,QQQ,1,1,1,0.4925187356054614,0.5417492796575704,0.49497643
2016-03-01,QQQ,1,1,1,0.5494931484493355,0.5680562911695681,0.59913063
2016-03-02,QQQ,1,0,1,0.5255678580589176,0.4108093596940919,0.4892039
2016-03-03,QQQ,1,0,1,0.5198089726202159,0.5157367025887503,0.52224123
2016-03-04,QQQ,1,0,1,0.5252389042877259,0.47785129401868676,0.49658138
2016-03-07,QQQ,1,0,1,0.5392730566511263,0.6040699151514123,0.5434731
2016-03-08,QQQ,1,1,1,0.4810360919725605,0.45999507841142717,0.47911686
2016-03-09,QQQ,1,0,1,0.4998558085161809,0.49645487982606384,0.46984494
2016-03-10,QQQ,1,1,1,0.49527225115351126,0.46306003059726025,0.47316667
2016-03-11,QQQ,1,1,1,0.5263487659537893,0.5651550745028618,0.58202034
2016-03-14,QQQ,1,1,1,0.5176698289707881,0.5324953328036623,0.5342157
2016-03-15,QQQ,0,1,1,0.520870349168872,0.6092607675332489,0.549572
2016-03-16,QQQ,0,1,1,0.5293614525488397,0.6673689291928021,0.61836076
2016-03-17,QQQ,0,0,1,0.5279420132336409,0.5402748137686629,0.5315646
2016-03-18,QQQ,0,1,1,0.5072065618606239,0.4543618397077925,0.5188862
2016-03-21,QQQ,0,1,1,0.5086469877011041,0.5255698693701576,0.55436754
2016-03-22,QQQ,0,0,1,0.5147514660162956,0.5328236906246449,0.49818295
2016-03-23,QQQ,0,1,1,0.5020811512469433,0.43620262370901386,0.48239723
2016-03-24,QQQ,0,0,1,0.5099958444869958,0.464835439208556,0.49189794
2016-03-28,QQQ,0,1,1,0.5074610316431424,0.46483359075429354,0.4931056
2016-03-29,QQQ,0,0,1,0.5348408967757927,0.5335781994209315,0.59338427
2016-03-30,QQQ,0,0,1,0.532230306739527,0.5775686616800696,0.59522355
2016-03-31,QQQ,0,1,1,0.5304440387850003,0.5137562395112183,0.49441844
2016-04-01,QQQ,0,0,1,0.5431840979386952,0.6701825577427963,0.6295767
2016-04-04,QQQ,0,0,1,0.5350240407804561,0.521184782011203,0.5246353
2016-04-05,QQQ,0,1,1,0.5178828340535284,0.438135019826137,0.48210546
2016-04-06,QQQ,0,0,1,0.5478523927500032,0.5590526251226902,0.55276597
2016-04-07,QQQ,0,0,1,0.5257578617800253,0.46681478905861384,0.48829755
2016-04-08,QQQ,0,0,1,0.5260463069264516,0.4684285656950524,0.47669685
2016-04-11,QQQ,0,1,1,0.5262124319299716,0.5050375776066305,0.47487462
2016-04-12,QQQ,0,1,1,0.545479242886402,0.5619756772319626,0.53749794
2016-04-13,QQQ,0,0,1,0.5332007912196547,0.5236950647318093,0.5534657
2016-04-14,QQQ,0,0,1,0.524394351193085,0.5080937327423339,0.47495675
2016-04-15,QQQ,0,1,1,0.5261639460851075,0.4593060968713258,0.4703007
2016-04-18,QQQ,0,0,1,0.5354761599392938,0.5519585586362483,0.5439197
2016-04-19,QQQ,0,1,1,0.5254629045300477,0.48306952529239366,0.4781294
2016-04-20,QQQ,0,1,1,0.5107502703366712,0.4630297064790352,0.44588944
2016-04-21,QQQ,0,0,1,0.5127890124373811,0.4361444601429558,0.44319916
2016-04-22,QQQ,0,1,1,0.5092580045073558,0.6100872779101973,0.5588071
2016-04-25,QQQ,0,0,1,0.5121590178322973,0.48807320770156487,0.5421235
2016-04-26,QQQ,0,1,1,0.5111893655333306,0.44290445945918505,0.48993465
2016-04-27,QQQ,0,0,1,0.5045914811900538,0.5310657391373114,0.49660724
2016-04-28,QQQ,0,0,1,0.49443382676379477,0.5387030047530973,0.501691
2016-04-29,QQQ,0,1,1,0.507397166227323,0.4339546277968578,0.4636869
2016-05-02,QQQ,0,0,1,0.5239494867135293,0.5119867172732738,0.54308033
2016-05-03,QQQ,0,0,1,0.5109286644111867,0.4978499848672256,0.52860045
2016-05-04,QQQ,0,0,1,0.5164151489914939,0.45794913950989397,0.4780979
2016-05-05,QQQ,0,1,1,0.5301505619869118,0.518924370990171,0.49889973
2016-05-06,QQQ,0,1,1,0.5398822502483969,0.5869955413384097,0.5485243
2016-05-09,QQQ,0,1,1,0.5242864558899095,0.43025066589869665,0.408917
2016-05-10,QQQ,0,0,1,0.5428405618160447,0.5476410655992021,0.53903514
2016-05-11,QQQ,0,0,1,0.5296296791111619,0.4118038794395995,0.47899452
2016-05-12,QQQ,0,0,1,0.5354793573691318,0.4782178986386918,0.4699597
2016-05-13,QQQ,0,1,1,0.530425140801111,0.5035222593597838,0.4928601
2016-05-16,QQQ,0,0,1,0.5441125527236127,0.4813272207215604,0.52121913
2016-05-17,QQQ,0,1,1,0.5066104065435185,0.46908086429655854,0.4702782
2016-05-18,QQQ,0,0,1,0.526007580037346,0.5368147606525637,0.507822
2016-05-19,QQQ,0,1,1,0.5199927623833227,0.49094146820350754,0.49330354
2016-05-20,QQQ,0,0,1,0.5427976715117596,0.44250847364168455,0.489698
2016-05-23,QQQ,0,1,1,0.515306494600437,0.4547799323565885,0.45630866
2016-05-24,QQQ,0,1,1,0.5472706763938501,0.6056009523276848,0.59811735
2016-05-25,QQQ,0,1,1,0.5375240861670642,0.651164975558989,0.62607956
2016-05-26,QQQ,0,1,1,0.5391627770785669,0.4344542422345377,0.4992821
2016-05-27,QQQ,0,1,1,0.5367128128977218,0.5857505683870249,0.61638594
2016-05-31,QQQ,0,1,1,0.5368603231871764,0.5550485668828866,0.5164863
2016-06-01,QQQ,0,1,1,0.5126194089636246,0.5026726278153157,0.48574734
2016-06-02,QQQ,0,0,1,0.5098960416371439,0.5080008649330437,0.4819519
2016-06-03,QQQ,0,1,1,0.507921177946335,0.47643301698055684,0.46517116
2016-06-06,QQQ,0,0,1,0.5101815824142043,0.564105265138496,0.5101736
2016-06-07,QQQ,0,0,1,0.5039864120846348,0.4878422215622077,0.46012414
2016-06-08,QQQ,0,1,1,0.5087695228956661,0.45059508555781214,0.4661872
2016-06-09,QQQ,0,0,1,0.5069467338887604,0.4792333825022137,0.44883147
2016-06-10,QQQ,0,0,1,0.5090461047615574,0.5332316252401913,0.4963657
2016-06-13,QQQ,0,1,1,0.5054857145896092,0.4632484987352814,0.46077865
2016-06-14,QQQ,0,0,1,0.5141896628512801,0.4455385286163299,0.45555055
2016-06-15,QQQ,0,1,1,0.5099969055955003,0.5079540067358063,0.47977617
2016-06-16,QQQ,0,0,1,0.5184635976614469,0.500468809347275,0.48738497
2016-06-17,QQQ,0,0,1,0.5122275934393934,0.48364313297477013,0.48621318
2016-06-20,QQQ,0,1,1,0.5355811115165017,0.5591467377806876,0.57297283
2016-06-21,QQQ,0,0,1,0.5338772913590021,0.48974517530074,0.4690656
2016-06-22,QQQ,0,1,1,0.5327419593275133,0.5166630011211774,0.5234541
2016-06-23,QQQ,0,0,1,0.5490326810998838,0.4981144633341493,0.5285146
2016-06-24,QQQ,0,0,1,0.5244158022923426,0.4268116817329677,0.5031594
2016-06-27,QQQ,0,1,1,0.529829703611467,0.49299638228332526,0.5184617
2016-06-28,QQQ,1,1,1,0.5660647622808381,0.5081431326271582,0.5108789
2016-06-29,QQQ,1,1,1,0.5656808939960586,0.5523070182634102,0.5526564
2016-06-30,QQQ,1,1,1,0.5454013885422506,0.522559005411312,0.5531961
2016-07-01,QQQ,1,0,1,0.546854486230146,0.4764871899446498,0.5349602
2016-07-05,QQQ,1,1,1,0.5421065586563358,0.5191130452422208,0.49171674
2016-07-06,QQQ,1,1,1,0.5353711725141744,0.5017157971174832,0.5353564
2016-07-07,QQQ,1,1,1,0.5112077075411396,0.4527894660376336,0.46429613
2016-07-08,QQQ,1,1,1,0.5193725377794433,0.5324411958162835,0.55815035
2016-07-11,QQQ,1,0,1,0.5092665876745222,0.549850860268867,0.57508373
2016-07-12,QQQ,1,0,1,0.5110027374867085,0.5589715532773358,0.5846191
2016-07-13,QQQ,1,1,1,0.5053794641967269,0.4895891335851583,0.48534417
2016-07-14,QQQ,1,0,1,0.5152298104897847,0.5843121220242815,0.5741245
2016-07-15,QQQ,1,1,1,0.49111446903002426,0.5318077055246102,0.50806195
2016-07-18,QQQ,1,0,1,0.4994731484393647,0.6098384958835535,0.57505125
2016-07-19,QQQ,1,1,1,0.4882384530584039,0.48971630336874,0.4777915
2016-07-20,QQQ,1,0,1,0.5109093945939928,0.5728559280017818,0.56724316
2016-07-21,QQQ,1,1,1,0.49468983051657606,0.48602322394486697,0.5039351
2016-07-22,QQQ,1,1,1,0.5033884167409662,0.49810409003824707,0.5407196
2016-07-25,QQQ,0,1,1,0.5117612226442705,0.5112603119294921,0.51022786
2016-07-26,QQQ,0,0,1,0.5267053759362317,0.45098582830953277,0.46294037
2016-07-27,QQQ,0,1,1,0.5243462983856683,0.5676838626472768,0.58583564
2016-07-28,QQQ,0,0,1,0.5205132194733879,0.5012315863677145,0.4807968
2016-07-29,QQQ,0,1,1,0.5212525609604893,0.5341314247297708,0.54177976
2016-08-01,QQQ,0,0,1,0.5217528322411734,0.5870939396852364,0.5712736
2016-08-02,QQQ,0,1,1,0.5245494352079144,0.4738257226786588,0.48089543
2016-08-03,QQQ,0,1,1,0.5262054345051712,0.4765541653462702,0.42219713
2016-08-04,QQQ,0,1,1,0.5236885290158864,0.47710323491612633,0.39267826
2016-08-05,QQQ,0,0,1,0.5395500610009997,0.5807994885799236,0.5964865
2016-08-08,QQQ,0,1,1,0.5213512462747013,0.5422231206681719,0.5878255
2016-08-09,QQQ,0,0,1,0.5269875510618293,0.5303529374417008,0.5812363
2016-08-10,QQQ,0,1,1,0.5252529421797549,0.6014821420128457,0.5915962
2016-08-11,QQQ,0,1,1,0.5308272572612208,0.5976544376649052,0.5646936
2016-08-12,QQQ,0,1,1,0.5185141095754349,0.5343275638696021,0.5704653
2016-08-15,QQQ,0,0,1,0.5214733820393049,0.6437042344131112,0.5690578
2016-08-16,QQQ,0,1,1,0.5165743045940118,0.5664594306144013,0.54967993
2016-08-17,QQQ,0,1,1,0.5276212099680263,0.5479571043458287,0.57372195
2016-08-18,QQQ,0,1,1,0.5205136506073943,0.5039213078837601,0.51715916
2016-08-19,QQQ,0,1,1,0.5237137317790347,0.5149618672442888,0.55999064
2016-08-22,QQQ,0,0,1,0.5175888163047488,0.4956267237717919,0.5206527
2016-08-23,QQQ,0,0,1,0.5176481582381974,0.5252871425635598,0.5643037
2016-08-24,QQQ,0,1,1,0.5170444337554431,0.6010505686836465,0.57719237
2016-08-25,QQQ,0,1,1,0.5236085019264881,0.6103197896004441,0.6022836
2016-08-26,QQQ,0,1,1,0.5265879201153912,0.5565312472382135,0.5769585
2016-08-29,QQQ,0,0,1,0.520009974868378,0.5069587537011069,0.547132
2016-08-30,QQQ,0,1,1,0.5189608475139604,0.5789574566331602,0.57607615
2016-08-31,QQQ,0,1,1,0.5206037833791626,0.5272788844325914,0.54892254
2016-09-01,QQQ,0,0,1,0.5282245591356465,0.47016443987803164,0.44682306
2016-09-02,QQQ,0,1,1,0.5288709301099711,0.484522367065489,0.4867674
2016-09-06,QQQ,0,0,1,0.5335457098935379,0.5265212488845181,0.5778363
2016-09-07,QQQ,0,0,1,0.5289199740302885,0.5345021391581021,0.5596543
2016-09-08,QQQ,0,0,1,0.5301940311600235,0.5615351886506548,0.6037065
2016-09-09,QQQ,0,1,1,0.5265128110517162,0.4979890918892144,0.53042006
2016-09-12,QQQ,0,0,1,0.5650216648202252,0.612146086153389,0.588995
2016-09-13,QQQ,0,1,1,0.5313423189390288,0.5979283177245037,0.51202756
2016-09-14,QQQ,0,1,1,0.5397165750069165,0.5540269741687035,0.5685155
2016-09-15,QQQ,0,1,1,0.5587970475150501,0.5791632122261887,0.52177846
2016-09-16,QQQ,0,0,1,0.5463903216658387,0.43878222181468474,0.48001567
2016-09-19,QQQ,0,0,1,0.5222579612683717,0.38885187137814925,0.48749238
2016-09-20,QQQ,0,1,1,0.5319743430725631,0.4400820516227122,0.48769104
2016-09-21,QQQ,0,1,1,0.5405479837055753,0.5178696330646498,0.5583357
2016-09-22,QQQ,0,0,1,0.5209421035101833,0.5403603508084902,0.5448553
2016-09-23,QQQ,0,0,1,0.5127416496295761,0.5027554087303843,0.50890166
2016-09-26,QQQ,0,1,1,0.5162843700945206,0.43336632795635416,0.49728858
2016-09-27,QQQ,0,1,1,0.535537953388383,0.46189084515972484,0.4934791
2016-09-28,QQQ,0,0,1,0.5177360985556474,0.504964463650629,0.51226825
2016-09-29,QQQ,0,1,1,0.50301286239193,0.42878472594074396,0.4707582
2016-09-30,QQQ,0,0,1,0.5230327326656015,0.5034426684426249,0.5409762
2016-10-03,QQQ,0,0,1,0.5190116106354726,0.49497557922903485,0.50137174
2016-10-04,QQQ,0,1,1,0.5071735667667219,0.42863851822067806,0.44717538
2016-10-05,QQQ,0,1,1,0.5089481920791236,0.4865570727964552,0.46372515
2016-10-06,QQQ,0,0,1,0.5081486618846291,0.451496062661669,0.47784302
2016-10-07,QQQ,0,1,1,0.5072465217113804,0.35955555264183864,0.4331074
2016-10-10,QQQ,0,0,1,0.5219303571526748,0.44329171932774136,0.5025591
2016-10-11,QQQ,0,0,1,0.520176205331325,0.5363625997468905,0.52265793
2016-10-12,QQQ,0,1,1,0.5212794298474539,0.4982263788528315,0.50356007
2016-10-13,QQQ,0,0,1,0.5231423365079362,0.5307257656047017,0.49430367
2016-10-14,QQQ,0,0,1,0.5276352346458846,0.4829214255551378,0.49088258
2016-10-17,QQQ,0,0,1,0.5085890823945601,0.42977495510169667,0.440117
2016-10-18,QQQ,0,1,1,0.5289881271288582,0.4817133151108484,0.49868277
2016-10-19,QQQ,0,0,1,0.5195740449905482,0.4005261938869245,0.46254933
2016-10-20,QQQ,0,1,1,0.5242529194620693,0.45272098768810537,0.49019736
2016-10-21,QQQ,0,1,1,0.528187666472749,0.4699415133782551,0.5112166
2016-10-24,QQQ,0,0,1,0.5444509949621817,0.5195514691803781,0.49065173
2016-10-25,QQQ,0,0,1,0.5276325381114113,0.42878328276203365,0.42337653
2016-10-26,QQQ,0,0,1,0.5285086190105183,0.4207773072145216,0.48609716
2016-10-27,QQQ,0,0,1,0.5335141468517143,0.5408194084883827,0.55644983
2016-10-28,QQQ,0,0,1,0.5368836850047715,0.6835840688839656,0.6369008
2016-10-31,QQQ,0,0,1,0.5050996583368035,0.49054679510623733,0.5568881
2016-11-01,QQQ,0,0,1,0.5013822176072847,0.5476903744666091,0.54200023
2016-11-02,QQQ,0,0,1,0.5047008957174949,0.5616226362618371,0.53995067
2016-11-03,QQQ,0,0,1,0.5066681359001938,0.5774232884535428,0.53327805
2016-11-04,QQQ,0,1,1,0.5097157024481711,0.5830996001940518,0.5162254
2016-11-07,QQQ,0,1,1,0.5527415972071911,0.5808128749386329,0.56960005
2016-11-08,QQQ,0,1,1,0.5433866321962479,0.5597199952195029,0.5427188
2016-11-09,QQQ,0,0,1,0.5580051402928774,0.5461771539541945,0.5062482
2016-11-10,QQQ,0,1,1,0.5517732857312232,0.5500670556106813,0.55762446
2016-11-11,QQQ,0,0,1,0.5649938093117781,0.550687791935644,0.55248237
2016-11-14,QQQ,0,1,1,0.5215685778147734,0.5387657505168568,0.5062117
2016-11-15,QQQ,0,1,1,0.5383857713726646,0.45365207243413636,0.5145614
2016-11-16,QQQ,0,1,1,0.5234621766213385,0.5924155910191985,0.55545795
2016-11-17,QQQ,0,0,1,0.5308992761790924,0.5481876558321743,0.5117872
2016-11-18,QQQ,0,1,1,0.5232796206101329,0.43173900767608714,0.48349848
2016-11-21,QQQ,0,0,1,0.5392652836684754,0.5191487736957883,0.5253555
2016-11-22,QQQ,0,0,1,0.5206627943344045,0.4334697517125442,0.44217557
2016-11-23,QQQ,0,1,1,0.5161993619295485,0.4380140405641719,0.49585143
2016-11-25,QQQ,0,0,1,0.5142387174081228,0.4474150380130796,0.42832562
2016-11-28,QQQ,0,1,1,0.5153876972537482,0.4607669304971081,0.48547816
2016-11-29,QQQ,0,0,1,0.5075059505071219,0.4448259642586569,0.47801027
2016-11-30,QQQ,0,0,1,0.5005440583196821,0.45629183330753853,0.46036923
2016-12-01,QQQ,0,1,1,0.5059363106535962,0.5482163822992531,0.5551269
2016-12-02,QQQ,0,1,1,0.5170170173609057,0.5185533471093727,0.515193
2016-12-05,QQQ,0,0,1,0.5245812056685688,0.5113716257380481,0.539801
2016-12-06,QQQ,0,1,1,0.5178645114916148,0.4205597682241937,0.44616073
2016-12-07,QQQ,0,1,1,0.5368441267269134,0.5900788074902992,0.5411261
2016-12-08,QQQ,0,1,1,0.5248942902971435,0.48823639953774794,0.4990953
2016-12-09,QQQ,0,0,1,0.5361203064783819,0.5729628364519195,0.5543645
2016-12-12,QQQ,0,1,1,0.5284582281884131,0.4721298717340469,0.4646706
2016-12-13,QQQ,0,0,1,0.5567862468829629,0.5092440314540738,0.50333184
2016-12-14,QQQ,0,1,1,0.528833353816421,0.4882738468776327,0.5405378
2016-12-15,QQQ,0,0,1,0.5310812372070791,0.5132013758806441,0.4923797
2016-12-16,QQQ,0,1,1,0.5216273537875148,0.45522233670601,0.4732846
2016-12-19,QQQ,0,1,1,0.5311254952117229,0.4984281061793548,0.52748555
2016-12-20,QQQ,0,0,1,0.5106722737366447,0.4948557334940597,0.50119513
2016-12-21,QQQ,0,0,1,0.5077096408961423,0.4062908672640151,0.44735703
2016-12-22,QQQ,0,1,1,0.5092695685515602,0.4408303782485508,0.46146864
2016-12-23,QQQ,0,1,1,0.5121528893577734,0.4020321250063182,0.4538825
2016-12-27,QQQ,0,0,1,0.5161123330521861,0.4545678391511395,0.50981796
2016-12-28,QQQ,0,0,1,0.5053658892535409,0.3912518913847965,0.4332018
2016-12-29,QQQ,0,0,1,0.5130744854568952,0.43058933504455704,0.4715224
2016-12-30,QQQ,0,1,1,0.5225987669346296,0.6511903888354195,0.59448576
2017-01-03,QQQ,0,1,1,0.530269520219542,0.5210632953908615,0.89251727
2017-01-04,QQQ,0,1,1,0.5272168727819314,0.5230317995422492,0.6864543
2017-01-05,QQQ,0,1,1,0.5316662370163405,0.5149047147238309,0.30110326
2017-01-06,QQQ,0,1,1,0.5384211366832438,0.5445056475558079,0.6494537
2017-01-09,QQQ,0,1,1,0.5287879000192238,0.4809600492092703,0.24314775
2017-01-10,QQQ,0,1,1,0.5248678150098133,0.4886902042531362,0.6106199
2017-01-11,QQQ,0,1,1,0.5258834749867448,0.4669254707300702,0.31278932
2017-01-12,QQQ,0,1,1,0.5233771877964363,0.49261360643955904,0.4778173
2017-01-13,QQQ,0,0,1,0.5198198000107727,0.46935181605666637,0.21489353
2017-01-17,QQQ,0,1,1,0.5146594798543458,0.5054262472220513,0.8195445
2017-01-18,QQQ,0,0,1,0.5173186667810539,0.4888533403449837,0.44084266
2017-01-19,QQQ,0,0,1,0.5144555674023406,0.49146273858679856,0.5760818
2017-01-20,QQQ,0,1,1,0.5204692622698339,0.517129058377106,0.4838807
2017-01-23,QQQ,0,1,1,0.5159638931432334,0.5172401965351242,0.52816623
2017-01-24,QQQ,0,1,1,0.5241650872640232,0.5100753625742499,0.7305993
2017-01-25,QQQ,0,0,1,0.5299373556874507,0.56501669461967,0.80233055
2017-01-26,QQQ,0,0,1,0.5252818392044136,0.5142497856206898,0.36182877
2017-01-27,QQQ,0,0,1,0.5269343388623704,0.5514073464724508,0.8292849
2017-01-30,QQQ,0,1,1,0.5273421139362099,0.5344663250598835,0.6371175
2017-01-31,QQQ,0,0,1,0.5273216825500582,0.5660397603959506,0.5826284
2017-02-01,QQQ,0,1,1,0.5308489491116645,0.5426740979989482,0.48439017
2017-02-02,QQQ,0,1,1,0.5204683601300755,0.548044316724572,0.55091846
2017-02-03,QQQ,0,1,1,0.5245245903623418,0.5105879111447786,0.20680888
2017-02-06,QQQ,0,1,1,0.5205376757685619,0.5298074121057721,0.7230919
2017-02-07,QQQ,0,1,1,0.5271411929208714,0.5126671938018117,0.1869818
2017-02-08,QQQ,0,1,1,0.518058344200995,0.5065040900861076,0.5230132
2017-02-09,QQQ,0,1,1,0.5231485173343866,0.4947410731725962,0.2737715
2017-02-10,QQQ,0,1,1,0.5209044482309919,0.497206235277645,0.41903225
2017-02-13,QQQ,0,1,1,0.527521617015917,0.5215624324889822,0.39905772
2017-02-14,QQQ,0,1,1,0.5244564305553666,0.4930776044211374,0.28039184
2017-02-15,QQQ,0,0,1,0.5278277320458203,0.514875909449453,0.24137759
2017-02-16,QQQ,0,1,1,0.523274785695517,0.5308958456637726,0.7413069
2017-02-17,QQQ,0,1,1,0.5266983317951154,0.530658394084306,0.6687875
2017-02-21,QQQ,0,1,1,0.528548205925529,0.537975746902048,0.5584885
2017-02-22,QQQ,0,0,1,0.5210522386492051,0.5215784596601981,0.5546914
2017-02-23,QQQ,0,1,1,0.5207976315771817,0.5584037165644531,0.51978844
2017-02-24,QQQ,0,1,1,0.5256966208537662,0.5659786454871498,0.72206557
2017-02-27,QQQ,0,0,1,0.518532756872273,0.5428872118516066,0.9337423
2017-02-28,QQQ,0,1,1,0.5173510175069523,0.5358739401684715,0.67490256
2017-03-01,QQQ,0,0,1,0.5408228399659173,0.47345915582785153,0.27385852
2017-03-02,QQQ,0,1,1,0.5281764884861565,0.5374445112745827,0.5320955
2017-03-03,QQQ,0,1,1,0.5277506996494958,0.5438861270327096,0.6958753
2017-03-06,QQQ,0,1,1,0.5236286004325698,0.5530467900051796,0.6911627
2017-03-07,QQQ,0,1,1,0.5269400132536426,0.5329436210950627,0.5012289
2017-03-08,QQQ,0,1,1,0.5186859824433612,0.5121998750477073,0.20803408
2017-03-09,QQQ,0,0,1,0.5223309035007145,0.4992138817159497,0.1622389
2017-03-10,QQQ,0,1,1,0.5266605220823285,0.506139741945057,0.51515895
2017-03-13,QQQ,0,0,1,0.518268918028794,0.5120161879924,0.5215239
2017-03-14,QQQ,0,1,1,0.5189031969231627,0.5056656131845064,0.4537269
2017-03-15,QQQ,0,0,1,0.5318939301723696,0.5309482385004086,0.48503485
2017-03-16,QQQ,0,0,1,0.5253175710828525,0.5218740776647648,0.29297772
2017-03-17,QQQ,0,1,1,0.524871529070176,0.5257832657936767,0.19628622
2017-03-20,QQQ,0,0,1,0.5188051025378789,0.49541118399784634,0.21005502
2017-03-21,QQQ,0,1,1,0.5240430729225419,0.5760533219008933,0.69196075
2017-03-22,QQQ,0,0,1,0.532560232139492,0.5729018619607312,0.869286
2017-03-23,QQQ,0,0,1,0.5234527181911297,0.5415907889445298,0.6221516
2017-03-24,QQQ,0,1,1,0.528132381191475,0.5586961720759376,0.7696345
2017-03-27,QQQ,0,1,1,0.5261356071473651,0.536540344021576,0.5714029
2017-03-28,QQQ,0,1,1,0.530158652337989,0.510049471720268,0.26397598
2017-03-29,QQQ,0,1,1,0.5235032867373636,0.51125331007452,0.21759808
2017-03-30,QQQ,0,1,1,0.52261731716501,0.5265329929296411,0.77968144
2017-03-31,QQQ,0,0,1,0.5228859016680004,0.5067216377842625,0.33615
2017-04-03,QQQ,0,1,1,0.531532550279437,0.5441539232782255,0.35327122
2017-04-04,QQQ,0,0,1,0.5245805798334394,0.516846231142107,0.28221107
2017-04-05,QQQ,0,0,1,0.5255279185127307,0.6093247482186697,0.857787
2017-04-06,QQQ,0,0,1,0.5218944788632695,0.5560919741523779,0.80644107
2017-04-07,QQQ,0,0,1,0.520780822455135,0.5592354411146412,0.591564
2017-04-10,QQQ,0,0,1,0.5211598533972304,0.5487544487345648,0.6959396
2017-04-11,QQQ,0,0,1,0.5237301730912289,0.6221821300361751,0.74684596
2017-04-12,QQQ,0,0,1,0.5175370661517865,0.6060086493673825,0.8165772
2017-04-13,QQQ,0,1,1,0.5184426025147488,0.5925149361050104,0.5683903
2017-04-17,QQQ,0,1,1,0.529510331006129,0.539495632551456,0.78361356
2017-04-18,QQQ,0,0,1,0.5230528041032907,0.5412468301154725,0.6135267
2017-04-19,QQQ,0,1,1,0.5330403904241242,0.5627112546508897,0.8694023
2017-04-20,QQQ,0,0,1,0.5437361580903025,0.5359901750930325,0.27658448
2017-04-21,QQQ,0,1,1,0.5395311705218239,0.5384855801673833,0.26025215
2017-04-24,QQQ,0,1,1,0.5469645936605869,0.5877167972264143,0.6085053
2017-04-25,QQQ,0,0,1,0.5440074633998983,0.6357266195496123,0.7218788
2017-04-26,QQQ,0,1,1,0.5421668700445669,0.5902850455805019,0.8483124
2017-04-27,QQQ,0,0,1,0.5393569630608828,0.5859907823418012,0.7383551
2017-04-28,QQQ,0,1,1,0.5399512509845025,0.5960842561434291,0.6695769
2017-05-01,QQQ,0,1,1,0.5400055046869598,0.553818552910178,0.49762973
2017-05-02,QQQ,0,0,1,0.5304967131098707,0.521894282046543,0.2688026
2017-05-03,QQQ,0,1,1,0.5306823530306922,0.5387925483255868,0.70096385
2017-05-04,QQQ,0,1,1,0.526199346560529,0.576614419103417,0.78796643
2017-05-05,QQQ,0,1,1,0.531328858107901,0.5885652111775866,0.7202882
2017-05-08,QQQ,0,1,1,0.5212494075237489,0.5680372192191186,0.28396812
2017-05-09,QQQ,0,0,1,0.5305973539624815,0.5638669305543923,0.35906044
2017-05-10,QQQ,0,1,1,0.5258935513115355,0.5477974245967486,0.42493147
2017-05-11,QQQ,0,1,1,0.530051564252648,0.5856354307077429,0.70752
2017-05-12,QQQ,0,1,1,0.5275317027374774,0.577068749601651,0.62136126
2017-05-15,QQQ,0,1,1,0.5291755010007732,0.5643641407178528,0.6091368
2017-05-16,QQQ,0,0,1,0.5313790530227291,0.6053227811091009,0.7832922
2017-05-17,QQQ,0,1,1,0.5277693206829172,0.5336758620313449,0.7174983
2017-05-18,QQQ,0,1,1,0.5467448389585463,0.5523357908646241,0.7433666
2017-05-19,QQQ,0,1,1,0.543822460536189,0.5501757128624268,0.77702504
2017-05-22,QQQ,0,0,1,0.54427269589116,0.5503408134785268,0.8620393
2017-05-23,QQQ,0,1,1,0.5387188314080332,0.506657857446276,0.48601967
2017-05-24,QQQ,0,1,1,0.5322542161528208,0.536769580075784,0.6842075
2017-05-25,QQQ,0,1,1,0.5348638474233391,0.5620693030284284,0.8150712
2017-05-26,QQQ,0,1,1,0.528145981725232,0.5206129765714477,0.7741822
2017-05-30,QQQ,0,0,1,0.52552336218347,0.4886071774649186,0.5158788
2017-05-31,QQQ,0,1,1,0.5280492607975024,0.48281608268309945,0.3260202
2017-06-01,QQQ,0,1,1,0.5266470738536632,0.5108278449525069,0.39605364
2017-06-02,QQQ,0,0,1,0.5366255460244985,0.5478936519919342,0.2750955
2017-06-05,QQQ,0,0,1,0.5245951395968832,0.4994363750983362,0.30662626
2017-06-06,QQQ,0,1,1,0.5240016817000387,0.484094942528288,0.4165708
2017-06-07,QQQ,0,0,1,0.5288118824361802,0.5129463549943005,0.5843886
2017-06-08,QQQ,0,0,1,0.5277785504165634,0.4885219556836547,0.41451222
2017-06-09,QQQ,0,1,1,0.5164616073545455,0.5437414087793022,0.44903454
2017-06-12,QQQ,0,1,1,0.5221168525386469,0.5114987435968437,0.14212313
2017-06-13,QQQ,0,0,1,0.5315053914236801,0.5477823211440951,0.39562464
2017-06-14,QQQ,0,1,1,0.520875080048499,0.524871784249465,0.30410942
2017-06-15,QQQ,0,0,1,0.5237236944580462,0.531340697987927,0.8255544
2017-06-16,QQQ,0,1,1,0.5212526482878898,0.4820172575005724,0.7227483
2017-06-19,QQQ,0,0,1,0.5455063645783401,0.5184237685376559,0.24098988
2017-06-20,QQQ,0,1,1,0.5259129249549058,0.48536911479154515,0.32478857
2017-06-21,QQQ,0,0,1,0.5411773002895977,0.5234798835354321,0.41383764
2017-06-22,QQQ,0,1,1,0.5352936886515239,0.5023468978464449,0.31972766
2017-06-23,QQQ,0,0,1,0.5388869468748306,0.5150665260128313,0.33711785
2017-06-26,QQQ,0,0,1,0.5215847991743544,0.49874617188509385,0.5767875
2017-06-27,QQQ,0,1,1,0.5190395806015561,0.5257620516130691,0.62297183
2017-06-28,QQQ,0,0,1,0.5374788669550965,0.5323254710317238,0.5992619
2017-06-29,QQQ,0,0,1,0.5190195887949239,0.5403235654026646,0.74667907
2017-06-30,QQQ,0,0,1,0.5245171581868316,0.5317305011739243,0.51848096
2017-07-03,QQQ,0,1,1,0.511284287870568,0.5171735788045639,0.6358778
2017-07-05,QQQ,0,0,1,0.5328688189589113,0.5403862646922878,0.76944417
2017-07-06,QQQ,0,1,1,0.5086026671180671,0.5141950889990508,0.5493047
2017-07-07,QQQ,0,1,1,0.5256315927154062,0.5316743500785689,0.45512396
2017-07-10,QQQ,0,1,1,0.5293182777731184,0.5352967557351719,0.32612547
2017-07-11,QQQ,0,1,1,0.5311030819136777,0.4817741106473784,0.28984627
2017-07-12,QQQ,0,1,1,0.535755209405693,0.5455647779685353,0.47066492
2017-07-13,QQQ,0,1,1,0.5285769165691947,0.5085832258446767,0.77675945
2017-07-14,QQQ,0,0,1,0.5291640944330226,0.5683984062325567,0.72126925
2017-07-17,QQQ,0,1,1,0.5230054612253904,0.52460066321809,0.7642093
2017-07-18,QQQ,0,1,1,0.5272166658001468,0.5591136546910728,0.5586585
2017-07-19,QQQ,0,0,1,0.5236639822346525,0.5627449617499521,0.87934494
2017-07-20,QQQ,0,1,1,0.5220286934982541,0.5444237493272971,0.9479449
2017-07-21,QQQ,0,1,1,0.5179640389776886,0.5244307012787744,0.58781654
2017-07-24,QQQ,0,1,1,0.5177414883135765,0.5397778540551219,0.6108581
2017-07-25,QQQ,0,1,1,0.5123452562491214,0.5216617633368608,0.5617052
2017-07-26,QQQ,0,0,1,0.5146278452638403,0.5062331019392802,0.27231893
2017-07-27,QQQ,0,1,1,0.5250997031581633,0.49606902218824406,0.3809509
2017-07-28,QQQ,0,0,1,0.5230906892082562,0.4873489147784062,0.33729443
2017-07-31,QQQ,0,0,1,0.5154621099018972,0.49782875071965765,0.5324161
2017-08-01,QQQ,0,0,1,0.5200839956756794,0.5077975945141258,0.7471768
2017-08-02,QQQ,0,0,1,0.526966281796774,0.5493053435719533,0.785762
2017-08-03,QQQ,0,0,1,0.5220880024111595,0.55391858883104,0.7902751
2017-08-04,QQQ,0,1,1,0.5276747726501071,0.5734475717147764,0.70084494
2017-08-07,QQQ,0,1,1,0.5308429268940736,0.5564935796519992,0.20576502
2017-08-08,QQQ,0,1,1,0.5303341868266839,0.5940557446519903,0.8896379
2017-08-09,QQQ,0,0,1,0.5312904260677281,0.573530889910376,0.7603774
2017-08-10,QQQ,0,1,1,0.5306559144978263,0.5439688290159432,0.7391923
2017-08-11,QQQ,0,1,1,0.5416070428077615,0.5592480655033315,0.842504
2017-08-14,QQQ,0,0,1,0.5435997656755742,0.5235465799897062,0.5129294
2017-08-15,QQQ,0,0,1,0.5368889857697572,0.49610852809490086,0.44409245
2017-08-16,QQQ,0,0,1,0.540477230308536,0.49733211875523753,0.51603824
2017-08-17,QQQ,0,0,1,0.5386744427300538,0.5379259245841357,0.78122556
2017-08-18,QQQ,0,0,1,0.5390795864020744,0.5371336850315199,0.81128746
2017-08-21,QQQ,0,1,1,0.5204588241809673,0.49536852591366465,0.3540311
2017-08-22,QQQ,0,1,1,0.5377053327563279,0.5310067244620817,0.75542086
2017-08-23,QQQ,0,0,1,0.524000338818958,0.521094944785273,0.6530034
2017-08-24,QQQ,0,0,1,0.5281518262620006,0.49080758672306324,0.4771082
2017-08-25,QQQ,0,1,1,0.5247328236534998,0.49907056174314307,0.29918277
2017-08-28,QQQ,0,1,1,0.5260990470851447,0.4974737106835525,0.4706682
2017-08-29,QQQ,0,1,1,0.5143331272935583,0.5223701807615175,0.7055058
2017-08-30,QQQ,0,1,1,0.5302328038475953,0.5171659302646003,0.3993635
2017-08-31,QQQ,0,0,1,0.5360766806224367,0.585965833802199,0.6713402
2017-09-01,QQQ,0,0,1,0.5261124203432987,0.5227495353513462,0.5344209
2017-09-05,QQQ,0,1,1,0.5294704710722853,0.5161226319668422,0.66349536
2017-09-06,QQQ,0,1,1,0.529752001903352,0.4948966123430277,0.5730357
2017-09-07,QQQ,0,0,1,0.5196681601358129,0.5033479947430725,0.4807344
2017-09-08,QQQ,0,1,1,0.5099422856047073,0.4804617358087589,0.38397655
2017-09-11,QQQ,0,0,1,0.5287602202256083,0.5211648794283628,0.48857945
2017-09-12,QQQ,0,1,1,0.5285832123748017,0.48420551677955376,0.39001203
2017-09-13,QQQ,0,0,1,0.5265328081628462,0.490971419339824,0.38644874
2017-09-14,QQQ,0,1,1,0.5233056044426118,0.4862089437058858,0.548581
2017-09-15,QQQ,0,0,1,0.5404697870793499,0.5234993346700543,0.53757375
2017-09-18,QQQ,0,0,1,0.5186688423049716,0.4938959452804408,0.5555474
2017-09-19,QQQ,0,0,1,0.5181376624835329,0.4955591790635911,0.42228675
2017-09-20,QQQ,0,0,1,0.5225040459275707,0.5162387443634038,0.6521064
2017-09-21,QQQ,0,1,1,0.5190099284668697,0.49432478689983156,0.59149384
2017-09-22,QQQ,0,0,1,0.5144756481157725,0.4986017464110348,0.32967773
2017-09-25,QQQ,0,0,1,0.5245459460390219,0.5065543595025759,0.48445535
2017-09-26,QQQ,0,1,1,0.5193028878563057,0.4754910742205665,0.49064693
2017-09-27,QQQ,0,1,1,0.5329333583635332,0.5304146691479811,0.7710459
2017-09-28,QQQ,0,1,1,0.527101815042925,0.49875292973648006,0.6566527
2017-09-29,QQQ,0,0,1,0.5435444501532283,0.5330520242250238,0.388493
2017-10-02,QQQ,0,1,1,0.5333856600824762,0.482288648906656,0.29593134
2017-10-03,QQQ,0,1,1,0.53222024548311,0.469742475796862,0.20804659
2017-10-04,QQQ,0,1,1,0.5280040144457288,0.4779865455376922,0.5237922
2017-10-05,QQQ,0,1,1,0.538528962015095,0.5247846273438047,0.5818558
2017-10-06,QQQ,0,0,1,0.5296860323057343,0.5164789208228836,0.6458032
2017-10-09,QQQ,0,0,1,0.5263114582225954,0.5207302039468374,0.7480956
2017-10-10,QQQ,0,1,1,0.5287894234136641,0.51879175578803,0.76134217
2017-10-11,QQQ,0,0,1,0.528562106744355,0.47385368101884767,0.1715669
2017-10-12,QQQ,0,0,1,0.5186174029320059,0.5225343539904305,0.5176973
2017-10-13,QQQ,0,1,1,0.524235309913248,0.5526441054563771,0.42943925
2017-10-16,QQQ,0,1,1,0.5271199841981924,0.5463555098869544,0.81324875
2017-10-17,QQQ,0,0,1,0.523697011105645,0.5411848660177153,0.8660771
2017-10-18,QQQ,0,1,1,0.5231953962914374,0.5863013558409574,0.7234865
2017-10-19,QQQ,0,0,1,0.5271020222255223,0.5740886643263088,0.72923285
2017-10-20,QQQ,0,0,1,0.5294522522864435,0.5883779592100234,0.826154
2017-10-23,QQQ,0,0,1,0.5252199518948638,0.6134438649069884,0.8330937
2017-10-24,QQQ,0,0,1,0.5255009018023373,0.5840569742023395,0.8002566
2017-10-25,QQQ,0,0,1,0.5296246371508824,0.6136617441294725,0.8960554
2017-10-26,QQQ,0,1,1,0.5271052554350113,0.6113976494820773,0.91825074
2017-10-27,QQQ,0,1,1,0.5704277443808181,0.5229814324038965,0.4962446
2017-10-30,QQQ,0,1,1,0.5527283583530275,0.5450507410981995,0.71886706
2017-10-31,QQQ,0,0,1,0.552235425589439,0.57381559773482,0.58354753
2017-11-01,QQQ,0,0,1,0.5527229678167611,0.5229130077858337,0.46454096
2017-11-02,QQQ,0,1,1,0.5535748391828413,0.5315327932707444,0.75420225
2017-11-03,QQQ,0,1,1,0.5307179548123688,0.5441574055063992,0.8087323
2017-11-06,QQQ,0,1,1,0.5291088119851545,0.5069780018884491,0.3986273
2017-11-07,QQQ,0,1,1,0.5242295085296325,0.5094828329215826,0.60269326
2017-11-08,QQQ,0,1,1,0.5258265286501984,0.5305474712051139,0.67472637
2017-11-09,QQQ,0,1,1,0.5303775142752117,0.4996435288119345,0.3661458
2017-11-10,QQQ,0,1,1,0.5179235129212084,0.4872830421406505,0.575309
2017-11-13,QQQ,0,0,1,0.5146679482238962,0.4907138119093238,0.34374598
2017-11-14,QQQ,0,0,1,0.5154129765156085,0.48407396639032535,0.23019046
2017-11-15,QQQ,0,1,1,0.5094326949988361,0.47327100951280804,0.25532475
2017-11-16,QQQ,0,0,1,0.5346795105176935,0.5313655851271948,0.8278538
2017-11-17,QQQ,0,0,1,0.5246820923639066,0.5070860239676439,0.7670028
2017-11-20,QQQ,0,1,1,0.5237647872533714,0.5013526603774188,0.5989829
2017-11-21,QQQ,0,1,1,0.5359438356115441,0.5291947101520688,0.5170326
2017-11-22,QQQ,0,1,1,0.5332347137399996,0.5124470358072487,0.69717574
2017-11-24,QQQ,0,0,1,0.5245308522244384,0.5156104949662357,0.6585873
2017-11-27,QQQ,0,1,1,0.5335714091129462,0.5176918556337102,0.27541348
2017-11-28,QQQ,0,0,1,0.5370193105423501,0.5061695232033314,0.488514
2017-11-29,QQQ,0,1,1,0.5321867533581283,0.5441786209834205,0.73934674
2017-11-30,QQQ,0,1,1,0.5425151268226691,0.5385470779988398,0.8797433
2017-12-01,QQQ,0,0,1,0.5327418149154046,0.5309661695064829,0.61597085
2017-12-04,QQQ,0,1,1,0.5240189114048647,0.5242402943389295,0.6721167
2017-12-05,QQQ,0,1,1,0.5253882879300813,0.5224731854637152,0.7829295
2017-12-06,QQQ,0,1,1,0.5309508702483177,0.5350958314749228,0.8248211
2017-12-07,QQQ,0,0,1,0.5256570129351391,0.49098512724494936,0.55947155
2017-12-08,QQQ,0,1,1,0.5297810577218466,0.5310293768712402,0.7538899
2017-12-11,QQQ,0,0,1,0.530654601676968,0.5243472808094823,0.67259204
2017-12-12,QQQ,0,0,1,0.5269973101527307,0.48275069651081454,0.45843926
2017-12-13,QQQ,0,0,1,0.528201371215081,0.4721903620595884,0.402953
2017-12-14,QQQ,0,1,1,0.5264614698344627,0.4742306382507719,0.34923095
2017-12-15,QQQ,0,1,1,0.5416160531775074,0.5073703221472976,0.2927427
2017-12-18,QQQ,0,0,1,0.5350180503403238,0.5614218878657251,0.60313404
2017-12-19,QQQ,0,0,1,0.5304232330757923,0.5083324513974488,0.61472607
2017-12-20,QQQ,0,0,1,0.5335590120862908,0.49115355484885737,0.5337288
2017-12-21,QQQ,0,1,1,0.5302114869734667,0.49016404635569777,0.3637666
2017-12-22,QQQ,0,1,1,0.5206244454709398,0.4693162996146192,0.25144267
2017-12-26,QQQ,0,1,1,0.5076037895951689,0.4570860949005124,0.14184265
2017-12-27,QQQ,0,0,1,0.5124608244978708,0.4446010457670194,0.13412522
2017-12-28,QQQ,0,0,1,0.519188265004974,0.48241711685260713,0.18887171
2017-12-29,QQQ,0,1,1,0.5173276739947483,0.49996662393555746,0.66263974
2018-01-02,QQQ,0,1,1,0.5489672444042705,0.5611452407921417,0.5431105
2018-01-03,QQQ,0,0,1,0.5519589866098188,0.5915318365569825,0.5704867
2018-01-04,QQQ,0,1,1,0.5474168369396673,0.513259289321044,0.533239
2018-01-05,QQQ,0,1,1,0.5573081998811044,0.683505216224319,0.58798426
2018-01-08,QQQ,0,0,1,0.5539785076197418,0.5737486949164595,0.5518826
2018-01-09,QQQ,0,1,1,0.5362406953097278,0.5854943568082134,0.5298863
2018-01-10,QQQ,0,1,1,0.5328816809235488,0.550945784569388,0.5100608
2018-01-11,QQQ,0,1,1,0.535176968738346,0.5421263533424754,0.54893196
2018-01-12,QQQ,0,0,1,0.5350608165477168,0.5619288291300298,0.5583643
2018-01-16,QQQ,0,1,1,0.5290847909064803,0.5194708467894238,0.5121675
2018-01-17,QQQ,0,1,1,0.542664131300598,0.5524951615754672,0.56538147
2018-01-18,QQQ,0,1,1,0.5344208806324376,0.48446654574844994,0.5116707
2018-01-19,QQQ,0,1,1,0.5414397181884093,0.4588641667610628,0.4817971
2018-01-22,QQQ,0,1,1,0.5390860000942211,0.5756809476583913,0.5620373
2018-01-23,QQQ,0,0,1,0.5467381070643609,0.653009967355762,0.59327954
2018-01-24,QQQ,0,0,1,0.5402495943698032,0.533666274800645,0.5292158
2018-01-25,QQQ,0,1,1,0.5380585380899711,0.5436018885785917,0.50359243
2018-01-26,QQQ,0,0,1,0.5565139798840908,0.6165921296814889,0.5552955
2018-01-29,QQQ,0,1,1,0.5377818991387346,0.5459573859125154,0.52595896
2018-01-30,QQQ,0,0,1,0.5328535833922194,0.43344720097621886,0.5004775
2018-01-31,QQQ,0,0,1,0.5482323454408016,0.5571012100671829,0.5581359
2018-02-01,QQQ,0,0,1,0.5389010946234227,0.4782409285314994,0.50937366
2018-02-02,QQQ,0,0,1,0.5115553528988026,0.5725192925655909,0.53638315
2018-02-05,QQQ,1,1,1,0.5028345038242423,0.4303823437493269,0.5035628
2018-02-06,QQQ,1,0,1,0.5720363968924908,0.4977411724517422,0.4916865
2018-02-07,QQQ,1,0,1,0.5234533494384048,0.4209967073301767,0.49536583
2018-02-08,QQQ,1,1,1,0.496533068326967,0.5599605926015402,0.5362617
2018-02-09,QQQ,1,1,1,0.5629916674754712,0.458297068948073,0.4809176
2018-02-12,QQQ,1,1,1,0.5803665826100627,0.5123665155488822,0.5228087
2018-02-13,QQQ,1,1,1,0.5326846185621499,0.48930868788219906,0.5416285
2018-02-14,QQQ,1,1,1,0.5578562708820768,0.49700259179421363,0.5307331
2018-02-15,QQQ,1,0,1,0.5416732312871277,0.5758565781070376,0.5427492
2018-02-16,QQQ,1,1,1,0.5316508829195646,0.4867427968203408,0.49859443
2018-02-20,QQQ,1,0,1,0.5223421600519474,0.47493856119937156,0.5285872
2018-02-21,QQQ,1,0,1,0.5216729102686566,0.5234165523241381,0.50808996
2018-02-22,QQQ,1,1,1,0.5027337591464972,0.5093615210587146,0.5271951
2018-02-23,QQQ,1,1,1,0.5048992619983684,0.6284509674531313,0.58781207
2018-02-26,QQQ,1,0,1,0.5042629766325543,0.5429853884224237,0.56320685
2018-02-27,QQQ,1,0,1,0.4957524095226471,0.500233048502395,0.5185045
2018-02-28,QQQ,1,0,1,0.5072168540957278,0.5170260196271578,0.517998
2018-03-01,QQQ,1,1,1,0.510263689665572,0.5038596057714415,0.5385316
2018-03-02,QQQ,1,1,1,0.4983868385614133,0.5251318375952625,0.5373237
2018-03-05,QQQ,1,0,1,0.4848063361533661,0.5401257455507474,0.53128284
2018-03-06,QQQ,1,1,1,0.499931051889408,0.5811408998010781,0.5571743
2018-03-07,QQQ,1,1,1,0.5063941079017529,0.5373781661955855,0.5182594
2018-03-08,QQQ,1,1,1,0.5075424213230506,0.5369223735773909,0.5400134
2018-03-09,QQQ,0,1,1,0.5458937621620233,0.6757282049996676,0.59926254
2018-03-12,QQQ,0,0,1,0.5318270169768405,0.643955105313514,0.5801924
2018-03-13,QQQ,0,0,1,0.5356892914811153,0.5288955845873294,0.52664244
2018-03-14,QQQ,0,0,1,0.5423839197510854,0.515542700856089,0.5199245
2018-03-15,QQQ,0,0,1,0.5368524209737509,0.5339423430591075,0.5464499
2018-03-16,QQQ,0,0,1,0.5048030985197641,0.5530290171481609,0.5400367
2018-03-19,QQQ,0,1,1,0.49631435253693745,0.6289150042201925,0.5490121
2018-03-20,QQQ,0,0,1,0.5151668096265941,0.5276098554357476,0.52878577
2018-03-21,QQQ,0,0,1,0.5082955006092416,0.559559869541121,0.5186336
2018-03-22,QQQ,1,0,1,0.4962545811590863,0.5365852603101858,0.5347913
2018-03-23,QQQ,1,1,1,0.4900076225792456,0.4187591739884875,0.5018424
2018-03-26,QQQ,1,0,1,0.5747424679591413,0.44580216995500543,0.49665153
2018-03-27,QQQ,1,0,1,0.5205634906504792,0.43200014732265457,0.50597036
2018-03-28,QQQ,1,1,1,0.5322414809818276,0.4072303975478589,0.5001028
2018-03-29,QQQ,1,0,1,0.5742136348798135,0.5024634421344032,0.5347797
2018-04-02,QQQ,1,1,1,0.5573760354214611,0.4746412596998267,0.50682795
2018-04-03,QQQ,1,1,1,0.5259981740123049,0.47293764032205066,0.5049577
2018-04-04,QQQ,1,0,1,0.5466910178565855,0.5420358926615855,0.5422998
2018-04-05,QQQ,1,0,1,0.5440204017427971,0.4988014496791025,0.5445589
2018-04-06,QQQ,1,0,1,0.5101152088561975,0.5155009580607439,0.50387335
2018-04-09,QQQ,1,1,1,0.5386582508598937,0.6239368489662532,0.5674153
2018-04-10,QQQ,1,1,1,0.5452445796969844,0.5684079045888645,0.54375035
2018-04-11,QQQ,1,1,1,0.5123551424703937,0.573352237085451,0.5555556
2018-04-12,QQQ,1,0,1,0.5192572032751063,0.5635734590339765,0.5516564
2018-04-13,QQQ,1,1,1,0.513529203951128,0.5434107920585587,0.5265027
2018-04-16,QQQ,1,1,1,0.5157903283018015,0.5464217474173577,0.54880667
2018-04-17,QQQ,1,1,1,0.512477733488558,0.6293296787788994,0.5864058
2018-04-18,QQQ,1,0,1,0.5028560293048224,0.478195220789554,0.51868
2018-04-19,QQQ,1,0,1,0.49352342793864756,0.4969654540308308,0.52467096
2018-04-20,QQQ,1,0,1,0.5056598671150214,0.5039722821658545,0.51365364
2018-04-23,QQQ,1,0,1,0.5093606845112592,0.5632898652465343,0.54237235
2018-04-24,QQQ,1,0,1,0.46964396759622185,0.4673793604806503,0.51059407
2018-04-25,QQQ,1,1,1,0.4820478593845479,0.48999986386548927,0.48779905
2018-04-26,QQQ,1,0,1,0.5204441577608976,0.5595837387670644,0.52505636
2018-04-27,QQQ,1,0,1,0.5185361531815402,0.48154645536730717,0.5067487
2018-04-30,QQQ,1,1,1,0.5198528476475976,0.5436301544497195,0.5487649
2018-05-01,QQQ,1,0,1,0.5396048429322913,0.4502525163220473,0.50072324
2018-05-02,QQQ,1,1,1,0.5336459256104207,0.490262197737568,0.50857085
2018-05-03,QQQ,1,1,1,0.5130909035463144,0.5289975735323957,0.49300522
2018-05-04,QQQ,1,1,1,0.5388609723112163,0.5815567638882273,0.5643095
2018-05-07,QQQ,1,1,1,0.5347156432948298,0.6405923521647252,0.58039576
2018-05-08,QQQ,0,1,1,0.5227574245717488,0.5577150306062983,0.53977984
2018-05-09,QQQ,0,1,1,0.5366961914187436,0.6322479439879255,0.5845686
2018-05-10,QQQ,0,1,1,0.5381713819985142,0.6682134418073158,0.58926934
2018-05-11,QQQ,0,0,1,0.5165987934447283,0.5441707695491971,0.54655284
2018-05-14,QQQ,0,0,1,0.5137479412208724,0.5376492574697087,0.55187976
2018-05-15,QQQ,0,1,1,0.5234042548893234,0.5268885692175845,0.52351576
2018-05-16,QQQ,0,0,1,0.5184581873073274,0.566201295980771,0.5588675
2018-05-17,QQQ,0,0,1,0.5005800835585154,0.5148763052939358,0.5297569
2018-05-18,QQQ,0,0,1,0.5030314531208144,0.5105875046343084,0.52625024
2018-05-21,QQQ,0,0,1,0.5105613364655988,0.5538783818885197,0.55385053
2018-05-22,QQQ,0,1,1,0.5156578286450154,0.46287906737350853,0.47875854
2018-05-23,QQQ,0,0,1,0.5217846606133594,0.5205871515949971,0.5363226
2018-05-24,QQQ,0,1,1,0.5224140041618347,0.47134401608495285,0.49779922
2018-05-25,QQQ,0,1,1,0.5257553456323197,0.4787482074300372,0.5023477
2018-05-29,QQQ,0,1,1,0.5252561246566843,0.4536752694331212,0.49074796
2018-05-30,QQQ,0,0,1,0.5325993463995179,0.5020115402544281,0.51846707
2018-05-31,QQQ,0,1,1,0.5234830376226447,0.4830674800817403,0.50450724
2018-06-01,QQQ,0,1,1,0.5502411438018769,0.5078985013999108,0.52336127
2018-06-04,QQQ,0,1,1,0.5426449589051172,0.6574630173404921,0.5916712
2018-06-05,QQQ,0,1,1,0.5432606148937068,0.47053055716473047,0.4902951
2018-06-06,QQQ,0,0,1,0.5439159514661532,0.5972157203786069,0.56954324
2018-06-07,QQQ,0,1,1,0.5494237014665158,0.5300449216881911,0.5331019
2018-06-08,QQQ,0,1,1,0.5352152938701131,0.4500916430151076,0.47740698
2018-06-11,QQQ,0,1,1,0.5241499684752239,0.4490141823530773,0.48943976
2018-06-12,QQQ,0,0,1,0.5253771546637249,0.5096316527871761,0.53129154
2018-06-13,QQQ,0,1,1,0.5253040633303518,0.49832844441869517,0.540398
2018-06-14,QQQ,0,1,1,0.5369425669021343,0.5458673061899729,0.54252994
2018-06-15,QQQ,0,1,1,0.5370535759724772,0.5517120641525189,0.5538577
2018-06-18,QQQ,0,1,1,0.5341678039214847,0.5017223063012322,0.5096868
2018-06-19,QQQ,0,1,1,0.5311098042807311,0.514585139564774,0.5415868
2018-06-20,QQQ,0,0,1,0.5395636629520988,0.5202134208493321,0.51981133
2018-06-21,QQQ,0,0,1,0.5212426707326977,0.4773856888622862,0.5161124
2018-06-22,QQQ,0,0,1,0.5228080967172932,0.46217524105953156,0.48614338
2018-06-25,QQQ,0,1,1,0.5247381657105449,0.5907887944970902,0.534107
2018-06-26,QQQ,0,0,1,0.5366869657695371,0.5667953793899522,0.5340146
2018-06-27,QQQ,0,1,1,0.5109412283728111,0.5636261168163081,0.53807735
2018-06-28,QQQ,0,0,1,0.5354412261072451,0.5455446010066237,0.53522
2018-06-29,QQQ,0,1,1,0.5324533753830554,0.47774210291681307,0.46815187
2018-07-02,QQQ,0,0,1,0.5426775302862591,0.5442328354689969,0.5320433
2018-07-03,QQQ,0,1,1,0.5254197406960258,0.5328459515986688,0.52012306
2018-07-05,QQQ,0,1,1,0.5525061451715843,0.4941194171562943,0.5196885
2018-07-06,QQQ,0,1,1,0.5559435102392456,0.5279025085870764,0.5235294
2018-07-09,QQQ,0,0,1,0.5492607760788896,0.5813849710563596,0.54937553
2018-07-10,QQQ,0,1,1,0.5398995690473402,0.495555655009505,0.5163188
2018-07-11,QQQ,0,1,1,0.5444801624955465,0.4765809772687278,0.5062031
2018-07-12,QQQ,0,1,1,0.5515954918245263,0.5945959636458447,0.58282596
2018-07-13,QQQ,0,0,1,0.5282333630115473,0.5031002596250311,0.5169331
2018-07-16,QQQ,0,1,1,0.5170578758739914,0.5002520097933653,0.5224354
2018-07-17,QQQ,0,0,1,0.5283483910664981,0.5914173490695817,0.5756725
2018-07-18,QQQ,0,0,1,0.5254968548747596,0.5376996871379653,0.539765
2018-07-19,QQQ,0,0,1,0.499618144001981,0.4474844949709518,0.49445295
2018-07-20,QQQ,0,1,1,0.5052716167752987,0.45691429313453585,0.4889784
2018-07-23,QQQ,0,0,1,0.5056344467558711,0.5018953829620262,0.5135352
2018-07-24,QQQ,0,1,1,0.5171151083837282,0.5284548126574683,0.5522009
2018-07-25,QQQ,0,0,1,0.5353291614638143,0.619743779122804,0.5967602
2018-07-26,QQQ,0,0,1,0.5384345818273066,0.45853765185332096,0.5073641
2018-07-27,QQQ,0,0,1,0.5497769892473624,0.5832582177607499,0.5668869
2018-07-30,QQQ,0,1,1,0.5383047138999527,0.5760879686305005,0.540204
2018-07-31,QQQ,0,1,1,0.5412440296080006,0.5642112728370275,0.53521025
2018-08-01,QQQ,0,1,1,0.5144751208560565,0.5286191093983397,0.50635886
2018-08-02,QQQ,0,1,1,0.5446885860818854,0.546493566632163,0.53679407
2018-08-03,QQQ,0,1,1,0.5389568853576636,0.4760306804592582,0.48640648
2018-08-06,QQQ,0,1,1,0.5386175545027831,0.5192743273596125,0.53058195
2018-08-07,QQQ,0,1,1,0.5364162305445861,0.5478633122218731,0.5376471
2018-08-08,QQQ,0,0,1,0.5332873594365298,0.5555335398027553,0.5366461
2018-08-09,QQQ,0,0,1,0.5148837469100439,0.4351381025891685,0.46892223
2018-08-10,QQQ,0,0,1,0.5204637462011104,0.44263097848126914,0.47657368
2018-08-13,QQQ,0,1,1,0.5122589636466955,0.46448750627623336,0.4908673
2018-08-14,QQQ,0,0,1,0.5139398194354424,0.5004932391469354,0.5307806
2018-08-15,QQQ,0,0,1,0.5189171166835791,0.5733062846388932,0.5241359
2018-08-16,QQQ,0,1,1,0.5170518668487477,0.49815142862088607,0.49700692
2018-08-17,QQQ,0,0,1,0.524172640361982,0.5064061876956666,0.50584024
2018-08-20,QQQ,0,1,1,0.5191109597627952,0.5257370081039975,0.51509255
2018-08-21,QQQ,0,1,1,0.5152663349150313,0.5465428141815075,0.55623925
2018-08-22,QQQ,0,1,1,0.5143345079316344,0.4606035939677576,0.4920074
2018-08-23,QQQ,0,1,1,0.516673610399214,0.4308277411194313,0.4641075
2018-08-24,QQQ,0,1,1,0.5328694655256448,0.5327858349979765,0.5116723
2018-08-27,QQQ,0,0,1,0.5471475843354205,0.6130794567883951,0.5537009
2018-08-28,QQQ,0,1,1,0.5380372253597651,0.5438135276246031,0.5428236
2018-08-29,QQQ,0,1,1,0.5515144460427005,0.6040898668497348,0.5725859
2018-08-30,QQQ,0,1,1,0.5498888004324705,0.57233721355421,0.548428
2018-08-31,QQQ,0,0,1,0.5453780669105713,0.5339731943605948,0.52870256
2018-09-04,QQQ,0,0,1,0.5331178135571155,0.48153961933199657,0.49544486
2018-09-05,QQQ,0,0,1,0.5368940553134678,0.5396791177651333,0.51905423
2018-09-06,QQQ,0,1,1,0.5158540418868846,0.49328815880556126,0.5016432
2018-09-07,QQQ,0,0,1,0.5158994263940596,0.5108726242138109,0.5106249
2018-09-10,QQQ,0,1,1,0.5097924013633168,0.4758357462788399,0.47875604
2018-09-11,QQQ,0,0,1,0.5247600935326869,0.5046499828112344,0.4758899
2018-09-12,QQQ,0,1,1,0.527084723544263,0.5463228519538513,0.5383804
2018-09-13,QQQ,0,0,1,0.5463098790551438,0.512010965929986,0.51244396
2018-09-14,QQQ,0,0,1,0.5420825180627497,0.4643710656723565,0.47862446
2018-09-17,QQQ,0,1,1,0.5386894713259538,0.5028822352738324,0.5100465
2018-09-18,QQQ,0,0,1,0.5451186328662628,0.5256601114855942,0.5474361
2018-09-19,QQQ,0,1,1,0.5421396567833418,0.470280052593532,0.4991108
2018-09-20,QQQ,0,0,1,0.5411047317025174,0.46120819932173285,0.5037388
2018-09-21,QQQ,0,1,1,0.5377489471568647,0.5305294032235622,0.5240073
2018-09-24,QQQ,0,1,1,0.5443692390790442,0.44580516478787635,0.45650575
2018-09-25,QQQ,0,0,1,0.5277498942301538,0.3766801617096067,0.43534303
2018-09-26,QQQ,0,1,1,0.5372601203787413,0.4395683718385598,0.489538
2018-09-27,QQQ,0,1,1,0.5279762569298883,0.49184610917029925,0.51947105
2018-09-28,QQQ,0,0,1,0.5202099446640678,0.45256409633673667,0.48378426
2018-10-01,QQQ,0,0,1,0.520067771225778,0.46989774807739393,0.4883196
2018-10-02,QQQ,0,0,1,0.517612523006828,0.3926785950162906,0.46227023
2018-10-03,QQQ,0,0,1,0.5269229200467215,0.45947378111100384,0.49019775
2018-10-04,QQQ,0,0,1,0.5337829339851143,0.5970104527582275,0.54574823
2018-10-05,QQQ,0,0,1,0.5297942593870971,0.5158612586543906,0.54061395
2018-10-08,QQQ,0,1,1,0.5182266243295784,0.5249559192260452,0.5164532
2018-10-09,QQQ,0,0,1,0.5220256264898937,0.529834453618355,0.5341092
2018-10-10,QQQ,1,0,1,0.4957040514738348,0.5368657328977303,0.5283467
2018-10-11,QQQ,1,1,1,0.5236983527390779,0.43514959791078295,0.5223952
2018-10-12,QQQ,1,0,1,0.5697174264380146,0.4296070527086884,0.4818311
2018-10-15,QQQ,1,1,1,0.5424858848181161,0.4815782504933367,0.48990425
2018-10-16,QQQ,1,0,1,0.5747364864322894,0.51406760705466,0.5152624
2018-10-17,QQQ,1,0,1,0.5711051129420376,0.488207193475862,0.49645135
2018-10-18,QQQ,1,0,1,0.570284889802491,0.5016652304737783,0.5183761
2018-10-19,QQQ,1,0,1,0.5465241388218405,0.5192242885971731,0.53030074
2018-10-22,QQQ,1,1,1,0.5541731519595657,0.5826525460247697,0.5634924
2018-10-23,QQQ,1,0,1,0.5019242573349049,0.5441195633653967,0.50024015
2018-10-24,QQQ,1,1,1,0.48017401044137664,0.5584251497163902,0.52231675
2018-10-25,QQQ,1,1,1,0.5647601195661135,0.46189565756345485,0.50015634
2018-10-26,QQQ,1,0,1,0.5284518689921536,0.5030927760775344,0.53636736
2018-10-29,QQQ,1,1,1,0.5100415442854697,0.4749205377395743,0.53089255
2018-10-30,QQQ,1,1,1,0.5356100517795631,0.5087517495526555,0.5290854
2018-10-31,QQQ,1,1,1,0.5630485471370762,0.5877202085668923,0.57669556
2018-11-01,QQQ,1,0,1,0.5136275487962395,0.5366707972762013,0.5401578
2018-11-02,QQQ,1,0,1,0.5147249579213256,0.542157176351536,0.52163494
2018-11-05,QQQ,1,1,1,0.525146594643233,0.6166708604651918,0.5747472
2018-11-06,QQQ,1,1,1,0.5140607507839984,0.5867512732556354,0.5750952
2018-11-07,QQQ,1,0,1,0.5329170203398831,0.624879684486599,0.5918319
2018-11-08,QQQ,1,0,1,0.5002013685843539,0.5061980551359557,0.49345973
2018-11-09,QQQ,1,0,1,0.5080587984877752,0.54525029873205,0.53018177
2018-11-12,QQQ,1,0,1,0.5098144714381829,0.4400836445474146,0.50907034
2018-11-13,QQQ,1,0,1,0.5190430941780184,0.47722163724668787,0.5277342
2018-11-14,QQQ,1,1,1,0.45131236643571354,0.3939555375443302,0.48209727
2018-11-15,QQQ,1,1,1,0.49076717163869504,0.5015081329704595,0.5033414
2018-11-16,QQQ,1,0,1,0.4874933953289532,0.55304850125587,0.52807134
2018-11-19,QQQ,1,1,1,0.4867106856752818,0.4411906233990131,0.49724048
2018-11-20,QQQ,1,0,1,0.49354900210785047,0.4645263066295592,0.49171865
2018-11-21,QQQ,1,1,1,0.5215502970167089,0.5074206189459048,0.5415944
2018-11-23,QQQ,1,1,1,0.4777342660736506,0.5270827314844092,0.5405138
2018-11-26,QQQ,1,1,1,0.5240047068850073,0.5458577615102909,0.5305469
2018-11-27,QQQ,1,1,1,0.5302790036233801,0.5540950766247448,0.507191
2018-11-28,QQQ,1,1,1,0.5759376557417539,0.6439434216015383,0.5788125
2018-11-29,QQQ,1,1,1,0.5481467879025895,0.4327211456045709,0.49194393
2018-11-30,QQQ,1,0,1,0.556228328636603,0.49512564897703404,0.5171967
2018-12-03,QQQ,1,0,1,0.5507426058216399,0.6455197988577523,0.57570887
2018-12-04,QQQ,1,1,1,0.5400200791252401,0.5526496117584813,0.508843
2018-12-06,QQQ,1,0,1,0.5250654292736391,0.5316845687800625,0.5171924
2018-12-07,QQQ,1,1,1,0.5029833025562677,0.45680182048908896,0.4985475
2018-12-10,QQQ,1,0,1,0.5200033488965681,0.5335983271429336,0.5124781
2018-12-11,QQQ,1,0,1,0.48734964878464226,0.5522163970753332,0.5222635
2018-12-12,QQQ,1,0,1,0.5190250565036733,0.5666285478317417,0.55053264
2018-12-13,QQQ,1,0,1,0.5035855261474895,0.49673382096463103,0.5126216
2018-12-14,QQQ,1,0,1,0.5051099920410806,0.5110871755524516,0.5095883
2018-12-17,QQQ,1,0,1,0.49479154961177724,0.5406621422258805,0.5095157
2018-12-18,QQQ,1,0,1,0.5059124781153641,0.5263056625698065,0.53518754
2018-12-19,QQQ,1,0,1,0.47629613765331497,0.46624824454395913,0.49792323
2018-12-20,QQQ,1,0,1,0.4750690763997169,0.4663490288961712,0.49809292
2018-12-21,QQQ,1,0,1,0.4773119117587081,0.6194383798365088,0.54250604
2018-12-24,QQQ,1,1,1,0.4725094822928031,0.6181504290043268,0.5107817
2018-12-26,QQQ,1,1,1,0.5813161568616366,0.5412019729354364,0.5334243
2018-12-27,QQQ,1,0,1,0.5623638447103274,0.6179719276315061,0.5892245
2018-12-28,QQQ,1,0,1,0.5687058277002229,0.520804334752639,0.522944
2018-12-31,QQQ,1,1,1,0.5860018796028735,0.5511938594644338,0.5589856
2019-01-02,QQQ,1,0,1,0.5688551630487002,0.5430033774072357,0.45292237
2019-01-03,QQQ,1,1,1,0.4846942020431511,0.5121392061108553,0.4875257
2019-01-04,QQQ,1,1,1,0.5537975939477741,0.5756197470341543,0.6524534
2019-01-07,QQQ,1,0,1,0.534233446001096,0.5651323698769868,0.73577434
2019-01-08,QQQ,1,1,1,0.5334792264238398,0.5019852832520244,0.592775
2019-01-09,QQQ,1,1,1,0.53212692202375,0.4894723924515979,0.59183854
2019-01-10,QQQ,1,1,1,0.5300136041654135,0.45191521246561717,0.25569314
2019-01-11,QQQ,1,0,1,0.4827731337854693,0.5265884380540629,0.45848808
2019-01-14,QQQ,1,1,1,0.47255106005799913,0.5231443893765214,0.5025762
2019-01-15,QQQ,1,0,1,0.49781981051972574,0.5462618962218833,0.52972907
2019-01-16,QQQ,1,1,1,0.48317187066445433,0.449883786268582,0.4323757
2019-01-17,QQQ,1,1,1,0.4901687708143194,0.5077091106950661,0.52892953
2019-01-18,QQQ,1,0,1,0.5020701822134666,0.5347650453932319,0.6099586
2019-01-22,QQQ,1,0,1,0.49257185172006274,0.42896874841387633,0.34537643
2019-01-23,QQQ,1,1,1,0.49390723462113567,0.5118253477754658,0.460136
2019-01-24,QQQ,1,1,1,0.5051940602574093,0.5225782502985479,0.46893218
2019-01-25,QQQ,1,1,1,0.5200873124052868,0.5206485638223799,0.57466626
2019-01-28,QQQ,1,0,1,0.49609639368913255,0.5112273971501764,0.4184958
2019-01-29,QQQ,1,1,1,0.5026050273423107,0.499481339996152,0.53015316
2019-01-30,QQQ,1,1,1,0.5398721084698079,0.5787805497467723,0.57134044
2019-01-31,QQQ,1,1,1,0.5347468294281444,0.5494588132309866,0.39619341
2019-02-01,QQQ,1,1,1,0.5233941450355195,0.5116685229753871,0.5924796
2019-02-04,QQQ,0,1,1,0.5458975597312934,0.630707778250582,0.6858783
2019-02-05,QQQ,0,0,1,0.5478856413503931,0.6466511828243874,0.71606636
2019-02-06,QQQ,0,0,1,0.5230773084948049,0.5826682033832927,0.5915448
2019-02-07,QQQ,0,1,1,0.5117747078042549,0.4523643729081227,0.36215863
2019-02-08,QQQ,0,0,1,0.5198128090994568,0.5291462582838949,0.6266121
2019-02-11,QQQ,0,1,1,0.505456912841249,0.5077499583346515,0.5521777
2019-02-12,QQQ,0,0,1,0.5213313478856741,0.523974645838717,0.4803514
2019-02-13,QQQ,0,1,1,0.5153052653812813,0.5691848397547603,0.659409
2019-02-14,QQQ,0,0,1,0.5204958521221036,0.5408438621971775,0.59165925
2019-02-15,QQQ,0,1,1,0.5238602377894918,0.5923650781443041,0.7060476
2019-02-19,QQQ,0,0,1,0.5191666914176245,0.5308418746353782,0.5632693
2019-02-20,QQQ,0,0,1,0.513077595754435,0.5571302491112389,0.55439645
2019-02-21,QQQ,0,1,1,0.5086639040791341,0.5078250944550752,0.4568498
2019-02-22,QQQ,0,0,1,0.521092343991763,0.5055935081081596,0.46027896
2019-02-25,QQQ,0,1,1,0.5210113875368981,0.5758521990935254,0.4981134
2019-02-26,QQQ,0,1,1,0.5162184536469651,0.48028800413163064,0.41728115
2019-02-27,QQQ,0,1,1,0.5200394471088954,0.5117456962660377,0.37990642
2019-02-28,QQQ,0,0,1,0.5242978204137129,0.5100463606265861,0.5069027
2019-03-01,QQQ,0,0,1,0.5327266354287807,0.5476667209281719,0.5535188
2019-03-04,QQQ,0,0,1,0.5311687863587549,0.5427028281009382,0.64560074
2019-03-05,QQQ,0,0,1,0.5232992295723468,0.4528278978904626,0.4233059
2019-03-06,QQQ,0,0,1,0.5232074310330046,0.45775007933296735,0.47098413
2019-03-07,QQQ,0,1,1,0.5265165563242239,0.5698725729959886,0.64407694
2019-03-08,QQQ,0,1,1,0.5287284381330266,0.5510001211887703,0.5428991
2019-03-11,QQQ,0,1,1,0.5505424237503631,0.573284208678158,0.61178416
2019-03-12,QQQ,0,1,1,0.5449561177511267,0.5810080570756613,0.6071017
2019-03-13,QQQ,0,0,1,0.5559072171168035,0.6120588830683839,0.73667926
2019-03-14,QQQ,0,1,1,0.5434986457868619,0.5404588334019631,0.5422969
2019-03-15,QQQ,0,1,1,0.5588857322745474,0.6178729625413265,0.6469131
2019-03-18,QQQ,0,0,1,0.5348587148179109,0.555254451942324,0.65118974
2019-03-19,QQQ,0,1,1,0.5354135931410888,0.5742741916874181,0.7400316
2019-03-20,QQQ,0,1,1,0.537278216316607,0.4855391986331958,0.42399836
2019-03-21,QQQ,0,0,1,0.5483705801253337,0.6085941093381018,0.5835169
2019-03-22,QQQ,0,1,1,0.5301416802878711,0.5450564504335118,0.550997
2019-03-25,QQQ,0,0,1,0.5337917810668726,0.5465492053192786,0.5552565
2019-03-26,QQQ,0,0,1,0.53370471908438,0.5631269499096945,0.5303568
2019-03-27,QQQ,0,0,1,0.523893875910826,0.49530194240668407,0.41641605
2019-03-28,QQQ,0,0,1,0.5132579211157288,0.49169636449579723,0.40776774
2019-03-29,QQQ,0,1,1,0.5247215516319733,0.5103188127210158,0.5127791
2019-04-01,QQQ,0,1,1,0.5351172637821046,0.5884486910682627,0.6219324
2019-04-02,QQQ,0,1,1,0.5261362994530725,0.5663071783692559,0.5556522
2019-04-03,QQQ,0,0,1,0.5319492275617352,0.598119170704323,0.6824563
2019-04-04,QQQ,0,1,1,0.5309923858412131,0.5928235978168737,0.7261051
2019-04-05,QQQ,0,1,1,0.5322806747359697,0.5858752888469105,0.666691
2019-04-08,QQQ,0,0,1,0.5209043938301108,0.45786886720746395,0.41402382
2019-04-09,QQQ,0,1,1,0.5179622723493967,0.547786245883099,0.54733443
2019-04-10,QQQ,0,0,1,0.5217870039374555,0.5379139014260657,0.57229036
2019-04-11,QQQ,0,0,1,0.517261042804641,0.49862953941267185,0.3906997
2019-04-12,QQQ,0,1,1,0.5212053317007536,0.5407693401149298,0.47113195
2019-04-15,QQQ,0,0,1,0.5169654635181039,0.5100530153283706,0.41339993
2019-04-16,QQQ,0,0,1,0.522946244296944,0.5200935431066269,0.56958836
2019-04-17,QQQ,0,0,1,0.5217050578749547,0.5653381511769793,0.60679924
2019-04-18,QQQ,0,1,1,0.5210837232695351,0.5105562112354578,0.6718184
2019-04-22,QQQ,0,1,1,0.5239955311315005,0.5256724151203133,0.57563114
2019-04-23,QQQ,0,0,1,0.5480795221208729,0.5601321820537737,0.62009794
2019-04-24,QQQ,0,0,1,0.5328813865580865,0.5853088156201584,0.5903589
2019-04-25,QQQ,0,1,1,0.5426375693151169,0.6569378199718169,0.7326377
2019-04-26,QQQ,0,1,1,0.5390731155327916,0.6006459665646745,0.5997537
2019-04-29,QQQ,0,1,1,0.536152174390348,0.5841766883737342,0.69421357
2019-04-30,QQQ,0,0,1,0.5270454401664951,0.6070821465828877,0.76589614
2019-05-01,QQQ,0,0,1,0.5322655787289478,0.5610898994358217,0.643772
2019-05-02,QQQ,0,1,1,0.5302051131242758,0.512917599198566,0.5271
2019-05-03,QQQ,0,1,1,0.5455631104756581,0.5700582129339672,0.5827226
2019-05-06,QQQ,0,0,1,0.5338975002133759,0.5661206292331813,0.58204335
2019-05-07,QQQ,0,1,1,0.5308084808251484,0.5771671280175442,0.5785487
2019-05-08,QQQ,0,1,1,0.5342342254192446,0.5785459034853729,0.6596531
2019-05-09,QQQ,0,1,1,0.5379543824447064,0.5631390067455427,0.5459164
2019-05-10,QQQ,0,0,1,0.5251443749670055,0.5486428835864859,0.6405269
2019-05-13,QQQ,0,1,1,0.5004826315136252,0.43720759821493727,0.3799075
2019-05-14,QQQ,0,1,1,0.538898880916104,0.5303107312952378,0.5488045
2019-05-15,QQQ,0,1,1,0.5481299347982391,0.5309825295790661,0.5461058
2019-05-16,QQQ,0,0,1,0.5516317393558228,0.5566921471278402,0.6123656
2019-05-17,QQQ,0,0,1,0.5371080303281421,0.5116006767176088,0.52600205
2019-05-20,QQQ,1,1,1,0.5322513531306348,0.5211963884846954,0.5727184
2019-05-21,QQQ,1,1,1,0.5419142808285102,0.5622099196972655,0.49725038
2019-05-22,QQQ,1,0,1,0.5182283258758894,0.6285735053068444,0.64377844
2019-05-23,QQQ,1,0,1,0.5031558109784154,0.5069627563949507,0.4124847
2019-05-24,QQQ,1,0,1,0.5114482562294089,0.6066115765782966,0.7463496
2019-05-28,QQQ,1,0,1,0.5128566688245016,0.5931882186908473,0.72031593
2019-05-29,QQQ,1,1,1,0.49991472631136924,0.5100323732644916,0.47070506
2019-05-30,QQQ,1,0,1,0.5097613415938794,0.6364708712035128,0.6192838
2019-05-31,QQQ,1,0,1,0.5045417500826931,0.4700415383795843,0.4996676
2019-06-03,QQQ,1,1,1,0.5029493383456966,0.47151290780881433,0.47456905
2019-06-04,QQQ,1,0,1,0.5467576485805842,0.435738268557285,0.31452572
2019-06-05,QQQ,1,1,1,0.5401530017193255,0.4915131871555491,0.55284953
2019-06-06,QQQ,1,1,1,0.538880977057588,0.5278731330313683,0.6924808
2019-06-07,QQQ,1,1,1,0.5601005929944357,0.5213751367163066,0.5189892
2019-06-10,QQQ,1,0,1,0.5520436668994847,0.5854147229785489,0.6594295
2019-06-11,QQQ,1,0,1,0.535594347969685,0.5730463150635149,0.7487659
2019-06-12,QQQ,1,1,1,0.5263589591506906,0.5231113558176693,0.43058205
2019-06-13,QQQ,1,1,1,0.5292856085467982,0.5533717045340868,0.6490723
2019-06-14,QQQ,1,1,1,0.5068086185446375,0.5013140404239006,0.33785728
2019-06-17,QQQ,1,1,1,0.5060696044282258,0.5056939577678741,0.56445014
2019-06-18,QQQ,1,1,1,0.5288725907530922,0.5749446575616416,0.5601326
2019-06-19,QQQ,1,0,1,0.5199248923580977,0.5515130707606042,0.6025006
2019-06-20,QQQ,1,0,1,0.525981984972339,0.6361126715210075,0.7400241
2019-06-21,QQQ,0,0,1,0.5233585652219725,0.4605864267033423,0.2781101
2019-06-24,QQQ,0,0,1,0.5176831993770895,0.5281342199675058,0.48693678
2019-06-25,QQQ,1,0,1,0.502797532694707,0.4496535414391415,0.4555445
2019-06-26,QQQ,1,1,1,0.5146951141734164,0.5605076998980981,0.6389957
2019-06-27,QQQ,1,0,1,0.5084708393775502,0.5483910267060027,0.5676195
2019-06-28,QQQ,0,0,1,0.5135990741899282,0.5176757354997424,0.5416105
2019-07-01,QQQ,0,1,1,0.5379104841311552,0.5712001016169882,0.51946586
2019-07-02,QQQ,0,1,1,0.5302119827856716,0.5497736182082501,0.61422634
2019-07-03,QQQ,0,1,1,0.5327383762459125,0.5803142408010626,0.63254416
2019-07-05,QQQ,0,0,1,0.529575129897951,0.5798562020436683,0.70810616
2019-07-08,QQQ,0,1,1,0.5285108227410087,0.491896833355945,0.43954244
2019-07-09,QQQ,0,1,1,0.5267740889249609,0.4874304721309248,0.46743545
2019-07-10,QQQ,0,0,1,0.5358576447472504,0.5606049689459095,0.5083798
2019-07-11,QQQ,0,1,1,0.5235086938067463,0.5066971207468862,0.4918958
2019-07-12,QQQ,0,1,1,0.5298191127953997,0.53440083511727,0.51577014
2019-07-15,QQQ,0,0,1,0.5289307690292978,0.5414528629500215,0.44851524
2019-07-16,QQQ,0,0,1,0.5252833317500489,0.539093314603572,0.5290602
2019-07-17,QQQ,0,1,1,0.5157812853878829,0.4202336283225845,0.45838657
2019-07-18,QQQ,0,0,1,0.526550028011286,0.4571055843973314,0.39224625
2019-07-19,QQQ,0,1,1,0.515399213093758,0.4884951881054283,0.5749616
2019-07-22,QQQ,0,1,1,0.5228312114291411,0.4804121818988112,0.4636298
2019-07-23,QQQ,0,1,1,0.5306928131449262,0.5492912744261229,0.48040932
2019-07-24,QQQ,0,0,1,0.5390240159599401,0.5308709469656843,0.4645938
2019-07-25,QQQ,0,1,1,0.5312299457900325,0.46021589785540207,0.42941377
2019-07-26,QQQ,0,0,1,0.5477215191268591,0.5705797607600511,0.53587884
2019-07-29,QQQ,0,1,1,0.5345362737646348,0.5035635696711622,0.6772781
2019-07-30,QQQ,0,0,1,0.5285394824504142,0.4637373960576372,0.37047738
2019-07-31,QQQ,0,0,1,0.5273619077973839,0.5564516283924551,0.7130826
2019-08-01,QQQ,0,0,1,0.5380194279494965,0.5913532137404088,0.6325197
2019-08-02,QQQ,0,0,1,0.508588316568526,0.48314268679314815,0.48903847
2019-08-05,QQQ,0,1,1,0.49472109441393247,0.5023092859858171,0.55503047
2019-08-06,QQQ,0,1,1,0.5327152300909557,0.5402080301802974,0.4475679
2019-08-07,QQQ,0,1,1,0.5384700314687678,0.518504085779068,0.50871783
2019-08-08,QQQ,1,0,1,0.5577728874292778,0.5841196487116036,0.66642624
2019-08-09,QQQ,1,0,1,0.5409975928176651,0.48463263667171663,0.43004715
2019-08-12,QQQ,1,1,1,0.5408165102735402,0.5655277133156978,0.54871595
2019-08-13,QQQ,1,0,1,0.562439734279488,0.5862171899972208,0.68543684
2019-08-14,QQQ,1,0,1,0.5291865538134258,0.42912727622476327,0.3143694
2019-08-15,QQQ,1,1,1,0.5226653827373339,0.46961400076720566,0.38590583
2019-08-16,QQQ,1,1,1,0.544785996308371,0.5262700430006616,0.5062005
2019-08-19,QQQ,1,0,1,0.5512941398370576,0.5250027812001,0.3783758
2019-08-20,QQQ,1,1,1,0.5150148982792412,0.5664586689859972,0.60415006
2019-08-21,QQQ,1,0,1,0.5294646688202984,0.5430951892417695,0.6232181
2019-08-22,QQQ,1,0,1,0.524387395126456,0.536765911458261,0.57085985
2019-08-23,QQQ,1,1,1,0.5047454756279642,0.44787657942960646,0.2766572
2019-08-26,QQQ,1,0,1,0.5201842639008015,0.562948034296007,0.46160153
2019-08-27,QQQ,1,1,1,0.5118189817438737,0.5547784479909262,0.56665856
2019-08-28,QQQ,1,1,1,0.5086161738749957,0.5441852821338895,0.5468471
2019-08-29,QQQ,1,0,1,0.525106571704882,0.5297425441068634,0.56330264
2019-08-30,QQQ,1,0,1,0.5155714917163523,0.49703265424345155,0.4377397
2019-09-03,QQQ,1,1,1,0.5096277087940175,0.49025043255848155,0.45565903
2019-09-04,QQQ,1,1,1,0.5306697818434715,0.49670798932913907,0.44973218
2019-09-05,QQQ,1,0,1,0.5418548710195112,0.5955133359368527,0.5172534
2019-09-06,QQQ,1,0,1,0.5145531279823957,0.5486723352582316,0.4487265
2019-09-09,QQQ,1,1,1,0.5190277122153459,0.5396330690281936,0.44548845
2019-09-10,QQQ,1,1,1,0.5235174460059638,0.5476118869549197,0.59222174
2019-09-11,QQQ,1,0,1,0.5242599161961258,0.5182860471273888,0.4603405
2019-09-12,QQQ,0,0,1,0.513068061447024,0.6053742915675061,0.6405835
2019-09-13,QQQ,1,1,1,0.509637467081114,0.5054946028250322,0.45156473
2019-09-16,QQQ,0,1,1,0.5076675680651094,0.4938742282927899,0.4978529
2019-09-17,QQQ,0,1,1,0.5172867121218385,0.4578556592662184,0.4242885
2019-09-18,QQQ,0,0,1,0.5101631652696946,0.4981431012589323,0.54169947
2019-09-19,QQQ,0,0,1,0.5065337524823126,0.4599861723586392,0.56625295
2019-09-20,QQQ,0,1,1,0.5037915107692544,0.4257308761270235,0.270611
2019-09-23,QQQ,0,0,1,0.5210561333670677,0.4962181477830801,0.5900012
2019-09-24,QQQ,0,1,1,0.5200701680308518,0.5017467105112274,0.4669792
2019-09-25,QQQ,0,0,1,0.5394000448312716,0.4775098265865424,0.40820724
2019-09-26,QQQ,0,0,1,0.5215819765609915,0.49995267542190275,0.49069473
2019-09-27,QQQ,0,1,1,0.5270636799534221,0.5625003590670862,0.60963774
2019-09-30,QQQ,0,0,1,0.5374013825716525,0.5208147078567348,0.5929576
2019-10-01,QQQ,0,0,1,0.5351429434011817,0.5951944850549878,0.6465216
2019-10-02,QQQ,0,1,1,0.5214533859812285,0.4950265568076484,0.42716378
2019-10-03,QQQ,0,1,1,0.5421391649198654,0.4930316577349176,0.3749217
2019-10-04,QQQ,0,0,1,0.5507496370749083,0.5136836385181405,0.5370268
2019-10-07,QQQ,0,0,1,0.5304601125853614,0.5613287874395655,0.5158012
2019-10-08,QQQ,0,1,1,0.5305278259714816,0.528130920936321,0.5130041
2019-10-09,QQQ,0,1,1,0.5469430512243869,0.5224341502895792,0.39526445
2019-10-10,QQQ,0,1,1,0.5403255359858287,0.516848317844943,0.43493915
2019-10-11,QQQ,0,1,1,0.5388028289803772,0.5684204757658642,0.59875554
2019-10-14,QQQ,0,1,1,0.5269165984077054,0.5488684265522593,0.5566986
2019-10-15,QQQ,0,1,1,0.5349756038001531,0.599929006423096,0.61986154
2019-10-16,QQQ,0,0,1,0.5249121322021618,0.5512784928984175,0.5512524
2019-10-17,QQQ,0,0,1,0.5245142450124922,0.5267506609848664,0.49995935
2019-10-18,QQQ,0,1,1,0.5146458448118177,0.5085543168869268,0.5355252
2019-10-21,QQQ,0,0,1,0.5251068267245319,0.5197454305503763,0.65118945
2019-10-22,QQQ,0,1,1,0.5088374880383916,0.47764295608054413,0.46047693
2019-10-23,QQQ,0,1,1,0.5146042782713127,0.5001474690241472,0.5561489
2019-10-24,QQQ,0,1,1,0.5226297476051747,0.5537827375154316,0.61890644
2019-10-25,QQQ,0,1,1,0.5292997784900916,0.5737935445784194,0.5529468
2019-10-28,QQQ,0,0,1,0.5266371546712626,0.6163912866356543,0.61184365
2019-10-29,QQQ,0,1,1,0.5231484191275948,0.5149851829952368,0.52062625
2019-10-30,QQQ,0,0,1,0.5373152382746763,0.5634275237071912,0.663652
2019-10-31,QQQ,0,1,1,0.5315675300819293,0.5369154419343882,0.6321507
2019-11-01,QQQ,0,0,1,0.5326587201491139,0.5833860340495343,0.6159384
2019-11-04,QQQ,0,0,1,0.5255772114530678,0.5518229498544179,0.5950418
2019-11-05,QQQ,0,0,1,0.5268907254340873,0.5169555630825002,0.50110394
2019-11-06,QQQ,0,0,1,0.5269098119439872,0.5606335986062833,0.68683815
2019-11-07,QQQ,0,1,1,0.530493828496407,0.5110060001983916,0.6202224
2019-11-08,QQQ,0,1,1,0.5233423964842285,0.5195964725317287,0.5743596
2019-11-11,QQQ,0,1,1,0.5143262922072513,0.4936399561922382,0.39881107
2019-11-12,QQQ,0,1,1,0.5207358785559691,0.5127125387829795,0.4135046
2019-11-13,QQQ,0,1,1,0.5216623955828045,0.5298291798484721,0.45949486
2019-11-14,QQQ,0,1,1,0.5205000587100159,0.5139181955792206,0.5112339
2019-11-15,QQQ,0,1,1,0.5307500116672419,0.5334624714870079,0.4359474
2019-11-18,QQQ,0,0,1,0.5280521416471647,0.5276564058821532,0.47827354
2019-11-19,QQQ,0,0,1,0.5299129004454999,0.6415163331146163,0.73661757
2019-11-20,QQQ,0,0,1,0.536076262324592,0.5738159935402775,0.6344121
2019-11-21,QQQ,0,0,1,0.5312493112925384,0.5290976864485984,0.6273482
2019-11-22,QQQ,0,1,1,0.5250661576651702,0.46644539949875413,0.45804316
2019-11-25,QQQ,0,1,1,0.5386253953110212,0.56888548246458,0.57961285
2019-11-26,QQQ,0,1,1,0.5343780661388801,0.6372102460748537,0.7289553
2019-11-27,QQQ,0,0,1,0.5411185306431162,0.5696118227933541,0.6028661
2019-11-29,QQQ,0,0,1,0.5349184778374565,0.6239091821631159,0.7165289
2019-12-02,QQQ,0,1,1,0.5412999205440244,0.5912915601184693,0.63758326
2019-12-03,QQQ,0,0,1,0.5306321336658992,0.6541405314546239,0.8241131
2019-12-04,QQQ,0,0,1,0.5325485933215524,0.5311172804096103,0.6044818
2019-12-05,QQQ,0,1,1,0.524388526372244,0.5173516152519245,0.5034457
2019-12-06,QQQ,0,0,1,0.5370985291041631,0.5365587425344274,0.533177
2019-12-09,QQQ,0,0,1,0.5302238616501606,0.4922207839006393,0.441894
2019-12-10,QQQ,0,1,1,0.5370757205051774,0.5347404327194341,0.5094498
2019-12-11,QQQ,0,1,1,0.5373858096567501,0.43293465298764033,0.3660035
2019-12-12,QQQ,0,1,1,0.5438180690558905,0.5192178181361078,0.57381403
2019-12-13,QQQ,0,1,1,0.533362972116043,0.4889344084789703,0.5421264
2019-12-16,QQQ,0,0,1,0.5363193485514116,0.5952727114934149,0.5334244
2019-12-17,QQQ,0,0,1,0.530555139835121,0.5765705445596763,0.68538254
2019-12-18,QQQ,0,1,1,0.5299186492801242,0.5430445753859091,0.42236856
2019-12-19,QQQ,0,0,1,0.5325039600081488,0.5918243090929237,0.5431139
2019-12-20,QQQ,0,0,1,0.5349879209596364,0.5930660962341795,0.60556793
2019-12-23,QQQ,0,0,1,0.5255987491347541,0.5782669375965382,0.65528995
2019-12-24,QQQ,0,1,1,0.5203078635748307,0.4803559193982121,0.36215314
2019-12-26,QQQ,0,0,1,0.5310464952129265,0.5690541477053124,0.7242866
2019-12-27,QQQ,0,0,1,0.5241074782702724,0.5763073660571568,0.5365719
2019-12-30,QQQ,0,1,1,0.5235817520709244,0.5256553050912144,0.50869495
2019-12-31,QQQ,0,1,1,0.5298738460882415,0.5350476710138913,0.54824406
2020-01-02,QQQ,0,1,1,0.550963931514538,0.5490583949005189,0.5360088
2020-01-03,QQQ,0,1,1,0.5310235714781556,0.5307007920146968,0.53467935
2020-01-06,QQQ,0,0,1,0.5410749559485925,0.5361074027443432,0.54375213
2020-01-07,QQQ,0,1,1,0.5405331646543872,0.52546754733118,0.52523315
2020-01-08,QQQ,0,1,1,0.5483305077980765,0.5483087726780376,0.55121833
2020-01-09,QQQ,0,0,1,0.5368076751707356,0.5469681740057537,0.5464487
2020-01-10,QQQ,0,1,1,0.5314616846641026,0.5239243604909202,0.52637553
2020-01-13,QQQ,0,0,1,0.5400984784073467,0.5411644693379072,0.5396345
2020-01-14,QQQ,0,0,1,0.5350633253342045,0.537455643798049,0.537343
2020-01-15,QQQ,0,1,1,0.5348961887214485,0.5344133282665837,0.52607363
2020-01-16,QQQ,0,1,1,0.5353166820962553,0.5398406087269844,0.53842187
2020-01-17,QQQ,0,1,1,0.5367234715326502,0.5457445533624019,0.5551935
2020-01-21,QQQ,0,0,1,0.5249087973117202,0.5198332407197606,0.5111459
2020-01-22,QQQ,0,1,1,0.5281201789006907,0.514639283154013,0.49428678
2020-01-23,QQQ,0,0,1,0.5314354195597034,0.5267569957137492,0.51820236
2020-01-24,QQQ,0,1,1,0.5256023332920787,0.5122533584615845,0.51822895
2020-01-27,QQQ,0,1,1,0.5188035359055698,0.5227293640409908,0.5232684
2020-01-28,QQQ,0,0,1,0.541904082010576,0.5260078981900633,0.51828784
2020-01-29,QQQ,0,1,1,0.5344209357641786,0.524184801203613,0.5339136
2020-01-30,QQQ,0,0,1,0.5367285032033713,0.5301692650066199,0.52349937
2020-01-31,QQQ,0,1,1,0.5310821052983791,0.5290739014763699,0.5373704
2020-02-03,QQQ,0,1,1,0.5533064202540059,0.5305589984983796,0.53503275
2020-02-04,QQQ,0,0,1,0.553620793530977,0.5758151418734316,0.566442
2020-02-05,QQQ,0,1,1,0.5452840006503475,0.543993345058042,0.5399211
2020-02-06,QQQ,0,1,1,0.5453836297461406,0.56707188931834,0.5600705
2020-02-07,QQQ,0,1,1,0.5412302549188337,0.5276568828653768,0.5263423
2020-02-10,QQQ,0,0,1,0.5440103967760788,0.5589183096400933,0.560312
2020-02-11,QQQ,0,1,1,0.5207032103610506,0.5204078084477292,0.5096416
2020-02-12,QQQ,0,1,1,0.5270590318421868,0.5485093850400659,0.5505903
2020-02-13,QQQ,0,1,1,0.517776155131974,0.5235159930655927,0.5220691
2020-02-14,QQQ,0,1,1,0.5218337398459733,0.517139468342847,0.50578696
2020-02-18,QQQ,0,1,1,0.5120346084439079,0.5185958594454292,0.5204626
2020-02-19,QQQ,0,0,1,0.5204538239078266,0.5338485478549925,0.53981566
2020-02-20,QQQ,0,0,1,0.5110476952813122,0.5270474940337114,0.5297068
2020-02-21,QQQ,0,0,1,0.5134943120180744,0.5207919160208802,0.52405834
2020-02-24,QQQ,1,0,1,0.5039118053357045,0.5265079165283811,0.5257588
2020-02-25,QQQ,1,0,1,0.5041450445240072,0.542992462576516,0.522251
2020-02-26,QQQ,1,0,1,0.508728709891099,0.5359729582971826,0.5244968
2020-02-27,QQQ,1,1,1,0.47065610024947285,0.5640323787881176,0.523895
2020-02-28,QQQ,1,1,1,0.5121647717719156,0.5357054132985087,0.5236094
2020-03-02,QQQ,1,0,1,0.5813797761706212,0.5305779404314398,0.5234802
2020-03-03,QQQ,1,1,1,0.5435156998689157,0.5195037312415917,0.5225817
2020-03-04,QQQ,1,0,1,0.5872190788301507,0.5491950921556012,0.52906245
2020-03-05,QQQ,1,1,1,0.5599296841418901,0.5186251377978336,0.5204839
2020-03-06,QQQ,1,1,1,0.5676044679896516,0.5334389157604489,0.53706485
2020-03-09,QQQ,1,1,1,0.48614540474463874,0.575800181386311,0.5391833
2020-03-10,QQQ,1,0,1,0.5902856852396899,0.5184804909268435,0.5215999
2020-03-11,QQQ,1,0,1,0.4866651529334244,0.5342335680882269,0.5040264
2020-03-12,QQQ,1,1,1,0.4618972960069823,0.5726438049140752,0.5350557
2020-03-13,QQQ,1,0,1,0.6015008307402843,0.5194612154709881,0.5036631
2020-03-16,QQQ,1,1,1,0.5019078711393142,0.548707370687487,0.49876744
2020-03-17,QQQ,1,1,1,0.5883544778067806,0.533827580894225,0.50992507
2020-03-18,QQQ,1,1,1,0.5389526834821684,0.5365876156237527,0.5292652
2020-03-19,QQQ,1,0,1,0.5900933205105519,0.5379278132145117,0.55453366
2020-03-20,QQQ,1,0,1,0.4810614922184702,0.5376615459541912,0.5310445
2020-03-23,QQQ,1,1,1,0.5196259203209828,0.5300693849360264,0.52733684
2020-03-24,QQQ,1,0,1,0.5172966914042488,0.5335969822404902,0.52764124
2020-03-25,QQQ,1,1,1,0.477659327646454,0.5091608110257049,0.5178086
2020-03-26,QQQ,1,0,1,0.5240112121080519,0.585992520858872,0.5697495
2020-03-27,QQQ,1,1,1,0.4915194302643442,0.5290058892567966,0.5280537
2020-03-30,QQQ,1,0,1,0.5336843532506259,0.5672384820397985,0.55748624
2020-03-31,QQQ,1,0,1,0.452633369286454,0.5139770688552353,0.5230071
2020-04-01,QQQ,1,1,1,0.45803954800235125,0.5021340717138766,0.51060224
2020-04-02,QQQ,1,0,1,0.41126835398564543,0.5025252483117645,0.50356275
2020-04-03,QQQ,1,1,1,0.423187860057676,0.5008151939078537,0.50518227
2020-04-06,QQQ,1,0,1,0.43824716971995836,0.4825435496133254,0.49714482
2020-04-07,QQQ,1,1,1,0.44642792463722497,0.4763398785106889,0.47100845
2020-04-08,QQQ,1,0,1,0.4597913180879154,0.5312191167865575,0.5295111
2020-04-09,QQQ,1,1,1,0.47850144818687235,0.48339109249370654,0.46933383
2020-04-13,QQQ,1,1,1,0.4843551012032983,0.5004792916793604,0.51809186
2020-04-14,QQQ,1,1,1,0.47306709522303314,0.5355265944214426,0.5292373
2020-04-15,QQQ,1,1,1,0.4870912013503618,0.47949609675276944,0.4649631
2020-04-16,QQQ,1,0,1,0.4865648613351564,0.5246951185577751,0.5143773
2020-04-17,QQQ,1,0,1,0.491239888169248,0.5132940741639118,0.51581246
2020-04-20,QQQ,1,0,1,0.5039765221685536,0.4818364707263177,0.46752506
2020-04-21,QQQ,1,1,1,0.4727085341903422,0.48860550438376504,0.4902691
2020-04-22,QQQ,1,0,1,0.49355001516547964,0.4958668009114613,0.5125405
2020-04-23,QQQ,1,1,1,0.4853039121897688,0.4816828137106097,0.48116305
2020-04-24,QQQ,1,0,1,0.48509854607928843,0.522473197628403,0.5470727
2020-04-27,QQQ,1,0,1,0.504199927698427,0.5248250389828197,0.5469661
2020-04-28,QQQ,1,1,1,0.5120451754302615,0.5114122681509388,0.5126859
2020-04-29,QQQ,1,0,1,0.5031739454169608,0.5456005015302227,0.554924
2020-04-30,QQQ,1,0,1,0.5216902370379166,0.51383921512679,0.48808196
2020-05-01,QQQ,1,1,1,0.5174105872343745,0.48960722337282636,0.49816272
2020-05-04,QQQ,1,1,1,0.5170617876589116,0.5233165109626248,0.5507351
2020-05-05,QQQ,1,0,1,0.5362286506927304,0.5435303186789956,0.5415653
2020-05-06,QQQ,1,0,1,0.5066555247844836,0.5503313688810031,0.55482566
2020-05-07,QQQ,1,1,1,0.5119477280442858,0.5502712272251603,0.54775804
2020-05-08,QQQ,1,1,1,0.5035960404042179,0.5637274588187169,0.5461532
2020-05-11,QQQ,1,0,1,0.5016678191677127,0.5606818166439398,0.5468525
2020-05-12,QQQ,1,0,1,0.5184314525939185,0.5113840235266807,0.50841725
2020-05-13,QQQ,1,1,1,0.5191673915447836,0.523604507633106,0.50246376
2020-05-14,QQQ,1,1,1,0.5103441808685566,0.538044692060977,0.5496254
2020-05-15,QQQ,1,1,1,0.5016737307035866,0.5389512060327117,0.543523
2020-05-18,QQQ,1,0,1,0.5040433755423099,0.5558175112404652,0.5579548
2020-05-19,QQQ,1,1,1,0.5205225143926364,0.5321750456177988,0.52046436
2020-05-20,QQQ,1,0,1,0.5260526225414357,0.5745972308454214,0.5662967
2020-05-21,QQQ,1,1,1,0.5304040408198971,0.5187039176023404,0.4986754
2020-05-22,QQQ,1,0,1,0.5260140342428175,0.5286079891837506,0.52855605
2020-05-26,QQQ,1,1,1,0.5125813227698607,0.5287707984742972,0.5311625
2020-05-27,QQQ,1,1,1,0.5226174454684671,0.5418494050320798,0.53334886
2020-05-28,QQQ,1,1,1,0.503225651133381,0.5169883252596073,0.5169722
2020-05-29,QQQ,1,1,1,0.5136483440222096,0.5553636491792279,0.5507739
2020-06-01,QQQ,0,1,1,0.5218614052425545,0.5368501180997126,0.53125846
2020-06-02,QQQ,0,1,1,0.5247199308684994,0.5567700627368678,0.55444574
2020-06-03,QQQ,0,0,1,0.5245089284826294,0.5551345521987678,0.55556047
2020-06-04,QQQ,0,1,1,0.5294256772419098,0.5250375645354243,0.5231369
2020-06-05,QQQ,0,1,1,0.5266560364641976,0.5707525294684929,0.57270694
2020-06-08,QQQ,0,1,1,0.5269510618031149,0.5555101891038476,0.54750067
2020-06-09,QQQ,0,1,1,0.525918768583558,0.5512224416955792,0.547009
2020-06-10,QQQ,0,0,1,0.5363562093348527,0.5769989599788771,0.576442
2020-06-11,QQQ,1,0,1,0.5605039205858973,0.5224886673584074,0.50950927
2020-06-12,QQQ,1,1,1,0.5428461969452684,0.5155168220641916,0.49786222
2020-06-15,QQQ,1,0,1,0.5394652264314433,0.5068130558552084,0.49294525
2020-06-16,QQQ,1,0,1,0.5404287600136102,0.5416858881884442,0.55400455
2020-06-17,QQQ,1,1,1,0.5340941628364877,0.5232216061960507,0.5122881
2020-06-18,QQQ,1,0,1,0.5220008562028529,0.5343699510872159,0.50265795
2020-06-19,QQQ,1,1,1,0.5251414710327729,0.5389256727517855,0.52544636
2020-06-22,QQQ,1,1,1,0.5188001077883518,0.551753210634367,0.5527481
2020-06-23,QQQ,1,0,1,0.5088996759700964,0.5536270612809752,0.54438937
2020-06-24,QQQ,1,1,1,0.5203939070774618,0.4980624693421353,0.4951857
2020-06-25,QQQ,1,0,1,0.5205417046093386,0.5360255804550778,0.53307617
2020-06-26,QQQ,1,1,1,0.525216266816836,0.5193074783914678,0.5242165
2020-06-29,QQQ,1,1,1,0.5157612055009939,0.5171912633922201,0.50315
2020-06-30,QQQ,1,1,1,0.5178050084136656,0.5508844760290285,0.5599507
2020-07-01,QQQ,1,0,1,0.5286185324164053,0.5457171982050559,0.5445178
2020-07-02,QQQ,1,1,1,0.5279429337007329,0.5501942571494427,0.55161333
2020-07-06,QQQ,1,0,1,0.5266024434562179,0.5646973329541746,0.53114134
2020-07-07,QQQ,1,1,1,0.537413395021294,0.5311535631276065,0.5219415
2020-07-08,QQQ,1,1,1,0.5225642189498524,0.541007487363803,0.5219616
2020-07-09,QQQ,1,1,1,0.521200035879745,0.5277125988748564,0.51140934
2020-07-10,QQQ,0,0,1,0.5380984242604934,0.5306155031212382,0.5385674
2020-07-13,QQQ,1,1,1,0.5348717825283615,0.5260178426242701,0.52091455
2020-07-14,QQQ,1,0,1,0.5335980495056748,0.5394678479135219,0.5286184
2020-07-15,QQQ,1,1,1,0.5234749698404829,0.5347498892993359,0.5359523
2020-07-16,QQQ,1,0,1,0.5176479107347969,0.5308898242509646,0.54557127
2020-07-17,QQQ,1,1,1,0.5089389433824603,0.5286135563568576,0.5271228
2020-07-20,QQQ,1,0,1,0.5244949732800119,0.5400045444524951,0.54910344
2020-07-21,QQQ,1,1,1,0.5318918409469706,0.5266815623071526,0.5204583
2020-07-22,QQQ,1,0,1,0.5266116066992059,0.534457195540089,0.53591466
2020-07-23,QQQ,1,1,1,0.5464183179115483,0.5246276339325943,0.5233287
2020-07-24,QQQ,1,1,1,0.5392220690897728,0.5372635845271175,0.54182726
2020-07-27,QQQ,1,0,1,0.5152188108627683,0.5213470588272637,0.5147482
2020-07-28,QQQ,1,1,1,0.5249333138712445,0.523677392462427,0.52285546
2020-07-29,QQQ,1,1,1,0.5205098276607706,0.5318456747512557,0.5201131
2020-07-30,QQQ,1,0,1,0.5325252032804263,0.5361776166521903,0.53847325
2020-07-31,QQQ,1,1,1,0.539466336496434,0.5578782375219249,0.5589373
2020-08-03,QQQ,1,1,1,0.5294856442036756,0.5505073066490462,0.55303496
2020-08-04,QQQ,1,1,1,0.5319258424281335,0.5577707147185321,0.5514825
2020-08-05,QQQ,1,1,1,0.5282915528572413,0.5306509514433806,0.5194031
2020-08-06,QQQ,1,0,1,0.5267980486021597,0.5553215520428059,0.54685414
2020-08-07,QQQ,1,0,1,0.5284952021785575,0.5191117271962797,0.5125913
2020-08-10,QQQ,1,0,1,0.5197540693882822,0.5247669465875201,0.5302375
2020-08-11,QQQ,1,1,1,0.5220230484603174,0.5248426521278511,0.50659436
2020-08-12,QQQ,1,0,1,0.5217836435067983,0.5433307804376272,0.5410715
2020-08-13,QQQ,1,0,1,0.5186523582984026,0.5291388302498173,0.52761257
2020-08-14,QQQ,1,1,1,0.5252192198370392,0.5283799396817599,0.5370527
2020-08-17,QQQ,1,1,1,0.5275480713437494,0.5464897981317018,0.5482625
2020-08-18,QQQ,1,0,1,0.5339016565964315,0.5617104148749139,0.55129933
2020-08-19,QQQ,1,1,1,0.5196193806906836,0.5249243240885377,0.5325722
2020-08-20,QQQ,0,1,1,0.5252811251845243,0.5505150910749552,0.5507708
2020-08-21,QQQ,0,0,1,0.5336441019334216,0.5512745285413476,0.538881
2020-08-24,QQQ,0,1,1,0.5294614994911604,0.5463898730056878,0.54394734
2020-08-25,QQQ,0,1,1,0.5296280775951621,0.5474541727411669,0.5440575
2020-08-26,QQQ,0,0,1,0.5347674898273574,0.5606895633164295,0.5783616
2020-08-27,QQQ,0,1,1,0.5397379562763985,0.5346427363324887,0.5480599
2020-08-28,QQQ,0,1,1,0.53248638096686,0.548364337338694,0.5494492
2020-08-31,QQQ,0,1,1,0.5331312140290061,0.5485363628113656,0.5388244
2020-09-01,QQQ,0,0,1,0.5327535791118482,0.5347917854899388,0.5330165
2020-09-02,QQQ,0,0,1,0.525462127073163,0.5378236553353933,0.54785913
2020-09-03,QQQ,1,0,1,0.5589011831612317,0.5358357827354735,0.5199434
2020-09-04,QQQ,1,0,1,0.542594452979578,0.5333514583051749,0.52107745
2020-09-08,QQQ,1,1,1,0.5318515451195668,0.581188715598008,0.5439359
2020-09-09,QQQ,1,0,1,0.5116916741416514,0.5129233230569136,0.52619225
2020-09-10,QQQ,1,0,1,0.5055287156732264,0.5446567533831828,0.5424786
2020-09-11,QQQ,1,1,1,0.5213552553288535,0.5109275850284415,0.53766346
2020-09-14,QQQ,1,1,1,0.5287053689680046,0.520941444527526,0.5172174
2020-09-15,QQQ,1,0,1,0.5422559766626655,0.5331801257869528,0.5400298
2020-09-16,QQQ,1,1,1,0.5230617057374163,0.5104756306118093,0.5180202
2020-09-17,QQQ,1,0,1,0.531315888434702,0.5185650851499075,0.5207711
2020-09-18,QQQ,1,1,1,0.5310878957825187,0.5223995430487355,0.51990944
2020-09-21,QQQ,1,1,1,0.5076439344382131,0.5133543295453022,0.50161266
2020-09-22,QQQ,1,0,1,0.4983689312039602,0.5262848805573513,0.5290453
2020-09-23,QQQ,1,1,1,0.5162361753260568,0.5173529680941197,0.5180127
2020-09-24,QQQ,1,1,1,0.5163659819106604,0.5284497655898664,0.52810097
2020-09-25,QQQ,1,1,1,0.5249043344374975,0.5392026316335693,0.5387023
2020-09-28,QQQ,1,0,1,0.5289782143259201,0.5333261500836841,0.53346413
2020-09-29,QQQ,1,1,1,0.5193283407194187,0.515911298253411,0.5232378
2020-09-30,QQQ,1,1,1,0.5184239591945594,0.5406865817608963,0.53870827
2020-10-01,QQQ,1,0,1,0.5164631023389694,0.5487805027693672,0.54958975
2020-10-02,QQQ,1,1,1,0.5367913709481082,0.5269656509559012,0.5259828
2020-10-05,QQQ,1,0,1,0.5065079224774909,0.5403940221486648,0.55062956
2020-10-06,QQQ,1,1,1,0.5364207838895304,0.5162842918018091,0.51527333
2020-10-07,QQQ,1,0,1,0.5216248438701578,0.5337976792124731,0.54601717
2020-10-08,QQQ,1,1,1,0.5210236698030384,0.5452847694480797,0.5616667
2020-10-09,QQQ,1,1,1,0.5294941479491123,0.5553880145868871,0.5506379
2020-10-12,QQQ,1,0,1,0.520312261475822,0.5423032975812294,0.5291959
2020-10-13,QQQ,1,0,1,0.5351628649738492,0.5162548627758916,0.53802425
2020-10-14,QQQ,1,1,1,0.5345569761244842,0.5328533441915341,0.51861674
2020-10-15,QQQ,1,0,1,0.5350613007962435,0.5307544175120706,0.5183458
2020-10-16,QQQ,1,0,1,0.5268835701946861,0.529990275242474,0.5314379
2020-10-19,QQQ,1,0,1,0.49274205790834513,0.5029064310239749,0.49568933
2020-10-20,QQQ,1,0,1,0.48596115999673367,0.5169408529497765,0.5218748
2020-10-21,QQQ,1,0,1,0.5009306151787848,0.510637728718232,0.5164086
2020-10-22,QQQ,1,0,1,0.5062810135940623,0.5148485679498876,0.5152967
2020-10-23,QQQ,1,0,1,0.5102258280059415,0.518781711685688,0.5228693
2020-10-26,QQQ,1,1,1,0.5220414644843141,0.5213593354784324,0.5236667
2020-10-27,QQQ,1,0,1,0.5148895296280263,0.5299015735258,0.53289247
2020-10-28,QQQ,1,1,1,0.5372696847134274,0.5206219899416727,0.529977
2020-10-29,QQQ,1,0,1,0.519054267834963,0.5170886751144069,0.5147987
2020-10-30,QQQ,1,0,1,0.5352558727632332,0.5154731784901948,0.5176969
2020-11-02,QQQ,1,1,1,0.5314600980992178,0.5104068062901576,0.5165707
2020-11-03,QQQ,1,1,1,0.5293254954616454,0.5182733095168065,0.5147791
2020-11-04,QQQ,1,1,1,0.546936867747546,0.5244125608266366,0.5424826
2020-11-05,QQQ,1,1,1,0.5512092878323434,0.5764093064056889,0.5906375
2020-11-06,QQQ,1,0,1,0.5643856561537008,0.5583748738003766,0.53329086
2020-11-09,QQQ,1,0,1,0.5769629435091315,0.5240941089209957,0.5133
2020-11-10,QQQ,1,1,1,0.564083468777528,0.5341401186262703,0.5279615
2020-11-11,QQQ,1,0,1,0.5139482825590361,0.5331090985206424,0.5320774
2020-11-12,QQQ,1,1,1,0.5029910808184174,0.5180280421342018,0.5244963
2020-11-13,QQQ,1,1,1,0.5004979684517296,0.5375414603665691,0.5419833
2020-11-16,QQQ,1,0,1,0.5138000582829498,0.5466881202838377,0.54848903
2020-11-17,QQQ,1,0,1,0.522090859262805,0.5288546237288237,0.5368606
2020-11-18,QQQ,1,1,1,0.5038380083873611,0.5211338493157409,0.52582055
2020-11-19,QQQ,1,0,1,0.5021094735137906,0.5353913642809205,0.5476031
2020-11-20,QQQ,1,0,1,0.5021665815848937,0.5191232649789872,0.5254165
2020-11-23,QQQ,1,1,1,0.49489614926428577,0.5124183947816182,0.5268936
2020-11-24,QQQ,1,1,1,0.49888022582295666,0.5409442394685572,0.54504585
2020-11-25,QQQ,1,1,1,0.5172529443294913,0.5486429783261182,0.54996884
2020-11-27,QQQ,1,1,1,0.5144402772319534,0.5483968379794523,0.5488527
2020-11-30,QQQ,1,1,1,0.5261838837515501,0.5318669501526047,0.5295291
2020-12-01,QQQ,1,1,1,0.5254975999450793,0.5335052048469192,0.5409613
2020-12-02,QQQ,1,1,1,0.5237001749160124,0.5362200170084728,0.5306202
2020-12-03,QQQ,0,1,1,0.5250382210431899,0.5361353580403173,0.5359075
2020-12-04,QQQ,0,1,1,0.5198481491275414,0.538601802194004,0.5510314
2020-12-07,QQQ,0,1,1,0.519912875753052,0.5414549840092635,0.54717344
2020-12-08,QQQ,0,0,1,0.5158828111394482,0.527022796085847,0.5297676
2020-12-09,QQQ,0,1,1,0.5401619160522303,0.5246635978736219,0.52544516
2020-12-10,QQQ,0,1,1,0.5286260110079423,0.5264334278546648,0.5265617
2020-12-11,QQQ,0,1,1,0.5294812453107662,0.5114652287323185,0.5045509
2020-12-14,QQQ,0,1,1,0.5245643983388839,0.5345569859619953,0.5481698
2020-12-15,QQQ,0,1,1,0.5256772447341673,0.540191286051635,0.53426236
2020-12-16,QQQ,0,1,1,0.5312236397460919,0.5464807329076138,0.55025935
2020-12-17,QQQ,0,0,1,0.5327187042872147,0.5506121855246998,0.5497359
2020-12-18,QQQ,0,1,1,0.5393850860541993,0.5335276289907402,0.5235311
2020-12-21,QQQ,0,0,1,0.5373513231178392,0.5254652536792372,0.51567763
2020-12-22,QQQ,0,0,1,0.5280959613874409,0.5131210964728168,0.49745527
2020-12-23,QQQ,0,1,1,0.5277131260459025,0.506872292377468,0.50340533
2020-12-24,QQQ,0,1,1,0.5198368285820335,0.5218675842790594,0.5179294
2020-12-28,QQQ,0,0,1,0.5250166381894585,0.5229838333844948,0.52277875
2020-12-29,QQQ,0,0,1,0.5309833970146498,0.5188373022011067,0.5097146
2020-12-30,QQQ,0,1,1,0.5300532540498727,0.5131155523297638,0.5075475
2020-12-31,QQQ,0,0,1,0.5307825338311629,0.5127619909547086,0.50213027
2021-01-04,QQQ,0,1,1,0.5414250402304599,0.5265472283923134,0.5397688
2021-01-05,QQQ,0,1,1,0.5206241801248371,0.5181257366269058,0.52063763
2021-01-06,QQQ,0,1,1,0.5286751967567476,0.5356729893174219,0.5671002
2021-01-07,QQQ,0,1,1,0.5260055447211619,0.5523659004879972,0.5540085
2021-01-08,QQQ,0,0,1,0.5501007842467521,0.5868493616324375,0.6814428
2021-01-11,QQQ,0,0,1,0.5744547654451033,0.5274983044295118,0.4755783
2021-01-12,QQQ,0,1,1,0.5610190526140469,0.524402434238886,0.53170353
2021-01-13,QQQ,0,0,1,0.5649673734330543,0.536575504026288,0.52820057
2021-01-14,QQQ,0,0,1,0.5365034987568956,0.509911308856259,0.4869275
2021-01-15,QQQ,0,1,1,0.5135212199404655,0.5329388254945701,0.5407014
2021-01-19,QQQ,0,1,1,0.5200379084878596,0.527620450129957,0.51330775
2021-01-20,QQQ,0,1,1,0.5317620110069796,0.5615944672398658,0.56160253
2021-01-21,QQQ,0,1,1,0.54083456755387,0.5706445067001956,0.6007422
2021-01-22,QQQ,0,0,1,0.5520065615070836,0.5512772510684261,0.5993407
2021-01-25,QQQ,0,0,1,0.5487511488265788,0.5870218360304207,0.6183737
2021-01-26,QQQ,0,0,1,0.5439471066434772,0.5363084190748033,0.5595803
2021-01-27,QQQ,1,1,1,0.536032135305683,0.5424850065976788,0.57881516
2021-01-28,QQQ,1,0,1,0.5104152365476563,0.5417409703166723,0.53316396
2021-01-29,QQQ,1,1,1,0.5256728209040664,0.5386963469550714,0.52012634
2021-02-01,QQQ,1,1,1,0.508720335500899,0.507848579204924,0.450848
2021-02-02,QQQ,1,0,1,0.5298495939763668,0.559296475649988,0.53322697
2021-02-03,QQQ,1,1,1,0.5538748099282372,0.5366684168729413,0.5662187
2021-02-04,QQQ,1,1,1,0.5514698954926059,0.5710058134683978,0.607677
2021-02-05,QQQ,1,1,1,0.5559278181766388,0.543454708736463,0.5435875
2021-02-08,QQQ,1,1,1,0.5225855988385334,0.5595231395916305,0.5845943
2021-02-09,QQQ,1,0,1,0.516306406642725,0.5177984196167988,0.487906
2021-02-10,QQQ,1,1,1,0.5213501794951292,0.5283258041497231,0.5404673
2021-02-11,QQQ,1,1,1,0.5035379133192708,0.5316249123004868,0.56258094
2021-02-12,QQQ,1,0,1,0.5079244795268223,0.5484578127855296,0.57096946
2021-02-16,QQQ,1,1,1,0.5120595360546429,0.5287910646376119,0.5653974
2021-02-17,QQQ,0,1,1,0.512741165058022,0.5184427591664854,0.5230557
2021-02-18,QQQ,0,0,1,0.5114666988498346,0.5022006357901632,0.48648435
2021-02-19,QQQ,0,0,1,0.5005140159309709,0.5149839122888159,0.5076877
2021-02-22,QQQ,1,1,1,0.5111888135203855,0.5231638562722488,0.5190939
2021-02-23,QQQ,1,1,1,0.4929732052438577,0.5112374104802875,0.49475393
2021-02-24,QQQ,1,0,1,0.5014059519097568,0.524001043516809,0.48853123
2021-02-25,QQQ,1,0,1,0.5390228600558239,0.4890953195140212,0.3980868
2021-02-26,QQQ,1,1,1,0.521643050288294,0.5009502749482462,0.4334137
2021-03-01,QQQ,1,0,1,0.5588508950315189,0.4899327036638228,0.47173592
2021-03-02,QQQ,1,0,1,0.5821694671259593,0.5058840672299633,0.4902691
2021-03-03,QQQ,1,0,1,0.5667519325708734,0.5223522341459699,0.4854668
2021-03-04,QQQ,1,1,1,0.5721336832914558,0.49854780310345403,0.39883497
2021-03-05,QQQ,1,0,1,0.5523946497473445,0.5155493578295647,0.42380458
2021-03-08,QQQ,1,1,1,0.5169657404178151,0.5347464072153705,0.5654102
2021-03-09,QQQ,1,0,1,0.5230965687680819,0.5127083704039687,0.5339717
2021-03-10,QQQ,1,1,1,0.5633106651840273,0.5304968712893661,0.56040615
2021-03-11,QQQ,1,1,1,0.5642470280157279,0.531990634976085,0.5306999
2021-03-12,QQQ,1,1,1,0.5641847887007777,0.5374866665149861,0.5208658
2021-03-15,QQQ,1,0,1,0.558215295849264,0.5417544251639245,0.52291816
2021-03-16,QQQ,1,1,1,0.5058023319157454,0.5305422044676643,0.5116948
2021-03-17,QQQ,1,0,1,0.5066881496542102,0.5335912639281919,0.52179205
2021-03-18,QQQ,1,1,1,0.5078233723513784,0.5354154222183124,0.53131855
2021-03-19,QQQ,1,1,1,0.4936125592329047,0.5355263162533422,0.54361874
2021-03-22,QQQ,1,0,1,0.49360076815959825,0.5187330595230978,0.49910593
2021-03-23,QQQ,1,0,1,0.5014792648267773,0.5125804404738782,0.4924803
2021-03-24,QQQ,1,1,1,0.4970845748637848,0.5269721801961205,0.51008105
2021-03-25,QQQ,1,1,1,0.514097936725614,0.5155479988468877,0.50365883
2021-03-26,QQQ,1,1,1,0.5083660314079447,0.5161613253498597,0.48892525
2021-03-29,QQQ,1,1,1,0.4863051406417355,0.5072674962682443,0.48318854
2021-03-30,QQQ,1,1,1,0.4977295166018874,0.51041405195118,0.5067698
2021-03-31,QQQ,1,1,1,0.5135793480972438,0.5318845345350568,0.5086269
2021-04-01,QQQ,1,1,1,0.5300638858418238,0.5593418162359751,0.519681
2021-04-05,QQQ,1,1,1,0.5214995486393621,0.5689728935671038,0.57601863
2021-04-06,QQQ,1,1,1,0.5515527072454456,0.5649797545275554,0.55125225
2021-04-07,QQQ,1,1,1,0.5473613044434817,0.5590262843692098,0.5189923
2021-04-08,QQQ,1,1,1,0.5343961571736198,0.5837288243125814,0.5958182
2021-04-09,QQQ,0,1,1,0.5207581860663166,0.5671575182400169,0.5786354
2021-04-12,QQQ,0,1,1,0.5072974736596927,0.5223731283528734,0.47204268
2021-04-13,QQQ,0,0,1,0.5030931717540601,0.5572167802990619,0.6168623
2021-04-14,QQQ,1,1,1,0.5229208726557023,0.5194198464681423,0.5055522
2021-04-15,QQQ,1,0,1,0.5024582324741254,0.5303249078120558,0.46115354
2021-04-16,QQQ,0,0,1,0.5266804725680172,0.5269792130885185,0.48429856
2021-04-19,QQQ,0,0,1,0.5364403176156927,0.534798460214005,0.5384326
2021-04-20,QQQ,0,1,1,0.5190381939104898,0.5258034056861097,0.48087242
2021-04-21,QQQ,0,0,1,0.5237558491056151,0.5407741984091494,0.5511858
2021-04-22,QQQ,0,1,1,0.5265779843437239,0.5098721953801054,0.4470633
2021-04-23,QQQ,0,1,1,0.522681872978467,0.519392780630947,0.4772607
2021-04-26,QQQ,0,0,1,0.5360526228813012,0.5519310970106719,0.58524156
2021-04-27,QQQ,0,0,1,0.5499270565032949,0.5196458495817944,0.5187552
2021-04-28,QQQ,0,0,1,0.5446470716133036,0.5167780984499452,0.49622527
2021-04-29,QQQ,0,1,1,0.5449203354699986,0.517158362241228,0.52575576
2021-04-30,QQQ,0,0,1,0.5342890712141741,0.5320620314223665,0.5742512
2021-05-03,QQQ,0,0,1,0.5208720943358909,0.4989643989656781,0.47057652
2021-05-04,QQQ,0,0,1,0.5332094703575264,0.55110908369848,0.5591522
2021-05-05,QQQ,0,1,1,0.5244598880534581,0.53569280971002,0.5452479
2021-05-06,QQQ,0,0,1,0.5171481957038186,0.5394472289453687,0.5541753
2021-05-07,QQQ,0,0,1,0.5269282870352309,0.5453970598590968,0.5705614
2021-05-10,QQQ,0,1,1,0.5507061464645938,0.5298671156445723,0.5335417
2021-05-11,QQQ,0,0,1,0.5420497420325711,0.5184198093363075,0.5135468
2021-05-12,QQQ,0,0,1,0.558475813736172,0.5186950246363331,0.49479043
2021-05-13,QQQ,0,1,1,0.5270800742148105,0.5392699761284184,0.53686917
2021-05-14,QQQ,0,0,1,0.5216081334646363,0.5475409353698101,0.6123096
2021-05-17,QQQ,0,0,1,0.5543949731685893,0.5274230383881358,0.541833
2021-05-18,QQQ,0,1,1,0.5543331817592861,0.5206043078012863,0.5178731
2021-05-19,QQQ,0,1,1,0.553780848001565,0.528161422494247,0.50585467
2021-05-20,QQQ,1,0,1,0.5457153592121987,0.5503562761261024,0.57214195
2021-05-21,QQQ,0,1,1,0.5323123645317872,0.528169051064013,0.5285058
2021-05-24,QQQ,1,0,1,0.525703297863095,0.5427512230002219,0.5049629
2021-05-25,QQQ,1,1,1,0.5388053736676162,0.5254015765344543,0.53012437
2021-05-26,QQQ,1,0,1,0.5363368958600994,0.5184687209222423,0.51844376
2021-05-27,QQQ,1,0,1,0.517686551468914,0.5185064302507073,0.5132711
2021-05-28,QQQ,1,0,1,0.5167495380973008,0.514581779971084,0.48528302
2021-06-01,QQQ,1,1,1,0.49791362189114635,0.5042381352898135,0.47499245
2021-06-02,QQQ,0,0,1,0.5008265865412664,0.4987720945450213,0.48059803
2021-06-03,QQQ,0,1,1,0.5077614150209167,0.49958013016041464,0.48738605
2021-06-04,QQQ,1,1,1,0.5048223480093464,0.532470198769299,0.5161673
2021-06-07,QQQ,1,0,1,0.5111689789102386,0.5229002271913019,0.5370097
2021-06-08,QQQ,0,0,1,0.5272949612462051,0.5381157884949892,0.58976203
2021-06-09,QQQ,0,1,1,0.5277524609478573,0.5242641085390513,0.5222974
2021-06-10,QQQ,0,1,1,0.5419681702984803,0.5571981634282563,0.5591365
2021-06-11,QQQ,0,1,1,0.5278840753575968,0.5175995591340158,0.49907938
2021-06-14,QQQ,0,0,1,0.5240350409479249,0.5600205451836506,0.5598219
2021-06-15,QQQ,0,0,1,0.5407977876003166,0.5278910666718777,0.52384156
2021-06-16,QQQ,0,1,1,0.5429823807238856,0.526708405094483,0.5121949
2021-06-17,QQQ,0,0,1,0.529854493746959,0.5279373144333499,0.44726938
2021-06-18,QQQ,0,1,1,0.540502285403164,0.5311579317370624,0.54280114
2021-06-21,QQQ,0,1,1,0.5274939022185076,0.5228652887904868,0.4970813
2021-06-22,QQQ,0,1,1,0.5324586193226098,0.5522028041816729,0.56469065
2021-06-23,QQQ,0,1,1,0.5416385006595621,0.5354885805414796,0.54514045
2021-06-24,QQQ,0,0,1,0.5268000980090864,0.5488480155953865,0.5657969
2021-06-25,QQQ,0,1,1,0.5361019041328426,0.5299705912316699,0.5599199
2021-06-28,QQQ,0,1,1,0.5284525388549626,0.5669937366999016,0.6425585
2021-06-29,QQQ,0,0,1,0.5305354185761259,0.540443122047868,0.54648
2021-06-30,QQQ,0,1,1,0.5358661436591258,0.5301155167730373,0.5432193
2021-07-01,QQQ,0,1,1,0.5382842757678956,0.5294461895835154,0.5088815
2021-07-02,QQQ,0,1,1,0.5348745447061551,0.5525001025650992,0.5452873
2021-07-06,QQQ,0,0,1,0.5295662685503537,0.5363545245379467,0.50957376
2021-07-07,QQQ,0,1,1,0.5320924538777527,0.5322988977305666,0.49589786
2021-07-08,QQQ,0,1,1,0.5414533311749398,0.5443019925264664,0.5581338
2021-07-09,QQQ,0,0,1,0.5351539973316662,0.5508369073588094,0.5563275
2021-07-12,QQQ,0,1,1,0.5271156719290502,0.5466273007813595,0.56849074
2021-07-13,QQQ,0,0,1,0.524836349380857,0.5345118081063734,0.54061407
2021-07-14,QQQ,0,0,1,0.5281564464343111,0.5385239238018564,0.5611842
2021-07-15,QQQ,0,0,1,0.540424653189228,0.5221166629301479,0.5019305
2021-07-16,QQQ,0,1,1,0.531922310655552,0.5201277700153583,0.4616343
2021-07-19,QQQ,0,1,1,0.527408869734945,0.5324930538783975,0.5539352
2021-07-20,QQQ,0,1,1,0.5259366539644904,0.5264540833128237,0.5120941
2021-07-21,QQQ,0,1,1,0.5323349534483784,0.5317025776300482,0.5516431
2021-07-22,QQQ,0,1,1,0.5429151710094652,0.5400314588475842,0.5359519
2021-07-23,QQQ,0,1,1,0.547113479088378,0.5698668727787318,0.5831178
2021-07-26,QQQ,0,0,1,0.5576451580529164,0.5618528913271416,0.58961177
2021-07-27,QQQ,0,1,1,0.5564011603641477,0.5275851975910978,0.53945535
2021-07-28,QQQ,0,1,1,0.5401865917787424,0.5227792676564375,0.5275004
2021-07-29,QQQ,0,1,1,0.5388343045715912,0.5168753011719983,0.5117917
2021-07-30,QQQ,0,0,1,0.5275704777244311,0.487208916359248,0.42577064
2021-08-02,QQQ,0,1,1,0.5219395742126042,0.47272332688288826,0.379029
2021-08-03,QQQ,0,1,1,0.5246154556938077,0.5066508972027421,0.48735106
2021-08-04,QQQ,0,1,1,0.525162644300014,0.49198879181900407,0.42739385
2021-08-05,QQQ,0,0,1,0.5273284955614168,0.5131760874800433,0.50162673
2021-08-06,QQQ,0,1,1,0.5360442158140515,0.49894017597477613,0.4689091
2021-08-09,QQQ,0,0,1,0.5317292080285314,0.49696266092276886,0.44405475
2021-08-10,QQQ,0,0,1,0.5302019068990855,0.4883392915844386,0.4291655
2021-08-11,QQQ,0,1,1,0.5255968060655564,0.49657308920903753,0.5000101
2021-08-12,QQQ,0,1,1,0.5192091532335433,0.48572245931892266,0.44280082
2021-08-13,QQQ,0,1,1,0.5294728713489011,0.47772895599194526,0.4183741
2021-08-16,QQQ,0,0,1,0.5341832777729049,0.5116013490160181,0.48104528
2021-08-17,QQQ,0,0,1,0.5423258285785718,0.5326229356144068,0.5849099
2021-08-18,QQQ,0,1,1,0.5421371703212244,0.548048118463559,0.6077867
2021-08-19,QQQ,0,1,1,0.5280125587206822,0.5565370941704587,0.6156924
2021-08-20,QQQ,0,1,1,0.5258416430463155,0.5285309496014102,0.5527927
2021-08-23,QQQ,0,1,1,0.5308328623914895,0.5349434316697272,0.51718336
2021-08-24,QQQ,0,1,1,0.5514672490156168,0.528353076859679,0.5412884
2021-08-25,QQQ,0,0,1,0.5538522525882682,0.529428884452129,0.52782905
2021-08-26,QQQ,0,1,1,0.5569612102446856,0.5151188922823697,0.4871443
2021-08-27,QQQ,0,1,1,0.5411210629112752,0.5260726607099161,0.51489216
2021-08-30,QQQ,0,0,1,0.528753235305866,0.564706308923536,0.57775176
2021-08-31,QQQ,0,0,1,0.5348806014486192,0.5374521190900055,0.54327863
2021-09-01,QQQ,0,0,1,0.5336277975047682,0.5376368181505837,0.56461865
2021-09-02,QQQ,0,1,1,0.5371099727669849,0.5276943260495078,0.51699775
2021-09-03,QQQ,0,1,1,0.5279843550074664,0.5307079530942272,0.5077258
2021-09-07,QQQ,0,0,1,0.5137238663439011,0.5249893728551182,0.51062614
2021-09-08,QQQ,0,0,1,0.5215561347133072,0.5079593733443186,0.50715005
2021-09-09,QQQ,0,0,1,0.5220942481522715,0.4850578103348173,0.41500965
2021-09-10,QQQ,0,0,1,0.5244274861856992,0.510745689638221,0.47387013
2021-09-13,QQQ,0,0,1,0.5138323542186246,0.5063096880683563,0.5174376
2021-09-14,QQQ,0,1,1,0.5127929260731849,0.4929901406866178,0.4831519
2021-09-15,QQQ,0,1,1,0.522858854325982,0.5076212696393385,0.48470214
2021-09-16,QQQ,0,0,1,0.537357867661456,0.5150323894508503,0.49641973
2021-09-17,QQQ,0,0,1,0.5488295796617496,0.5372620929065263,0.5825316
2021-09-20,QQQ,0,0,1,0.5509922352142188,0.5204831345708125,0.53928137
2021-09-21,QQQ,0,1,1,0.5374301028393558,0.5234697402133409,0.50819457
2021-09-22,QQQ,0,1,1,0.5271334160556673,0.520102325280134,0.507891
2021-09-23,QQQ,0,1,1,0.5320975490121855,0.5419207029393973,0.58402354
2021-09-24,QQQ,0,1,1,0.550146709629205,0.5167883493267276,0.4867425
2021-09-27,QQQ,0,0,1,0.5581117914770491,0.5045711081632924,0.45687965
2021-09-28,QQQ,0,0,1,0.5680667296716116,0.49982675994706055,0.48127192
2021-09-29,QQQ,0,0,1,0.5356100992097445,0.528259843732195,0.535395
2021-09-30,QQQ,0,1,1,0.5198841443145723,0.5238949820110409,0.5381628
2021-10-01,QQQ,0,0,1,0.5183324212616803,0.5432027911674525,0.55175936
2021-10-04,QQQ,0,1,1,0.5306422010799628,0.5188513499895567,0.5491186
2021-10-05,QQQ,0,1,1,0.533264543262524,0.5375003798861576,0.60020554
2021-10-06,QQQ,0,1,1,0.5389370669405655,0.5480176362116479,0.56841874
2021-10-07,QQQ,0,0,1,0.5445483886938524,0.5567971671734272,0.6178888
2021-10-08,QQQ,0,0,1,0.547183805284009,0.5338683337434513,0.5250918
2021-10-11,QQQ,0,0,1,0.5514836476483022,0.5389265723017683,0.5927556
2021-10-12,QQQ,0,1,1,0.5295006667764586,0.526533853306667,0.52622694
2021-10-13,QQQ,0,1,1,0.5164659939957337,0.5434286104937298,0.56427324
2021-10-14,QQQ,0,1,1,0.5104397246101102,0.5388568715774326,0.517091
2021-10-15,QQQ,0,1,1,0.5257614398147674,0.5385080524195447,0.50830656
2021-10-18,QQQ,0,1,1,0.5363699545717878,0.5718854213653085,0.58863276
2021-10-19,QQQ,0,0,1,0.5362079916643175,0.5768870797023753,0.6084171
2021-10-20,QQQ,0,1,1,0.537220213894895,0.5353507041148781,0.5122498
2021-10-21,QQQ,0,0,1,0.510186978230219,0.546900478331024,0.56030416
2021-10-22,QQQ,0,1,1,0.5171744230854528,0.5217411120661336,0.5175863
2021-10-25,QQQ,0,0,1,0.503195668720716,0.540560360407604,0.5403933
2021-10-26,QQQ,0,1,1,0.5159806040556593,0.5405643118117055,0.51400244
2021-10-27,QQQ,0,1,1,0.5209606545675461,0.5378501427393326,0.51662564
2021-10-28,QQQ,0,1,1,0.5208840812344095,0.55920356363195,0.5784383
2021-10-29,QQQ,0,1,1,0.5252394770998855,0.5624487259658805,0.5860843
2021-11-01,QQQ,0,1,1,0.5352698804511498,0.5237383610768306,0.42844707
2021-11-02,QQQ,0,1,1,0.5349403949930356,0.5555166396197259,0.4974889
2021-11-03,QQQ,0,1,1,0.5309713898237527,0.5722100792112588,0.60044634
2021-11-04,QQQ,0,0,1,0.5230094438951124,0.5733406179102575,0.6415982
2021-11-05,QQQ,0,0,1,0.5339537424587921,0.5351796371922998,0.54771686
2021-11-08,QQQ,0,0,1,0.5480991880444527,0.5158959915518648,0.46561378
2021-11-09,QQQ,0,0,1,0.5487886281002683,0.5374395526705154,0.5466795
2021-11-10,QQQ,0,0,1,0.5423235645775963,0.5311569228566264,0.5288214
2021-11-11,QQQ,0,1,1,0.5205738311560536,0.5173182217286671,0.49071246
2021-11-12,QQQ,0,0,1,0.5240248717084419,0.5333532679546675,0.5008501
2021-11-15,QQQ,0,1,1,0.5324871883750362,0.5227925715559248,0.5149766
2021-11-16,QQQ,0,0,1,0.5383278201471378,0.549428353365858,0.566571
2021-11-17,QQQ,0,1,1,0.5453040788744612,0.5288458137148276,0.54837877
2021-11-18,QQQ,0,1,1,0.5367828913972098,0.5527681183775028,0.525753
2021-11-19,QQQ,0,0,1,0.5381735250981439,0.5651554282367138,0.59420353
2021-11-22,QQQ,0,0,1,0.549808210282115,0.5362753699655614,0.52377474
2021-11-23,QQQ,0,1,1,0.5381557868520163,0.5258034722751396,0.4772032
2021-11-24,QQQ,0,0,1,0.5403412894570309,0.5262570077090905,0.528651
2021-11-26,QQQ,0,1,1,0.5375611805985908,0.5402979886482006,0.59444046
2021-11-29,QQQ,0,0,1,0.5233172671734599,0.5459790039930121,0.57691354
2021-11-30,QQQ,0,0,1,0.5472703807080893,0.5332457448457286,0.6045767
2021-12-01,QQQ,0,1,1,0.5485498003716122,0.5440182689307623,0.59319127
2021-12-02,QQQ,0,0,1,0.5314395614944444,0.5390972519011712,0.58467215
2021-12-03,QQQ,0,1,1,0.5500016127938709,0.5126186142265762,0.4966383
2021-12-06,QQQ,0,1,1,0.5104192003808256,0.5389598252327676,0.5596041
2021-12-07,QQQ,1,1,1,0.5306287500932022,0.49625154085990525,0.4411469
2021-12-08,QQQ,1,0,1,0.5589418074947198,0.5524526433265593,0.5492687
2021-12-09,QQQ,1,1,1,0.5695148782476219,0.5211937928120637,0.51297116
2021-12-10,QQQ,1,0,1,0.5625966973916141,0.5360732912163115,0.50558645
2021-12-13,QQQ,1,1,1,0.5700928234112841,0.5232844139814848,0.5208589
2021-12-14,QQQ,1,1,1,0.51880569345932,0.5285800044598572,0.49568465
2021-12-15,QQQ,1,0,1,0.5096419120553893,0.541876381044193,0.5493867
2021-12-16,QQQ,1,1,1,0.5460592742535955,0.5253461138071374,0.4790243
2021-12-17,QQQ,1,1,1,0.5147448768578137,0.524905888304773,0.5079357
2021-12-20,QQQ,1,1,1,0.5246412638161637,0.5254936092061929,0.5494356
2021-12-21,QQQ,1,1,1,0.531191773122773,0.5312529290661357,0.56618303
2021-12-22,QQQ,1,1,1,0.5180613680831706,0.5134362905684188,0.5260831
2021-12-23,QQQ,1,1,1,0.5299550693685993,0.5634622787848605,0.5784416
2021-12-27,QQQ,1,0,1,0.5377302669316797,0.5615028138954306,0.5893969
2021-12-28,QQQ,1,0,1,0.5478282203961774,0.537715931810657,0.55229473
2021-12-29,QQQ,1,0,1,0.5282233824085392,0.5203807037219055,0.5207378
2021-12-30,QQQ,1,0,1,0.5275137254411305,0.5257924080513114,0.5149889
2021-12-31,QQQ,1,1,1,0.5197740589904989,0.5200818572123058,0.5227135
2022-01-03,QQQ,1,0,1,0.4998917109844124,0.5348535665822982,0.5258168
2022-01-04,QQQ,1,0,1,0.5152660030702646,0.5220779216370243,0.5485717
2022-01-05,QQQ,1,1,1,0.524512412671942,0.5288086026585745,0.52750325
2022-01-06,QQQ,1,0,1,0.5064392911812607,0.5288945815176925,0.53215146
2022-01-07,QQQ,1,1,1,0.518041342709569,0.5259439903272933,0.5105897
2022-01-10,QQQ,1,1,1,0.4922666184480536,0.5116915272321179,0.5002482
2022-01-11,QQQ,1,0,1,0.5142348729517268,0.526605827302629,0.51828873
2022-01-12,QQQ,1,0,1,0.5316332539103366,0.5296180679776704,0.54859346
2022-01-13,QQQ,1,1,1,0.5487450185214582,0.5290495810936559,0.51745343
2022-01-14,QQQ,1,0,1,0.5453823058502172,0.5331498604033266,0.53218424
2022-01-18,QQQ,1,0,1,0.5649615396313139,0.5238843558127388,0.50800854
2022-01-19,QQQ,1,0,1,0.532740360031586,0.5255258298951189,0.5029991
2022-01-20,QQQ,1,0,1,0.5170768656972086,0.5225083423633392,0.50716573
2022-01-21,QQQ,1,1,1,0.5266201739665826,0.5634860179364847,0.56523055
2022-01-24,QQQ,1,0,1,0.49457849188442454,0.5235610070844335,0.508701
2022-01-25,QQQ,1,0,1,0.5235787180989101,0.5515384455687297,0.55851066
2022-01-26,QQQ,1,0,1,0.5151461092658913,0.5456528963103282,0.56267077
2022-01-27,QQQ,1,1,1,0.5271291484148378,0.5398612294410673,0.53785795
2022-01-28,QQQ,1,1,1,0.533951934862733,0.5257878193651758,0.49687362
2022-01-31,QQQ,1,1,1,0.5433520141557919,0.5301687338622324,0.50205827
2022-02-01,QQQ,1,0,1,0.560291480957138,0.5620728038836471,0.5538943
2022-02-02,QQQ,1,0,1,0.5581013038809836,0.5452592430465117,0.5326717
2022-02-03,QQQ,1,1,1,0.613885358134875,0.5339317954200111,0.57339686
2022-02-04,QQQ,1,0,1,0.5503567925091567,0.5361273051812397,0.5573046
2022-02-07,QQQ,1,1,1,0.5289157358707355,0.5258726250587948,0.5579574
2022-02-08,QQQ,1,1,1,0.5119012725777777,0.5374725182627212,0.5241372
2022-02-09,QQQ,1,0,1,0.5047357997651775,0.5386482079702712,0.5331573
2022-02-10,QQQ,1,0,1,0.5306237456179678,0.5401811039018891,0.5695988
2022-02-11,QQQ,1,1,1,0.5323109330802995,0.5256339431177307,0.5069003
2022-02-14,QQQ,1,1,1,0.5147822811122635,0.5275214410630847,0.5243952
2022-02-15,QQQ,1,1,1,0.5103920182505776,0.5403739501676256,0.494602
2022-02-16,QQQ,1,0,1,0.5047675106263356,0.525488702179373,0.518639
2022-02-17,QQQ,1,0,1,0.5363568019894916,0.5221726873337661,0.5445386
2022-02-18,QQQ,1,0,1,0.5411271580622511,0.5216962321853039,0.5220687
2022-02-22,QQQ,1,0,1,0.532790029667418,0.5201239493535093,0.49341944
2022-02-23,QQQ,1,1,1,0.5017276180380398,0.5396484417058097,0.48130172
2022-02-24,QQQ,1,1,1,0.4933455534076152,0.48322218599153915,0.38745648
2022-02-25,QQQ,1,1,1,0.5397701980561552,0.5361084003718958,0.5257102
2022-02-28,QQQ,1,0,1,0.5506719254161175,0.5291766583353701,0.50846773
2022-03-01,QQQ,1,1,1,0.5633922685622031,0.5207851240131989,0.52014786
2022-03-02,QQQ,1,0,1,0.5465787955719118,0.5399816389956215,0.51804453
2022-03-03,QQQ,1,0,1,0.5269184198317098,0.5304113124307538,0.5493332
2022-03-04,QQQ,1,0,1,0.5205233668168016,0.526224997090394,0.5264588
2022-03-07,QQQ,1,0,1,0.5231348386735822,0.5574374764247257,0.56715685
2022-03-08,QQQ,1,1,1,0.5076173433017915,0.5450182706389487,0.52912205
2022-03-09,QQQ,1,1,1,0.4955461593340844,0.5074204146157766,0.49836385
2022-03-10,QQQ,1,0,1,0.5270357323371521,0.5327755653431167,0.5423192
2022-03-11,QQQ,1,0,1,0.5424374032530419,0.5353875769352857,0.55738586
2022-03-14,QQQ,1,1,1,0.557544349701707,0.5238057474827325,0.48825207
2022-03-15,QQQ,1,1,1,0.5425155632276153,0.5211161533314375,0.49538326
2022-03-16,QQQ,1,1,1,0.5074728095885386,0.5383552538533334,0.51352435
2022-03-17,QQQ,1,1,1,0.5371504726739583,0.5615625293239943,0.5660738
2022-03-18,QQQ,1,0,1,0.544476841417387,0.5645351509198169,0.5526831
2022-03-21,QQQ,1,1,1,0.5627759373820636,0.5423287697816523,0.52624816
2022-03-22,QQQ,1,0,1,0.5305335606447517,0.5327062057983877,0.56764346
2022-03-23,QQQ,1,1,1,0.5329713239025902,0.5362898740971128,0.5316342
2022-03-24,QQQ,1,0,1,0.507859838544291,0.524121581909733,0.59379816
2022-03-25,QQQ,1,1,1,0.5021436541866477,0.5110788642331838,0.526159
2022-03-28,QQQ,1,1,1,0.4968143544111264,0.4815064176977091,0.43594995
2022-03-29,QQQ,1,0,1,0.4883816819773671,0.5102670443104248,0.46485466
2022-03-30,QQQ,1,0,1,0.5104657206252395,0.48657911300668877,0.42330366
2022-03-31,QQQ,1,0,1,0.4986669381685762,0.5249112736453039,0.4860886
2022-04-01,QQQ,1,1,1,0.5018272760184591,0.5249185542638037,0.5123532
2022-04-04,QQQ,1,0,1,0.5076467105352812,0.48054538631893584,0.45785356
2022-04-05,QQQ,1,0,1,0.5129142421415942,0.5268867636594371,0.5218675
2022-04-06,QQQ,1,1,1,0.5103196123585184,0.5274117763486998,0.5092569
2022-04-07,QQQ,1,0,1,0.5214489451210909,0.522817499934697,0.4984813
2022-04-08,QQQ,1,0,1,0.5383779772028232,0.5189099813065116,0.52955854
2022-04-11,QQQ,1,0,1,0.5066170324218022,0.5118561237124081,0.504415
2022-04-12,QQQ,1,1,1,0.509055162983878,0.5114270791400994,0.50011975
2022-04-13,QQQ,1,0,1,0.5316116867983155,0.5308518626657012,0.52912515
2022-04-14,QQQ,1,1,1,0.5403908427382752,0.5202164851239072,0.5297709
2022-04-18,QQQ,1,1,1,0.5411541438939051,0.5173937042438778,0.52136385
2022-04-19,QQQ,1,0,1,0.5513022470604425,0.5331847802363222,0.5439578
2022-04-20,QQQ,1,0,1,0.5659406199274875,0.5206818497939134,0.50787276
2022-04-21,QQQ,1,0,1,0.5427406841796796,0.5194737102758584,0.5199622
2022-04-22,QQQ,1,1,1,0.5499197546006019,0.5457977785439281,0.54234743
2022-04-25,QQQ,1,0,1,0.529988668428722,0.5153975164121412,0.45609635
2022-04-26,QQQ,1,0,1,0.5120332365044247,0.5764478955475805,0.5684976
2022-04-27,QQQ,1,1,1,0.5015914916623272,0.5054251606704664,0.5115938
2022-04-28,QQQ,1,0,1,0.524443148176013,0.5320466380433007,0.5043173
2022-04-29,QQQ,1,1,1,0.5796523185422612,0.5437515395636735,0.5421544
2022-05-02,QQQ,1,1,1,0.5350947345040149,0.5307760059459823,0.5023411
2022-05-03,QQQ,1,1,1,0.5577928290543952,0.5334092175178582,0.5328174
2022-05-04,QQQ,1,0,1,0.5481278398137198,0.5532029941712392,0.55218446
2022-05-05,QQQ,1,0,1,0.5568049885891591,0.5355622726112675,0.52313244
2022-05-06,QQQ,1,0,1,0.5522204808621848,0.5312521537893917,0.5433719
2022-05-09,QQQ,1,0,1,0.5464612505717522,0.5722753838170185,0.57029086
2022-05-10,QQQ,1,0,1,0.5263501391075001,0.5119579435770312,0.5241201
2022-05-11,QQQ,1,1,1,0.47761606473838114,0.568656907610075,0.5702066
2022-05-12,QQQ,1,1,1,0.48460158106354817,0.5349128917605834,0.54982895
2022-05-13,QQQ,1,0,1,0.5104543032929754,0.521814051874387,0.5172428
2022-05-16,QQQ,1,1,1,0.5432637014557827,0.5239222067027193,0.5606698
2022-05-17,QQQ,1,0,1,0.5162649696035698,0.5390869450561866,0.56767195
2022-05-18,QQQ,1,1,1,0.575356010867636,0.5375234228569372,0.5692175
2022-05-19,QQQ,1,0,1,0.5551549646452418,0.5254069451584938,0.5632338
2022-05-20,QQQ,1,1,1,0.5076994662154871,0.5184429124688555,0.54022175
2022-05-23,QQQ,1,0,1,0.5113685349074549,0.526727405415026,0.55824655
2022-05-24,QQQ,1,1,1,0.4997255647516041,0.5174920926288556,0.54168683
2022-05-25,QQQ,1,1,1,0.4930086632690976,0.5319813036261546,0.5790423
2022-05-26,QQQ,1,1,1,0.4960959877182775,0.5453221587438588,0.5748816
2022-05-27,QQQ,1,0,1,0.5176726857939505,0.5531199446240214,0.57449377
2022-05-31,QQQ,1,0,1,0.5219904917654311,0.53231088687074,0.55447364
2022-06-01,QQQ,1,1,1,0.5252898143089519,0.5307211019099783,0.52528775
2022-06-02,QQQ,1,0,1,0.4979961355892467,0.5364327787534109,0.58796483
2022-06-03,QQQ,1,0,1,0.5341693965552288,0.5290568913377939,0.53442496
2022-06-06,QQQ,1,1,1,0.48532672731537885,0.5327155796454103,0.5200826
2022-06-07,QQQ,1,0,1,0.5043172957668293,0.5400527592540858,0.56392056
2022-06-08,QQQ,1,0,1,0.5155764158128857,0.5312457585223559,0.531279
2022-06-09,QQQ,1,0,1,0.4975196739531042,0.5230004331951928,0.53109646
2022-06-10,QQQ,1,0,1,0.510005378451008,0.5177808969289415,0.5478892
2022-06-13,QQQ,1,0,1,0.4968587366850796,0.6238943919859564,0.6136704
2022-06-14,QQQ,1,1,1,0.4666652538386729,0.5544817285542023,0.5481147
2022-06-15,QQQ,1,0,1,0.4763285278717919,0.5226923305673751,0.5130965
2022-06-16,QQQ,1,1,1,0.5370781894349582,0.5490910392912521,0.5554838
2022-06-17,QQQ,1,1,1,0.5412434735432197,0.5180134881262022,0.52493584
2022-06-21,QQQ,1,1,1,0.5650104224909822,0.5401859539877626,0.55540806
2022-06-22,QQQ,1,1,1,0.5687286942908459,0.5229850390566179,0.51402414
2022-06-23,QQQ,1,1,1,0.5484371375026089,0.5390284726307867,0.5405252
2022-06-24,QQQ,1,0,1,0.5351990005691654,0.5688671848330245,0.549667
2022-06-27,QQQ,1,0,1,0.553556435759239,0.5303383610158734,0.503763
2022-06-28,QQQ,1,1,1,0.5505163650801606,0.531766590730477,0.5484193
2022-06-29,QQQ,1,0,1,0.5350841293305283,0.5280479399679967,0.55349976
2022-06-30,QQQ,1,1,1,0.5201267947048757,0.5262497324095515,0.5366491
2022-07-01,QQQ,1,1,1,0.4596536965537938,0.5442990013845017,0.5579796
2022-07-05,QQQ,1,1,1,0.4761194615048125,0.5316931491045025,0.531902
2022-07-06,QQQ,1,1,1,0.4815490103762581,0.5403506776394085,0.5510129
2022-07-07,QQQ,1,1,1,0.47616988988742265,0.5383437680096803,0.530779
2022-07-08,QQQ,1,0,1,0.4830545931204285,0.5314237280022636,0.50507724
2022-07-11,QQQ,1,0,1,0.5138220003946593,0.5286932505634012,0.5292944
2022-07-12,QQQ,1,1,1,0.5021619516402457,0.5223755390231845,0.50641185
2022-07-13,QQQ,1,1,1,0.507548873506348,0.5281952879017869,0.53921944
2022-07-14,QQQ,1,1,1,0.4858039882427323,0.5242056462948576,0.51725733
2022-07-15,QQQ,1,0,1,0.48890713549639875,0.5376980264380231,0.53632617
2022-07-18,QQQ,1,1,1,0.5330729315086331,0.5282370385381878,0.5109744
2022-07-19,QQQ,1,1,1,0.5283994217334228,0.5449343438820778,0.5706232
2022-07-20,QQQ,1,1,1,0.5306523758448474,0.5491268316272772,0.5703769
2022-07-21,QQQ,1,0,1,0.5386119885822522,0.49620529192190593,0.50852615
2022-07-22,QQQ,1,0,1,0.551306780889916,0.5289959155303762,0.5291473
2022-07-25,QQQ,1,0,1,0.5475952882744813,0.539035552061359,0.54994816
2022-07-26,QQQ,1,1,1,0.523880252887688,0.5241018607726471,0.5301875
2022-07-27,QQQ,1,1,1,0.502238102409662,0.5275219694216752,0.55275095
2022-07-28,QQQ,1,1,1,0.5282891655642581,0.5145985700361124,0.5178622
2022-07-29,QQQ,1,1,1,0.538794083026682,0.49677905846354165,0.47262004
2022-08-01,QQQ,1,1,1,0.5590550949636176,0.47902218758461035,0.50903094
2022-08-02,QQQ,1,1,1,0.5549958785481764,0.5190632605922686,0.52936494
2022-08-03,QQQ,1,1,1,0.4982598574780542,0.44760144595298285,0.4507062
2022-08-04,QQQ,1,1,1,0.5138136794857902,0.4856558288697834,0.5024844
2022-08-05,QQQ,1,0,1,0.5059829217318333,0.48018380617497436,0.48070017
2022-08-08,QQQ,1,0,1,0.518295320036319,0.5080689402222336,0.5158195
2022-08-09,QQQ,1,1,1,0.5326968375802709,0.5273460141413857,0.5189359
2022-08-10,QQQ,1,0,1,0.49578344196555607,0.46475279343800524,0.48211625
2022-08-11,QQQ,1,1,1,0.5219812059272139,0.5101385349891957,0.5228254
2022-08-12,QQQ,1,1,1,0.5190759679916656,0.4728386338152821,0.5016649
2022-08-15,QQQ,1,1,1,0.5373483574613509,0.46933913636790625,0.5205974
2022-08-16,QQQ,1,0,1,0.5410299969866821,0.5136927123302031,0.51987594
2022-08-17,QQQ,1,1,1,0.5177560614368952,0.5271667963364998,0.51039934
2022-08-18,QQQ,1,0,1,0.5121740813329652,0.5271268525710897,0.51584613
2022-08-19,QQQ,1,0,1,0.5117714471469283,0.5341023009466288,0.5203953
2022-08-22,QQQ,1,0,1,0.5085899879203291,0.538221259043962,0.5599134
2022-08-23,QQQ,1,1,1,0.5113267359983499,0.5248202334493454,0.54073507
2022-08-24,QQQ,1,1,1,0.5242990097280311,0.5265949752247654,0.53113484
2022-08-25,QQQ,1,0,1,0.5277024786392887,0.5270586259805661,0.5320115
2022-08-26,QQQ,1,0,1,0.5550247881668544,0.4962673704785662,0.44894013
2022-08-29,QQQ,1,0,1,0.5517195009491208,0.5096008171025166,0.4757901
2022-08-30,QQQ,1,0,1,0.5485703015542405,0.5152465900532028,0.51124084
2022-08-31,QQQ,1,1,1,0.5381877117583975,0.5212213019680242,0.558185
2022-09-01,QQQ,1,0,1,0.5093882549190867,0.5181070808690794,0.5033129
2022-09-02,QQQ,1,0,1,0.5135201100684541,0.5298274002230589,0.50703615
2022-09-06,QQQ,1,1,1,0.5153047357909271,0.5362239343083718,0.5186922
2022-09-07,QQQ,1,1,1,0.5300969985781009,0.5391662072491223,0.53723085
2022-09-08,QQQ,1,1,1,0.5383055462165973,0.5341110295046569,0.53790075
2022-09-09,QQQ,1,1,1,0.5352560747159272,0.5300587302175956,0.5477182
2022-09-12,QQQ,1,0,1,0.5407906800613084,0.5409758302752565,0.5373709
2022-09-13,QQQ,1,1,1,0.5890714402940868,0.5199253489899873,0.46477765
2022-09-14,QQQ,1,0,1,0.5358833472658299,0.5339277549561525,0.54172516
2022-09-15,QQQ,1,1,1,0.5407190664870672,0.5254328212980854,0.51141167
2022-09-16,QQQ,1,1,1,0.5026443328074192,0.5275808250643876,0.53599566
2022-09-19,QQQ,1,1,1,0.5008165059316118,0.5294157816081567,0.5349554
2022-09-20,QQQ,1,0,1,0.5132464810527345,0.5308658166565576,0.527826
2022-09-21,QQQ,1,0,1,0.4966162689047266,0.535665864274385,0.5210521
2022-09-22,QQQ,1,0,1,0.5002270823972412,0.5363926584544292,0.5405385
2022-09-23,QQQ,1,0,1,0.4937709886001983,0.5359369078166418,0.5096083
2022-09-26,QQQ,1,0,1,0.48465770682763576,0.5277559187941567,0.51556015
2022-09-27,QQQ,1,1,1,0.4943767784761527,0.5364699127891811,0.5408766
2022-09-28,QQQ,1,0,1,0.5091372100216778,0.5314543527984656,0.5105737
2022-09-29,QQQ,1,0,1,0.5474906195959589,0.5357669174364605,0.5258767
2022-09-30,QQQ,1,1,1,0.5406214867309501,0.5505676430039728,0.55942535
2022-10-03,QQQ,1,1,1,0.5372329167145642,0.5210399658795246,0.5423255
2022-10-04,QQQ,1,1,1,0.5486330234825115,0.5255221796974684,0.5217363
2022-10-05,QQQ,1,0,1,0.5537699830104569,0.5365972558423827,0.5230524
2022-10-06,QQQ,1,0,1,0.550485286211971,0.5299788837002067,0.55044234
2022-10-07,QQQ,1,0,1,0.5620036359895404,0.5326245509727024,0.51187366
2022-10-10,QQQ,1,0,1,0.521033521143863,0.5365130692702366,0.5601587
2022-10-11,QQQ,1,0,1,0.4957792674723135,0.5349399683270334,0.54841864
2022-10-12,QQQ,1,1,1,0.4953608956770462,0.5349066060257421,0.5451142
2022-10-13,QQQ,1,0,1,0.496686924008553,0.5028344725690874,0.45560032
2022-10-14,QQQ,1,1,1,0.5371040848596185,0.531633467290696,0.5518505
2022-10-17,QQQ,1,0,1,0.528524315262168,0.5262157478944814,0.5300909
2022-10-18,QQQ,1,1,1,0.5446851585894974,0.5349057780222621,0.5254938
2022-10-19,QQQ,1,0,1,0.5575591010993259,0.5255960864934882,0.52866346
2022-10-20,QQQ,1,1,1,0.538573452481913,0.5244024420501678,0.52386504
2022-10-21,QQQ,1,1,1,0.5207451013591522,0.5469079445338741,0.5714711
2022-10-24,QQQ,1,1,1,0.5052558402142496,0.5485864752180238,0.5428158
2022-10-25,QQQ,1,0,1,0.5054133231344294,0.544498100730505,0.53763485
2022-10-26,QQQ,1,0,1,0.5316470045262951,0.5162367659094466,0.50337696
2022-10-27,QQQ,1,1,1,0.5413571234032588,0.526194699227224,0.5287748
2022-10-28,QQQ,1,0,1,0.5169611007762742,0.529210272956845,0.51842415
2022-10-31,QQQ,1,0,1,0.5353876714356872,0.5225247906163611,0.5165241
2022-11-01,QQQ,1,0,1,0.5099510632642953,0.5209932810456503,0.5131508
2022-11-02,QQQ,1,0,1,0.5161284411598694,0.5387812279107022,0.5846284
2022-11-03,QQQ,1,0,1,0.5134184326766729,0.5202136032154691,0.52298075
2022-11-04,QQQ,1,1,1,0.4820689378350251,0.517543058010135,0.5113827
2022-11-07,QQQ,1,1,1,0.5186702423635693,0.5313313323214156,0.5354636
2022-11-08,QQQ,1,0,1,0.533351586506586,0.5420137994382317,0.52224076
2022-11-09,QQQ,1,1,1,0.5474646604227611,0.526816617018217,0.5238402
2022-11-10,QQQ,1,1,1,0.5336534251136578,0.505120176689027,0.5167516
2022-11-11,QQQ,1,0,1,0.5839615639334563,0.5387722936847469,0.56386626
2022-11-14,QQQ,1,0,1,0.5926341548564134,0.5228807004529628,0.54469013
2022-11-15,QQQ,1,0,1,0.568175295185664,0.5352308677084688,0.60046124
2022-11-16,QQQ,1,1,1,0.589644863854916,0.5129518938769363,0.5269798
2022-11-17,QQQ,1,0,1,0.4905755102047428,0.5191022646175688,0.51532173
2022-11-18,QQQ,1,0,1,0.468488214627957,0.5144356749868555,0.5134558
2022-11-21,QQQ,1,1,1,0.4787830709560425,0.5212256371571082,0.51160115
2022-11-22,QQQ,1,1,1,0.4588833325568429,0.5283191184434766,0.5224443
2022-11-23,QQQ,1,0,1,0.4752609553769744,0.5442375435793686,0.56146425
2022-11-25,QQQ,1,0,1,0.49993174544407565,0.5360899280952118,0.54397124
2022-11-28,QQQ,1,0,1,0.49494204718774765,0.5193166786937529,0.5190141
2022-11-29,QQQ,1,1,1,0.49586710205931933,0.5188342324295987,0.5220715
2022-11-30,QQQ,1,1,1,0.49284910169359947,0.5411478129958697,0.58792716
2022-12-01,QQQ,1,1,1,0.5366630423899604,0.5363655822056739,0.535369
2022-12-02,QQQ,1,0,1,0.549792747352422,0.5260245623700546,0.54547125
2022-12-05,QQQ,1,0,1,0.5589448617623863,0.5226829152847754,0.48477945
2022-12-06,QQQ,1,1,1,0.5563533378153706,0.5257283378263609,0.4636259
2022-12-07,QQQ,1,1,1,0.479778247030756,0.5214893055371482,0.5523971
2022-12-08,QQQ,1,0,1,0.49773332276181914,0.5236557761479917,0.5109188
2022-12-09,QQQ,1,1,1,0.5155303922224888,0.5205481251237764,0.5205113
2022-12-12,QQQ,1,0,1,0.522291932323914,0.5278708142023593,0.52044576
2022-12-13,QQQ,1,0,1,0.511095055813898,0.5469051945124422,0.5355422
2022-12-14,QQQ,1,0,1,0.5239720808063156,0.5215669623825395,0.49403864
2022-12-15,QQQ,1,0,1,0.5442920706532429,0.5197911052735578,0.5286302
2022-12-16,QQQ,1,0,1,0.5275481528925591,0.5070829520104291,0.46303353
2022-12-19,QQQ,1,1,1,0.5190507993612161,0.5120512539439445,0.4750491
2022-12-20,QQQ,1,1,1,0.4998403588770807,0.5187432674062571,0.5028209
2022-12-21,QQQ,1,0,1,0.5157292656434497,0.527476275917805,0.52513254
2022-12-22,QQQ,1,1,1,0.5294790435404811,0.5277050995192473,0.5489013
2022-12-23,QQQ,1,0,1,0.5286624199091692,0.5278454977158666,0.55171144
2022-12-27,QQQ,1,0,1,0.5432002444422375,0.5303690173043648,0.56264377
2022-12-28,QQQ,1,1,1,0.536225853728692,0.5252068409629428,0.5423247
2022-12-29,QQQ,1,1,1,0.5244064744681153,0.5118695113547609,0.5306464
2022-12-30,QQQ,1,0,1,0.5418384691603932,0.5316741766664164,0.5624518
2023-01-03,QQQ,1,0,1,0.5335559596573776,0.5356669478603368,0.543333
2023-01-04,QQQ,1,0,1,0.5344702325803813,0.5456516699168223,0.5538006
2023-01-05,QQQ,1,1,1,0.5497017755404058,0.5373317774300164,0.52753925
2023-01-06,QQQ,1,0,1,0.5231495399635011,0.5111115982929468,0.5040173
2023-01-09,QQQ,1,1,1,0.5296543915079358,0.5414102171581097,0.5443149
2023-01-10,QQQ,1,1,1,0.5338080908327131,0.5357079105341813,0.5398431
2023-01-11,QQQ,1,1,1,0.5232691922805871,0.5410566740911973,0.52775353
2023-01-12,QQQ,1,1,1,0.5070754172089692,0.5312507778531955,0.49551025
2023-01-13,QQQ,1,1,1,0.4897089013260883,0.5366711113896535,0.50964296
2023-01-17,QQQ,1,0,1,0.5080175372723514,0.5310020534195697,0.49915344
2023-01-18,QQQ,1,0,1,0.5136461848804632,0.505558774395583,0.4820895
2023-01-19,QQQ,1,1,1,0.5060350216969212,0.5307244352275644,0.5128811
2023-01-20,QQQ,1,1,1,0.5000048491866774,0.5527461902245758,0.49266952
2023-01-23,QQQ,1,1,1,0.5069245816764575,0.5328626253425282,0.5280457
2023-01-24,QQQ,1,1,1,0.5303247395830052,0.5269964323719354,0.5121388
2023-01-25,QQQ,1,1,1,0.5296655951315016,0.564017531793104,0.553621
2023-01-26,QQQ,1,1,1,0.5310993079612637,0.5582361488208337,0.554979
2023-01-27,QQQ,0,0,1,0.5224250719016846,0.5146822972669773,0.51632553
2023-01-30,QQQ,1,1,1,0.5256316397312625,0.5085625547705455,0.4695833
2023-01-31,QQQ,1,1,1,0.5251576760589838,0.5174658236191558,0.49275997
2023-02-01,QQQ,1,1,1,0.523190264973701,0.5113659707341623,0.48713687
2023-02-02,QQQ,1,1,1,0.5168824714757121,0.50082432629153,0.49859875
2023-02-03,QQQ,1,1,1,0.5481759550258404,0.4830878003557934,0.48628393
2023-02-06,QQQ,1,1,1,0.5578996945426965,0.529787761004123,0.5142345
2023-02-07,QQQ,1,0,1,0.537561999320642,0.49961329124883697,0.48328534
2023-02-08,QQQ,1,0,1,0.5435992850337159,0.4979120349943153,0.44876504
2023-02-09,QQQ,1,1,1,0.5060433441805847,0.530787174909248,0.5105846
2023-02-10,QQQ,1,1,1,0.5119849402139339,0.5178710872124388,0.51642305
2023-02-13,QQQ,1,1,1,0.5209010424586532,0.5328987569577424,0.543958
2023-02-14,QQQ,1,1,1,0.5020161674485892,0.5604033222265354,0.55896366
2023-02-15,QQQ,1,0,1,0.5214085823215232,0.5486509596947949,0.56016624
2023-02-16,QQQ,1,1,1,0.5371959383724229,0.5135308901544908,0.4663899
2023-02-17,QQQ,1,0,1,0.5340198940701506,0.5449914571679174,0.5139028
2023-02-21,QQQ,1,0,1,0.5280795028816042,0.5221617242609906,0.5157075
2023-02-22,QQQ,1,0,1,0.5151491941157937,0.5383439987952137,0.5389857
2023-02-23,QQQ,1,1,1,0.508037016091934,0.5455553507525658,0.5208805
2023-02-24,QQQ,1,0,1,0.5171487259631431,0.5334161872549679,0.51577324
2023-02-27,QQQ,1,1,1,0.5254256082249734,0.5283952141134839,0.527692
2023-02-28,QQQ,1,0,1,0.5375464079610226,0.5283747425182448,0.5334919
2023-03-01,QQQ,1,1,1,0.5327781681875791,0.526543544840336,0.50221187
2023-03-02,QQQ,1,1,1,0.5225413608172624,0.5302610049038122,0.5219268
2023-03-03,QQQ,1,0,1,0.5220082322067324,0.550682987817392,0.556097
2023-03-06,QQQ,0,0,1,0.5300724428298007,0.5328942933989095,0.5065484
2023-03-07,QQQ,0,1,1,0.5343200786677262,0.5259849740737902,0.5071709
2023-03-08,QQQ,0,0,1,0.5333636178699489,0.5395763148044783,0.5549594
2023-03-09,QQQ,0,0,1,0.5339977991826709,0.5271973758874788,0.55103225
2023-03-10,QQQ,0,1,1,0.5041312784589483,0.47077879145143386,0.4932236
2023-03-13,QQQ,0,1,1,0.5062997191143485,0.5113523049732326,0.5053684
2023-03-14,QQQ,0,1,1,0.5229321466387461,0.5453841549505903,0.5360184
2023-03-15,QQQ,0,1,1,0.5214576328630105,0.5349585689718899,0.49318144
2023-03-16,QQQ,1,0,1,0.5159816070009703,0.5546295739292628,0.54382
2023-03-17,QQQ,1,1,1,0.5319531715800202,0.5602450607539605,0.53198045
2023-03-20,QQQ,1,1,1,0.5359399458592997,0.5314398931594401,0.52772194
2023-03-21,QQQ,0,0,1,0.5311662998485163,0.5878480454515818,0.60456765
2023-03-22,QQQ,0,0,1,0.5364342862590139,0.5154925169901029,0.5178411
2023-03-23,QQQ,0,1,1,0.5075198710252741,0.5372015718578695,0.52107054
2023-03-24,QQQ,0,0,1,0.524068976495127,0.5455236029032746,0.5675661
2023-03-27,QQQ,0,0,1,0.5280219911616003,0.5266240102652034,0.54887336
2023-03-28,QQQ,0,1,1,0.5178101614299803,0.5198118674908766,0.50943774
2023-03-29,QQQ,0,1,1,0.5242604913052369,0.5431905826144295,0.5351845
2023-03-30,QQQ,0,1,1,0.5203552061415723,0.5616179846413523,0.5566088
2023-03-31,QQQ,0,1,1,0.5181379961994385,0.531962198946206,0.5187377
2023-04-03,QQQ,0,0,1,0.5336312053068979,0.5574253554050138,0.57900816
2023-04-04,QQQ,0,0,1,0.5364234709703258,0.5263988941812676,0.5313962
2023-04-05,QQQ,0,1,1,0.5266488327122953,0.5309087537476807,0.5052919
2023-04-06,QQQ,0,1,1,0.5293989492448896,0.5452114972277853,0.558727
2023-04-10,QQQ,0,0,1,0.5245680307122256,0.5163148383104468,0.5037152
2023-04-11,QQQ,0,0,1,0.5273299874489416,0.5262844677610871,0.50700593
2023-04-12,QQQ,0,1,1,0.5238899661515577,0.5303604022724485,0.51253325
2023-04-13,QQQ,0,1,1,0.5349840494650179,0.5464507228633262,0.52039856
2023-04-14,QQQ,0,1,1,0.5375072234102802,0.5301945931167884,0.5369747
2023-04-17,QQQ,0,0,1,0.5419887188735856,0.5264859412661022,0.5373918
2023-04-18,QQQ,0,1,1,0.5415940364564105,0.5210945769675669,0.5370808
2023-04-19,QQQ,0,1,1,0.5397258137484575,0.5176689594051049,0.51318675
2023-04-20,QQQ,0,1,1,0.5196821675895767,0.5249658003274351,0.5166816
2023-04-21,QQQ,0,0,1,0.5181014677267964,0.507419583353401,0.51076484
2023-04-24,QQQ,0,0,1,0.5219250930474252,0.4964493708719138,0.4943941
2023-04-25,QQQ,0,0,1,0.5292087717581411,0.5440207651625364,0.5675035
2023-04-26,QQQ,0,1,1,0.5303885431595735,0.5357817673498626,0.52815646
2023-04-27,QQQ,0,1,1,0.5437679668028859,0.5507585606800417,0.56586605
2023-04-28,QQQ,0,1,1,0.5520594177130598,0.5647074752196268,0.60533893
2023-05-01,QQQ,0,0,1,0.5561724519775125,0.5399878753354743,0.54991347
2023-05-02,QQQ,0,0,1,0.5479819875099875,0.530222866880383,0.5653206
2023-05-03,QQQ,0,0,1,0.5435561299693391,0.5388761818486599,0.5576773
2023-05-04,QQQ,0,1,1,0.5175206006392387,0.5054371201958996,0.47915003
2023-05-05,QQQ,0,1,1,0.5248426452197404,0.5368595886820868,0.5239393
2023-05-08,QQQ,0,0,1,0.5366552983436927,0.5434937957420256,0.5451169
2023-05-09,QQQ,0,1,1,0.5412976395691945,0.533040432382605,0.53005624
2023-05-10,QQQ,0,1,1,0.5356553808358051,0.5558827576961883,0.5574645
2023-05-11,QQQ,0,0,1,0.538460752152585,0.5438611065066482,0.53461426
2023-05-12,QQQ,0,1,1,0.5226618380805451,0.5113217379983684,0.51598835
2023-05-15,QQQ,0,1,1,0.5240406337672547,0.5508562402131177,0.55177414
2023-05-16,QQQ,0,1,1,0.5221754946637054,0.5101140446049307,0.4898456
2023-05-17,QQQ,0,1,1,0.5177377472848407,0.5511701565493904,0.5535775
2023-05-18,QQQ,0,0,1,0.5249187852067333,0.6080312273450674,0.60615367
2023-05-19,QQQ,0,1,1,0.530873041278722,0.5558097396605394,0.56584716
2023-05-22,QQQ,0,0,1,0.5324961349369814,0.5570189752306892,0.55087095
2023-05-23,QQQ,0,1,1,0.5473402845070539,0.5159463519093215,0.50518566
2023-05-24,QQQ,0,1,1,0.5341181080989054,0.5389636863716892,0.54659617
2023-05-25,QQQ,0,1,1,0.52755158007962,0.5700191273350222,0.5756362
2023-05-26,QQQ,0,0,1,0.5406678967148024,0.5712983384461487,0.59091866
2023-05-30,QQQ,0,0,1,0.547006217768964,0.5591014202098765,0.620672
2023-05-31,QQQ,0,1,1,0.5514819596284475,0.5682005258464953,0.5859753
2023-06-01,QQQ,0,1,1,0.5495060579960378,0.5471017877016436,0.5519632
2023-06-02,QQQ,0,1,1,0.5415948342634986,0.535976358128361,0.5453932
2023-06-05,QQQ,0,1,1,0.5235477526891572,0.5205804267033833,0.50951535
2023-06-06,QQQ,0,0,1,0.524780014494393,0.5242151823328328,0.5254325
2023-06-07,QQQ,0,1,1,0.5325000402833026,0.5261097885775797,0.53704673
2023-06-08,QQQ,0,0,1,0.5270743835144394,0.5507506356180744,0.5579372
2023-06-09,QQQ,0,1,1,0.5285116394844405,0.5581847496411237,0.55643696
2023-06-12,QQQ,0,0,1,0.5396583828764654,0.5766610252000635,0.58475316
2023-06-13,QQQ,0,1,1,0.5435315567001122,0.5589651441492972,0.579553
2023-06-14,QQQ,0,1,1,0.5297691929926308,0.5644132082431175,0.58351314
2023-06-15,QQQ,0,0,1,0.524969134734864,0.5628104037051768,0.58291423
2023-06-16,QQQ,0,1,1,0.5309909100109061,0.5279906783986859,0.54266524
2023-06-20,QQQ,0,0,1,0.5275648995289686,0.5254922087662338,0.5323709
2023-06-21,QQQ,0,1,1,0.5294992847738591,0.5141685820315455,0.5052076
2023-06-22,QQQ,0,1,1,0.5330559098583033,0.5458217687482805,0.5593144
2023-06-23,QQQ,0,0,1,0.5333149866480675,0.5253355764110027,0.53556937
2023-06-26,QQQ,0,1,1,0.5320853855681087,0.5202786279200445,0.515575
2023-06-27,QQQ,0,1,1,0.5377021515174967,0.5416414950318613,0.5242074
2023-06-28,QQQ,0,0,1,0.5447739336291006,0.5220513920280233,0.5265326
2023-06-29,QQQ,0,1,1,0.541420875771055,0.5284444574367647,0.5293982
2023-06-30,QQQ,0,1,1,0.5409136888439163,0.5643708058967023,0.567081
2023-07-03,QQQ,0,1,1,0.5441873060373981,0.5494230591310504,0.5660209
2023-07-05,QQQ,0,1,1,0.5322110390242656,0.5334110418132092,0.5275386
2023-07-06,QQQ,0,0,1,0.5340318570516094,0.5352600783071558,0.5410607
2023-07-07,QQQ,0,1,1,0.5415144252900761,0.5320315576435797,0.5308763
2023-07-10,QQQ,0,1,1,0.5220282507834284,0.5035959350218318,0.51984215
2023-07-11,QQQ,0,1,1,0.5245747880158039,0.5409707154487949,0.54539186
2023-07-12,QQQ,0,1,1,0.5292319203899206,0.5661434105814556,0.5924079
2023-07-13,QQQ,0,0,1,0.5351316213555555,0.5764943078295613,0.5834226
2023-07-14,QQQ,0,1,1,0.5354713730893419,0.5321685783230578,0.5515588
2023-07-17,QQQ,0,1,1,0.5310566710393454,0.5700087320702437,0.5851029
2023-07-18,QQQ,0,0,1,0.5301153300725219,0.58007844397769,0.5974882
2023-07-19,QQQ,0,0,1,0.5298363568647851,0.5441690204576649,0.5396949
2023-07-20,QQQ,0,0,1,0.5367134707486024,0.5460330936185326,0.57070875
2023-07-21,QQQ,0,0,1,0.531440067202478,0.5588924687569128,0.5595077
2023-07-24,QQQ,0,1,1,0.531661801480225,0.5334525936984402,0.5466434
2023-07-25,QQQ,0,0,1,0.5361890291814595,0.5373680949366689,0.5456089
2023-07-26,QQQ,0,0,1,0.5358906589442654,0.5358607229996355,0.55759454
2023-07-27,QQQ,0,1,1,0.5255171712004724,0.5079950230906696,0.5151476
2023-07-28,QQQ,0,0,1,0.5377202258318571,0.5742203092956636,0.6142335
2023-07-31,QQQ,0,1,1,0.5406927112162201,0.5412508870538861,0.54934853
2023-08-01,QQQ,0,0,1,0.5389012834111672,0.5369794872440304,0.5432451
2023-08-02,QQQ,0,1,1,0.5442242006131808,0.5452080780780213,0.574887
2023-08-03,QQQ,0,0,1,0.5460374090897913,0.539186071667346,0.55003434
2023-08-04,QQQ,0,1,1,0.5267297964533407,0.5378905437660004,0.5604783
2023-08-07,QQQ,0,0,1,0.5344825867924693,0.5303875007871317,0.54484653
2023-08-08,QQQ,0,0,1,0.5361012796992005,0.5266134294277753,0.53351164
2023-08-09,QQQ,0,0,1,0.5302635111176273,0.5170422106065642,0.5290378
2023-08-10,QQQ,0,1,1,0.5251561320252969,0.524077884709812,0.5354027
2023-08-11,QQQ,0,1,1,0.5295258465370499,0.5151087621483605,0.52540714
2023-08-14,QQQ,0,0,1,0.525487590479538,0.5280908799171676,0.53436536
2023-08-15,QQQ,0,0,1,0.5288236928980533,0.5206773125542312,0.5222449
2023-08-16,QQQ,0,0,1,0.5274914218296626,0.5206889874630639,0.52979237
2023-08-17,QQQ,0,1,1,0.5312772211242687,0.512004468510422,0.5467575
2023-08-18,QQQ,0,1,1,0.5321159389325275,0.5186611431758767,0.5474309
2023-08-21,QQQ,0,0,1,0.531429300284583,0.5229561866790636,0.53608763
2023-08-22,QQQ,0,1,1,0.5365460340189603,0.5281909754539649,0.5309998
2023-08-23,QQQ,0,0,1,0.5397546252004647,0.5391934052518671,0.5490362
2023-08-24,QQQ,0,1,1,0.5498571135000453,0.5248430949729885,0.54564464
2023-08-25,QQQ,0,0,1,0.5413063160484389,0.5434124684807419,0.5468517
2023-08-28,QQQ,0,1,1,0.5346698288191103,0.5420677033448356,0.552713
2023-08-29,QQQ,0,1,1,0.5366303530388551,0.5419375722711322,0.54217726
2023-08-30,QQQ,0,1,1,0.543264703287408,0.5715531323363493,0.58778524
2023-08-31,QQQ,0,0,1,0.5316471434008715,0.5392296758423881,0.5423492
2023-09-01,QQQ,0,1,1,0.53205987055181,0.520071277993358,0.5232252
2023-09-05,QQQ,0,0,1,0.5277744233344938,0.5444780583546557,0.5694764
2023-09-06,QQQ,0,1,1,0.5115534363427875,0.49933286684974154,0.4915893
2023-09-07,QQQ,0,1,1,0.5094714574017769,0.5129905919939044,0.49705544
2023-09-08,QQQ,0,1,1,0.5078685230540766,0.5047544862966103,0.47633478
2023-09-11,QQQ,0,0,1,0.5190589528107422,0.533713041779841,0.5481845
2023-09-12,QQQ,0,1,1,0.5213621147026894,0.5216576195652526,0.49852616
2023-09-13,QQQ,0,1,1,0.5253152948952028,0.5522080624972467,0.5572695
2023-09-14,QQQ,0,0,1,0.5324292355100776,0.556602963727285,0.5652764
2023-09-15,QQQ,0,1,1,0.5426370859386651,0.5487258446239622,0.5644677
2023-09-18,QQQ,0,1,1,0.5347966354148456,0.527365466306314,0.54779327
2023-09-19,QQQ,0,0,1,0.5351114750485741,0.5186652542839842,0.53444964
2023-09-20,QQQ,0,0,1,0.5338455036943818,0.535111554878161,0.5359488
2023-09-21,QQQ,0,0,1,0.5167214690009092,0.5110293037348457,0.54794866
2023-09-22,QQQ,0,1,1,0.5309039351061962,0.518485698591823,0.5409942
2023-09-25,QQQ,0,0,1,0.5337585819736915,0.5523180630513795,0.5579039
2023-09-26,QQQ,0,0,1,0.5322336930526883,0.5140201517675255,0.5416053
2023-09-27,QQQ,0,1,1,0.5340100015850484,0.5107212325840265,0.5028856
2023-09-28,QQQ,0,0,1,0.535175562190956,0.5413348109525163,0.55459106
2023-09-29,QQQ,0,1,1,0.5342914899751687,0.5201483637169029,0.5429052
2023-10-02,QQQ,0,0,1,0.5338610920876047,0.5546530322747512,0.53559184
2023-10-03,QQQ,0,1,1,0.5397729742090103,0.5314064639052262,0.53781134
2023-10-04,QQQ,0,0,1,0.5373816384612372,0.5252851534355445,0.52352154
2023-10-05,QQQ,0,1,1,0.538372224087331,0.5227323466235017,0.5241639
2023-10-06,QQQ,0,1,1,0.536607031103651,0.5225196690197741,0.533149
2023-10-09,QQQ,0,1,1,0.5362365233183425,0.5600700146679193,0.55653393
2023-10-10,QQQ,0,1,1,0.5318680112936708,0.5427092967086283,0.55263275
2023-10-11,QQQ,0,0,1,0.5239255000862124,0.5351443056372649,0.55581915
2023-10-12,QQQ,0,0,1,0.5232131307291984,0.5183365458694942,0.51915306
2023-10-13,QQQ,0,1,1,0.5221773214211337,0.5101260806752124,0.504563
2023-10-16,QQQ,0,1,1,0.5187283271997031,0.5254138384302071,0.5309355
2023-10-17,QQQ,0,0,1,0.5190904882457581,0.5198037636997865,0.5204495
2023-10-18,QQQ,0,0,1,0.5202585747992163,0.5171746023044659,0.5171089
2023-10-19,QQQ,0,0,1,0.5245625879765288,0.5448679855389688,0.5560984
2023-10-20,QQQ,0,1,1,0.5273676842907404,0.5422178239512108,0.5642699
2023-10-23,QQQ,0,1,1,0.5125630163467509,0.5238848395424079,0.5326277
2023-10-24,QQQ,0,0,1,0.5303422324767652,0.5233731761388191,0.5106826
2023-10-25,QQQ,0,0,1,0.5390901253443939,0.5082744560140762,0.53571206
2023-10-26,QQQ,0,0,1,0.534830173081475,0.4948796874500886,0.51437896
2023-10-27,QQQ,0,1,1,0.5385226053460982,0.5484348517220147,0.5570056
2023-10-30,QQQ,0,1,1,0.540616694242246,0.5261287382138968,0.52705973
2023-10-31,QQQ,0,1,1,0.544928330994408,0.5385709834364508,0.53155726
2023-11-01,QQQ,0,1,1,0.5459988512936358,0.5421083744805006,0.5348947
2023-11-02,QQQ,0,1,1,0.5386228528552734,0.5545501802268626,0.55292463
2023-11-03,QQQ,0,1,1,0.5338383257621027,0.547183487451341,0.5581926
2023-11-06,QQQ,0,1,1,0.5329057233261808,0.5563446572593244,0.57928073
2023-11-07,QQQ,0,0,1,0.5252479167002079,0.5428460823347506,0.5698553
2023-11-08,QQQ,0,0,1,0.5207638479997222,0.5173722300783195,0.5555711
2023-11-09,QQQ,0,1,1,0.5139247768533873,0.524399918891832,0.52413726
2023-11-10,QQQ,0,1,1,0.5160692586231042,0.575851780388231,0.5739408
2023-11-13,QQQ,0,1,1,0.5208358814814317,0.5122506851756746,0.49909213
2023-11-14,QQQ,1,0,1,0.5180885946735005,0.538806608326147,0.54363084
2023-11-15,QQQ,0,1,1,0.5295611670579949,0.5330342865162189,0.5345498
2023-11-16,QQQ,0,1,1,0.5327958304602207,0.5244572710734747,0.51541007
2023-11-17,QQQ,0,1,1,0.5251781926460003,0.516387056496783,0.51399016
2023-11-20,QQQ,0,0,1,0.5258973415512483,0.4947966645182477,0.48474348
2023-11-21,QQQ,0,0,1,0.5128464570369833,0.5224816167634131,0.52650356
2023-11-22,QQQ,0,0,1,0.5255493529848294,0.5277720510839551,0.5411689
2023-11-24,QQQ,0,1,1,0.5411245762804291,0.5128659442163004,0.51943976
2023-11-27,QQQ,0,1,1,0.5409849755347862,0.5096509559367056,0.54200834
2023-11-28,QQQ,0,0,1,0.5294105812249732,0.515991033750421,0.4984083
2023-11-29,QQQ,0,0,1,0.5304656358169579,0.524621038466978,0.5425955
2023-11-30,QQQ,0,1,1,0.5254791386062638,0.49844840009891905,0.5281696
2023-12-01,QQQ,0,1,1,0.5268684416188414,0.5255792449042975,0.4925401
2023-12-04,QQQ,0,1,1,0.5312593508345349,0.5103769699729643,0.53301144
2023-12-05,QQQ,0,0,1,0.5290124297760924,0.4861542809919517,0.46895453
2023-12-06,QQQ,0,1,1,0.529949270855867,0.520529060088075,0.51698387
2023-12-07,QQQ,0,1,1,0.5376811522225864,0.5542078103024761,0.5732671
2023-12-08,QQQ,0,1,1,0.545062488536429,0.5493922063584615,0.5298497
2023-12-11,QQQ,0,1,1,0.5448897416848987,0.5513455815313479,0.5607946
2023-12-12,QQQ,0,1,1,0.5475420732072391,0.5691704642104726,0.5805338
2023-12-13,QQQ,0,0,1,0.5396254716724956,0.5687041697699017,0.58101064
2023-12-14,QQQ,0,1,1,0.5398177930060964,0.550069244532468,0.5535245
2023-12-15,QQQ,0,1,1,0.5369891029642392,0.5501635469897255,0.5528148
2023-12-18,QQQ,0,1,1,0.5360566363581323,0.5446298443813378,0.5427895
2023-12-19,QQQ,0,0,1,0.5335289470354075,0.5565432526353162,0.54207987
2023-12-20,QQQ,0,1,1,0.5372634857362951,0.5456667352055594,0.53171605
2023-12-21,QQQ,0,0,1,0.5363511852035683,0.5312673995967956,0.5369521
2023-12-22,QQQ,0,1,1,0.5401024842025022,0.5277227187409768,0.5165632
2023-12-26,QQQ,0,1,1,0.5402526495018812,0.569844485780553,0.56971884
2023-12-27,QQQ,0,0,1,0.5393633073209091,0.5345218928046606,0.515901
2023-12-28,QQQ,0,0,1,0.535447134966003,0.5349744759170071,0.5208483
2023-12-29,QQQ,0,0,1,0.5285610359949355,0.5140999718787016,0.5182822
2024-01-02,QQQ,0,0,1,0.5343326164439332,0.5492197392066036,0.56051224
2024-01-03,QQQ,0,0,1,0.5289352116331086,0.5302827478038236,0.5142686
2024-01-04,QQQ,0,1,1,0.5239078744719882,0.5214955438139107,0.52460825
2024-01-05,QQQ,0,1,1,0.5288178209169009,0.5250276472316618,0.5230929
2024-01-08,QQQ,0,1,1,0.5471442355892312,0.5483937632977866,0.55319554
2024-01-09,QQQ,0,1,1,0.554945968492519,0.5594049993278237,0.56000084
2024-01-10,QQQ,0,0,1,0.5536691428104172,0.5633184978687278,0.5664736
2024-01-11,QQQ,0,0,1,0.5504803083963268,0.539714218664583,0.5601813
2024-01-12,QQQ,0,1,1,0.5481953290561657,0.5074448535241924,0.4995702
2024-01-16,QQQ,0,1,1,0.5255774065918973,0.4924232404049233,0.47447088
2024-01-17,QQQ,0,1,1,0.5260983663980034,0.507677285566102,0.49878097
2024-01-18,QQQ,0,1,1,0.5254263548297408,0.536035219013685,0.5511217
2024-01-19,QQQ,0,0,1,0.532725491414007,0.5603856574400887,0.57927656
2024-01-22,QQQ,0,1,1,0.5458060366205572,0.5537372355543984,0.55726755
2024-01-23,QQQ,0,0,1,0.5429830678885059,0.5745803360216185,0.5939172
2024-01-24,QQQ,0,0,1,0.538506960824947,0.5737393715740182,0.57862616
2024-01-25,QQQ,0,0,1,0.531768053215533,0.5333307261884004,0.56298864
2024-01-26,QQQ,0,1,1,0.5152647111271086,0.5154010030907927,0.53742707
2024-01-29,QQQ,0,0,1,0.5169893079599553,0.5417859343598148,0.5032943
2024-01-30,QQQ,0,0,1,0.5229639811117499,0.5306040956270188,0.54801905
2024-01-31,QQQ,0,1,1,0.5302352005178047,0.5442430738807026,0.55134475
2024-02-01,QQQ,0,1,1,0.5363535539034723,0.5413648028547001,0.5346242
2024-02-02,QQQ,0,0,1,0.5505094414859028,0.584530975160222,0.5846931
2024-02-05,QQQ,0,0,1,0.5528702437251466,0.5352268439418948,0.5419743
2024-02-06,QQQ,0,1,1,0.5530590023282305,0.5373805821858815,0.5442367
2024-02-07,QQQ,0,1,1,0.547020312199752,0.5475635942051528,0.55233085
2024-02-08,QQQ,0,1,1,0.5435084882884731,0.5283130675155224,0.54236573
2024-02-09,QQQ,0,0,1,0.5313157964782467,0.5553546486826574,0.5270768
2024-02-12,QQQ,0,1,1,0.5369421428067312,0.5380146852803437,0.5417989
2024-02-13,QQQ,0,1,1,0.5425551102155742,0.5439314300176352,0.5479229
2024-02-14,QQQ,0,1,1,0.538622642990023,0.5391272776968553,0.54025877
2024-02-15,QQQ,0,0,1,0.5404452287228163,0.5263177953113211,0.5243149
2024-02-16,QQQ,0,0,1,0.531783038823407,0.5417181226048298,0.5345539
2024-02-20,QQQ,0,1,1,0.5315056667899835,0.5444392442441547,0.55237776
2024-02-21,QQQ,0,1,1,0.5305645914775886,0.5461006928682214,0.574707
2024-02-22,QQQ,0,0,1,0.5366053352214618,0.5788215494928532,0.57970977
2024-02-23,QQQ,0,0,1,0.5452094864061278,0.5617754018635456,0.55415446
2024-02-26,QQQ,0,0,1,0.548685923348331,0.5233380102982242,0.53405434
2024-02-27,QQQ,0,0,1,0.5465261471796666,0.5075206809562196,0.5145354
2024-02-28,QQQ,0,1,1,0.5505096493456173,0.5252732296824262,0.5102947
2024-02-29,QQQ,0,1,1,0.5251268051501702,0.5486654297027788,0.547968
2024-03-01,QQQ,0,0,1,0.5329097637441136,0.5771722477241287,0.5849961
2024-03-04,QQQ,0,0,1,0.5364432633665829,0.536259075350682,0.5302377
2024-03-05,QQQ,0,0,1,0.5401380106659788,0.5309829765290555,0.548915
2024-03-06,QQQ,0,1,1,0.5391690735818616,0.5457090030354801,0.5282777
2024-03-07,QQQ,0,0,1,0.5376579099360602,0.54514619416059,0.5302718
2024-03-08,QQQ,0,0,1,0.5317220985156694,0.5258822065472856,0.5316802
2024-03-11,QQQ,0,1,1,0.5293540682853932,0.5224782487811147,0.5089461
2024-03-12,QQQ,0,0,1,0.5332748351534062,0.5559090323338872,0.5573123
2024-03-13,QQQ,0,0,1,0.5433288454474676,0.5262765951366553,0.51435494
2024-03-14,QQQ,0,0,1,0.5255553418568635,0.5345218745428597,0.54663104
2024-03-15,QQQ,0,0,1,0.5268063872104561,0.5431593540253536,0.55469126
2024-03-18,QQQ,0,1,1,0.5330154427139691,0.5439017487859812,0.540989
2024-03-19,QQQ,0,1,1,0.5273131551057303,0.49580852701864364,0.4895006
2024-03-20,QQQ,0,0,1,0.5365957330795238,0.5790899801092831,0.56303847
2024-03-21,QQQ,0,1,1,0.5386212438818289,0.5666075839021437,0.5595482
2024-03-22,QQQ,0,1,1,0.5348029723072911,0.5067335262193153,0.49152008
2024-03-25,QQQ,0,0,1,0.5326455395686214,0.5139289301103307,0.49508953
2024-03-26,QQQ,0,0,1,0.5305687300484178,0.5171581766328001,0.50309765
2024-03-27,QQQ,0,0,1,0.5201314578332464,0.5333343768756947,0.49672675
2024-03-28,QQQ,0,0,1,0.5161291424193967,0.5009177409608331,0.4885207
2024-04-01,QQQ,0,1,1,0.5130108030589516,0.4917748592453296,0.48440656
2024-04-02,QQQ,0,1,1,0.5188760821778825,0.5143877180509503,0.521186
2024-04-03,QQQ,0,0,1,0.5282781814074645,0.5050329215042225,0.47691453
2024-04-04,QQQ,0,1,1,0.527800323813527,0.5351808602096937,0.55116004
2024-04-05,QQQ,0,0,1,0.5285717938792436,0.5306619288403673,0.52906644
2024-04-08,QQQ,0,0,1,0.5399255290518689,0.5111030410239585,0.49029252
2024-04-09,QQQ,0,1,1,0.5431162580986446,0.5347267056923676,0.5368013
2024-04-10,QQQ,0,1,1,0.5385596815229654,0.523876962394295,0.5171801
2024-04-11,QQQ,0,0,1,0.5442065625106068,0.5199571758791073,0.48936614
2024-04-12,QQQ,0,0,1,0.5450883214261993,0.5448041214766007,0.5673335
2024-04-15,QQQ,0,1,1,0.5464325874881288,0.5333149570321705,0.5526737
2024-04-16,QQQ,0,0,1,0.5406624733916697,0.5130196256348809,0.5243505
2024-04-17,QQQ,0,0,1,0.5427887347648291,0.5146883320392733,0.53200835
2024-04-18,QQQ,0,0,1,0.5170061120382937,0.5129953558179284,0.51987666
2024-04-19,QQQ,0,1,1,0.5187417547800128,0.4700902947800016,0.51088536
2024-04-22,QQQ,0,1,1,0.5307139328527815,0.5421508338696152,0.53779227
2024-04-23,QQQ,0,0,1,0.5390410726300203,0.5409559397619315,0.53056866
2024-04-24,QQQ,0,1,1,0.5455072541659922,0.549974162644349,0.52701324
2024-04-25,QQQ,0,1,1,0.5449356552543244,0.5345504321667477,0.5404443
2024-04-26,QQQ,0,0,1,0.5399623267807281,0.5405696237740166,0.5490161
2024-04-29,QQQ,0,0,1,0.5367635373641187,0.5759063267611726,0.60323083
2024-04-30,QQQ,0,0,1,0.5370852585398609,0.5260583024495333,0.5294734
2024-05-01,QQQ,0,1,1,0.5280786058228091,0.530903121969969,0.52753156
2024-05-02,QQQ,0,1,1,0.537644617300513,0.5312035802668224,0.5399371
2024-05-03,QQQ,0,1,1,0.528314241830251,0.5568830222473681,0.5585107
2024-05-06,QQQ,0,0,1,0.5328731238745064,0.5868657650102265,0.5899063
2024-05-07,QQQ,0,1,1,0.5298927904058024,0.5306636713301475,0.54286766
2024-05-08,QQQ,0,1,1,0.5306243707318338,0.5438384149263219,0.55821997
2024-05-09,QQQ,0,0,1,0.5189300709642057,0.5157256433790125,0.54055136
2024-05-10,QQQ,0,0,1,0.505749673337299,0.5154001218280735,0.48853984
2024-05-13,QQQ,0,1,1,0.5017551631846621,0.49781513902505004,0.48981455
2024-05-14,QQQ,0,1,1,0.5038914164394963,0.5321915456140328,0.5379136
2024-05-15,QQQ,0,0,1,0.5169112929869982,0.5754798402770197,0.56844115
2024-05-16,QQQ,0,0,1,0.5257548628154487,0.5487262293122015,0.5292936
2024-05-17,QQQ,0,1,1,0.537785177105889,0.5536382745273652,0.5428912
2024-05-20,QQQ,0,1,1,0.5371931124396634,0.5563157344723694,0.56888396
2024-05-21,QQQ,0,0,1,0.5342404814529801,0.5249813056033814,0.53492934
2024-05-22,QQQ,0,0,1,0.5198836219613114,0.5218964211587531,0.53185374
2024-05-23,QQQ,0,1,1,0.5238254727651668,0.529282489110618,0.54952157
2024-05-24,QQQ,0,1,1,0.5259992612498262,0.5356305021037823,0.54004395
2024-05-28,QQQ,0,1,1,0.525019818023171,0.5398288099850475,0.5539871
2024-05-29,QQQ,0,0,1,0.5396841440779576,0.5375860974531096,0.5259321
2024-05-30,QQQ,0,0,1,0.5458685408332851,0.5234550783081833,0.5096043
2024-05-31,QQQ,0,0,1,0.5405306515447459,0.524940874599573,0.51512843
2024-06-03,QQQ,0,1,1,0.5359068343337351,0.5405362168248965,0.5345083
2024-06-04,QQQ,0,1,1,0.5360402327138052,0.5156123194067661,0.4985987
2024-06-05,QQQ,0,0,1,0.5460547071188304,0.5795275114089267,0.58609796
2024-06-06,QQQ,0,0,1,0.553469229459824,0.5463830118736521,0.5606465
2024-06-07,QQQ,0,1,1,0.5531369910446767,0.5392166240238881,0.5371101
2024-06-10,QQQ,0,1,1,0.5512211392583384,0.5550900965104042,0.56918234
2024-06-11,QQQ,0,1,1,0.5502674849355066,0.5562295004921461,0.5631832
2024-06-12,QQQ,0,0,1,0.5322395973176388,0.5774773529698782,0.57658374
2024-06-13,QQQ,0,1,1,0.532992512409015,0.5711494188862984,0.5814356
2024-06-14,QQQ,0,1,1,0.5332621868831064,0.537117273773583,0.56800026
2024-06-17,QQQ,0,1,1,0.5306766852108139,0.5587671021186467,0.5925845
2024-06-18,QQQ,0,0,1,0.5347191591143565,0.5287741796675399,0.5345702
2024-06-20,QQQ,0,0,1,0.5312440355669004,0.5566329665445408,0.5721633
2024-06-21,QQQ,0,0,1,0.528474151177652,0.5422699181784841,0.53879386
2024-06-24,QQQ,0,1,1,0.5306810931534818,0.5508082262206151,0.54985934
2024-06-25,QQQ,0,1,1,0.5220679703526604,0.5386604423080709,0.51083815
2024-06-26,QQQ,0,1,1,0.5270777632081668,0.5326337611853061,0.52033454
2024-06-27,QQQ,0,0,1,0.5345065189168173,0.5281405218736629,0.5068505
2024-06-28,QQQ,0,1,1,0.5424239641811758,0.5419658029413229,0.5552808
2024-07-01,QQQ,0,1,1,0.5451615480383674,0.5184702837502232,0.48081258
2024-07-02,QQQ,0,1,1,0.5399940733596167,0.5361755948474524,0.53820044
2024-07-03,QQQ,0,1,1,0.5446931153624623,0.5401772955675015,0.48783296
2024-07-05,QQQ,0,1,1,0.5418758216361749,0.5714564030380311,0.57472235
2024-07-08,QQQ,0,0,1,0.5428251598413322,0.5211065093508707,0.5329919
2024-07-09,QQQ,0,1,1,0.5440913985094983,0.5372800170921588,0.53833175
2024-07-10,QQQ,0,0,1,0.5387043293704717,0.5687539179278279,0.57008314
2024-07-11,QQQ,0,1,1,0.5468457209429691,0.529420861586441,0.5478783
2024-07-12,QQQ,0,0,1,0.5361901577500684,0.5536341482137324,0.5676556
2024-07-15,QQQ,0,0,1,0.5375960526275309,0.5165780908747769,0.5064837
2024-07-16,QQQ,0,0,1,0.5387326131540555,0.5267380707355396,0.5310255
2024-07-17,QQQ,0,0,1,0.529653487426034,0.5133913304409657,0.53049886
2024-07-18,QQQ,0,0,1,0.5312335463790406,0.5332938125756347,0.54619473
2024-07-19,QQQ,0,1,1,0.5286465003975219,0.5346198959410998,0.5429632
2024-07-22,QQQ,0,0,1,0.5334080324412099,0.537103824221041,0.54799414
2024-07-23,QQQ,0,0,1,0.5438754743369687,0.5217875922757984,0.53462565
2024-07-24,QQQ,1,0,1,0.5488589956534017,0.5019631319970824,0.49355844
2024-07-25,QQQ,1,1,1,0.5419837158500245,0.4980162303056901,0.49420255
2024-07-26,QQQ,1,0,1,0.5482528633366069,0.5356399933851622,0.50254077
2024-07-29,QQQ,1,0,1,0.5413749412038327,0.5196571667344386,0.5242539
2024-07-30,QQQ,1,1,1,0.5401690621954203,0.5158107583969309,0.51003087
2024-07-31,QQQ,1,0,1,0.5456028443146016,0.5144389880735744,0.5239189
2024-08-01,QQQ,1,0,1,0.5565330793312195,0.5089771051335701,0.51044554
2024-08-02,QQQ,1,1,1,0.5419356644565947,0.5284027526126006,0.49262202
2024-08-05,QQQ,1,1,1,0.5315168881216802,0.49883204315864965,0.49980482
2024-08-06,QQQ,1,0,1,0.533967850732162,0.5177560527053321,0.54011077
2024-08-07,QQQ,1,1,1,0.49731533072046313,0.5374238162461963,0.57253957
2024-08-08,QQQ,1,1,1,0.5274789671817027,0.4966735959818348,0.48952866
2024-08-09,QQQ,1,0,1,0.5372159709479928,0.5545646418743607,0.5524116
2024-08-12,QQQ,1,1,1,0.5311371762911152,0.5188166720692001,0.5350424
2024-08-13,QQQ,1,0,1,0.522437163896182,0.5311175628345505,0.5403454
2024-08-14,QQQ,1,1,1,0.5341542939461065,0.4967033125276469,0.49431258
2024-08-15,QQQ,1,1,1,0.5116038118579738,0.5348924946118244,0.54160064
2024-08-16,QQQ,1,1,1,0.5164283929407386,0.522317803442927,0.51553905
2024-08-19,QQQ,1,0,1,0.5073136735249707,0.5133287534151498,0.5422493
2024-08-20,QQQ,1,1,1,0.496185396105209,0.4976748523553741,0.52387494
2024-08-21,QQQ,1,0,1,0.5102905072587436,0.5421315299248843,0.5574109
2024-08-22,QQQ,1,1,1,0.5022830868975574,0.5204440623062598,0.5046539
2024-08-23,QQQ,1,0,1,0.49804929925624136,0.5277805922690175,0.5356309
2024-08-26,QQQ,1,1,1,0.4934783728780031,0.5041252931346928,0.50283945
2024-08-27,QQQ,1,0,1,0.49966275860595893,0.5278600546761512,0.5157824
2024-08-28,QQQ,1,0,1,0.4931223102987186,0.5178596943030466,0.5093868
2024-08-29,QQQ,1,1,1,0.5050705765766041,0.5239886160016444,0.51579803
2024-08-30,QQQ,1,0,1,0.51305905946624,0.5399524150624615,0.54070044
2024-09-03,QQQ,1,1,1,0.5454969240980353,0.5508616623134891,0.565663
2024-09-04,QQQ,1,1,1,0.5377409503504899,0.5341182834714906,0.55824953
2024-09-05,QQQ,1,0,1,0.5494990174358456,0.5314187587443882,0.55552244
2024-09-06,QQQ,1,1,1,0.5462535836566647,0.4766894991891929,0.49041355
2024-09-09,QQQ,1,1,1,0.5385256331390885,0.5240444469686434,0.5272039
2024-09-10,QQQ,1,1,1,0.5503882736148485,0.535108148028372,0.55078423
2024-09-11,QQQ,1,1,1,0.5496482083688565,0.5069373004803043,0.4898975
2024-09-12,QQQ,1,1,1,0.5560614863007862,0.5507237835863272,0.5674345
2024-09-13,QQQ,1,1,1,0.5400035714340715,0.5556851517261359,0.56758446
2024-09-16,QQQ,1,0,1,0.5396440823845086,0.5145958675018543,0.5004936
2024-09-17,QQQ,1,0,1,0.5295928954668839,0.5028396457993346,0.49715692
2024-09-18,QQQ,1,1,1,0.5094290390565615,0.5126371996239555,0.47350997
2024-09-19,QQQ,1,0,1,0.5094342732408909,0.5704954480813259,0.5493335
2024-09-20,QQQ,1,1,1,0.5219262026352902,0.53261756142629,0.5314294
2024-09-23,QQQ,1,1,1,0.5200429838188523,0.5012338028961638,0.50223786
2024-09-24,QQQ,1,1,1,0.5227808384810178,0.5347135207482933,0.56435937
2024-09-25,QQQ,1,0,1,0.5225980156029203,0.5119013620696861,0.51258737
2024-09-26,QQQ,1,0,1,0.4996933781208534,0.525423096095161,0.5603778
2024-09-27,QQQ,1,1,1,0.5073473276480611,0.5266613865510517,0.51519245
2024-09-30,QQQ,1,0,1,0.5015738141176805,0.5188263685754029,0.502804
2024-10-01,QQQ,0,1,1,0.5225411784628775,0.5399854771593048,0.55629194
2024-10-02,QQQ,0,1,1,0.5215275851397806,0.5177257138410485,0.5283999
2024-10-03,QQQ,0,0,1,0.5188033530501323,0.5137591832986863,0.5144328
2024-10-04,QQQ,0,0,1,0.5424392371566495,0.5562712419020612,0.5551545
2024-10-07,QQQ,0,1,1,0.5478273382614776,0.5197011068034497,0.52552253
2024-10-08,QQQ,0,1,1,0.5464511097188363,0.5412491585748974,0.5352898
2024-10-09,QQQ,0,1,1,0.5477488633487321,0.557034054399355,0.57379603
2024-10-10,QQQ,0,1,1,0.5482259322377875,0.5324288100702025,0.5416809
2024-10-11,QQQ,0,1,1,0.5403311548178854,0.5238654034781175,0.5395533
2024-10-14,QQQ,0,0,1,0.5394431279075397,0.5477752732508355,0.56029177
2024-10-15,QQQ,0,0,1,0.5399562065274616,0.5396375124123539,0.5692641
2024-10-16,QQQ,0,0,1,0.5339611864919015,0.5183462219605955,0.51981974
2024-10-17,QQQ,0,1,1,0.5312619629574113,0.5112920046795153,0.4825604
2024-10-18,QQQ,0,1,1,0.533397669584584,0.543858519726189,0.5379023
2024-10-21,QQQ,0,1,1,0.5301425450290843,0.5345343404319478,0.5559281
2024-10-22,QQQ,0,0,1,0.5271534549251774,0.5039328451273745,0.49476674
2024-10-23,QQQ,0,1,1,0.5351919998619092,0.5406108728538711,0.5362777
2024-10-24,QQQ,0,1,1,0.5300785959918849,0.5340199493750634,0.50951165
2024-10-25,QQQ,0,0,1,0.5302520817348552,0.5452209863403649,0.5356639
2024-10-28,QQQ,0,1,1,0.5343130967947124,0.507188086214754,0.48604342
2024-10-29,QQQ,0,0,1,0.5408946012395324,0.5452431016253252,0.54560685
2024-10-30,QQQ,0,0,1,0.544709799940637,0.49929102406756115,0.49763438
2024-10-31,QQQ,0,1,1,0.5468056674500451,0.556559305649332,0.5512454
2024-11-01,QQQ,0,0,1,0.5328004394379178,0.5589833513505117,0.5649408
2024-11-04,QQQ,0,1,1,0.5436309597793574,0.5217916214894598,0.5353999
2024-11-05,QQQ,0,1,1,0.5365274905115917,0.5278122819683838,0.5188732
2024-11-06,QQQ,0,1,1,0.5438999350542975,0.5358471818473317,0.55996543
2024-11-07,QQQ,0,1,1,0.5470139545653581,0.5986338302969186,0.6022749
2024-11-08,QQQ,0,0,1,0.5493164057613192,0.5446174742418853,0.5645239
2024-11-11,QQQ,0,0,1,0.5433103913317688,0.5474215744738906,0.5596829
2024-11-12,QQQ,0,0,1,0.5430162907601319,0.5449584092861631,0.5351471
2024-11-13,QQQ,0,0,1,0.5210163167724342,0.524300115606232,0.5304014
2024-11-14,QQQ,0,0,1,0.5067761960841601,0.5174286007874693,0.5104068
2024-11-15,QQQ,0,1,1,0.512701110066156,0.5484933291526706,0.5717465
2024-11-18,QQQ,0,1,1,0.5102424963400046,0.5412430378862951,0.544064
2024-11-19,QQQ,0,1,1,0.518440328909908,0.5318509258027505,0.5215848
2024-11-20,QQQ,0,0,1,0.530988254446706,0.5175001303109312,0.501929
2024-11-21,QQQ,0,1,1,0.5331610485414855,0.5592642567533762,0.5745612
2024-11-22,QQQ,0,0,1,0.5260286789204679,0.5029395428735014,0.49508598
2024-11-25,QQQ,0,1,1,0.5219549354279376,0.5119145708842648,0.49240872
2024-11-26,QQQ,0,0,1,0.5151330373004849,0.5416545615376449,0.5478979
2024-11-27,QQQ,0,1,1,0.5262557331382637,0.5049967534023719,0.49103504
2024-11-29,QQQ,0,1,1,0.5376152423949118,0.5432496201095541,0.5567781
2024-12-02,QQQ,0,1,1,0.5392099959785167,0.5585909222106373,0.5697801
2024-12-03,QQQ,0,1,1,0.5454149701672694,0.5349700789918438,0.53063893
2024-12-04,QQQ,0,0,1,0.5406815160357592,0.5766803352924902,0.57888913
2024-12-05,QQQ,0,1,1,0.540476788165261,0.5162903766464544,0.51595324
2024-12-06,QQQ,0,0,1,0.5282252650634283,0.5610536646518629,0.56075406
2024-12-09,QQQ,0,0,1,0.5298449808000707,0.50753784476693,0.50714713
2024-12-10,QQQ,0,1,1,0.5255056831561036,0.5048598085240329,0.4919243
2024-12-11,QQQ,0,0,1,0.5189137430334017,0.5565203574471781,0.58162785
2024-12-12,QQQ,0,1,1,0.5306403410445469,0.5229694856136728,0.51840967
2024-12-13,QQQ,0,1,1,0.5260675860527947,0.5524630641431741,0.5462893
2024-12-16,QQQ,0,0,1,0.5440710519431577,0.5645533195056901,0.57598114
2024-12-17,QQQ,0,0,1,0.5506094082830165,0.5453427805953097,0.56730497
2024-12-18,QQQ,0,0,1,0.5468785070659825,0.5008633120468986,0.49516335
2024-12-19,QQQ,0,1,1,0.5386055450615238,0.5216508865870639,0.5314108
2024-12-20,QQQ,0,1,1,0.5345658402686789,0.4907631670319883,0.5035011
2024-12-23,QQQ,0,1,1,0.5352924816837874,0.5166499667662403,0.51290375
2024-12-24,QQQ,0,1,1,0.5472284620362167,0.5446538883833472,0.5542017
2024-12-26,QQQ,0,0,1,0.5428973871170761,0.538240355755406,0.5524594
2024-12-27,QQQ,0,1,1,0.5515403288591845,0.5193851023735445,0.5142062
2024-12-30,QQQ,0,0,1,0.5426967294943339,0.5263995539364584,0.51826185
2024-12-31,QQQ,0,0,1,0.5293313754169015,0.5242473768431217,0.5371111
2025-01-02,QQQ,0,1,1,0.5118632370774883,0.5238359531573076,0.5603545
2025-01-03,QQQ,0,1,1,0.5233467718551178,0.5253855819004025,0.49358225
2025-01-06,QQQ,1,0,1,0.5349756980991784,0.5456762786492625,0.5543804
2025-01-07,QQQ,1,1,1,0.5423562919831684,0.5208289910103562,0.5140375
2025-01-08,QQQ,1,0,1,0.5387041236303753,0.5229038932776315,0.53562224
2025-01-10,QQQ,1,1,1,0.542147873307979,0.5331202287806412,0.55712634
2025-01-13,QQQ,1,0,1,0.5211177075794894,0.5254132028207866,0.5561699
2025-01-14,QQQ,1,1,1,0.5130091409518794,0.5244334637063384,0.4924321
2025-01-15,QQQ,1,0,1,0.524005346599953,0.538425666621342,0.5371733
2025-01-16,QQQ,1,0,1,0.5302608295361695,0.5232118650677184,0.51940185
2025-01-17,QQQ,1,1,1,0.5227100984514336,0.5425818070025639,0.49892217
2025-01-21,QQQ,0,1,1,0.5483420237705376,0.5507713020372208,0.5892339
2025-01-22,QQQ,0,1,1,0.544020240276935,0.560078299269947,0.63367033
2025-01-23,QQQ,0,0,1,0.5335565183652953,0.5339720550972309,0.55200994
2025-01-24,QQQ,0,1,1,0.5304296657462185,0.5198078918728737,0.49102545
2025-01-27,QQQ,1,1,1,0.5235774952592366,0.5237136660968367,0.5488519
2025-01-28,QQQ,1,0,1,0.51603150714729,0.5291025324655735,0.47947627
2025-01-29,QQQ,1,0,1,0.5223998167696335,0.5212880152544342,0.52539766
2025-01-30,QQQ,0,0,1,0.529118523260626,0.533780179501505,0.5688353
2025-01-31,QQQ,0,1,1,0.536791163422792,0.5325728461425783,0.60100985
2025-02-03,QQQ,0,1,1,0.5300243945700932,0.5332436830432804,0.5766323
2025-02-04,QQQ,0,1,1,0.5170503006348112,0.5335378567730586,0.56095135
2025-02-05,QQQ,0,1,1,0.5189656045908827,0.5361386553118411,0.6143247
2025-02-06,QQQ,0,0,1,0.5270626037684178,0.537194137487522,0.57179445
2025-02-07,QQQ,0,1,1,0.5331394361301516,0.5219829507560414,0.49754024
2025-02-10,QQQ,0,1,1,0.5372348940131464,0.5422904073336787,0.5230783
2025-02-11,QQQ,0,1,1,0.5384131435665249,0.5288358983976816,0.5322566
2025-02-12,QQQ,0,1,1,0.5364565919053451,0.5283292120738272,0.5094572
2025-02-13,QQQ,0,1,1,0.5326306705495705,0.5498643917645937,0.5819592
2025-02-14,QQQ,0,0,1,0.5379323609135389,0.5524270396669626,0.59472245
2025-02-18,QQQ,0,1,1,0.528263175092367,0.5302011471613394,0.5463279
2025-02-19,QQQ,0,0,1,0.5258897141635444,0.5223571043531395,0.48909277
2025-02-20,QQQ,0,0,1,0.5221901490843406,0.5225907947985658,0.5114445
2025-02-21,QQQ,0,0,1,0.5175089303746709,0.5293420391628729,0.561039
2025-02-24,QQQ,0,0,1,0.5116439906941709,0.5306917109753951,0.58457905
2025-02-25,QQQ,0,0,1,0.5208043816142336,0.5156825054501456,0.5621137
2025-02-26,QQQ,0,0,1,0.5210905216304129,0.5262964317212946,0.5461844
2025-02-27,QQQ,0,1,1,0.5279578964908535,0.5151611177870582,0.5216629
2025-02-28,QQQ,0,0,1,0.5359204388057692,0.528933829698217,0.48647696
2025-03-03,QQQ,0,1,1,0.5504664759474318,0.5272242831585804,0.6094523
2025-03-04,QQQ,0,1,1,0.5486836512122382,0.5232221067833173,0.5411169
2025-03-05,QQQ,0,0,1,0.5506541522995241,0.5291689662378535,0.47041544
2025-03-06,QQQ,1,1,1,0.5590565802768235,0.5282919794110632,0.4990105
2025-03-07,QQQ,1,0,1,0.5377105701267173,0.5346213401458513,0.4790177
2025-03-10,QQQ,1,0,1,0.5555243124830589,0.5352214259728268,0.5412374
2025-03-11,QQQ,1,0,1,0.5399180443601763,0.5245924543889945,0.4378294
2025-03-12,QQQ,1,0,1,0.537541467361357,0.531396714583199,0.5062314
2025-03-13,QQQ,1,1,1,0.5473859852538022,0.5335198686502295,0.57530624
2025-03-14,QQQ,1,1,1,0.5392412546486459,0.5275742178683831,0.5921475
2025-03-17,QQQ,1,0,1,0.5361834638353585,0.5409539393761245,0.5494566
2025-03-18,QQQ,1,1,1,0.5382834255133004,0.531769789206154,0.56538653
2025-03-19,QQQ,1,1,1,0.5211029164840212,0.5273287710840218,0.517195
2025-03-20,QQQ,1,1,1,0.5213536143548684,0.5296625078980033,0.6075448
2025-03-21,QQQ,1,1,1,0.5052689866143868,0.5260973390780775,0.5055172
2025-03-24,QQQ,1,1,1,0.5099622129090181,0.5339379431310116,0.5452899
2025-03-25,QQQ,1,0,1,0.5124804633123011,0.5458963795495319,0.5351268
2025-03-26,QQQ,1,0,1,0.5141194657566868,0.5223593120820945,0.6015977
2025-03-27,QQQ,1,0,1,0.5176663629953427,0.5230428194403917,0.60043895
2025-03-28,QQQ,1,1,1,0.5148920673626457,0.5101701058444198,0.46521783
2025-03-31,QQQ,1,1,1,0.4940138344171968,0.5341318858821769,0.6174823
2025-04-01,QQQ,1,1,1,0.4968870089369871,0.5312734540612242,0.59003186
2025-04-02,QQQ,1,0,1,0.5037582203264336,0.5317461798980874,0.49273962
2025-04-03,QQQ,1,0,1,0.540140198690721,0.5605809340553783,0.5788016
2025-04-04,QQQ,1,1,1,0.5303185710562768,0.624562209067984,0.62781906
2025-04-07,QQQ,1,0,1,0.5230226809846672,0.5453319589410589,0.3468056
2025-04-08,QQQ,1,1,1,0.5278509211935507,0.573034880054768,0.58126426
2025-04-09,QQQ,1,0,1,0.5625607661021085,0.4887063123911426,0.35718802
2025-04-10,QQQ,1,1,1,0.6368466323307205,0.5132762406055107,0.48290342
2025-04-11,QQQ,1,0,1,0.6070023649397612,0.49969347728880414,0.44215032
2025-04-14,QQQ,1,0,1,0.6008980470149491,0.5051269082451928,0.54862356
2025-04-15,QQQ,1,0,1,0.5999938568860382,0.5021595058289899,0.55460167
2025-04-16,QQQ,1,0,1,0.4913420321205641,0.5047423118698245,0.47021165
2025-04-17,QQQ,1,0,1,0.47577312649615044,0.5174922296531086,0.58774865
2025-04-21,QQQ,1,1,1,0.46586093979078924,0.501993219707202,0.559902
2025-04-22,QQQ,1,0,1,0.45385287638374106,0.5072592498064578,0.44827718
2025-04-23,QQQ,1,1,1,0.4672104318057554,0.5151997227988062,0.40158832
2025-04-24,QQQ,1,1,1,0.48009632866525087,0.5153338737443647,0.5143992
2025-04-25,QQQ,1,0,1,0.48484401759007445,0.5167863939464685,0.4030697
2025-04-28,QQQ,1,1,1,0.47939995954893627,0.5086733887432316,0.4633609
2025-04-29,QQQ,1,1,1,0.45985164615226437,0.5142012751891465,0.4812292
2025-04-30,QQQ,1,0,1,0.44574321073592393,0.5113505552963163,0.38754982
2025-05-01,QQQ,1,1,1,0.4178490631884262,0.4949136088399935,0.32204786
2025-05-02,QQQ,1,1,1,0.4441169579668527,0.49352130768147834,0.31571907
2025-05-05,QQQ,1,1,1,0.48938876542911897,0.480331292963827,0.2924948
2025-05-06,QQQ,1,1,1,0.4915139027151118,0.5012467193257102,0.34770557
2025-05-07,QQQ,1,0,1,0.49819922548454587,0.5140805522155127,0.31628793
2025-05-08,QQQ,1,0,1,0.48827520776410566,0.5298179868010852,0.44414198
2025-05-09,QQQ,1,1,1,0.5123754203829318,0.5372071936625372,0.66695154
2025-05-12,QQQ,1,1,1,0.5196998553862074,0.5417721886666624,0.7629067
2025-05-13,QQQ,1,1,1,0.52926026418328,0.5229587597868887,0.6091927
2025-05-14,QQQ,1,1,1,0.5318852390648414,0.5228591880311817,0.57858944
2025-05-15,QQQ,1,1,1,0.547903401738371,0.5365429049431808,0.49348074
2025-05-16,QQQ,1,1,1,0.5464803436812616,0.5234020763245312,0.4208425
2025-05-19,QQQ,0,1,1,0.5314658457135445,0.5112153998889368,0.2524287
2025-05-20,QQQ,0,0,1,0.5218278771151538,0.5189964811029053,0.5408279
2025-05-21,QQQ,0,1,1,0.5201349054215569,0.5311972690355311,0.56467646
2025-05-22,QQQ,0,1,1,0.5143197947117037,0.5429126913393959,0.5654368
2025-05-23,QQQ,0,1,1,0.5148605557382934,0.536373399332567,0.46457505
2025-05-27,QQQ,0,0,1,0.5284860388442398,0.5483782683397164,0.6228877
2025-05-28,QQQ,0,0,1,0.5436392272800671,0.5391592817751654,0.6504158
2025-05-29,QQQ,0,0,1,0.5436183549327408,0.5424269188853255,0.5806038
2025-05-30,QQQ,0,1,1,0.5414099552361226,0.5372417853415793,0.49698684
2025-06-02,QQQ,0,1,1,0.5389786775070745,0.547298486255506,0.58236134
2025-06-03,QQQ,0,1,1,0.5274710728614065,0.5437761016232571,0.61589473
2025-06-04,QQQ,0,0,1,0.5365514908231334,0.5322405795395964,0.5938627
2025-06-05,QQQ,0,0,1,0.5400785596660651,0.5391233948708977,0.5339633
2025-06-06,QQQ,0,1,1,0.5378018000510648,0.5441368712205861,0.5799854
2025-06-09,QQQ,0,1,1,0.5426420776567017,0.5429540931164323,0.59041005
2025-06-10,QQQ,0,0,1,0.5347981460886634,0.5396059618774038,0.565953
2025-06-11,QQQ,0,1,1,0.5328703008219221,0.5264963650956969,0.46586156
2025-06-12,QQQ,0,0,1,0.5300791803824393,0.5091049952743849,0.42690572
2025-06-13,QQQ,0,1,1,0.5288101432965814,0.5316662471407667,0.51134074
2025-06-16,QQQ,0,0,1,0.5268179835118151,0.5366407442779628,0.53846496
2025-06-17,QQQ,0,0,1,0.5324345823944736,0.5221754187239226,0.49343193
2025-06-18,QQQ,0,0,1,0.5314178875715382,0.5223014734558353,0.4786743
2025-06-20,QQQ,0,1,1,0.536582917383766,0.5289721130978866,0.52036595
2025-06-23,QQQ,0,1,1,0.538913626333522,0.5392147206140622,0.5306698
2025-06-24,QQQ,0,0,1,0.5437752130017863,0.5525368711182534,0.58653176
2025-06-25,QQQ,0,1,1,0.5448950566318169,0.5366106338778001,0.47720596
2025-06-26,QQQ,0,1,1,0.5448647653449414,0.5570315075944375,0.6672797
2025-06-27,QQQ,0,1,1,0.5408996222145249,0.55108209396683,0.5740079
2025-06-30,QQQ,0,0,1,0.538424205934182,0.5521193759502113,0.56333566
2025-07-01,QQQ,0,1,1,0.5397531903611101,0.5381261179395957,0.5397746
2025-07-02,QQQ,0,1,1,0.5271371098725152,0.5414069411751868,0.5248264
2025-07-03,QQQ,0,0,1,0.5260551177446291,0.5524746792668561,0.5946262
2025-07-07,QQQ,0,0,1,0.5392202894153934,0.5302893119403047,0.5002233
2025-07-08,QQQ,0,1,1,0.5291335562239549,0.5301032248589335,0.49942002
2025-07-09,QQQ,0,0,1,0.5296805128793801,0.5430276710829208,0.5670949
2025-07-10,QQQ,0,1,1,0.5296418319386542,0.529218704229445,0.5136662
2025-07-11,QQQ,0,1,1,0.5282785011134278,0.5239146796805786,0.52116287
2025-07-14,QQQ,0,0,1,0.5266074781726908,0.5315774658989751,0.5168621
2025-07-15,QQQ,0,1,1,0.5362173920159949,0.5222545260061264,0.49397033
2025-07-16,QQQ,0,1,1,0.531761106132925,0.5291259294123014,0.4741034
2025-07-17,QQQ,0,0,1,0.5376147524802283,0.537307211236541,0.5557618
2025-07-18,QQQ,0,1,1,0.544940659990512,0.5351274145899647,0.5692684
2025-07-21,QQQ,0,0,1,0.5441987409670865,0.5352129099739407,0.5555889
2025-07-22,QQQ,0,1,1,0.5469266824661662,0.523441277574955,0.5001137
2025-07-23,QQQ,0,0,1,0.5385202316727216,0.540778228425479,0.59411836
2025-07-24,QQQ,0,1,1,0.5384295300412166,0.5308589224617051,0.53619635
2025-07-25,QQQ,0,1,1,0.5357993637265622,0.5173744567781746,0.4025832
2025-07-28,QQQ,0,0,1,0.5348734827288864,0.5208044572297714,0.40192205
2025-07-29,QQQ,0,0,1,0.5361023424373168,0.5241120405246078,0.58288914
2025-07-30,QQQ,0,0,1,0.5370676933214084,0.5660840234648554,0.77728575
2025-07-31,QQQ,0,0,1,0.5399578616324727,0.5368279549098756,0.39758065
2025-08-01,QQQ,0,1,1,0.5394530342937797,0.5294110874354,0.57572323
2025-08-04,QQQ,0,0,1,0.5301685639720648,0.5235265590493372,0.51303786
2025-08-05,QQQ,0,1,1,0.5459052220940628,0.5360430064049304,0.4838174
2025-08-06,QQQ,0,0,1,0.5398560898548452,0.528595324646495,0.529388
2025-08-07,QQQ,0,1,1,0.550259592032238,0.5331700323689063,0.50537395
2025-08-08,QQQ,0,0,1,0.5469505086658164,0.5526576248713333,0.5564182
2025-08-11,QQQ,0,1,1,0.5434899294797476,0.518925959873484,0.4327469
2025-08-12,QQQ,0,0,1,0.5374129924585002,0.5521692873698151,0.5711183
2025-08-13,QQQ,0,1,1,0.5393123753093267,0.5325450429500385,0.5332008
2025-08-14,QQQ,0,0,1,0.5350455020924638,0.5273007277951596,0.48941088
2025-08-15,QQQ,0,1,1,0.5327158329400099,0.5317900386422816,0.5592248
2025-08-18,QQQ,0,0,1,0.5262056545084743,0.5195137946721061,0.43270195
2025-08-19,QQQ,0,0,1,0.5289178080462326,0.5242799563912722,0.49120393
2025-08-20,QQQ,0,0,1,0.5232175711647037,0.5240737230174345,0.5346847
2025-08-21,QQQ,0,1,1,0.5204807375643576,0.5128365839002478,0.4962315
2025-08-22,QQQ,0,0,1,0.5253428010095615,0.5281530548167388,0.46783102
2025-08-25,QQQ,0,1,1,0.5358536977725398,0.5209035235370637,0.5542613
2025-08-26,QQQ,0,1,1,0.5357557322608159,0.5308249471334985,0.56906486
2025-08-27,QQQ,0,1,1,0.5371557460805103,0.5183180929418862,0.51547396
2025-08-28,QQQ,0,0,1,0.537690379689765,0.538669332820522,0.5539088
2025-08-29,QQQ,0,1,1,0.5484557579990665,0.5316319296649891,0.4912671
2025-09-02,QQQ,0,1,1,0.5392610319649112,0.5370569127184752,0.5648991
2025-09-03,QQQ,0,1,1,0.5358238656772233,0.541026772588992,0.5880499
2025-09-04,QQQ,0,0,1,0.5375870189251204,0.5310482213119737,0.49834692
2025-09-05,QQQ,0,1,1,0.5428239405118122,0.5301993095527152,0.476744
2025-09-08,QQQ,0,1,1,0.5378185733956782,0.5331097983144373,0.53126633
2025-09-09,QQQ,0,0,1,0.5363923504703894,0.517081543954137,0.48275724
2025-09-10,QQQ,0,1,1,0.530067993930673,0.5156268563015789,0.46470153
2025-09-11,QQQ,0,1,1,0.523183702194876,0.5203807077025405,0.48679933
2025-09-12,QQQ,0,1,1,0.5245266631810858,0.5229057494006842,0.45886126
2025-09-15,QQQ,0,0,1,0.5249546341192317,0.537949462969456,0.5574663
2025-09-16,QQQ,0,0,1,0.5280796782836749,0.51658977364594,0.44844544
2025-09-17,QQQ,0,1,1,0.5353768950582127,0.5337589307711427,0.56573683
2025-09-18,QQQ,0,1,1,0.5331750852401675,0.5490328364672907,0.5756411
2025-09-19,QQQ,0,1,1,0.5384831018540267,0.5526167353046739,0.5989869
2025-09-22,QQQ,0,0,1,0.534744143140124,0.5616197700046551,0.6483925
2025-09-23,QQQ,0,0,1,0.5419864544289122,0.5417314986554503,0.5907154
2025-09-24,QQQ,0,1,1,0.5349538593289718,0.5287756905560802,0.5265019
2025-09-25,QQQ,0,1,1,0.5322369570426697,0.5360555583897969,0.5944185
2025-09-26,QQQ,0,0,1,0.5248951973212314,0.532640379061081,0.5636915
2025-09-29,QQQ,0,1,1,0.5333431717453306,0.5406385823479529,0.584172
2025-09-30,QQQ,0,1,1,0.543218811751887,0.5559409088735672,0.67404765
2025-10-01,QQQ,0,0,1,0.5439190056051584,0.5648104815537214,0.66240716
2025-10-02,QQQ,0,0,1,0.5406818904076146,0.5649001178469701,0.6370889
2025-10-03,QQQ,0,0,1,0.5452911491340726,0.5542539665688019,0.66778404
2025-10-06,QQQ,0,0,1,0.5375709915883702,0.5631157210976572,0.6503213
2025-10-07,QQQ,0,1,1,0.5456828221466318,0.5431223550131782,0.54357135
2025-10-08,QQQ,0,0,1,0.5388618497336071,0.5453834254289629,0.6289429
2025-10-09,QQQ,0,0,1,0.5447987492995232,0.5377583595095746,0.5444807
2025-10-10,QQQ,0,1,1,0.5588906092412051,0.5148921271042388,0.5430606
2025-10-13,QQQ,0,1,1,0.5255126848809171,0.5328335579089476,0.47561035
2025-10-14,QQQ,0,0,1,0.547315697924335,0.5348751417607449,0.6137372
2025-10-15,QQQ,0,0,1,0.5419803951389188,0.542867530728714,0.569186
2025-10-16,QQQ,0,1,1,0.5499330016085102,0.5329487567019228,0.59318495
2025-10-17,QQQ,0,1,1,0.5390792275445336,0.5403835660614587,0.57031703
2025-10-20,QQQ,0,0,1,0.5281367448143871,0.5393466406999323,0.55967057
2025-10-21,QQQ,0,0,1,0.5373550746395543,0.5256586593507807,0.52896243
2025-10-22,QQQ,0,1,1,0.5398993639793429,0.5242570250004029,0.48175672
2025-10-23,QQQ,0,1,1,0.5301112091939881,0.5316813621345073,0.54455477
2025-10-24,QQQ,0,1,1,0.5312346362882969,0.5409940745080896,0.54764825
2025-10-27,QQQ,0,1,1,0.5319436435565977,0.556567921504427,0.62322253
2025-10-28,QQQ,0,1,1,0.5402740361719653,0.558139166710197,0.58943677
2025-10-29,QQQ,0,0,1,0.5347337775049734,0.5634761653858621,0.6668776
2025-10-30,QQQ,0,0,1,0.5380614717062769,0.5342489310173075,0.5121464
2025-10-31,QQQ,0,0,1,0.5218852508749202,0.553912834276529,0.6273716
2025-11-03,QQQ,0,0,1,0.5134011854846882,0.5456424992837738,0.6508744
2025-11-04,QQQ,1,1,1,0.5279880185366861,0.5268395281847245,0.38291836
2025-11-05,QQQ,1,0,1,0.5097818847129766,0.5319071284015304,0.48244604
2025-11-06,QQQ,1,1,1,0.5269932338795473,0.539553504283611,0.52975845
2025-11-07,QQQ,0,1,1,0.5346702758002093,0.5482528364914647,0.65628874
2025-11-10,QQQ,0,1,1,0.5293198835445142,0.5384037704771998,0.5738979
2025-11-11,QQQ,0,0,1,0.5518964494308458,0.5367789296921045,0.64809984
2025-11-12,QQQ,0,0,1,0.5477658425086614,0.5253055354729856,0.51521796
2025-11-13,QQQ,0,1,1,0.5571494755783726,0.5417387652271917,0.62493205
2025-11-14,QQQ,0,0,1,0.5404511970591683,0.5409924940433927,0.6509942
2025-11-17,QQQ,0,0,1,0.5291925352292766,0.5194132233966258,0.5047639
2025-11-18,QQQ,0,1,1,0.5318528429490162,0.529010109500981,0.50267994
2025-11-19,QQQ,0,0,1,0.5327048882950757,0.5345149625423521,0.5716588
2025-11-20,QQQ,1,1,1,0.5488693563343208,0.51887583462467,0.4728645
2025-11-21,QQQ,0,1,1,0.530256537976664,0.532213391586159,0.5020241
2025-11-24,QQQ,1,1,1,0.5323378292608602,0.5271845737993051,0.5151156
2025-11-25,QQQ,1,1,1,0.5460633258608341,0.5342670469009141,0.45715457
2025-11-26,QQQ,1,1,1,0.5405002887800746,0.5370722414575532,0.52471864
2025-11-28,QQQ,1,1,1,0.5365715769688599,0.5473865668771237,0.5860564
2025-12-01,QQQ,1,1,1,0.5334156373024287,0.52172104831501,0.44802946
2025-12-02,QQQ,1,1,1,0.5109993692789616,0.5250135286112001,0.4862287
2025-12-03,QQQ,0,0,1,0.5192225807709826,0.519606959539772,0.4834591
2025-12-04,QQQ,0,1,1,0.5138662019025727,0.5181754821854844,0.5037087
2025-12-05,QQQ,0,0,1,0.5170022886636912,0.5348092555852135,0.63241506
2025-12-08,QQQ,0,1,1,0.520206848581115,0.5147401404015873,0.5167098
2025-12-09,QQQ,0,1,1,0.5079750458431489,0.5130866738981598,0.47804388
2025-12-10,QQQ,0,1,1,0.5094538108422121,0.5264480122017994,0.5389952
2025-12-11,QQQ,0,0,1,0.5136572685896508,0.5144888534515825,0.50361264
2025-12-12,QQQ,0,0,1,0.52919849636932,0.5417453713006972,0.54961586
2025-12-15,QQQ,0,1,1,0.5168533468018544,0.52810675508618,0.5300404
2025-12-16,QQQ,0,0,1,0.520883535800457,0.5256643253758844,0.5398557
2025-12-17,QQQ,0,0,1,0.536068742275905,0.5442018546778109,0.6238629
2025-12-18,QQQ,0,1,1,0.5298118388085654,0.5357319394650136,0.51850486
2025-12-19,QQQ,0,0,1,0.5558686104936531,0.5456006392335023,0.5215501
2025-12-22,QQQ,0,1,1,0.5622850428655339,0.547415541597832,0.54895586
2025-12-23,QQQ,0,1,1,0.5566143285256604,0.5386363400997118,0.4940923
2025-12-24,QQQ,0,0,1,0.5465375185614235,0.5299121275876613,0.41927844
2025-12-26,QQQ,0,1,1,0.5386025472961888,0.5148731331104844,0.44238496
2025-12-29,QQQ,0,0,1,0.5307740696492657,0.5112824616904558,0.49593398
2025-12-30,QQQ,0,0,1,0.5267368423862664,0.5022976595819915,0.41589987
