date,asset,regime,y_true,baseline_pred,lr_prob,rf_prob,xgb_prob
2015-01-02,SPY_rolling,1,0,1,0.5323326653122238,0.5981661243331035,0.6351602
2015-01-05,SPY_rolling,1,0,1,0.5101325175359431,0.5420880254225137,0.52683187
2015-01-06,SPY_rolling,1,1,1,0.5103216185134196,0.4835058181421879,0.47370914
2015-01-07,SPY_rolling,1,1,1,0.553924804338877,0.5140015776645458,0.3995637
2015-01-08,SPY_rolling,1,0,1,0.593679572812194,0.6221042396855012,0.67212886
2015-01-09,SPY_rolling,1,0,1,0.5770039484910165,0.5816687848950358,0.48394367
2015-01-12,SPY_rolling,1,0,1,0.5489371454640107,0.6311547314706267,0.47251266
2015-01-13,SPY_rolling,1,1,1,0.5484724492944576,0.6427722613133322,0.6989935
2015-01-14,SPY_rolling,1,0,1,0.538604006621261,0.5829639265838421,0.57670313
2015-01-15,SPY_rolling,1,1,1,0.5200885819548763,0.40370962238402824,0.33993733
2015-01-16,SPY_rolling,1,0,1,0.5682543821607136,0.6026446122810466,0.511837
2015-01-20,SPY_rolling,0,1,1,0.5558792751088457,0.5451763257939071,0.52743036
2015-01-21,SPY_rolling,0,1,1,0.5634456926163458,0.5339860083033419,0.38532627
2015-01-22,SPY_rolling,0,0,1,0.590482917684744,0.7079122129315923,0.78036636
2015-01-23,SPY_rolling,0,1,1,0.5507521059334113,0.5785814601096154,0.42668277
2015-01-26,SPY_rolling,0,0,1,0.5494827186258635,0.6492743900863212,0.6395292
2015-01-27,SPY_rolling,1,0,1,0.5271143990973064,0.5764585460708438,0.49857616
2015-01-28,SPY_rolling,1,1,1,0.5146627758707724,0.5918125712295351,0.63195
2015-01-29,SPY_rolling,1,0,1,0.5489467843346607,0.6870806920586827,0.78001034
2015-01-30,SPY_rolling,1,1,1,0.5315911220241517,0.5798236979360061,0.6306106
2015-02-02,SPY_rolling,1,1,1,0.5697686498295367,0.4597598651535993,0.29929158
2015-02-03,SPY_rolling,1,1,1,0.5916888644864876,0.6037055682414831,0.56425
2015-02-04,SPY_rolling,1,1,1,0.5686030888162731,0.5839331924180693,0.52489424
2015-02-05,SPY_rolling,1,0,1,0.5800827667696739,0.6886217969571252,0.73775053
2015-02-06,SPY_rolling,0,0,1,0.5521853558778553,0.5670699099027672,0.63008463
2015-02-09,SPY_rolling,0,1,1,0.5389966436291462,0.5698450225944562,0.4501692
2015-02-10,SPY_rolling,0,1,1,0.5669279851124817,0.5346867455495262,0.42322043
2015-02-11,SPY_rolling,0,1,1,0.5578760222283624,0.5883589257358502,0.63353777
2015-02-12,SPY_rolling,0,1,1,0.579947430300739,0.741436486734324,0.8143895
2015-02-13,SPY_rolling,0,1,1,0.5792409875110067,0.7868482990209039,0.8770671
2015-02-17,SPY_rolling,0,1,1,0.5626382901803973,0.6248148042499369,0.7472184
2015-02-18,SPY_rolling,0,1,1,0.5583268286052094,0.611714276475504,0.5851731
2015-02-19,SPY_rolling,0,1,1,0.552725369046697,0.6465815923290961,0.61984843
2015-02-20,SPY_rolling,0,1,1,0.5676452983001111,0.6015613588217867,0.7702638
2015-02-23,SPY_rolling,0,1,1,0.5545305860466851,0.5780420444900304,0.56635123
2015-02-24,SPY_rolling,0,0,1,0.5580425463056684,0.591543324875204,0.73636997
2015-02-25,SPY_rolling,0,0,1,0.5576686527350218,0.6298598750534635,0.646561
2015-02-26,SPY_rolling,0,0,1,0.5574589077059099,0.6473622740478547,0.7277776
2015-02-27,SPY_rolling,0,1,1,0.5541657138922351,0.5237335580412354,0.50196326
2015-03-02,SPY_rolling,0,0,1,0.5725037808789953,0.519915387348572,0.49618325
2015-03-03,SPY_rolling,0,0,1,0.5660584243342023,0.5599158089751564,0.5348223
2015-03-04,SPY_rolling,0,0,1,0.5589136088217014,0.6437270838675022,0.66444844
2015-03-05,SPY_rolling,0,0,1,0.5551698473307136,0.5739886904880058,0.62745464
2015-03-06,SPY_rolling,0,1,1,0.5518640756169461,0.6061847095305563,0.72714525
2015-03-09,SPY_rolling,0,0,1,0.5537354693080485,0.5949198364279128,0.57054895
2015-03-10,SPY_rolling,0,0,1,0.539107185588332,0.5105636372646983,0.4147041
2015-03-11,SPY_rolling,0,1,1,0.5375803795432911,0.45799681041926316,0.36588457
2015-03-12,SPY_rolling,0,0,1,0.5748169053268468,0.47639885700664747,0.4257212
2015-03-13,SPY_rolling,0,1,1,0.5620060662379707,0.5521057046587692,0.6441332
2015-03-16,SPY_rolling,0,1,1,0.5919491568805803,0.6175800180837036,0.6823155
2015-03-17,SPY_rolling,0,1,1,0.5574706589848931,0.5083290431270698,0.3195876
2015-03-18,SPY_rolling,0,0,1,0.5927148097782761,0.6489783935299255,0.7332965
2015-03-19,SPY_rolling,0,1,1,0.5619434171285159,0.559978471215856,0.5325955
2015-03-20,SPY_rolling,0,0,1,0.5773251131454598,0.6647445263716364,0.68785775
2015-03-23,SPY_rolling,0,0,1,0.5534589708914107,0.5560443062032449,0.6165095
2015-03-24,SPY_rolling,0,0,1,0.5385413335691096,0.5805432679931725,0.58400613
2015-03-25,SPY_rolling,0,1,1,0.5259097386318287,0.5949879521854963,0.55184495
2015-03-26,SPY_rolling,0,1,1,0.5295993356275112,0.5691441770520356,0.61237717
2015-03-27,SPY_rolling,0,1,1,0.5378671418067847,0.6534415000738909,0.6217562
2015-03-30,SPY_rolling,0,0,1,0.5690709159252331,0.49643511442288657,0.341062
2015-03-31,SPY_rolling,0,0,1,0.5525669094259628,0.5946808333410595,0.59368134
2015-04-01,SPY_rolling,0,1,1,0.5405610730973903,0.5396805283500208,0.513998
2015-04-02,SPY_rolling,0,1,1,0.536523173670814,0.6530467377012976,0.68150204
2015-04-06,SPY_rolling,0,0,1,0.5601023197944608,0.6292947603704551,0.6027727
2015-04-07,SPY_rolling,0,1,1,0.5423299704177279,0.5403993669393795,0.56199473
2015-04-08,SPY_rolling,0,1,1,0.5518365821645845,0.5680935789533055,0.5916077
2015-04-09,SPY_rolling,0,1,1,0.5527033026674172,0.501528657874246,0.41026604
2015-04-10,SPY_rolling,0,0,1,0.55294949257873,0.4509774708624163,0.36745092
2015-04-13,SPY_rolling,0,1,1,0.5447350260010547,0.4977371544297799,0.41757986
2015-04-14,SPY_rolling,0,1,1,0.5435626642997298,0.5113286617398805,0.40570265
2015-04-15,SPY_rolling,0,1,1,0.5563792983229291,0.5085112952558255,0.47952572
2015-04-16,SPY_rolling,0,0,1,0.542268229648374,0.515330210117342,0.51677865
2015-04-17,SPY_rolling,0,1,1,0.556115046522193,0.5774005650814605,0.60817593
2015-04-20,SPY_rolling,0,0,1,0.5569342682869717,0.5602165490416811,0.51721764
2015-04-21,SPY_rolling,0,1,1,0.5457101996101991,0.5506274894497383,0.5620461
2015-04-22,SPY_rolling,0,1,1,0.5616859251866422,0.5935582747361875,0.66491175
2015-04-23,SPY_rolling,0,0,1,0.5769199009623998,0.5201123053018156,0.44924417
2015-04-24,SPY_rolling,0,0,1,0.5537836893705059,0.4134723816254273,0.34566265
2015-04-27,SPY_rolling,0,1,1,0.5485243104951629,0.41890176963694653,0.29834792
2015-04-28,SPY_rolling,0,1,1,0.5537458961852281,0.43161673719085997,0.36041224
2015-04-29,SPY_rolling,0,0,1,0.5596753756179843,0.5561169403253208,0.52503735
2015-04-30,SPY_rolling,0,1,1,0.5562259340680471,0.6010034522718244,0.60289025
2015-05-01,SPY_rolling,0,1,1,0.5740763965785072,0.4836511534651317,0.45195246
2015-05-04,SPY_rolling,0,0,1,0.5629386620767719,0.5651896898415224,0.5417735
2015-05-05,SPY_rolling,0,0,1,0.5542830212566111,0.5960377966158206,0.6204113
2015-05-06,SPY_rolling,0,1,1,0.5569735519701687,0.6615734672353935,0.66574603
2015-05-07,SPY_rolling,0,1,1,0.5489512789810401,0.6003218950532982,0.60124713
2015-05-08,SPY_rolling,0,0,1,0.5935527368301383,0.4880154155130897,0.44773877
2015-05-11,SPY_rolling,0,1,1,0.5598055284346444,0.5472717419714171,0.6418752
2015-05-12,SPY_rolling,0,0,1,0.5569489388841956,0.556372015585792,0.52841544
2015-05-13,SPY_rolling,0,1,1,0.5459312746685175,0.5682337250006714,0.5337947
2015-05-14,SPY_rolling,0,0,1,0.5669601511727382,0.5142575838675633,0.3889198
2015-05-15,SPY_rolling,0,1,1,0.5614164332244248,0.5570634714820208,0.59663033
2015-05-18,SPY_rolling,0,0,1,0.5584427947226697,0.4959950647546826,0.50890934
2015-05-19,SPY_rolling,0,0,1,0.5491242386200366,0.5125513121837534,0.4813251
2015-05-20,SPY_rolling,0,1,1,0.5437742306225312,0.5379535757771063,0.56877023
2015-05-21,SPY_rolling,0,0,1,0.5419486303516772,0.48830846549710305,0.4279827
2015-05-22,SPY_rolling,0,0,1,0.5329424059549351,0.4616035738373256,0.44245505
2015-05-26,SPY_rolling,0,1,1,0.5399594991538077,0.5882472660517075,0.65923744
2015-05-27,SPY_rolling,0,1,1,0.5606022028443736,0.5368465396140377,0.5679422
2015-05-28,SPY_rolling,0,0,1,0.5505859636258129,0.5853142775561667,0.67215544
2015-05-29,SPY_rolling,0,0,1,0.5617043960378516,0.5929219888853634,0.5892667
2015-06-01,SPY_rolling,0,1,1,0.5577090184929145,0.5552517274976227,0.63598955
2015-06-02,SPY_rolling,0,0,1,0.544739931570568,0.49859145774668956,0.54417276
2015-06-03,SPY_rolling,0,0,1,0.553581542921545,0.4059817570274938,0.3070665
2015-06-04,SPY_rolling,0,0,1,0.5613155037168998,0.555479956750324,0.5544579
2015-06-05,SPY_rolling,0,0,1,0.5485980243372013,0.5130931033496718,0.4963888
2015-06-08,SPY_rolling,0,0,1,0.5275307700404726,0.5484721667730422,0.5601385
2015-06-09,SPY_rolling,0,1,1,0.5416846921061879,0.6392847598280654,0.62651795
2015-06-10,SPY_rolling,0,1,1,0.588205696375842,0.5115362176317326,0.4531659
2015-06-11,SPY_rolling,0,0,1,0.5616612939641502,0.5340241515050103,0.49013972
2015-06-12,SPY_rolling,0,1,1,0.5618949474542573,0.5478457862778122,0.5699254
2015-06-15,SPY_rolling,0,1,1,0.5475505468067268,0.5455591517694358,0.54568046
2015-06-16,SPY_rolling,0,0,1,0.5454119190318452,0.5275642439075999,0.45612302
2015-06-17,SPY_rolling,0,1,1,0.5587036966885279,0.5153605951979083,0.49619213
2015-06-18,SPY_rolling,0,0,1,0.5934820564392485,0.629624633924825,0.6303751
2015-06-19,SPY_rolling,0,0,1,0.5598474824946914,0.6250455561411464,0.5885925
2015-06-22,SPY_rolling,0,0,1,0.5455608459164012,0.5743180364464465,0.6017258
2015-06-23,SPY_rolling,0,0,1,0.5467643043622193,0.4956626809657063,0.43762493
2015-06-24,SPY_rolling,0,0,1,0.5370880640303148,0.4764560573716284,0.4141167
2015-06-25,SPY_rolling,0,0,1,0.535670805126992,0.44231486996520775,0.32308957
2015-06-26,SPY_rolling,0,0,1,0.5413956423961473,0.40459337580116583,0.40989366
2015-06-29,SPY_rolling,0,0,1,0.535581433650526,0.4672157492699296,0.45570305
2015-06-30,SPY_rolling,0,0,1,0.5527639875876678,0.5826802985672301,0.63223165
2015-07-01,SPY_rolling,0,0,1,0.5561939313445304,0.6780121441611365,0.69105875
2015-07-02,SPY_rolling,0,1,1,0.5504778646155285,0.5848785740254047,0.5040696
2015-07-06,SPY_rolling,0,1,1,0.5526882790823499,0.5873006295225001,0.53408486
2015-07-07,SPY_rolling,0,0,1,0.5627605335095247,0.5808121713466087,0.48924142
2015-07-08,SPY_rolling,0,0,1,0.5334549499183879,0.5079436716289659,0.4558053
2015-07-09,SPY_rolling,0,1,1,0.5373660827988518,0.6500060585760358,0.644013
2015-07-10,SPY_rolling,0,1,1,0.5645553131781256,0.49204184832715403,0.53386563
2015-07-13,SPY_rolling,0,1,1,0.578767580640631,0.5745824965684544,0.53249323
2015-07-14,SPY_rolling,0,0,1,0.5775277802535919,0.5992022811759558,0.6700335
2015-07-15,SPY_rolling,0,1,1,0.5536271246096525,0.5831579750427636,0.6534666
2015-07-16,SPY_rolling,0,1,1,0.5620645195038255,0.6432930372936694,0.62068725
2015-07-17,SPY_rolling,0,0,1,0.5468895564845137,0.5873422954736803,0.60643464
2015-07-20,SPY_rolling,0,0,1,0.5408474298916174,0.5425049182360342,0.59959567
2015-07-21,SPY_rolling,0,1,1,0.5320489216163521,0.48729363998383995,0.51142645
2015-07-22,SPY_rolling,0,0,1,0.5305296600063245,0.5337788399645382,0.57442945
2015-07-23,SPY_rolling,0,0,1,0.5222810979248044,0.5018584447336483,0.56517386
2015-07-24,SPY_rolling,0,0,1,0.517866596454255,0.5182857612180966,0.43884572
2015-07-27,SPY_rolling,0,1,1,0.5187254073262603,0.5998633861081273,0.65502137
2015-07-28,SPY_rolling,0,1,1,0.5673905618595744,0.45314142112592765,0.3415137
2015-07-29,SPY_rolling,0,1,1,0.5755368153851868,0.45946092657932674,0.49239287
2015-07-30,SPY_rolling,0,0,1,0.5640843672578555,0.5354134051772617,0.5976469
2015-07-31,SPY_rolling,0,0,1,0.5557541131834234,0.5441844898900259,0.44805282
2015-08-03,SPY_rolling,0,0,1,0.5469163978892148,0.5374093539622221,0.45816106
2015-08-04,SPY_rolling,0,0,1,0.5284796079246794,0.5320533189756013,0.49672693
2015-08-05,SPY_rolling,0,0,1,0.5417019419352022,0.4484879157357971,0.43365714
2015-08-06,SPY_rolling,0,0,1,0.5425462693677588,0.6467433249588336,0.7554834
2015-08-07,SPY_rolling,0,1,1,0.5412188396923627,0.5599940187021073,0.6117845
2015-08-10,SPY_rolling,0,0,1,0.5539652529334127,0.48033822911328933,0.3343336
2015-08-11,SPY_rolling,0,1,1,0.5512089254964396,0.6025171084108466,0.53264934
2015-08-12,SPY_rolling,0,0,1,0.5710869472967314,0.6326694244900479,0.69958955
2015-08-13,SPY_rolling,0,1,1,0.5329018856176451,0.5059697671567153,0.55307025
2015-08-14,SPY_rolling,0,1,1,0.5338800319394197,0.5474354975046725,0.4843582
2015-08-17,SPY_rolling,0,0,1,0.5439550868746843,0.5284480401131418,0.5119723
2015-08-18,SPY_rolling,0,0,1,0.5270368670725054,0.4452121803736816,0.47823673
2015-08-19,SPY_rolling,0,0,1,0.5458932017832919,0.5538554916844005,0.5722823
2015-08-20,SPY_rolling,0,0,1,0.5242589492513651,0.389462002163791,0.29980788
2015-08-21,SPY_rolling,1,1,1,0.5068531884514321,0.4138580921482621,0.4821743
2015-08-24,SPY_rolling,1,0,1,0.4665199657970602,0.4438575303647689,0.53324366
2015-08-25,SPY_rolling,1,1,1,0.46804373849454856,0.4179989491599856,0.40309435
2015-08-26,SPY_rolling,1,1,1,0.6052617436412816,0.48137412789454126,0.45550483
2015-08-27,SPY_rolling,1,1,1,0.6509881921247703,0.5692580869015849,0.58028954
2015-08-28,SPY_rolling,1,0,1,0.6240787817607972,0.5886452134961434,0.5077248
2015-08-31,SPY_rolling,1,0,1,0.571544427877379,0.5358758418510303,0.33693513
2015-09-01,SPY_rolling,1,1,1,0.5181089992657121,0.4383085810129778,0.35242513
2015-09-02,SPY_rolling,1,0,1,0.5582265611680944,0.4582728305540336,0.3237121
2015-09-03,SPY_rolling,1,0,1,0.5550627767972508,0.5633672712570318,0.63291943
2015-09-04,SPY_rolling,1,1,1,0.5369621632112557,0.45051982233496624,0.5913802
2015-09-08,SPY_rolling,1,0,1,0.5964406311463353,0.5533123880091751,0.45301893
2015-09-09,SPY_rolling,1,1,1,0.5454506183876984,0.5158883373524475,0.4659026
2015-09-10,SPY_rolling,1,1,1,0.5611744965397427,0.5997808831868604,0.55766827
2015-09-11,SPY_rolling,1,0,1,0.5652981776400271,0.6425462169730616,0.7225758
2015-09-14,SPY_rolling,1,1,1,0.5396592278474999,0.5834540215193775,0.54045576
2015-09-15,SPY_rolling,1,1,1,0.5627418674677725,0.544804807893327,0.5074823
2015-09-16,SPY_rolling,1,0,1,0.5597373114472,0.6241749643119525,0.6127849
2015-09-17,SPY_rolling,1,0,1,0.5637589156953027,0.5421753482638145,0.53342956
2015-09-18,SPY_rolling,1,1,1,0.5412454310671535,0.49924167620133364,0.4729753
2015-09-21,SPY_rolling,1,1,1,0.5581921876511328,0.5649124769606622,0.5505652
2015-09-22,SPY_rolling,1,0,1,0.5496911740403647,0.4463200466240714,0.32184356
2015-09-23,SPY_rolling,1,1,1,0.5544381094819905,0.5768898702456351,0.72682947
2015-09-24,SPY_rolling,1,0,1,0.5475041866700844,0.5935472679757383,0.651858
2015-09-25,SPY_rolling,1,0,1,0.5360081127367285,0.6305824134183252,0.6159425
2015-09-28,SPY_rolling,1,0,1,0.5062665445960582,0.4273753613363838,0.439086
2015-09-29,SPY_rolling,1,1,1,0.5260398857510986,0.5216366291508159,0.4653177
2015-09-30,SPY_rolling,1,1,1,0.5899808519997538,0.5331117558656653,0.42695218
2015-10-01,SPY_rolling,1,1,1,0.563423181438686,0.5697285438358991,0.4933881
2015-10-02,SPY_rolling,1,1,1,0.6181184304867844,0.6360405482794266,0.6054055
2015-10-05,SPY_rolling,1,0,1,0.5966096007876421,0.5971943562695391,0.63607055
2015-10-06,SPY_rolling,1,1,1,0.5431845736594941,0.5781639350460324,0.5402974
2015-10-07,SPY_rolling,1,1,1,0.5709080106437169,0.6077477212712171,0.68571883
2015-10-08,SPY_rolling,1,0,1,0.5792359561837382,0.5450296072843793,0.48088965
2015-10-09,SPY_rolling,1,1,1,0.5523195543025995,0.44905922558219385,0.29072994
2015-10-12,SPY_rolling,1,0,1,0.5378710698365152,0.5182891098385723,0.5160172
2015-10-13,SPY_rolling,1,0,1,0.5225412491655703,0.4949771958992024,0.40697327
2015-10-14,SPY_rolling,1,1,1,0.5186644651692297,0.4904970217649664,0.5274129
2015-10-15,SPY_rolling,1,1,1,0.5811375505356294,0.41049034691494346,0.23371775
2015-10-16,SPY_rolling,1,1,1,0.5726584639424485,0.5832506247991429,0.52573615
2015-10-19,SPY_rolling,1,1,1,0.5521962286109737,0.5667091134877634,0.57807666
2015-10-20,SPY_rolling,1,0,1,0.5492062341199022,0.5580413804775552,0.47132212
2015-10-21,SPY_rolling,1,1,1,0.5402047546908164,0.5507381823143608,0.6203247
2015-10-22,SPY_rolling,1,1,1,0.6164705871062247,0.6350200245238047,0.5538721
2015-10-23,SPY_rolling,1,0,1,0.6118939685211595,0.6870709111067078,0.6209536
2015-10-26,SPY_rolling,0,1,1,0.5747208704322728,0.58457046333151,0.67365456
2015-10-27,SPY_rolling,0,1,1,0.5730255994954594,0.6425063846218655,0.823239
2015-10-28,SPY_rolling,0,1,1,0.6045078542512343,0.6567790735195158,0.72669804
2015-10-29,SPY_rolling,0,0,1,0.5700819759159984,0.668072629663362,0.8534718
2015-10-30,SPY_rolling,0,1,1,0.5701005593411435,0.6181576330002282,0.63947445
2015-11-02,SPY_rolling,0,1,1,0.5793535055726026,0.5302220975370384,0.40664122
2015-11-03,SPY_rolling,0,0,1,0.5712152881438609,0.594017953351586,0.58097976
2015-11-04,SPY_rolling,0,0,1,0.5567449912662059,0.6010465104655601,0.65239745
2015-11-05,SPY_rolling,0,1,1,0.5464580788722548,0.6107699480423674,0.70225656
2015-11-06,SPY_rolling,0,0,1,0.5556636806125879,0.6035176648084463,0.6492016
2015-11-09,SPY_rolling,0,1,1,0.5419415026785764,0.6200213543993447,0.68716675
2015-11-10,SPY_rolling,0,0,1,0.5398469263986061,0.6077701797266132,0.6244713
2015-11-11,SPY_rolling,0,0,1,0.5281763037551286,0.5311864066014471,0.5619463
2015-11-12,SPY_rolling,0,0,1,0.5238695416315642,0.5621540992692428,0.64569026
2015-11-13,SPY_rolling,0,1,1,0.5301959232430632,0.4465329147526545,0.49720192
2015-11-16,SPY_rolling,0,0,1,0.5788127653830439,0.6003299056570492,0.5795805
2015-11-17,SPY_rolling,0,1,1,0.5620428894738129,0.6669194838396847,0.713314
2015-11-18,SPY_rolling,0,0,1,0.608601559543713,0.6334597769446786,0.66635793
2015-11-19,SPY_rolling,0,0,1,0.5549520933610892,0.6430632632169578,0.7220075
2015-11-20,SPY_rolling,0,0,1,0.5487740642603088,0.5100691820610893,0.43672496
2015-11-23,SPY_rolling,0,1,1,0.5249473743713303,0.5248129730156927,0.5769412
2015-11-24,SPY_rolling,0,0,1,0.5430255211837521,0.5295022808993272,0.55998635
2015-11-25,SPY_rolling,0,1,1,0.5071812668338954,0.4409027779111117,0.48846388
2015-11-27,SPY_rolling,0,0,1,0.5066297994519562,0.44605084599681427,0.4147627
2015-11-30,SPY_rolling,0,1,1,0.532263723243105,0.49391140293680913,0.50135314
2015-12-01,SPY_rolling,0,0,1,0.5538551434043243,0.4902071865661798,0.45476353
2015-12-02,SPY_rolling,0,0,1,0.5247129425424368,0.5107578967914279,0.49304527
2015-12-03,SPY_rolling,0,1,1,0.5322188618548364,0.5462840040688295,0.54275554
2015-12-04,SPY_rolling,1,0,1,0.6129871413390088,0.5795524762290392,0.54853624
2015-12-07,SPY_rolling,1,1,1,0.5435032915919015,0.5997012161759643,0.54424936
2015-12-08,SPY_rolling,1,0,1,0.5420789376635494,0.5743278693014449,0.5044164
2015-12-09,SPY_rolling,1,1,1,0.5484174875457308,0.6720198305419813,0.7496113
2015-12-10,SPY_rolling,1,0,1,0.5443802909762581,0.7374810506791885,0.7424528
2015-12-11,SPY_rolling,1,1,1,0.527788325586087,0.33891611870568156,0.3020728
2015-12-14,SPY_rolling,1,1,1,0.5680121751812467,0.6717664724029839,0.703612
2015-12-15,SPY_rolling,1,1,1,0.5780614215601253,0.7420955902496916,0.7245013
2015-12-16,SPY_rolling,1,0,1,0.6100557327380985,0.6715792747128285,0.6892232
2015-12-17,SPY_rolling,1,0,1,0.5457046386745408,0.5892785621501435,0.6801674
2015-12-18,SPY_rolling,1,1,1,0.5305173258077054,0.39064505075310324,0.34095007
2015-12-21,SPY_rolling,1,1,1,0.5406440527266232,0.6292070786181383,0.6998029
2015-12-22,SPY_rolling,1,1,1,0.558063680589527,0.5727102058225831,0.62939346
2015-12-23,SPY_rolling,1,0,1,0.5803770558141452,0.5658841833440449,0.58422506
2015-12-24,SPY_rolling,1,1,1,0.5363256354727368,0.6619722354830987,0.74536073
2015-12-28,SPY_rolling,1,1,1,0.5146524368311702,0.6048730050646742,0.5864789
2015-12-29,SPY_rolling,1,0,1,0.5507181642253911,0.48293713507946107,0.46859324
2015-12-30,SPY_rolling,1,0,1,0.5114630581520987,0.5827154527999876,0.50639105
2015-12-31,SPY_rolling,1,1,1,0.5142122315018811,0.468234407598351,0.36899498
2016-01-04,SPY_rolling,1,0,1,0.5329354746443086,0.53218163695878,0.52578676
2016-01-05,SPY_rolling,1,1,1,0.5132127548963658,0.5736948586834733,0.6933518
2016-01-06,SPY_rolling,1,0,1,0.5090896442540356,0.5172367073688638,0.45527115
2016-01-07,SPY_rolling,1,0,1,0.4991637954095309,0.468634880932678,0.42101154
2016-01-08,SPY_rolling,1,0,1,0.5116569241823185,0.5185400211393468,0.6505165
2016-01-11,SPY_rolling,1,0,1,0.5234384719479049,0.5573270289615125,0.7942112
2016-01-12,SPY_rolling,1,0,1,0.5706548733881107,0.5612771206624614,0.72215605
2016-01-13,SPY_rolling,1,1,1,0.5161787348754163,0.5030054698863275,0.50203156
2016-01-14,SPY_rolling,1,1,1,0.567782758186737,0.5632147858793188,0.6199687
2016-01-15,SPY_rolling,1,0,1,0.49587216247248483,0.4870800408278432,0.40799147
2016-01-19,SPY_rolling,1,1,1,0.5165318340011148,0.5760037931493235,0.78684896
2016-01-20,SPY_rolling,1,1,1,0.5284100936637188,0.539697248588397,0.6446813
2016-01-21,SPY_rolling,1,1,1,0.512854268425635,0.5739120937181823,0.76361173
2016-01-22,SPY_rolling,1,0,1,0.5674895480356592,0.5476910474149567,0.5438323
2016-01-25,SPY_rolling,1,1,1,0.46810149529761863,0.5288024354525542,0.3875848
2016-01-26,SPY_rolling,1,0,1,0.5233516163331883,0.5716012286258162,0.6795011
2016-01-27,SPY_rolling,1,0,1,0.47457957532087786,0.5258733703748139,0.36737362
2016-01-28,SPY_rolling,1,1,1,0.4810395552149745,0.5660567645994358,0.66678184
2016-01-29,SPY_rolling,1,1,1,0.5751783747153657,0.5506828476530472,0.5095919
2016-02-01,SPY_rolling,1,0,1,0.5087824097260568,0.5599875315806602,0.51659495
2016-02-02,SPY_rolling,1,0,1,0.5009436067418434,0.5122541004657325,0.19383211
2016-02-03,SPY_rolling,1,1,1,0.5242037320659763,0.5559156989280601,0.601524
2016-02-04,SPY_rolling,1,0,1,0.5126153993014673,0.5490792878465988,0.56908774
2016-02-05,SPY_rolling,1,0,1,0.5134969783293779,0.5089539420563759,0.25507227
2016-02-08,SPY_rolling,1,1,1,0.5240183077665741,0.5102828313570016,0.36190864
2016-02-09,SPY_rolling,1,0,1,0.5279198410429213,0.5479502887165918,0.48506975
2016-02-10,SPY_rolling,1,1,1,0.5217112627159132,0.5519062058643311,0.6746063
2016-02-11,SPY_rolling,1,1,1,0.5400352469129075,0.5219361710291192,0.48869875
2016-02-12,SPY_rolling,1,1,1,0.5675722606588035,0.5448698743786116,0.46184057
2016-02-16,SPY_rolling,1,1,1,0.5841319270615568,0.5563537054955802,0.45551473
2016-02-17,SPY_rolling,1,0,1,0.6036126970892431,0.5638166340276156,0.43611693
2016-02-18,SPY_rolling,1,1,1,0.5609587466200342,0.5881986047508855,0.5959258
2016-02-19,SPY_rolling,1,1,1,0.5350603812349368,0.5482391755284339,0.58942455
2016-02-22,SPY_rolling,1,0,1,0.5551995839594897,0.5782108435616377,0.7298188
2016-02-23,SPY_rolling,1,1,1,0.5343205793908474,0.522782880569263,0.45445523
2016-02-24,SPY_rolling,1,1,1,0.5714821549835135,0.5635089342816307,0.5179499
2016-02-25,SPY_rolling,1,0,1,0.5850133999015817,0.6066420612568018,0.7636691
2016-02-26,SPY_rolling,1,0,1,0.5647724947872159,0.5809416631813787,0.669819
2016-02-29,SPY_rolling,1,1,1,0.5363711058463418,0.5413753031556928,0.46058768
2016-03-01,SPY_rolling,1,1,1,0.5989077660834812,0.5523003493455596,0.3830269
2016-03-02,SPY_rolling,1,1,1,0.5782203063533659,0.5975352250620065,0.45888254
2016-03-03,SPY_rolling,1,1,1,0.5793480769966958,0.5958091609932314,0.38490865
2016-03-04,SPY_rolling,1,1,1,0.5853153527523918,0.6040110255282136,0.48731628
2016-03-07,SPY_rolling,1,0,1,0.5641980341801717,0.5937241436879838,0.5545735
2016-03-08,SPY_rolling,1,1,1,0.5691598245026543,0.5900178209319795,0.52982754
2016-03-09,SPY_rolling,1,0,1,0.5839878271328022,0.6238264469966424,0.7213917
2016-03-10,SPY_rolling,1,1,1,0.613965819502525,0.6405334178314898,0.8021145
2016-03-11,SPY_rolling,1,1,1,0.6621617045013947,0.683657946903407,0.8611782
2016-03-14,SPY_rolling,1,1,1,0.5843599161022259,0.6884999832463058,0.8703269
2016-03-15,SPY_rolling,1,1,1,0.5635422965209458,0.6004655079658034,0.62760925
2016-03-16,SPY_rolling,0,1,1,0.5875017728024069,0.6109567259163792,0.5006143
2016-03-17,SPY_rolling,0,1,1,0.5950568088658644,0.6034533517563601,0.5471223
2016-03-18,SPY_rolling,0,1,1,0.6032086421466734,0.6015049575245349,0.5665144
2016-03-21,SPY_rolling,0,1,1,0.5466173041171115,0.591452110736312,0.53811306
2016-03-22,SPY_rolling,0,0,1,0.5586111163324926,0.5898249288513452,0.76246446
2016-03-23,SPY_rolling,0,1,1,0.5383596401838524,0.5648640009178426,0.47226983
2016-03-24,SPY_rolling,0,0,1,0.5414823324385687,0.5373224610449461,0.5169375
2016-03-28,SPY_rolling,0,1,1,0.5403771966088083,0.5389118999876042,0.48962831
2016-03-29,SPY_rolling,0,0,1,0.5896496126609189,0.5872176205196389,0.6215638
2016-03-30,SPY_rolling,0,0,1,0.5644508835327269,0.5730721103014214,0.5810217
2016-03-31,SPY_rolling,0,1,1,0.5439878911672135,0.5137805834668852,0.3362764
2016-04-01,SPY_rolling,0,0,1,0.5612014959384144,0.5448853927673016,0.47531047
2016-04-04,SPY_rolling,0,0,1,0.5148883907365667,0.49152628095549583,0.42467204
2016-04-05,SPY_rolling,0,1,1,0.5210474707245834,0.5054381006749228,0.41184446
2016-04-06,SPY_rolling,0,0,1,0.5738596962505885,0.5442606367013889,0.53715056
2016-04-07,SPY_rolling,0,0,1,0.5419414567929708,0.5355091896117278,0.6736883
2016-04-08,SPY_rolling,0,0,1,0.562686784878614,0.5272025789676645,0.49880624
2016-04-11,SPY_rolling,0,1,1,0.5330954320541482,0.5197023104903938,0.59197515
2016-04-12,SPY_rolling,0,1,1,0.5691575526773507,0.5307388746758954,0.64754677
2016-04-13,SPY_rolling,0,0,1,0.5876881841048678,0.5458242730026541,0.52035135
2016-04-14,SPY_rolling,0,0,1,0.528018488281475,0.5272088092075953,0.59053946
2016-04-15,SPY_rolling,0,1,1,0.5233601768163075,0.5066634189425389,0.57400006
2016-04-18,SPY_rolling,0,1,1,0.5331562210735986,0.5255566219853219,0.45616302
2016-04-19,SPY_rolling,0,1,1,0.5390645762063424,0.512555568471281,0.44651112
2016-04-20,SPY_rolling,0,0,1,0.5365135167569617,0.5131866212663626,0.49963805
2016-04-21,SPY_rolling,0,1,1,0.5293855801044663,0.48719866576634324,0.44628733
2016-04-22,SPY_rolling,0,1,1,0.5420312686227166,0.5158557713093068,0.4621413
2016-04-25,SPY_rolling,0,0,1,0.5126751780095159,0.497621482483844,0.47639748
2016-04-26,SPY_rolling,0,1,1,0.5242096457375344,0.4800937324792277,0.43831128
2016-04-27,SPY_rolling,0,0,1,0.5299965404079184,0.4804942642572955,0.45182264
2016-04-28,SPY_rolling,0,0,1,0.5221019257304184,0.5124418944814624,0.47869647
2016-04-29,SPY_rolling,0,1,1,0.5445581365448046,0.5360913041071889,0.58472455
2016-05-02,SPY_rolling,0,0,1,0.5228833415214408,0.5334922959906753,0.58173895
2016-05-03,SPY_rolling,0,1,1,0.5373220323823692,0.547553436281446,0.58937085
2016-05-04,SPY_rolling,0,0,1,0.5191254655608135,0.5390451496729625,0.6483419
2016-05-05,SPY_rolling,0,1,1,0.5105911741928183,0.5258931660453628,0.62270856
2016-05-06,SPY_rolling,0,1,1,0.5313233010096738,0.5282932502667393,0.6277115
2016-05-09,SPY_rolling,0,1,1,0.5311558242663276,0.507229577866632,0.61938155
2016-05-10,SPY_rolling,0,0,1,0.5531140757391059,0.516886020305551,0.44871977
2016-05-11,SPY_rolling,0,0,1,0.5025069033426494,0.5023811594105959,0.46107313
2016-05-12,SPY_rolling,0,0,1,0.5134689600576562,0.5243316355510917,0.52475977
2016-05-13,SPY_rolling,0,1,1,0.501608931502501,0.5408295715032158,0.6166005
2016-05-16,SPY_rolling,0,0,1,0.520853694262234,0.5407499016932551,0.64278424
2016-05-17,SPY_rolling,0,1,1,0.5258938285634125,0.5473333998982121,0.58991325
2016-05-18,SPY_rolling,0,1,1,0.5281760459139965,0.5571676877964387,0.61063474
2016-05-19,SPY_rolling,0,1,1,0.5224006252480599,0.5525726873059389,0.5519267
2016-05-20,SPY_rolling,0,0,1,0.5270943257246755,0.5480523983760504,0.6541891
2016-05-23,SPY_rolling,0,1,1,0.4987798034832645,0.5251067711189737,0.5985303
2016-05-24,SPY_rolling,0,1,1,0.5470558228816756,0.5416177730465525,0.42142433
2016-05-25,SPY_rolling,0,0,1,0.5343411893591137,0.5418209333134548,0.48530543
2016-05-26,SPY_rolling,0,1,1,0.507854575085952,0.5418418738816156,0.643875
2016-05-27,SPY_rolling,0,0,1,0.5264209584378126,0.5157224989401761,0.4505379
2016-05-31,SPY_rolling,0,1,1,0.5287391596480923,0.5368139008436598,0.41246325
2016-06-01,SPY_rolling,0,1,1,0.5191228799034394,0.49555697560030126,0.47127542
2016-06-02,SPY_rolling,0,1,1,0.5284703450477604,0.48438618556884905,0.32539636
2016-06-03,SPY_rolling,0,1,1,0.5420272525863264,0.5105748327121727,0.5028599
2016-06-06,SPY_rolling,0,1,1,0.5355738569083051,0.5033070780902684,0.42165938
2016-06-07,SPY_rolling,0,1,1,0.5264482679675487,0.494327081034901,0.42909527
2016-06-08,SPY_rolling,0,1,1,0.5244652256358942,0.48241829238440886,0.33668754
2016-06-09,SPY_rolling,0,0,1,0.529620102920709,0.5009555054456879,0.5542719
2016-06-10,SPY_rolling,0,0,1,0.52996987703308,0.5215660036540717,0.50639635
2016-06-13,SPY_rolling,0,1,1,0.5346093727965193,0.5225340788431301,0.45027655
2016-06-14,SPY_rolling,0,0,1,0.5364143889973632,0.5433318726475903,0.4237137
2016-06-15,SPY_rolling,0,1,1,0.5422858847653911,0.536946542980888,0.64917386
2016-06-16,SPY_rolling,0,0,1,0.5786682860442933,0.5208879771131882,0.3959711
2016-06-17,SPY_rolling,0,0,1,0.54514636048818,0.5177067115643847,0.44184586
2016-06-20,SPY_rolling,0,1,1,0.5377853782037338,0.49278587450935607,0.5137158
2016-06-21,SPY_rolling,0,0,1,0.5302684215518065,0.48401335613129304,0.4171013
2016-06-22,SPY_rolling,0,1,1,0.5166688178376805,0.49765706056427395,0.46277067
2016-06-23,SPY_rolling,0,0,1,0.557202521850199,0.5308228791315578,0.42782125
2016-06-24,SPY_rolling,1,0,1,0.5280580063219483,0.45680409566553964,0.36717752
2016-06-27,SPY_rolling,1,1,1,0.5038090850358311,0.4855733954890918,0.42502478
2016-06-28,SPY_rolling,1,1,1,0.5818203745470145,0.5690708243297036,0.62401956
2016-06-29,SPY_rolling,1,1,1,0.6157359919682174,0.5675162228385517,0.57957494
2016-06-30,SPY_rolling,1,1,1,0.6578025526874476,0.5668264273077247,0.5025269
2016-07-01,SPY_rolling,1,0,1,0.5679807053233369,0.5662860789090897,0.51560634
2016-07-05,SPY_rolling,1,1,1,0.49511025888191634,0.5391016955314825,0.49170038
2016-07-06,SPY_rolling,1,0,1,0.5255521208105322,0.5532522448707045,0.47990018
2016-07-07,SPY_rolling,1,1,1,0.5263539670701769,0.5575598135822605,0.58364415
2016-07-08,SPY_rolling,1,1,1,0.5985058367634208,0.5796262532917191,0.52088696
2016-07-11,SPY_rolling,1,1,1,0.5783297125424656,0.5958240286049633,0.54880255
2016-07-12,SPY_rolling,1,0,1,0.5823281261695848,0.5914591765989375,0.47076443
2016-07-13,SPY_rolling,1,0,1,0.5702682983988913,0.5888030288670568,0.54257137
2016-07-14,SPY_rolling,1,0,1,0.5739039562500805,0.600133906433938,0.5397382
2016-07-15,SPY_rolling,1,1,1,0.5764131541776552,0.5953567620728476,0.6131582
2016-07-18,SPY_rolling,1,1,1,0.5734045645048917,0.5834280643586053,0.5534077
2016-07-19,SPY_rolling,1,1,1,0.5678257795358455,0.5850078365054682,0.61364734
2016-07-20,SPY_rolling,1,0,1,0.575633931336303,0.5855214330466973,0.5284335
2016-07-21,SPY_rolling,1,1,1,0.5698903676034622,0.5783995772415874,0.6320915
2016-07-22,SPY_rolling,1,0,1,0.5730212387209245,0.5950616260775894,0.7188511
2016-07-25,SPY_rolling,0,1,1,0.5644821144291547,0.5912226913261436,0.6596519
2016-07-26,SPY_rolling,0,0,1,0.5732644148872984,0.6289388403848044,0.8239126
2016-07-27,SPY_rolling,0,1,1,0.5676156211431536,0.5222866726226197,0.52546495
2016-07-28,SPY_rolling,0,1,1,0.5406424751528923,0.5144061961724428,0.5728815
2016-07-29,SPY_rolling,0,0,1,0.5471744391410196,0.5051125202783739,0.54232913
2016-08-01,SPY_rolling,0,0,1,0.531907660384632,0.5075825081687152,0.5298727
2016-08-02,SPY_rolling,0,1,1,0.5386388369520693,0.5260560123701161,0.6206033
2016-08-03,SPY_rolling,0,1,1,0.5188116352689646,0.48436674509335725,0.37184662
2016-08-04,SPY_rolling,0,1,1,0.5167978814733876,0.49712532002686344,0.43021882
2016-08-05,SPY_rolling,0,0,1,0.5516123866252758,0.4997307892637996,0.46155882
2016-08-08,SPY_rolling,0,1,1,0.5070564630448159,0.4972051459173115,0.49463734
2016-08-09,SPY_rolling,0,0,1,0.4992913659592269,0.47619135340793123,0.26550728
2016-08-10,SPY_rolling,0,1,1,0.5010843890521364,0.4934056937875684,0.37622434
2016-08-11,SPY_rolling,0,1,1,0.5273645813166891,0.4946393171726224,0.3931291
2016-08-12,SPY_rolling,0,1,1,0.5177775178538097,0.4886680069463901,0.46530852
2016-08-15,SPY_rolling,0,0,1,0.5087139171910642,0.4668840192903217,0.19024408
2016-08-16,SPY_rolling,0,1,1,0.49874446473369016,0.50174959754492,0.5538658
2016-08-17,SPY_rolling,0,1,1,0.5289914213542259,0.5111658200137825,0.4458001
2016-08-18,SPY_rolling,0,1,1,0.5130799887038423,0.489013213498199,0.4776518
2016-08-19,SPY_rolling,0,1,1,0.5288294292684005,0.5166085303865395,0.5207124
2016-08-22,SPY_rolling,0,0,1,0.5177838681294265,0.4883801415917888,0.43675652
2016-08-23,SPY_rolling,0,0,1,0.5038562066642291,0.48236695280922687,0.3854167
2016-08-24,SPY_rolling,0,1,1,0.5170498893007848,0.5093117581501077,0.4630787
2016-08-25,SPY_rolling,0,0,1,0.5203459183084601,0.49797012248114936,0.4666209
2016-08-26,SPY_rolling,0,1,1,0.5594968738394442,0.5076204812844813,0.48341942
2016-08-29,SPY_rolling,0,0,1,0.5315854225876074,0.5012668584844745,0.46610638
2016-08-30,SPY_rolling,0,0,1,0.5175217221183862,0.49379692644029377,0.5090907
2016-08-31,SPY_rolling,0,1,1,0.5266786882872447,0.5093124029210365,0.46912915
2016-09-01,SPY_rolling,0,0,1,0.5368253551147308,0.515779181322274,0.5045504
2016-09-02,SPY_rolling,0,1,1,0.5227579192962479,0.4968337159432031,0.3963736
2016-09-06,SPY_rolling,0,1,1,0.5104025916859497,0.48577033148178306,0.43287778
2016-09-07,SPY_rolling,0,0,1,0.519995759285689,0.49892771133767694,0.453851
2016-09-08,SPY_rolling,0,0,1,0.5053945280251706,0.48717660603087837,0.43204704
2016-09-09,SPY_rolling,0,1,1,0.5286540294024609,0.4853685238516265,0.3399667
2016-09-12,SPY_rolling,0,0,1,0.5829157204923078,0.5596701300199864,0.6014702
2016-09-13,SPY_rolling,0,0,1,0.5417194297104624,0.5441227540841117,0.58517444
2016-09-14,SPY_rolling,0,1,1,0.5506538837056251,0.578308257708251,0.66809034
2016-09-15,SPY_rolling,0,0,1,0.5851203224032635,0.567515518781542,0.65820587
2016-09-16,SPY_rolling,0,0,1,0.5270566016503047,0.5728217518324934,0.57694286
2016-09-19,SPY_rolling,0,0,1,0.52476277515514,0.5538204542871703,0.6111766
2016-09-20,SPY_rolling,0,1,1,0.49453114904990403,0.5446607718041708,0.6336438
2016-09-21,SPY_rolling,0,1,1,0.5376334894259434,0.5585454353790482,0.48316866
2016-09-22,SPY_rolling,0,0,1,0.5422271910193285,0.571256456785843,0.6490466
2016-09-23,SPY_rolling,0,0,1,0.5096017359173547,0.5568749172454823,0.5728057
2016-09-26,SPY_rolling,0,1,1,0.5010348076176573,0.5463715032845791,0.4545077
2016-09-27,SPY_rolling,0,1,1,0.5180534521147462,0.5668839011429295,0.5377695
2016-09-28,SPY_rolling,0,0,1,0.5414906653333598,0.5631475522070839,0.64052904
2016-09-29,SPY_rolling,0,1,1,0.5397307411783526,0.5525141598279097,0.5406536
2016-09-30,SPY_rolling,0,0,1,0.5614468718136415,0.5697866742533751,0.6563295
2016-10-03,SPY_rolling,0,0,1,0.516963241055727,0.567608917333291,0.6905436
2016-10-04,SPY_rolling,1,1,1,0.5247262779105314,0.5656410048713973,0.639857
2016-10-05,SPY_rolling,1,1,1,0.533788150828252,0.5685407055500483,0.71093994
2016-10-06,SPY_rolling,1,0,1,0.510307684714503,0.5632632619987694,0.584948
2016-10-07,SPY_rolling,0,0,1,0.525673226808314,0.5121161390502734,0.4028095
2016-10-10,SPY_rolling,0,0,1,0.5136181858957984,0.5238145780903753,0.4924374
2016-10-11,SPY_rolling,0,1,1,0.5297724262516945,0.5437109121282488,0.5902729
2016-10-12,SPY_rolling,0,1,1,0.5325619210068168,0.5279551491684187,0.5021428
2016-10-13,SPY_rolling,0,0,1,0.5275533799722987,0.5286497924743939,0.48357376
2016-10-14,SPY_rolling,0,0,1,0.5333167342901137,0.5253737202238239,0.46987644
2016-10-17,SPY_rolling,0,0,1,0.502371584433181,0.5141183101163577,0.47226182
2016-10-18,SPY_rolling,0,1,1,0.5185549920602809,0.511056456223768,0.36122367
2016-10-19,SPY_rolling,0,1,1,0.4951527826167818,0.5066627570191496,0.481151
2016-10-20,SPY_rolling,0,1,1,0.479218342491898,0.501633925437022,0.47067907
2016-10-21,SPY_rolling,0,0,1,0.49911316127665334,0.5050908372139782,0.3771355
2016-10-24,SPY_rolling,0,0,1,0.4903728029464099,0.48676172891621067,0.3792793
2016-10-25,SPY_rolling,0,1,1,0.47826266978958787,0.509422309831929,0.53019655
2016-10-26,SPY_rolling,0,0,1,0.4835379491433251,0.5009222928906648,0.45616886
2016-10-27,SPY_rolling,0,0,1,0.48861997146897435,0.5026037187796006,0.33724135
2016-10-28,SPY_rolling,0,0,1,0.5191528473471009,0.5356153366357302,0.57028925
2016-10-31,SPY_rolling,0,0,1,0.4755534972369204,0.506259615171212,0.5067122
2016-11-01,SPY_rolling,0,0,1,0.5041788604986361,0.5515989282599769,0.743618
2016-11-02,SPY_rolling,0,0,1,0.4866202002039096,0.5527495772914236,0.7887736
2016-11-03,SPY_rolling,0,0,1,0.4758621214554202,0.5343022615711756,0.6424484
2016-11-04,SPY_rolling,0,1,1,0.496123000110974,0.5497558403964956,0.6869883
2016-11-07,SPY_rolling,0,1,1,0.5892968881690771,0.5654034676310841,0.74868226
2016-11-08,SPY_rolling,0,1,1,0.5549747599959161,0.5278872785615368,0.54532784
2016-11-09,SPY_rolling,0,0,1,0.604120506107625,0.547511501513778,0.48544094
2016-11-10,SPY_rolling,0,1,1,0.5495338657932437,0.5580764130642831,0.5313871
2016-11-11,SPY_rolling,0,0,1,0.5150287962854099,0.5246186186891583,0.44527355
2016-11-14,SPY_rolling,0,1,1,0.5263774436255955,0.5151533525962364,0.47127312
2016-11-15,SPY_rolling,0,1,1,0.5418250362949957,0.5319706634796415,0.45005327
2016-11-16,SPY_rolling,0,1,1,0.5167189639277872,0.54580066406317,0.597549
2016-11-17,SPY_rolling,0,0,1,0.5391302253207557,0.5414282968912836,0.53533584
2016-11-18,SPY_rolling,0,1,1,0.5261446900758643,0.5462848051360595,0.5866539
2016-11-21,SPY_rolling,0,1,1,0.542347435144949,0.5478776859291447,0.48804483
2016-11-22,SPY_rolling,0,1,1,0.5373788677317292,0.5618364902132499,0.6922819
2016-11-23,SPY_rolling,0,1,1,0.5291266349666983,0.5606335733339949,0.5490808
2016-11-25,SPY_rolling,0,0,1,0.5377425089360802,0.5607272748617642,0.5990724
2016-11-28,SPY_rolling,0,1,1,0.5357560957812262,0.558636113907539,0.64333427
2016-11-29,SPY_rolling,0,0,1,0.5493148504359582,0.555779936938656,0.73096025
2016-11-30,SPY_rolling,0,0,1,0.5608252961800336,0.544471799117667,0.5740817
2016-12-01,SPY_rolling,0,1,1,0.5520531838214565,0.5244650929001505,0.51504993
2016-12-02,SPY_rolling,0,1,1,0.5622921413630025,0.5284718061512059,0.4724438
2016-12-05,SPY_rolling,0,1,1,0.5725776168747604,0.524637146925976,0.45661205
2016-12-06,SPY_rolling,0,1,1,0.536845713301083,0.5106599609796224,0.5501087
2016-12-07,SPY_rolling,0,1,1,0.5812070944883616,0.5426950494841234,0.41505694
2016-12-08,SPY_rolling,0,1,1,0.5423617394082568,0.5465812321217445,0.6183336
2016-12-09,SPY_rolling,0,0,1,0.5449043637329054,0.5455169038979164,0.4837911
2016-12-12,SPY_rolling,0,1,1,0.5520765860567153,0.547363892289334,0.50811607
2016-12-13,SPY_rolling,0,0,1,0.5762978057461089,0.563537570326979,0.5732112
2016-12-14,SPY_rolling,0,1,1,0.5685149564063035,0.5661580001857357,0.64392555
2016-12-15,SPY_rolling,0,0,1,0.5838181274636308,0.5523745485847058,0.56206787
2016-12-16,SPY_rolling,0,1,1,0.5807153185564754,0.54614834985389,0.6116585
2016-12-19,SPY_rolling,0,1,1,0.5562474165635458,0.5273890710346697,0.49892828
2016-12-20,SPY_rolling,0,0,1,0.5559673499688957,0.5311734480529272,0.4809499
2016-12-21,SPY_rolling,0,0,1,0.5133308277683346,0.4995875730845,0.5763872
2016-12-22,SPY_rolling,0,1,1,0.5110055785650078,0.49916216458009416,0.34996173
2016-12-23,SPY_rolling,0,1,1,0.5013559153277479,0.5119183150711949,0.5218908
2016-12-27,SPY_rolling,0,0,1,0.5144934446995814,0.5028032435105143,0.44335875
2016-12-28,SPY_rolling,0,0,1,0.510529762220648,0.5235764492845913,0.6353477
2016-12-29,SPY_rolling,0,0,1,0.5199623318013,0.5035758734904784,0.32985017
2016-12-30,SPY_rolling,0,1,1,0.5413266901071033,0.5304713468587624,0.59654087
2017-01-03,SPY_rolling,0,1,1,0.5481230311430945,0.49949212153959927,0.8443382
2017-01-04,SPY_rolling,0,1,1,0.5415477936181387,0.4756399074377424,0.3812256
2017-01-05,SPY_rolling,0,1,1,0.5031197767516731,0.41838219930685144,0.23226358
2017-01-06,SPY_rolling,0,0,1,0.4819511458717492,0.37082316938642096,0.06533503
2017-01-09,SPY_rolling,0,0,1,0.4541087122021013,0.33499013567161023,0.028285824
2017-01-10,SPY_rolling,0,1,1,0.46593066001867306,0.4634586736298324,0.5575472
2017-01-11,SPY_rolling,0,1,1,0.4829941690824646,0.44087848917755545,0.26448923
2017-01-12,SPY_rolling,0,1,1,0.4650949804267044,0.5082630668745026,0.6767716
2017-01-13,SPY_rolling,0,0,1,0.47522369461553066,0.4042463193933374,0.04754988
2017-01-17,SPY_rolling,0,1,1,0.45675185417374164,0.43107713495214306,0.16931854
2017-01-18,SPY_rolling,0,0,1,0.46320311638559014,0.47525351531848004,0.20904763
2017-01-19,SPY_rolling,0,1,1,0.46815800693666043,0.4078908759211777,0.15974426
2017-01-20,SPY_rolling,0,0,1,0.5121790653038802,0.5331188936481915,0.6067391
2017-01-23,SPY_rolling,0,1,1,0.47398536639416905,0.4859635564827291,0.5006823
2017-01-24,SPY_rolling,0,1,1,0.5018959360008152,0.44347949929822567,0.42409712
2017-01-25,SPY_rolling,0,0,1,0.5138032408801408,0.4105478370464447,0.20834644
2017-01-26,SPY_rolling,0,0,1,0.4709958689520477,0.4229224981970722,0.4806257
2017-01-27,SPY_rolling,0,0,1,0.47971549303469074,0.45642651980988236,0.5739014
2017-01-30,SPY_rolling,0,1,1,0.48907942720385966,0.42988914541226314,0.2613434
2017-01-31,SPY_rolling,0,1,1,0.5037121289258171,0.4483417216720283,0.25984994
2017-02-01,SPY_rolling,0,1,1,0.49462317053280186,0.3915730743405573,0.0859648
2017-02-02,SPY_rolling,0,1,1,0.47651244258879866,0.3737879665740946,0.19374382
2017-02-03,SPY_rolling,0,1,1,0.5064598134571789,0.4554907245359545,0.2680756
2017-02-06,SPY_rolling,0,0,1,0.4544337785680523,0.45072842278301906,0.42316526
2017-02-07,SPY_rolling,0,1,1,0.4574891842303574,0.4231812488623973,0.2367861
2017-02-08,SPY_rolling,0,1,1,0.45543776523128215,0.37425253704556477,0.047362633
2017-02-09,SPY_rolling,0,1,1,0.4783927555586298,0.38192605453800593,0.2666595
2017-02-10,SPY_rolling,0,1,1,0.4883039706094338,0.4142576956801519,0.229972
2017-02-13,SPY_rolling,0,1,1,0.47667419138663847,0.48383280949531615,0.35589993
2017-02-14,SPY_rolling,0,1,1,0.4863217133214594,0.44924707871656855,0.17220718
2017-02-15,SPY_rolling,0,0,1,0.49708773767225983,0.502560579792421,0.7074948
2017-02-16,SPY_rolling,0,1,1,0.5064628798440937,0.5027298982183103,0.4821401
2017-02-17,SPY_rolling,0,1,1,0.5099691104235616,0.5088520073320926,0.595188
2017-02-21,SPY_rolling,0,1,1,0.5405124496498701,0.4529749297052563,0.18468677
2017-02-22,SPY_rolling,0,0,1,0.5020405744895355,0.5493886759905964,0.5268906
2017-02-23,SPY_rolling,0,1,1,0.511370690266124,0.5274736465584663,0.5530888
2017-02-24,SPY_rolling,0,1,1,0.5168067498900641,0.5122436073333051,0.22404106
2017-02-27,SPY_rolling,0,0,1,0.4866869723181378,0.44357870764424034,0.22347596
2017-02-28,SPY_rolling,0,1,1,0.5319295977600016,0.5933859618579576,0.6837266
2017-03-01,SPY_rolling,0,0,1,0.6117933996009858,0.6611960752228535,0.94879943
2017-03-02,SPY_rolling,0,1,1,0.5445346073354765,0.5534832753301615,0.6036434
2017-03-03,SPY_rolling,0,1,1,0.5592490092021539,0.539262536027403,0.51868695
2017-03-06,SPY_rolling,0,0,1,0.531275576495311,0.6141640360160165,0.6154285
2017-03-07,SPY_rolling,0,0,1,0.5316686435620651,0.5975806983141898,0.37859225
2017-03-08,SPY_rolling,0,1,1,0.5342783331017507,0.5109901119577882,0.7987614
2017-03-09,SPY_rolling,0,0,1,0.5277286676513374,0.47796918286492407,0.72234046
2017-03-10,SPY_rolling,0,1,1,0.520843032682266,0.44559886005559995,0.42528763
2017-03-13,SPY_rolling,0,0,1,0.4868701785312646,0.394119864217267,0.27760756
2017-03-14,SPY_rolling,0,1,1,0.47071082968075106,0.42480004802776217,0.10479198
2017-03-15,SPY_rolling,0,0,1,0.518107036008695,0.45985587180595094,0.4058079
2017-03-16,SPY_rolling,0,0,1,0.4895072604746425,0.4091114382428563,0.17847781
2017-03-17,SPY_rolling,0,0,1,0.5027606421920627,0.47008132688471505,0.3360099
2017-03-20,SPY_rolling,0,0,1,0.4782970494515195,0.49816464675204836,0.5557199
2017-03-21,SPY_rolling,0,1,1,0.5162181258158924,0.5954351308945586,0.838496
2017-03-22,SPY_rolling,0,0,1,0.5213076552563675,0.5292867794979486,0.63805735
2017-03-23,SPY_rolling,0,0,1,0.5128892888674849,0.507117849003692,0.8060358
2017-03-24,SPY_rolling,0,1,1,0.5138404871835975,0.5528591660127224,0.78470886
2017-03-27,SPY_rolling,0,1,1,0.4940654350151352,0.5143939217605595,0.8367943
2017-03-28,SPY_rolling,0,1,1,0.48209717769887794,0.45060327713957016,0.65560925
2017-03-29,SPY_rolling,0,1,1,0.4324442122602633,0.39456821829176714,0.25292554
2017-03-30,SPY_rolling,0,0,1,0.4372230513096477,0.3520628994248692,0.08195198
2017-03-31,SPY_rolling,0,0,1,0.44268693870977655,0.4015414206112407,0.14985658
2017-04-03,SPY_rolling,0,1,1,0.4675930139303412,0.5435883055021431,0.3939467
2017-04-04,SPY_rolling,0,0,1,0.4545703981273247,0.3911869421967601,0.36903107
2017-04-05,SPY_rolling,0,1,1,0.5011659317992455,0.5361751558026322,0.4786502
2017-04-06,SPY_rolling,0,1,1,0.4803807658714788,0.3942505038775662,0.101376325
2017-04-07,SPY_rolling,0,0,1,0.4718223149900414,0.5191669752141389,0.26012
2017-04-10,SPY_rolling,0,1,1,0.4639187340959414,0.43720997051257,0.19829877
2017-04-11,SPY_rolling,0,0,1,0.48239289683298703,0.6028484159876456,0.71478325
2017-04-12,SPY_rolling,0,0,1,0.45409709938795856,0.4654759066814894,0.23075792
2017-04-13,SPY_rolling,0,1,1,0.46915407571326523,0.5732025060635394,0.69783705
2017-04-17,SPY_rolling,0,1,1,0.4890117932744171,0.5424688159898624,0.6045881
2017-04-18,SPY_rolling,0,0,1,0.48728502133482804,0.4834975363681682,0.25131956
2017-04-19,SPY_rolling,0,1,1,0.4673336854066558,0.5680795610699245,0.88117
2017-04-20,SPY_rolling,0,0,1,0.5144516527653381,0.5182846081702083,0.34668833
2017-04-21,SPY_rolling,0,0,1,0.503379419557906,0.46392104241469684,0.16327596
2017-04-24,SPY_rolling,0,1,1,0.5653076507625748,0.44815782519741537,0.16421375
2017-04-25,SPY_rolling,0,0,1,0.5065297268136478,0.43292989230256934,0.2265848
2017-04-26,SPY_rolling,0,0,1,0.49246521765597806,0.4273956403878721,0.32620272
2017-04-27,SPY_rolling,0,0,1,0.4760190468259972,0.3508302561669172,0.10565366
2017-04-28,SPY_rolling,0,0,1,0.46603451801089846,0.3870495661571994,0.13323942
2017-05-01,SPY_rolling,0,0,1,0.4942161265574377,0.45139968841495526,0.4163819
2017-05-02,SPY_rolling,0,0,1,0.4904030682031138,0.3337765824131922,0.054485094
2017-05-03,SPY_rolling,0,0,1,0.501493452848754,0.4806669177450365,0.2744922
2017-05-04,SPY_rolling,0,1,1,0.49512728818192003,0.3902541778944456,0.06229635
2017-05-05,SPY_rolling,0,0,1,0.49589354669707025,0.39311037074293126,0.2741225
2017-05-08,SPY_rolling,0,0,1,0.4809140005807381,0.3860827500271175,0.3142733
2017-05-09,SPY_rolling,0,1,1,0.483913433028276,0.3525735296109433,0.10022527
2017-05-10,SPY_rolling,0,1,1,0.4901272713787148,0.3545465187439854,0.11430916
2017-05-11,SPY_rolling,0,0,1,0.49611154157351733,0.528316849618446,0.73985857
2017-05-12,SPY_rolling,0,1,1,0.4920640741215026,0.4636122844949297,0.14541869
2017-05-15,SPY_rolling,0,0,1,0.5066901509263233,0.5525177551302983,0.29349947
2017-05-16,SPY_rolling,0,0,1,0.4844936273258203,0.5061164225496357,0.7807859
2017-05-17,SPY_rolling,0,1,1,0.5776604176477707,0.5509336393871692,0.82930046
2017-05-18,SPY_rolling,0,1,1,0.5547157024320303,0.5804984206333664,0.7340964
2017-05-19,SPY_rolling,0,1,1,0.5688221583078308,0.537557929441972,0.413695
2017-05-22,SPY_rolling,0,1,1,0.5325761438598038,0.5743943966167088,0.77028424
2017-05-23,SPY_rolling,0,1,1,0.5144433772709156,0.5263094023507161,0.5772451
2017-05-24,SPY_rolling,0,1,1,0.4608008914498716,0.4236419213654841,0.09079121
2017-05-25,SPY_rolling,0,1,1,0.4854047516420705,0.43540863127704665,0.18791682
2017-05-26,SPY_rolling,0,1,1,0.4795492318248924,0.4508193166166038,0.08200435
2017-05-30,SPY_rolling,0,0,1,0.4785747254598957,0.3849628363017514,0.5007271
2017-05-31,SPY_rolling,0,1,1,0.5180848489782702,0.5162030650312104,0.3945638
2017-06-01,SPY_rolling,0,1,1,0.5307963583758523,0.5011616099583144,0.611605
2017-06-02,SPY_rolling,0,1,1,0.5443852524412371,0.5029632028868984,0.42551872
2017-06-05,SPY_rolling,0,0,1,0.5054489920168088,0.5787221996440919,0.8008421
2017-06-06,SPY_rolling,0,1,1,0.5023841350860485,0.491606729562428,0.7334046
2017-06-07,SPY_rolling,0,1,1,0.510976119740708,0.49122462375699594,0.42687497
2017-06-08,SPY_rolling,0,0,1,0.5245681185629424,0.4552705360914552,0.17728744
2017-06-09,SPY_rolling,0,1,1,0.5623990021586593,0.5322859806506741,0.5331289
2017-06-12,SPY_rolling,0,1,1,0.5344300398599492,0.5272394858003111,0.3582578
2017-06-13,SPY_rolling,0,0,1,0.5187849572305083,0.41956959839306135,0.09873015
2017-06-14,SPY_rolling,0,1,1,0.5225926687600442,0.5279337762638309,0.5882445
2017-06-15,SPY_rolling,0,0,1,0.49701835510947395,0.65076728176617,0.95023876
2017-06-16,SPY_rolling,0,1,1,0.5067471453782261,0.5561205585330624,0.6154101
2017-06-19,SPY_rolling,0,0,1,0.5082221503411736,0.502617825335701,0.7789984
2017-06-20,SPY_rolling,0,0,1,0.4869258729981652,0.5910105089871373,0.85403955
2017-06-21,SPY_rolling,0,0,1,0.48889049162958487,0.5580370753468773,0.43618375
2017-06-22,SPY_rolling,0,1,1,0.4706115000749387,0.4195223063473255,0.35609692
2017-06-23,SPY_rolling,0,0,1,0.48898009386018065,0.597143984727073,0.8858216
2017-06-26,SPY_rolling,0,0,1,0.48843659837293424,0.5008651098200531,0.24116483
2017-06-27,SPY_rolling,0,1,1,0.4888720285208866,0.5208076917729789,0.45433423
2017-06-28,SPY_rolling,0,0,1,0.5179929741446859,0.5089907855320692,0.5422589
2017-06-29,SPY_rolling,0,0,1,0.5190893984086601,0.5887343024801512,0.669071
2017-06-30,SPY_rolling,0,0,1,0.5163049774429973,0.5249567159918029,0.16546129
2017-07-03,SPY_rolling,0,1,1,0.4521822751074855,0.5383208419769163,0.9253246
2017-07-05,SPY_rolling,0,0,1,0.464497070841864,0.476914328548122,0.69918084
2017-07-06,SPY_rolling,0,1,1,0.4837139196175838,0.4365663453571236,0.31073648
2017-07-07,SPY_rolling,0,1,1,0.4831367648878097,0.5668117075746842,0.94780135
2017-07-10,SPY_rolling,0,0,1,0.4496371799365733,0.5423651635215061,0.89889145
2017-07-11,SPY_rolling,0,1,1,0.47842152766261326,0.6079880945177171,0.93996304
2017-07-12,SPY_rolling,0,1,1,0.5156900905453818,0.4960600528496262,0.37843895
2017-07-13,SPY_rolling,0,1,1,0.46243326754217706,0.4369584982748506,0.4716144
2017-07-14,SPY_rolling,0,1,1,0.5213211078367309,0.5282865016049613,0.87836915
2017-07-17,SPY_rolling,0,1,1,0.46849534115394176,0.4481904769196363,0.68795085
2017-07-18,SPY_rolling,0,1,1,0.4689782670290081,0.508021582968487,0.83140004
2017-07-19,SPY_rolling,0,0,1,0.511561800713876,0.40764881585994084,0.06697573
2017-07-20,SPY_rolling,0,1,1,0.4997413927633554,0.42045655723227077,0.44184262
2017-07-21,SPY_rolling,0,1,1,0.5609651667534727,0.47680641439003907,0.47719365
2017-07-24,SPY_rolling,0,0,1,0.4979964186578255,0.4688611164861422,0.33263466
2017-07-25,SPY_rolling,0,0,1,0.5156998398412589,0.4038644351641444,0.04865199
2017-07-26,SPY_rolling,0,0,1,0.5143018622844712,0.40285537850409303,0.062725276
2017-07-27,SPY_rolling,0,1,1,0.5386962790959274,0.6176768294331031,0.74078697
2017-07-28,SPY_rolling,0,0,1,0.49682755378227617,0.4928053911373194,0.45293245
2017-07-31,SPY_rolling,0,0,1,0.5368692668242638,0.6423073024873744,0.71144557
2017-08-01,SPY_rolling,0,0,1,0.5161829350148917,0.5768912080918295,0.28339598
2017-08-02,SPY_rolling,0,0,1,0.4925831421476391,0.5069421922376297,0.17044176
2017-08-03,SPY_rolling,0,0,1,0.46363855024053396,0.4226497012721858,0.075854935
2017-08-04,SPY_rolling,0,1,1,0.5079571129115382,0.5796811083796146,0.5123524
2017-08-07,SPY_rolling,0,0,1,0.4327560647474918,0.4797470595832757,0.18427499
2017-08-08,SPY_rolling,0,1,1,0.5061858408195945,0.592691159887366,0.6565581
2017-08-09,SPY_rolling,0,0,1,0.4957993474993232,0.5410934507664842,0.2904732
2017-08-10,SPY_rolling,0,1,1,0.5619607599135298,0.6032348574526749,0.87160057
2017-08-11,SPY_rolling,0,1,1,0.5034085919594634,0.5795993259547739,0.7741826
2017-08-14,SPY_rolling,0,0,1,0.5366397072763618,0.5304847136833889,0.14206982
2017-08-15,SPY_rolling,0,0,1,0.4926726389201935,0.4939346327794288,0.33764485
2017-08-16,SPY_rolling,0,0,1,0.4926743445115812,0.5466353841488882,0.41655102
2017-08-17,SPY_rolling,0,0,1,0.5359768310072727,0.5670012353805534,0.9307744
2017-08-18,SPY_rolling,0,1,1,0.5435287961067613,0.5229973519089043,0.6961404
2017-08-21,SPY_rolling,0,1,1,0.49700181706183516,0.423803769195948,0.27312475
2017-08-22,SPY_rolling,0,1,1,0.5255584192901819,0.5641125765332912,0.8858474
2017-08-23,SPY_rolling,0,0,1,0.5014956091181845,0.5924938119242394,0.9498683
2017-08-24,SPY_rolling,0,0,1,0.47618838274645564,0.5329119423106795,0.7119018
2017-08-25,SPY_rolling,0,0,1,0.49466631160945257,0.42602893424257376,0.12830974
2017-08-28,SPY_rolling,0,1,1,0.46641990846701414,0.526345829333266,0.26298657
2017-08-29,SPY_rolling,0,1,1,0.5080996087750532,0.5394922336963213,0.7986014
2017-08-30,SPY_rolling,0,1,1,0.5226454163075418,0.45772045464993316,0.65498346
2017-08-31,SPY_rolling,0,0,1,0.5710435750064157,0.526322551773536,0.78741324
2017-09-01,SPY_rolling,0,0,1,0.5196211572972204,0.4991751278791023,0.37165728
2017-09-05,SPY_rolling,0,1,1,0.5232867149100945,0.5171443650094268,0.53738385
2017-09-06,SPY_rolling,0,0,1,0.5001525725870739,0.5809990960545437,0.87285054
2017-09-07,SPY_rolling,0,1,1,0.5059088637784477,0.5808277462963748,0.73780686
2017-09-08,SPY_rolling,0,1,1,0.5239755150455855,0.5119059558530359,0.36472207
2017-09-11,SPY_rolling,0,1,1,0.5636794097263678,0.45553546993834404,0.56223595
2017-09-12,SPY_rolling,0,1,1,0.5146254409413628,0.4648112443361507,0.19869229
2017-09-13,SPY_rolling,0,1,1,0.5155102326901411,0.46616109614307566,0.06526278
2017-09-14,SPY_rolling,0,1,1,0.5486550726470156,0.48451673994693734,0.30647907
2017-09-15,SPY_rolling,0,1,1,0.5362802598311807,0.546125532706974,0.90192336
2017-09-18,SPY_rolling,0,0,1,0.49294743628423837,0.3927324019795329,0.45049587
2017-09-19,SPY_rolling,0,0,1,0.50183313814175,0.3535068633876921,0.28156593
2017-09-20,SPY_rolling,0,0,1,0.5048098807043168,0.3902527754829596,0.10014605
2017-09-21,SPY_rolling,0,1,1,0.47480898840566005,0.49361207337566226,0.9357276
2017-09-22,SPY_rolling,0,0,1,0.48473452202235173,0.48651167577476456,0.51705366
2017-09-25,SPY_rolling,0,0,1,0.4948204031755605,0.5333759512943321,0.5393179
2017-09-26,SPY_rolling,0,1,1,0.4938742567192871,0.525721279460834,0.54196656
2017-09-27,SPY_rolling,0,1,1,0.5483459716291875,0.6199083072914819,0.6549669
2017-09-28,SPY_rolling,0,1,1,0.4721668514009374,0.398814735299682,0.17844045
2017-09-29,SPY_rolling,0,1,1,0.5469060633599003,0.5340370015661152,0.8265427
2017-10-02,SPY_rolling,0,1,1,0.4998456161592247,0.3471794410307979,0.10741875
2017-10-03,SPY_rolling,0,1,1,0.511934100868229,0.37088361641159723,0.037310913
2017-10-04,SPY_rolling,0,1,1,0.4852156904819499,0.28395882576489406,0.010221976
2017-10-05,SPY_rolling,0,1,1,0.5142415629411864,0.5256358016042646,0.60257334
2017-10-06,SPY_rolling,0,0,1,0.5394217394027503,0.5725530278186118,0.7393916
2017-10-09,SPY_rolling,0,1,1,0.42579168096712644,0.3508935581179464,0.10255576
2017-10-10,SPY_rolling,0,1,1,0.4506351408071586,0.3673252290017091,0.14111166
2017-10-11,SPY_rolling,0,0,1,0.4606004203653806,0.42180815552514744,0.35175106
2017-10-12,SPY_rolling,0,0,1,0.46760299674643685,0.4499215941116052,0.5060594
2017-10-13,SPY_rolling,0,1,1,0.49046391566205566,0.4043189313389086,0.15594156
2017-10-16,SPY_rolling,0,1,1,0.44453160092599703,0.3329329293495115,0.19101988
2017-10-17,SPY_rolling,0,0,1,0.4354451833152906,0.34309463081139413,0.14781928
2017-10-18,SPY_rolling,0,1,1,0.46324896761333395,0.3331733008588516,0.21592845
2017-10-19,SPY_rolling,0,1,1,0.5078868333465859,0.42425690255650556,0.31527424
2017-10-20,SPY_rolling,0,0,1,0.5710745665892747,0.5322359554082747,0.7155423
2017-10-23,SPY_rolling,0,0,1,0.5009281858290761,0.5905890947371959,0.777938
2017-10-24,SPY_rolling,0,0,1,0.5152525896477388,0.5963607859331999,0.46546218
2017-10-25,SPY_rolling,0,0,1,0.5653724286363879,0.620027461356828,0.8395759
2017-10-26,SPY_rolling,0,1,1,0.5101031863075048,0.583051177319192,0.7334677
2017-10-27,SPY_rolling,0,1,1,0.5666151015431192,0.5627584350763691,0.7024419
2017-10-30,SPY_rolling,0,0,1,0.47656409442047104,0.44548996518457473,0.1664212
2017-10-31,SPY_rolling,0,0,1,0.4983639349067928,0.5172366175051453,0.59406686
2017-11-01,SPY_rolling,0,1,1,0.4789331132435205,0.48836321516728654,0.39640576
2017-11-02,SPY_rolling,0,1,1,0.4737732468755331,0.4520409035572907,0.5690358
2017-11-03,SPY_rolling,0,1,1,0.5066307054504777,0.5184649359970809,0.74474597
2017-11-06,SPY_rolling,0,0,1,0.4795744142217577,0.3347615654980957,0.021545038
2017-11-07,SPY_rolling,0,1,1,0.48705866917057555,0.3187961328754177,0.056930795
2017-11-08,SPY_rolling,0,1,1,0.4765138973647574,0.3284032049058023,0.083049305
2017-11-09,SPY_rolling,0,1,1,0.5475520872255314,0.6032080752309301,0.91622823
2017-11-10,SPY_rolling,0,1,1,0.48996914934011476,0.42589773179061213,0.06413616
2017-11-13,SPY_rolling,0,1,1,0.47350534077141887,0.4929277366872135,0.5333095
2017-11-14,SPY_rolling,0,0,1,0.48417610439362946,0.47074299206226117,0.40960848
2017-11-15,SPY_rolling,0,1,1,0.5220305240528366,0.6194686023731273,0.87778753
2017-11-16,SPY_rolling,0,0,1,0.5171059596036752,0.5213351245288088,0.3814329
2017-11-17,SPY_rolling,0,1,1,0.5100179137053136,0.5280503005694903,0.19138141
2017-11-20,SPY_rolling,0,1,1,0.45870850062444124,0.4800886091157638,0.10393145
2017-11-21,SPY_rolling,0,0,1,0.5168474261317151,0.43935970703600985,0.24697864
2017-11-22,SPY_rolling,0,1,1,0.4402744411973485,0.33984872390199916,0.05260297
2017-11-24,SPY_rolling,0,0,1,0.4315812220506949,0.43894850558250953,0.58404523
2017-11-27,SPY_rolling,0,1,1,0.46704216128440057,0.45648540044567004,0.47046608
2017-11-28,SPY_rolling,0,0,1,0.5964937439768351,0.5643367159009325,0.5776769
2017-11-29,SPY_rolling,0,1,1,0.5374797681488003,0.60418101956305,0.95421696
2017-11-30,SPY_rolling,0,0,1,0.6233092077994858,0.5853210406236824,0.44504374
2017-12-01,SPY_rolling,0,0,1,0.6108365075746902,0.626423826849456,0.5680451
2017-12-04,SPY_rolling,0,0,1,0.5221999578221136,0.5891767307270785,0.78376216
2017-12-05,SPY_rolling,0,0,1,0.5133008800133986,0.5610150897886322,0.639905
2017-12-06,SPY_rolling,0,0,1,0.5146269495787393,0.5679634294259942,0.78694177
2017-12-07,SPY_rolling,0,1,1,0.5403665703812931,0.49793688989319207,0.6017911
2017-12-08,SPY_rolling,0,0,1,0.544915844008135,0.5706932000440256,0.63992935
2017-12-11,SPY_rolling,0,0,1,0.5460989744645226,0.6568663509642778,0.9443073
2017-12-12,SPY_rolling,0,0,1,0.5395079094407159,0.6243653744424322,0.71398574
2017-12-13,SPY_rolling,0,0,1,0.5521192622089617,0.6766839711788952,0.9105556
2017-12-14,SPY_rolling,0,1,1,0.5397143352834609,0.6999410347679087,0.9829914
2017-12-15,SPY_rolling,0,1,1,0.6043600219157748,0.596548309227398,0.7151461
2017-12-18,SPY_rolling,0,0,1,0.5428532717757224,0.48200032748737065,0.597036
2017-12-19,SPY_rolling,0,0,1,0.5199579645338478,0.47370949828707454,0.14976825
2017-12-20,SPY_rolling,0,0,1,0.508002114584016,0.42807156817242126,0.11934641
2017-12-21,SPY_rolling,0,0,1,0.4924784969871491,0.4104481053057758,0.22059745
2017-12-22,SPY_rolling,0,1,1,0.509770738384255,0.49304101657447125,0.22402929
2017-12-26,SPY_rolling,0,0,1,0.47783517028195216,0.5032707942580551,0.614752
2017-12-27,SPY_rolling,0,0,1,0.47966344092171026,0.3532305984092838,0.20302254
2017-12-28,SPY_rolling,0,0,1,0.4704890322581245,0.3047451146875354,0.051967774
2017-12-29,SPY_rolling,0,1,1,0.5112848157270584,0.6153116948177308,0.9175279
2018-01-02,SPY_rolling,0,1,1,0.5292740619040712,0.5553632036091748,0.57429755
2018-01-03,SPY_rolling,0,1,1,0.5330863015524618,0.490927697807923,0.43972784
2018-01-04,SPY_rolling,0,1,1,0.5158796262245127,0.5462974280905756,0.6274143
2018-01-05,SPY_rolling,0,1,1,0.5263607331034241,0.5140054323255348,0.5706107
2018-01-08,SPY_rolling,0,1,1,0.47705308923551587,0.46716908126321255,0.45873863
2018-01-09,SPY_rolling,0,1,1,0.48344314349478457,0.4494212703260507,0.44014832
2018-01-10,SPY_rolling,0,1,1,0.5022344552218478,0.5269499703505213,0.4716872
2018-01-11,SPY_rolling,0,1,1,0.511707182943038,0.5484023927150872,0.55252755
2018-01-12,SPY_rolling,0,0,1,0.5621329311944421,0.556494363801414,0.64097846
2018-01-16,SPY_rolling,0,1,1,0.5713947137516032,0.6165382709442155,0.7158936
2018-01-17,SPY_rolling,0,0,1,0.6062189517860365,0.47020308374096675,0.2261686
2018-01-18,SPY_rolling,0,1,1,0.5572181876396722,0.5327580702838974,0.42559376
2018-01-19,SPY_rolling,0,1,1,0.6176471053566646,0.47860667433268095,0.27943087
2018-01-22,SPY_rolling,0,1,1,0.5656440558254912,0.4728435707424359,0.36579543
2018-01-23,SPY_rolling,0,0,1,0.5568929904268208,0.5720846920063232,0.625482
2018-01-24,SPY_rolling,0,0,1,0.606871709507056,0.5851780861071062,0.57224935
2018-01-25,SPY_rolling,0,1,1,0.5423480555388865,0.5841990485897801,0.5097426
2018-01-26,SPY_rolling,0,0,1,0.5914309387666309,0.507218983467739,0.4833602
2018-01-29,SPY_rolling,0,0,1,0.5536554960772813,0.5974253162439159,0.62809205
2018-01-30,SPY_rolling,0,0,1,0.6137685450550316,0.678076258541063,0.85452247
2018-01-31,SPY_rolling,0,1,1,0.5871404500667827,0.620454534389829,0.8733703
2018-02-01,SPY_rolling,0,0,1,0.5539706593245519,0.5185593970875414,0.5478903
2018-02-02,SPY_rolling,0,0,1,0.6551128940249353,0.3862242390414168,0.21237795
2018-02-05,SPY_rolling,1,1,1,0.6960255502127568,0.44221030439384057,0.2534351
2018-02-06,SPY_rolling,1,0,1,0.7435609361355916,0.5724724292707204,0.48566943
2018-02-07,SPY_rolling,1,0,1,0.6410766884932125,0.7015678589433756,0.8737661
2018-02-08,SPY_rolling,1,1,1,0.6595139167761844,0.4866412652615178,0.6850451
2018-02-09,SPY_rolling,1,1,1,0.6976663674937634,0.6869387615208896,0.90595454
2018-02-12,SPY_rolling,1,1,1,0.5953332621952255,0.5153784445750947,0.3468725
2018-02-13,SPY_rolling,1,1,1,0.5908695723243239,0.5841550026832959,0.6200572
2018-02-14,SPY_rolling,1,1,1,0.6062622581241673,0.48589942249137313,0.3305728
2018-02-15,SPY_rolling,1,1,1,0.5891890159173867,0.501505538993893,0.2908192
2018-02-16,SPY_rolling,1,0,1,0.6058666279572555,0.5249140732694095,0.59573644
2018-02-20,SPY_rolling,1,0,1,0.5779738491877554,0.6098000826618021,0.6142302
2018-02-21,SPY_rolling,1,0,1,0.5861260450484163,0.5940480087512955,0.6849815
2018-02-22,SPY_rolling,1,1,1,0.6251848800959804,0.5461481386676604,0.48117763
2018-02-23,SPY_rolling,1,1,1,0.6592440001222302,0.5535483315449864,0.5420692
2018-02-26,SPY_rolling,1,0,1,0.6411792328405376,0.5251521831960191,0.20817645
2018-02-27,SPY_rolling,1,0,1,0.6099482863228803,0.550479291682644,0.5781164
2018-02-28,SPY_rolling,1,0,1,0.6236473939440482,0.5402027040461662,0.6983164
2018-03-01,SPY_rolling,1,1,1,0.6407885733052798,0.5233767515760767,0.81574994
2018-03-02,SPY_rolling,1,1,1,0.6811273774032414,0.570750369202343,0.5152797
2018-03-05,SPY_rolling,1,0,1,0.7010660723338261,0.5619099006417695,0.49566942
2018-03-06,SPY_rolling,1,1,1,0.6575800905167238,0.63521180375511,0.7307159
2018-03-07,SPY_rolling,1,1,1,0.6190708229133145,0.5790035473739561,0.5553071
2018-03-08,SPY_rolling,1,1,1,0.611394321616771,0.544103535588615,0.50593185
2018-03-09,SPY_rolling,1,0,1,0.6379333511370339,0.5621307711149114,0.4375252
2018-03-12,SPY_rolling,1,0,1,0.5746963646702602,0.7374887316833543,0.72507554
2018-03-13,SPY_rolling,1,0,1,0.5759730121820745,0.6094797510567175,0.59509796
2018-03-14,SPY_rolling,1,0,1,0.5897694827225792,0.5686376410874866,0.6992102
2018-03-15,SPY_rolling,1,0,1,0.5611513524901814,0.5945300931110207,0.567995
2018-03-16,SPY_rolling,1,0,1,0.6049705645057739,0.5123983177871885,0.5687343
2018-03-19,SPY_rolling,1,1,1,0.6004145024219608,0.5262715028217628,0.33097708
2018-03-20,SPY_rolling,1,0,1,0.5553653313948731,0.579206899496512,0.858454
2018-03-21,SPY_rolling,1,0,1,0.5708800331348711,0.5711306153761214,0.72131807
2018-03-22,SPY_rolling,1,0,1,0.628093231751172,0.4524972216672925,0.5972248
2018-03-23,SPY_rolling,1,1,1,0.6456485067686036,0.45215439015306125,0.5474849
2018-03-26,SPY_rolling,1,0,1,0.6455328157455636,0.64372926662433,0.8421886
2018-03-27,SPY_rolling,1,0,1,0.5904634340381303,0.6291736384248475,0.8532632
2018-03-28,SPY_rolling,1,1,1,0.6279543085992055,0.7180368082168906,0.8270577
2018-03-29,SPY_rolling,1,0,1,0.6006959012282402,0.6345171804774494,0.79873604
2018-04-02,SPY_rolling,1,1,1,0.5598658983411249,0.5540714091686594,0.6249098
2018-04-03,SPY_rolling,1,1,1,0.6141773061920671,0.6077423281951467,0.5297474
2018-04-04,SPY_rolling,1,1,1,0.5954253498115015,0.6016991756188406,0.65569115
2018-04-05,SPY_rolling,1,0,1,0.553035995731502,0.5854758708431802,0.6775816
2018-04-06,SPY_rolling,1,0,1,0.575624417896291,0.5303820974990789,0.350974
2018-04-09,SPY_rolling,1,1,1,0.5386547765517723,0.565258621371255,0.6097302
2018-04-10,SPY_rolling,1,1,1,0.5745785789013738,0.6205302312531045,0.7125247
2018-04-11,SPY_rolling,1,1,1,0.5393076828357983,0.5667868712775795,0.5687378
2018-04-12,SPY_rolling,1,0,1,0.564905789296639,0.5894177557344369,0.6082742
2018-04-13,SPY_rolling,1,1,1,0.5483432887922115,0.5391206688394639,0.58455986
2018-04-16,SPY_rolling,1,1,1,0.5594869595374427,0.5434309966003756,0.48106736
2018-04-17,SPY_rolling,1,0,1,0.59604356438532,0.4577527443895046,0.24382108
2018-04-18,SPY_rolling,1,0,1,0.5663081838769749,0.5378554605868695,0.48863646
2018-04-19,SPY_rolling,1,0,1,0.574020576721178,0.5438534938576324,0.5832327
2018-04-20,SPY_rolling,1,0,1,0.5816292673762998,0.46307095794291314,0.5898465
2018-04-23,SPY_rolling,1,0,1,0.5915513595155495,0.5150899298724128,0.7079699
2018-04-24,SPY_rolling,1,1,1,0.5927909650917227,0.5639427723949602,0.52910197
2018-04-25,SPY_rolling,1,1,1,0.6234659061239951,0.5438914261676177,0.5123883
2018-04-26,SPY_rolling,1,0,1,0.6019726668868567,0.5454690327546546,0.6995659
2018-04-27,SPY_rolling,1,0,1,0.5589815807603773,0.5561418720004285,0.61381155
2018-04-30,SPY_rolling,1,1,1,0.564347756862682,0.4989695981332323,0.48214126
2018-05-01,SPY_rolling,1,0,1,0.5580664556149382,0.5279859957306584,0.5076745
2018-05-02,SPY_rolling,1,1,1,0.5463390712517611,0.47915010787047274,0.38553566
2018-05-03,SPY_rolling,1,1,1,0.6160153137409697,0.6685438822954234,0.7521289
2018-05-04,SPY_rolling,0,1,1,0.5987451530596948,0.5772980665170353,0.5859093
2018-05-07,SPY_rolling,0,1,1,0.5245481610143911,0.5093943613319633,0.5980852
2018-05-08,SPY_rolling,0,1,1,0.5173192359275078,0.5192594526015599,0.485927
2018-05-09,SPY_rolling,0,1,1,0.5261872691369579,0.5816600625993051,0.68507296
2018-05-10,SPY_rolling,0,1,1,0.5340154654510155,0.5321775572252598,0.66791654
2018-05-11,SPY_rolling,0,0,1,0.5232321893541503,0.5882608547857034,0.7673366
2018-05-14,SPY_rolling,0,0,1,0.5042878740810841,0.583496823874557,0.6931067
2018-05-15,SPY_rolling,0,1,1,0.5125749574120442,0.49326768478066746,0.532716
2018-05-16,SPY_rolling,0,1,1,0.5045835740940021,0.49705974017193644,0.36414927
2018-05-17,SPY_rolling,0,0,1,0.5184334038937923,0.6314030899032219,0.72013104
2018-05-18,SPY_rolling,0,1,1,0.5348709945945922,0.4924683567026721,0.3665021
2018-05-21,SPY_rolling,0,0,1,0.5441612928986518,0.6062163803187611,0.7472213
2018-05-22,SPY_rolling,0,1,1,0.513278479892149,0.5049105537697839,0.43510634
2018-05-23,SPY_rolling,0,0,1,0.5465775084724419,0.4862434796973572,0.33886585
2018-05-24,SPY_rolling,0,0,1,0.5414125216446307,0.5695775857030957,0.5254536
2018-05-25,SPY_rolling,0,0,1,0.5089687133207903,0.4832295048278823,0.4379755
2018-05-29,SPY_rolling,0,1,1,0.5871410640186228,0.5881617111144163,0.27047956
2018-05-30,SPY_rolling,0,0,1,0.5663065761391649,0.5314837517090095,0.40680817
2018-05-31,SPY_rolling,0,1,1,0.5659768849954018,0.6177253993307662,0.6607236
2018-06-01,SPY_rolling,0,1,1,0.570715235833443,0.5376597551341301,0.45657894
2018-06-04,SPY_rolling,0,1,1,0.5010217771889,0.5072258806455977,0.41421092
2018-06-05,SPY_rolling,0,1,1,0.49536894491929057,0.5239769850813069,0.5682849
2018-06-06,SPY_rolling,0,0,1,0.550611949359481,0.6197262317535793,0.73811644
2018-06-07,SPY_rolling,0,1,1,0.5379350532189658,0.569976137025058,0.6367046
2018-06-08,SPY_rolling,0,1,1,0.5459910182841475,0.589504842238511,0.58784103
2018-06-11,SPY_rolling,0,0,1,0.5214419104495698,0.5959158401619882,0.6783576
2018-06-12,SPY_rolling,0,0,1,0.5425058572742961,0.581191547816865,0.6984835
2018-06-13,SPY_rolling,0,0,1,0.5617562690861414,0.6429437151077653,0.80113757
2018-06-14,SPY_rolling,0,1,1,0.563501162756723,0.547001588047936,0.41604364
2018-06-15,SPY_rolling,0,1,1,0.6160621639610131,0.6206424682788132,0.61836696
2018-06-18,SPY_rolling,0,1,1,0.5202486496071757,0.4349226557605912,0.19584349
2018-06-19,SPY_rolling,0,0,1,0.5744619821141287,0.5682984450433127,0.6182877
2018-06-20,SPY_rolling,0,0,1,0.5206699195591653,0.4898908089947384,0.20303282
2018-06-21,SPY_rolling,0,0,1,0.5331958601973468,0.43659250825900175,0.29559988
2018-06-22,SPY_rolling,0,0,1,0.5272073615093863,0.5178460633516346,0.5349754
2018-06-25,SPY_rolling,0,0,1,0.5940188015415748,0.627186165376948,0.63675445
2018-06-26,SPY_rolling,0,0,1,0.5442695076778472,0.46164823475032224,0.32287258
2018-06-27,SPY_rolling,0,1,1,0.5569622330577415,0.6646953774259478,0.7470066
2018-06-28,SPY_rolling,0,0,1,0.545360496692466,0.5564164705466642,0.5495625
2018-06-29,SPY_rolling,0,1,1,0.5517470663992551,0.6126017767964855,0.69922316
2018-07-02,SPY_rolling,0,0,1,0.5107999341739757,0.5137302836158381,0.44133598
2018-07-03,SPY_rolling,0,1,1,0.467721850537406,0.47557948403427586,0.5715553
2018-07-05,SPY_rolling,0,1,1,0.5140883854400056,0.5861075652366664,0.57185173
2018-07-06,SPY_rolling,0,1,1,0.5219083881175491,0.6002149003695286,0.62070996
2018-07-09,SPY_rolling,0,1,1,0.49800901767533284,0.4303573548327837,0.44577858
2018-07-10,SPY_rolling,0,0,1,0.4832343085206507,0.5356052929174556,0.53402156
2018-07-11,SPY_rolling,0,1,1,0.4917423393588152,0.4287250589895911,0.43571717
2018-07-12,SPY_rolling,0,1,1,0.5201019001277727,0.5371148790582072,0.6352901
2018-07-13,SPY_rolling,0,0,1,0.4805975723508262,0.4847259367020928,0.5066516
2018-07-16,SPY_rolling,0,1,1,0.4810453221532586,0.5183851463241602,0.6662063
2018-07-17,SPY_rolling,0,1,1,0.4999208322810771,0.4840835784267202,0.5160404
2018-07-18,SPY_rolling,0,0,1,0.49594197640875654,0.5530616388671651,0.6354344
2018-07-19,SPY_rolling,0,0,1,0.5054901688993505,0.533298792037687,0.578362
2018-07-20,SPY_rolling,0,1,1,0.546317047587851,0.617684637453229,0.7469006
2018-07-23,SPY_rolling,0,0,1,0.5075536553289117,0.5346851927507017,0.643317
2018-07-24,SPY_rolling,0,1,1,0.547441828038274,0.5803110407697816,0.4854808
2018-07-25,SPY_rolling,0,1,1,0.567433408203282,0.595636222858668,0.67398715
2018-07-26,SPY_rolling,0,0,1,0.5095694933880945,0.5040400402286915,0.5066006
2018-07-27,SPY_rolling,0,0,1,0.5448639269250327,0.6126129713048853,0.7368703
2018-07-30,SPY_rolling,0,1,1,0.5353965014142918,0.5728690026557209,0.60435647
2018-07-31,SPY_rolling,0,0,1,0.5729541710713691,0.6118148004070331,0.7282279
2018-08-01,SPY_rolling,0,1,1,0.5188725635125265,0.5615411512529539,0.802717
2018-08-02,SPY_rolling,0,1,1,0.55208782047209,0.5628307193795321,0.68651134
2018-08-03,SPY_rolling,0,1,1,0.5170169503437224,0.5474102978630954,0.72061586
2018-08-06,SPY_rolling,0,1,1,0.4755137217106184,0.43162536961821996,0.42364123
2018-08-07,SPY_rolling,0,1,1,0.4834393643809258,0.4272127055705089,0.4000477
2018-08-08,SPY_rolling,0,0,1,0.4807994315461192,0.414784862234443,0.23382136
2018-08-09,SPY_rolling,0,0,1,0.4612605391909509,0.4619066379991933,0.4191198
2018-08-10,SPY_rolling,0,0,1,0.5440974713800911,0.5930720500726727,0.73343086
2018-08-13,SPY_rolling,0,1,1,0.5319432337884507,0.6024124338036696,0.6354829
2018-08-14,SPY_rolling,0,0,1,0.5030897729952313,0.4420603734824879,0.34892085
2018-08-15,SPY_rolling,0,1,1,0.576180317664315,0.5268338122002864,0.5846649
2018-08-16,SPY_rolling,0,1,1,0.5548034757578444,0.5923115343812128,0.62305266
2018-08-17,SPY_rolling,0,1,1,0.5359859773336323,0.5441807930353405,0.5899712
2018-08-20,SPY_rolling,0,1,1,0.4849469477692169,0.3744327823639132,0.18119629
2018-08-21,SPY_rolling,0,1,1,0.5323030080287509,0.512450700690059,0.45506498
2018-08-22,SPY_rolling,0,0,1,0.48517506707132924,0.5082998367745991,0.56695443
2018-08-23,SPY_rolling,0,1,1,0.49757300357127493,0.4869001115732247,0.67032003
2018-08-24,SPY_rolling,0,1,1,0.5344367251504343,0.5158931360611806,0.44922653
2018-08-27,SPY_rolling,0,0,1,0.5356596608739203,0.5653910092622896,0.5953365
2018-08-28,SPY_rolling,0,1,1,0.49297456806299134,0.5356973225171673,0.47518834
2018-08-29,SPY_rolling,0,0,1,0.5373012821863119,0.5663062481027817,0.49295694
2018-08-30,SPY_rolling,0,1,1,0.5122406805654698,0.4191404694880877,0.30703616
2018-08-31,SPY_rolling,0,0,1,0.532510735163821,0.5268805259342012,0.46104324
2018-09-04,SPY_rolling,0,0,1,0.5103695176162824,0.4693665059875039,0.37508178
2018-09-05,SPY_rolling,0,0,1,0.5357375115510677,0.598642876941909,0.67263126
2018-09-06,SPY_rolling,0,1,1,0.5263556733136415,0.572421245345651,0.5320068
2018-09-07,SPY_rolling,0,0,1,0.5472656638728113,0.49919028963277756,0.34958762
2018-09-10,SPY_rolling,0,1,1,0.5072499454755416,0.5082161131771917,0.5687745
2018-09-11,SPY_rolling,0,1,1,0.5116203056229244,0.503024868240397,0.59860927
2018-09-12,SPY_rolling,0,1,1,0.5165483937872201,0.446578312205181,0.39293295
2018-09-13,SPY_rolling,0,0,1,0.5103091446720803,0.5625220272917884,0.6074561
2018-09-14,SPY_rolling,0,0,1,0.5035450636971113,0.5274931590136115,0.55526584
2018-09-17,SPY_rolling,0,1,1,0.534861418046004,0.6442216422090403,0.8149026
2018-09-18,SPY_rolling,0,1,1,0.5386457269221546,0.5708008934202969,0.72251725
2018-09-19,SPY_rolling,0,1,1,0.47873588448244325,0.455490126133045,0.43326578
2018-09-20,SPY_rolling,0,0,1,0.629887258446824,0.47114796483243365,0.44572714
2018-09-21,SPY_rolling,0,0,1,0.5911076254076059,0.5073074918845789,0.54993826
2018-09-24,SPY_rolling,0,0,1,0.4820101698014219,0.44617407319682817,0.5038513
2018-09-25,SPY_rolling,0,0,1,0.4664988656098617,0.4937254120228976,0.59128124
2018-09-26,SPY_rolling,0,1,1,0.5306253004339149,0.6442183184165954,0.87675285
2018-09-27,SPY_rolling,0,1,1,0.50214404361152,0.5259100160044357,0.5769664
2018-09-28,SPY_rolling,0,0,1,0.5153471991917937,0.5880154237091195,0.5893731
2018-10-01,SPY_rolling,0,0,1,0.5127358278566402,0.5234173443011504,0.51756585
2018-10-02,SPY_rolling,0,0,1,0.4848327499278813,0.4996032203087456,0.38999736
2018-10-03,SPY_rolling,0,0,1,0.5135907838550431,0.5789388434855732,0.6763106
2018-10-04,SPY_rolling,0,0,1,0.563111526154716,0.5614666332884206,0.3497602
2018-10-05,SPY_rolling,0,1,1,0.566210413719178,0.6314308810601335,0.411915
2018-10-08,SPY_rolling,0,1,1,0.5540070331775474,0.6966383844205968,0.8682067
2018-10-09,SPY_rolling,0,0,1,0.5305426367859777,0.5118394570363628,0.70607626
2018-10-10,SPY_rolling,1,0,1,0.5985076717435415,0.48699147247755215,0.6126679
2018-10-11,SPY_rolling,1,0,1,0.634157606351996,0.5886897334129962,0.73123866
2018-10-12,SPY_rolling,1,0,1,0.664884584469254,0.7358080180790783,0.8740784
2018-10-15,SPY_rolling,1,1,1,0.582529346546808,0.6566241866130169,0.7235292
2018-10-16,SPY_rolling,1,1,1,0.6282074422686331,0.666406363514333,0.7023468
2018-10-17,SPY_rolling,1,0,1,0.5554813676686569,0.5790211818185004,0.48828536
2018-10-18,SPY_rolling,1,0,1,0.5394869283350721,0.5839133851287756,0.58171725
2018-10-19,SPY_rolling,1,0,1,0.5763943798424571,0.666815586067811,0.81664544
2018-10-22,SPY_rolling,1,1,1,0.5503701093217611,0.5794755722878396,0.7920086
2018-10-23,SPY_rolling,1,0,1,0.5588340441230037,0.7055418061388469,0.80755544
2018-10-24,SPY_rolling,1,1,1,0.5506750121098006,0.5874015341724325,0.5757569
2018-10-25,SPY_rolling,1,0,1,0.6366576392662536,0.6941444108404975,0.83458716
2018-10-26,SPY_rolling,1,0,1,0.5814646063993654,0.6225943736745622,0.6364642
2018-10-29,SPY_rolling,1,1,1,0.5871964332756697,0.7068643873610619,0.6802309
2018-10-30,SPY_rolling,1,0,1,0.6136962372437936,0.6773296954458282,0.75819176
2018-10-31,SPY_rolling,1,1,1,0.5638222313683057,0.5895498470609873,0.54878724
2018-11-01,SPY_rolling,1,0,1,0.5395753088112851,0.549533516218464,0.61105746
2018-11-02,SPY_rolling,1,1,1,0.5142945044049059,0.5955140311646971,0.85038835
2018-11-05,SPY_rolling,1,1,1,0.5160095675483788,0.6135570988991804,0.7711436
2018-11-06,SPY_rolling,1,1,1,0.5122102810233443,0.5494287485030032,0.5306375
2018-11-07,SPY_rolling,1,1,1,0.5704019673730739,0.4425511951501205,0.29552758
2018-11-08,SPY_rolling,1,0,1,0.5113409100478021,0.582557587290856,0.6561466
2018-11-09,SPY_rolling,1,0,1,0.5259519490513364,0.5399073272893434,0.6005575
2018-11-12,SPY_rolling,1,0,1,0.5456566058857041,0.44117785352171834,0.5011318
2018-11-13,SPY_rolling,1,0,1,0.5717460002621064,0.5904906869190187,0.614203
2018-11-14,SPY_rolling,1,1,1,0.5594084214555572,0.5504079437879837,0.58644545
2018-11-15,SPY_rolling,1,1,1,0.6015977221211238,0.5677536750197418,0.6057551
2018-11-16,SPY_rolling,1,0,1,0.5681022114954921,0.582754160434042,0.65996677
2018-11-19,SPY_rolling,1,0,1,0.5260977149440014,0.46959756695026783,0.47144714
2018-11-20,SPY_rolling,1,0,1,0.5723116453843502,0.46355201082572856,0.43677145
2018-11-21,SPY_rolling,1,1,1,0.5970018459588143,0.5611512342774833,0.7197197
2018-11-23,SPY_rolling,1,1,1,0.5371071091591211,0.5528782890375004,0.6333719
2018-11-26,SPY_rolling,1,1,1,0.6068167913751988,0.5414906806720232,0.57329816
2018-11-27,SPY_rolling,1,1,1,0.5655905609109348,0.6630821750026956,0.78182745
2018-11-28,SPY_rolling,1,1,1,0.6234838748260882,0.5611841984161403,0.53923047
2018-11-29,SPY_rolling,1,1,1,0.5303814698926994,0.494310268400644,0.46024472
2018-11-30,SPY_rolling,1,0,1,0.5572989286774978,0.5074683867875134,0.45614606
2018-12-03,SPY_rolling,1,0,1,0.5775516051905261,0.4751808277066733,0.2911594
2018-12-04,SPY_rolling,1,1,1,0.5863578959797298,0.375594968327523,0.11017125
2018-12-06,SPY_rolling,1,0,1,0.6567276826902168,0.5580617477846094,0.4208602
2018-12-07,SPY_rolling,1,1,1,0.5864981522615039,0.47613957849084254,0.2512963
2018-12-10,SPY_rolling,1,0,1,0.6291037663300942,0.6340488773207756,0.7323388
2018-12-11,SPY_rolling,1,0,1,0.5906680989441232,0.5916694203409308,0.64832234
2018-12-12,SPY_rolling,1,0,1,0.5747820942006846,0.6058746885788603,0.68897694
2018-12-13,SPY_rolling,1,0,1,0.5558053466871056,0.5854453107275731,0.5488047
2018-12-14,SPY_rolling,1,0,1,0.5450079627221797,0.49020324209514615,0.4753097
2018-12-17,SPY_rolling,1,0,1,0.5870700603342001,0.540890980303084,0.57571995
2018-12-18,SPY_rolling,1,0,1,0.6066231079528587,0.6533767576562065,0.7593736
2018-12-19,SPY_rolling,1,0,1,0.6174677740698131,0.6264006253576202,0.7047205
2018-12-20,SPY_rolling,1,0,1,0.629952421804505,0.5996260472024358,0.79734915
2018-12-21,SPY_rolling,1,0,1,0.6203481576129134,0.5526475154153877,0.794007
2018-12-24,SPY_rolling,1,1,1,0.5868439820281405,0.5295500032368535,0.45069095
2018-12-26,SPY_rolling,1,1,1,0.7563773477326199,0.7145299789447187,0.83733594
2018-12-27,SPY_rolling,1,0,1,0.6317924065822963,0.6720032612985398,0.7758702
2018-12-28,SPY_rolling,1,1,1,0.5740932593712006,0.4742910319518234,0.2419906
2018-12-31,SPY_rolling,1,1,1,0.5847121649160055,0.5084283652178486,0.31277546
2019-01-02,SPY_rolling,1,0,1,0.5388966359710281,0.5542593537085978,0.6060884
2019-01-03,SPY_rolling,1,1,1,0.4694296428680044,0.5082076843958805,0.46262372
2019-01-04,SPY_rolling,1,1,1,0.6047084121802248,0.56246717364714,0.5768984
2019-01-07,SPY_rolling,1,0,1,0.5396631057574771,0.5284110590218635,0.49870092
2019-01-08,SPY_rolling,1,1,1,0.5500143523547866,0.523989162035517,0.45427537
2019-01-09,SPY_rolling,1,1,1,0.536915082997392,0.5238436025152061,0.44104728
2019-01-10,SPY_rolling,1,1,1,0.5215430452911519,0.524390624547743,0.5106859
2019-01-11,SPY_rolling,1,1,1,0.48777053538549986,0.5292234590883083,0.5159237
2019-01-14,SPY_rolling,1,1,1,0.48042434346918134,0.5081554522213145,0.42830712
2019-01-15,SPY_rolling,1,1,1,0.5265975195108383,0.5314754346245877,0.46778882
2019-01-16,SPY_rolling,1,1,1,0.5156911951261657,0.5319498172364908,0.49341026
2019-01-17,SPY_rolling,1,1,1,0.5314038464442183,0.5445620923677141,0.53064144
2019-01-18,SPY_rolling,1,0,1,0.5580303517226782,0.5306571065244969,0.4530028
2019-01-22,SPY_rolling,1,0,1,0.5233787316662882,0.5471309906266352,0.4817329
2019-01-23,SPY_rolling,1,1,1,0.5572380071088198,0.5965132172247455,0.55813533
2019-01-24,SPY_rolling,1,1,1,0.5615431707027562,0.5908435441119393,0.57198286
2019-01-25,SPY_rolling,1,1,1,0.5625600385367341,0.5722735354712615,0.60295355
2019-01-28,SPY_rolling,1,0,1,0.5226701076766147,0.5420881562993471,0.59360826
2019-01-29,SPY_rolling,1,1,1,0.5266764780157678,0.5005755814844047,0.49212122
2019-01-30,SPY_rolling,1,1,1,0.5760659781225221,0.5468314310659534,0.58459806
2019-01-31,SPY_rolling,1,0,1,0.568693638987592,0.5693785629347788,0.5538308
2019-02-01,SPY_rolling,1,1,1,0.5537921696544577,0.6046098431213951,0.6127172
2019-02-04,SPY_rolling,0,1,1,0.5293291290715982,0.5604193359665739,0.51252383
2019-02-05,SPY_rolling,0,0,1,0.5350062202692878,0.5481231632787426,0.56568587
2019-02-06,SPY_rolling,0,0,1,0.5048940239364023,0.5198591094420422,0.52422315
2019-02-07,SPY_rolling,0,1,1,0.5228067510009988,0.5494168373236724,0.5853706
2019-02-08,SPY_rolling,0,0,1,0.53146681554188,0.5116842831368644,0.47295523
2019-02-11,SPY_rolling,0,1,1,0.5228150887264947,0.5120315258868826,0.47505152
2019-02-12,SPY_rolling,0,0,1,0.5567513700492325,0.5390036013083649,0.5920456
2019-02-13,SPY_rolling,0,1,1,0.5280368533730805,0.535198522842,0.60489726
2019-02-14,SPY_rolling,0,1,1,0.5279209523266981,0.5293660445767974,0.5565794
2019-02-15,SPY_rolling,0,1,1,0.5617029792378042,0.5279635547597644,0.54200596
2019-02-19,SPY_rolling,0,1,1,0.510776298320574,0.5173363337678518,0.5434238
2019-02-20,SPY_rolling,0,0,1,0.529834111241952,0.5359742516232928,0.57567257
2019-02-21,SPY_rolling,0,1,1,0.512266885345871,0.5203557607818473,0.5611858
2019-02-22,SPY_rolling,0,0,1,0.5445222842872466,0.5317396802681199,0.53618884
2019-02-25,SPY_rolling,0,1,1,0.5194446906397181,0.5291219543710243,0.57658786
2019-02-26,SPY_rolling,0,1,1,0.5108009033849105,0.5005720983141708,0.5114886
2019-02-27,SPY_rolling,0,0,1,0.5154136572513696,0.49247283907321143,0.4844793
2019-02-28,SPY_rolling,0,0,1,0.5184163665737933,0.5089639399745585,0.5329947
2019-03-01,SPY_rolling,0,0,1,0.5412479148137185,0.5502603393946314,0.58986574
2019-03-04,SPY_rolling,0,0,1,0.5488984956222065,0.5460971309949656,0.56574243
2019-03-05,SPY_rolling,0,0,1,0.5062397840636462,0.4944052656462704,0.5125673
2019-03-06,SPY_rolling,0,0,1,0.5147333339593559,0.5285025722401562,0.4891417
2019-03-07,SPY_rolling,0,1,1,0.5333314806780612,0.5888613641800906,0.66010535
2019-03-08,SPY_rolling,0,1,1,0.5375362962443524,0.5934711877114739,0.67876804
2019-03-11,SPY_rolling,0,1,1,0.5600527496474755,0.5310083055220114,0.555418
2019-03-12,SPY_rolling,0,1,1,0.5511510451519246,0.5483724629010815,0.59111184
2019-03-13,SPY_rolling,0,0,1,0.5493551418467681,0.5386828442433892,0.5052983
2019-03-14,SPY_rolling,0,1,1,0.5182925998776706,0.5205269503172413,0.5335364
2019-03-15,SPY_rolling,0,1,1,0.5430220345279109,0.5394822660054107,0.50234836
2019-03-18,SPY_rolling,0,0,1,0.5103014113129992,0.5367243733930092,0.61248815
2019-03-19,SPY_rolling,0,0,1,0.5316116381726833,0.5617089268858381,0.6386775
2019-03-20,SPY_rolling,0,1,1,0.5194279232542273,0.5464069557780464,0.58485794
2019-03-21,SPY_rolling,0,0,1,0.5472232365342085,0.5333117638852645,0.5384899
2019-03-22,SPY_rolling,0,1,1,0.5338618812657322,0.4739229226406877,0.41486424
2019-03-25,SPY_rolling,0,1,1,0.5410698746525504,0.5703952649854643,0.6123563
2019-03-26,SPY_rolling,0,0,1,0.542690861824149,0.5235759572644336,0.5289682
2019-03-27,SPY_rolling,0,1,1,0.5213738940415086,0.5113386370845299,0.46419376
2019-03-28,SPY_rolling,0,1,1,0.5228456169197553,0.5069693799663785,0.5059874
2019-03-29,SPY_rolling,0,1,1,0.5363884531023286,0.532477885466466,0.53338414
2019-04-01,SPY_rolling,0,0,1,0.5467673276587992,0.5167827069073065,0.43841848
2019-04-02,SPY_rolling,0,0,1,0.5171463525641766,0.5491152118888933,0.588112
2019-04-03,SPY_rolling,0,1,1,0.5317172770265436,0.5339719132884349,0.5548788
2019-04-04,SPY_rolling,0,1,1,0.5335878126710348,0.5364186644677076,0.5545884
2019-04-05,SPY_rolling,0,1,1,0.5446147734308269,0.5418118094082494,0.5738494
2019-04-08,SPY_rolling,0,0,1,0.521512864994761,0.5193262739756326,0.53429925
2019-04-09,SPY_rolling,0,1,1,0.524812797860212,0.5132854483787344,0.4883682
2019-04-10,SPY_rolling,0,0,1,0.5299799724758761,0.523760932935769,0.5396519
2019-04-11,SPY_rolling,0,1,1,0.5268824868001799,0.5151101562918938,0.497524
2019-04-12,SPY_rolling,0,0,1,0.5413739042492731,0.5350682062423531,0.5594172
2019-04-15,SPY_rolling,0,0,1,0.5214278139758257,0.5224825348346752,0.50145483
2019-04-16,SPY_rolling,0,0,1,0.521924034462601,0.5195642226315013,0.48593548
2019-04-17,SPY_rolling,0,0,1,0.5250196858791119,0.514243018382819,0.49144337
2019-04-18,SPY_rolling,0,1,1,0.5287667854083836,0.5205062122425919,0.517277
2019-04-22,SPY_rolling,0,1,1,0.5141097449011204,0.4878799405988479,0.44157466
2019-04-23,SPY_rolling,0,0,1,0.5403391053512294,0.520334188277208,0.5101771
2019-04-24,SPY_rolling,0,0,1,0.5210491346989786,0.5044896681910817,0.4252914
2019-04-25,SPY_rolling,0,1,1,0.5317033741825424,0.5012208234253864,0.4552347
2019-04-26,SPY_rolling,0,1,1,0.5345291649852867,0.5177138547022074,0.4830843
2019-04-29,SPY_rolling,0,1,1,0.5319443377638624,0.5037804400383638,0.42804804
2019-04-30,SPY_rolling,0,0,1,0.5342948632811612,0.5063334007668767,0.4122559
2019-05-01,SPY_rolling,0,0,1,0.5239689646284812,0.555972612003505,0.6244294
2019-05-02,SPY_rolling,0,1,1,0.5280843679822815,0.5465249254948242,0.5833069
2019-05-03,SPY_rolling,0,1,1,0.5417409982543513,0.4922737368449095,0.4247194
2019-05-06,SPY_rolling,0,0,1,0.5437692487129931,0.5315594846025585,0.4715522
2019-05-07,SPY_rolling,0,0,1,0.54207802718236,0.5015262396347588,0.5026924
2019-05-08,SPY_rolling,0,1,1,0.5497700958134295,0.5971751065883103,0.67897606
2019-05-09,SPY_rolling,0,1,1,0.5461278487706814,0.5961013607750637,0.6747418
2019-05-10,SPY_rolling,0,0,1,0.5519082758303169,0.561442457587476,0.5577992
2019-05-13,SPY_rolling,0,1,1,0.524797930968949,0.4596789417745815,0.4062966
2019-05-14,SPY_rolling,0,1,1,0.5628056719444876,0.5475726045514319,0.5137201
2019-05-15,SPY_rolling,0,1,1,0.5541721573804916,0.5376625539096717,0.52134866
2019-05-16,SPY_rolling,1,1,1,0.5602841776379113,0.5351541786756009,0.55265504
2019-05-17,SPY_rolling,1,0,1,0.5423628598605827,0.5712066302435921,0.57795733
2019-05-20,SPY_rolling,1,1,1,0.51459441278611,0.5265091979693863,0.50890446
2019-05-21,SPY_rolling,1,1,1,0.528673601935375,0.5296445072193875,0.52659935
2019-05-22,SPY_rolling,1,0,1,0.5134875795900483,0.5295343091989883,0.5122975
2019-05-23,SPY_rolling,1,0,1,0.5155410749317562,0.5891443299077057,0.6395788
2019-05-24,SPY_rolling,1,0,1,0.5213518252039615,0.5265580779840997,0.49334392
2019-05-28,SPY_rolling,1,0,1,0.5082169198591687,0.5444540565398791,0.57835215
2019-05-29,SPY_rolling,1,0,1,0.5119945657113171,0.595769534433931,0.651387
2019-05-30,SPY_rolling,1,0,1,0.5181906356251418,0.5332658841722986,0.5065212
2019-05-31,SPY_rolling,1,0,1,0.5021273008821457,0.555198950267652,0.5808359
2019-06-03,SPY_rolling,1,1,1,0.50849699634156,0.5749348268264515,0.62465245
2019-06-04,SPY_rolling,1,1,1,0.557858782892645,0.5770629852147307,0.6004684
2019-06-05,SPY_rolling,1,1,1,0.5418153954043514,0.5440822598897331,0.52914345
2019-06-06,SPY_rolling,1,1,1,0.5399191004345474,0.5361356407798126,0.5129883
2019-06-07,SPY_rolling,1,0,1,0.5379477628926803,0.5158329022983892,0.44482747
2019-06-10,SPY_rolling,1,0,1,0.5223183797466189,0.5240269797602853,0.48079547
2019-06-11,SPY_rolling,1,0,1,0.5230812320910532,0.5378321732888615,0.55561477
2019-06-12,SPY_rolling,1,1,1,0.5184794843324243,0.5238289777511129,0.5514275
2019-06-13,SPY_rolling,1,0,1,0.5268828575820589,0.5361710139778434,0.5050919
2019-06-14,SPY_rolling,1,0,1,0.5123319983702037,0.5270182164599225,0.53790957
2019-06-17,SPY_rolling,0,1,1,0.5126928699319546,0.525200764001684,0.5413159
2019-06-18,SPY_rolling,1,1,1,0.5550498262933359,0.5657028241074218,0.64425755
2019-06-19,SPY_rolling,0,0,1,0.5330810148293976,0.5654890440220214,0.5998092
2019-06-20,SPY_rolling,0,0,1,0.5603893827508406,0.5099653831574141,0.41050062
2019-06-21,SPY_rolling,0,0,1,0.5415844088559908,0.562778770294453,0.57727474
2019-06-24,SPY_rolling,0,0,1,0.5331582023913173,0.5289269978447645,0.522011
2019-06-25,SPY_rolling,0,0,1,0.5464767827369474,0.5695755879157709,0.6127474
2019-06-26,SPY_rolling,0,1,1,0.5538734755264196,0.5314386837418856,0.5359329
2019-06-27,SPY_rolling,0,1,1,0.5488493359723184,0.5283473645026121,0.5367887
2019-06-28,SPY_rolling,0,0,1,0.5634958002071488,0.5380235906935132,0.52316684
2019-07-01,SPY_rolling,0,1,1,0.5699292534615645,0.569062952472865,0.60366493
2019-07-02,SPY_rolling,0,1,1,0.5297880193829182,0.5305129905522339,0.54530907
2019-07-03,SPY_rolling,0,1,1,0.5329604895242646,0.5215744687113404,0.49724862
2019-07-05,SPY_rolling,0,0,1,0.5232141258048685,0.5354020857200353,0.57737136
2019-07-08,SPY_rolling,0,1,1,0.5254418460944648,0.5147255158904591,0.5299568
2019-07-09,SPY_rolling,0,1,1,0.528820581624751,0.5104496340212851,0.505198
2019-07-10,SPY_rolling,0,0,1,0.533220468557653,0.517685398104904,0.5458176
2019-07-11,SPY_rolling,0,1,1,0.5199433949135845,0.5151892952516036,0.5062375
2019-07-12,SPY_rolling,0,0,1,0.5213639123913472,0.5240683571678001,0.5673987
2019-07-15,SPY_rolling,0,0,1,0.5134780732728323,0.5245984428117534,0.5502104
2019-07-16,SPY_rolling,0,0,1,0.5206607722298632,0.5090987722138702,0.50823146
2019-07-17,SPY_rolling,0,1,1,0.5159627026947965,0.5100987050578816,0.47643444
2019-07-18,SPY_rolling,0,0,1,0.5313674490444087,0.5126291591428284,0.5061729
2019-07-19,SPY_rolling,0,1,1,0.5015983585947529,0.5268527875997001,0.5204167
2019-07-22,SPY_rolling,0,1,1,0.5171481322947185,0.5130008995898628,0.5018581
2019-07-23,SPY_rolling,0,1,1,0.5269967303473537,0.5288027332111237,0.55865043
2019-07-24,SPY_rolling,0,0,1,0.5261144921440525,0.5103758593710651,0.48263392
2019-07-25,SPY_rolling,0,1,1,0.5179614621464782,0.515783120130257,0.49998438
2019-07-26,SPY_rolling,0,0,1,0.5384181022560692,0.5139650927013166,0.49466708
2019-07-29,SPY_rolling,0,1,1,0.525152054143234,0.4926992412898039,0.4510243
2019-07-30,SPY_rolling,0,0,1,0.5138096196454718,0.4953343206924933,0.44093344
2019-07-31,SPY_rolling,0,0,1,0.5047001731719486,0.5466040419598206,0.62704057
2019-08-01,SPY_rolling,0,0,1,0.513170879080512,0.5399284444196213,0.61101824
2019-08-02,SPY_rolling,0,0,1,0.5025651060867117,0.5266078823664043,0.5227428
2019-08-05,SPY_rolling,0,1,1,0.5123572525346538,0.48335716302999326,0.43988875
2019-08-06,SPY_rolling,1,1,1,0.5977016821698804,0.5498820164686413,0.6462544
2019-08-07,SPY_rolling,1,1,1,0.5569184931842224,0.5411562299038879,0.5714169
2019-08-08,SPY_rolling,1,0,1,0.5880582539456806,0.5494344050539804,0.5516488
2019-08-09,SPY_rolling,1,0,1,0.5371501591866477,0.5570146331840435,0.57132864
2019-08-12,SPY_rolling,1,1,1,0.5358817386997603,0.5244432520941767,0.48993534
2019-08-13,SPY_rolling,1,0,1,0.577232886472179,0.5666935664640096,0.6165773
2019-08-14,SPY_rolling,1,0,1,0.5500744265664086,0.5142280478993906,0.5551365
2019-08-15,SPY_rolling,1,1,1,0.578419587481397,0.5418995998025901,0.57885474
2019-08-16,SPY_rolling,1,1,1,0.5983590334221188,0.535523165842775,0.5049969
2019-08-19,SPY_rolling,1,0,1,0.5838918772087742,0.5417146964076308,0.52458924
2019-08-20,SPY_rolling,1,0,1,0.5293589758991052,0.5427791785146875,0.5363271
2019-08-21,SPY_rolling,1,0,1,0.5328742968148382,0.5315753726601701,0.5453821
2019-08-22,SPY_rolling,1,0,1,0.5274702383033909,0.5220596700531533,0.5042388
2019-08-23,SPY_rolling,1,1,1,0.5110647714335508,0.49923478418265127,0.5065164
2019-08-26,SPY_rolling,1,0,1,0.5672546782594148,0.5308796238100743,0.49634725
2019-08-27,SPY_rolling,1,1,1,0.539079176337381,0.5394425591088273,0.53231734
2019-08-28,SPY_rolling,1,1,1,0.5525110408118129,0.5421868869560199,0.5535046
2019-08-29,SPY_rolling,1,0,1,0.5610283896142769,0.5296286192996478,0.51677805
2019-08-30,SPY_rolling,1,1,1,0.5245869036275068,0.5309754248883701,0.5394251
2019-09-03,SPY_rolling,1,1,1,0.5468524150995409,0.5195002438067291,0.5145858
2019-09-04,SPY_rolling,1,1,1,0.5676381225922232,0.522016574661694,0.52596694
2019-09-05,SPY_rolling,1,0,1,0.5627669021626809,0.49385232319241434,0.42530122
2019-09-06,SPY_rolling,1,0,1,0.515868424717898,0.5280088151792093,0.5299276
2019-09-09,SPY_rolling,1,1,1,0.5284144853493683,0.5294175949149151,0.5369951
2019-09-10,SPY_rolling,1,1,1,0.5446963324229175,0.5149470133253277,0.47102815
2019-09-11,SPY_rolling,1,1,1,0.534696666046995,0.5308714703697431,0.545324
2019-09-12,SPY_rolling,1,0,1,0.532942268432438,0.5537844368795067,0.61065936
2019-09-13,SPY_rolling,1,1,1,0.5304466262051332,0.5296071850392587,0.5300364
2019-09-16,SPY_rolling,1,1,1,0.5228356079741899,0.5177653701867416,0.51025414
2019-09-17,SPY_rolling,1,1,1,0.5252519964383514,0.5129244320681866,0.4987885
2019-09-18,SPY_rolling,0,0,1,0.5190441049611522,0.5246438360860012,0.55091274
2019-09-19,SPY_rolling,0,0,1,0.5071218754235394,0.5265313825970004,0.5559575
2019-09-20,SPY_rolling,0,1,1,0.5074932688993053,0.5387672292968572,0.57676965
2019-09-23,SPY_rolling,0,0,1,0.54041486652772,0.5336154958365094,0.5190923
2019-09-24,SPY_rolling,0,1,1,0.5210207259306741,0.5396184390340072,0.58275014
2019-09-25,SPY_rolling,0,0,1,0.5539999032338626,0.5283731988686106,0.54290634
2019-09-26,SPY_rolling,0,0,1,0.5325963127408784,0.5155382022560223,0.51060253
2019-09-27,SPY_rolling,0,1,1,0.5181211602635146,0.5454548399769008,0.5942596
2019-09-30,SPY_rolling,0,0,1,0.5393656378457083,0.5248168645262424,0.5631496
2019-10-01,SPY_rolling,0,0,1,0.5333752720561149,0.5558999431373212,0.63196784
2019-10-02,SPY_rolling,0,1,1,0.5259020761622275,0.4385207191070162,0.3803461
2019-10-03,SPY_rolling,0,1,1,0.5602874974848653,0.5502962000102284,0.57763076
2019-10-04,SPY_rolling,0,0,1,0.561223014324377,0.5286117781212012,0.56065637
2019-10-07,SPY_rolling,0,0,1,0.521866766237727,0.5341942632751481,0.54279375
2019-10-08,SPY_rolling,0,1,1,0.5190198123656232,0.5333362062941401,0.55697656
2019-10-09,SPY_rolling,0,1,1,0.5609121735834102,0.5338212535452223,0.55839366
2019-10-10,SPY_rolling,0,1,1,0.5392014873876383,0.5299027724504035,0.5513789
2019-10-11,SPY_rolling,0,1,1,0.5136928981837525,0.5391031894601368,0.6079989
2019-10-14,SPY_rolling,0,1,1,0.5106788462880353,0.5362954384875472,0.5998866
2019-10-15,SPY_rolling,0,1,1,0.5123156499327793,0.5092379850025468,0.48225236
2019-10-16,SPY_rolling,0,0,1,0.4990117927348578,0.5254804696148915,0.5134042
2019-10-17,SPY_rolling,0,0,1,0.5101633437790632,0.5209227907159316,0.5247794
2019-10-18,SPY_rolling,0,1,1,0.501304325903587,0.5223319909560077,0.5208451
2019-10-21,SPY_rolling,0,0,1,0.5268540433489931,0.525944943870679,0.56347114
2019-10-22,SPY_rolling,0,1,1,0.5095157136738131,0.5198494665389863,0.50386554
2019-10-23,SPY_rolling,0,0,1,0.5167775409394364,0.5247894461656508,0.55774605
2019-10-24,SPY_rolling,0,1,1,0.5130922649221434,0.5149715999296102,0.45799014
2019-10-25,SPY_rolling,0,1,1,0.5188048102006875,0.5344363550082935,0.5522602
2019-10-28,SPY_rolling,0,1,1,0.5091706687629076,0.5430954778812113,0.5688882
2019-10-29,SPY_rolling,0,1,1,0.5124266980437234,0.5390090045638138,0.5502035
2019-10-30,SPY_rolling,0,0,1,0.5359390166928669,0.544111902227059,0.5730358
2019-10-31,SPY_rolling,0,1,1,0.5242829792429865,0.552517919582249,0.6252198
2019-11-01,SPY_rolling,0,0,1,0.5288623629632653,0.5580841904407843,0.64204997
2019-11-04,SPY_rolling,0,0,1,0.5223365023194938,0.5454844953433858,0.5667791
2019-11-05,SPY_rolling,0,1,1,0.5397787889039981,0.5224639019042845,0.477821
2019-11-06,SPY_rolling,0,0,1,0.5368529180798127,0.5153780781765892,0.42491943
2019-11-07,SPY_rolling,0,1,1,0.5354290291346981,0.5224692777832406,0.45984003
2019-11-08,SPY_rolling,0,1,1,0.5134480301266292,0.5316761480265942,0.5412234
2019-11-11,SPY_rolling,0,1,1,0.5177515361620357,0.5160983519731791,0.50625634
2019-11-12,SPY_rolling,0,1,1,0.5102275919905093,0.5249052854531439,0.54552937
2019-11-13,SPY_rolling,0,1,1,0.5086651231427116,0.5283383072873868,0.55958545
2019-11-14,SPY_rolling,0,1,1,0.5079437615144772,0.5150246298472264,0.51325697
2019-11-15,SPY_rolling,0,1,1,0.5173727167296714,0.5592953626561236,0.6585276
2019-11-18,SPY_rolling,0,0,1,0.5060296307199033,0.5313967361182602,0.55323696
2019-11-19,SPY_rolling,0,0,1,0.5062679718082774,0.5485978417444389,0.58153826
2019-11-20,SPY_rolling,0,0,1,0.5082109161938401,0.49615324860995824,0.5339179
2019-11-21,SPY_rolling,0,0,1,0.5282711481783617,0.518645293582449,0.5005295
2019-11-22,SPY_rolling,0,1,1,0.5237476582462551,0.5166179718347075,0.50591743
2019-11-25,SPY_rolling,0,1,1,0.5247703544553766,0.5193837091188975,0.5512481
2019-11-26,SPY_rolling,0,1,1,0.5178678583498235,0.520700912368359,0.5578831
2019-11-27,SPY_rolling,0,0,1,0.5144099515543554,0.5303348098443774,0.55084586
2019-11-29,SPY_rolling,0,0,1,0.5204362653685994,0.5223627656540936,0.54230416
2019-12-02,SPY_rolling,0,1,1,0.5107117969998589,0.5222460927469502,0.5724634
2019-12-03,SPY_rolling,0,1,1,0.5153244048440612,0.5543122847883103,0.642137
2019-12-04,SPY_rolling,0,0,1,0.5435315300019787,0.5129075566669837,0.46131563
2019-12-05,SPY_rolling,0,1,1,0.525534153864354,0.5106450377200574,0.4633218
2019-12-06,SPY_rolling,0,0,1,0.5270946112199478,0.5025618610173646,0.4739735
2019-12-09,SPY_rolling,0,0,1,0.5108301089824832,0.5099749578596854,0.48736873
2019-12-10,SPY_rolling,0,1,1,0.5175299066557533,0.5139388882617231,0.46459344
2019-12-11,SPY_rolling,0,1,1,0.5201086650386464,0.5179475551837718,0.48079357
2019-12-12,SPY_rolling,0,1,1,0.5152694403467464,0.4421953708790449,0.33725977
2019-12-13,SPY_rolling,0,1,1,0.4979499311009848,0.5414559697558481,0.60260296
2019-12-16,SPY_rolling,0,0,1,0.4997830856265468,0.5342621735017175,0.6028711
2019-12-17,SPY_rolling,0,0,1,0.49877656412992116,0.5306530301897374,0.5453927
2019-12-18,SPY_rolling,0,1,1,0.5109658820877786,0.5240246755525864,0.49270394
2019-12-19,SPY_rolling,0,1,1,0.5059340496838058,0.5403722193211093,0.5805069
2019-12-20,SPY_rolling,0,0,1,0.5002428642990917,0.46376511806659465,0.3953351
2019-12-23,SPY_rolling,0,0,1,0.506888624694516,0.5303564840811962,0.5314469
2019-12-24,SPY_rolling,0,1,1,0.5062229710572219,0.5132203538357307,0.43914953
2019-12-26,SPY_rolling,0,0,1,0.5124050120072625,0.5335525785783831,0.5384017
2019-12-27,SPY_rolling,0,0,1,0.4997407732701403,0.5213125025015654,0.44353274
2019-12-30,SPY_rolling,0,1,1,0.5076792182965968,0.5184086769929501,0.49668708
2019-12-31,SPY_rolling,0,1,1,0.529810065289354,0.5179935167194862,0.48045665
2020-01-02,SPY_rolling,0,1,1,0.5334242440256779,0.5357325388906024,0.4076993
2020-01-03,SPY_rolling,0,1,1,0.5217543173804304,0.5041668163503988,0.29277182
2020-01-06,SPY_rolling,0,0,1,0.534913303133828,0.4198415387004157,0.3206426
2020-01-07,SPY_rolling,0,1,1,0.5277482731418974,0.41977211969452327,0.4351563
2020-01-08,SPY_rolling,0,1,1,0.5325876257414586,0.5168579601599059,0.20381758
2020-01-09,SPY_rolling,0,0,1,0.5313474351206571,0.4475098485319431,0.45656422
2020-01-10,SPY_rolling,0,1,1,0.5192601272919781,0.42799844190030456,0.24914327
2020-01-13,SPY_rolling,0,0,1,0.5257343150225149,0.4231775237269724,0.2305751
2020-01-14,SPY_rolling,0,1,1,0.5173863097737191,0.4326486041323166,0.21795186
2020-01-15,SPY_rolling,0,1,1,0.518407917907151,0.5503551325666862,0.38211447
2020-01-16,SPY_rolling,0,1,1,0.5246439332499845,0.45238343063905917,0.19142435
2020-01-17,SPY_rolling,0,1,1,0.5113910532390847,0.5197872587710517,0.5797034
2020-01-21,SPY_rolling,0,0,1,0.5126312894966161,0.5463679299567914,0.3949119
2020-01-22,SPY_rolling,0,1,1,0.5188578688339498,0.5216358396955159,0.59307325
2020-01-23,SPY_rolling,0,0,1,0.5206860487107297,0.5394981255102688,0.5817962
2020-01-24,SPY_rolling,0,1,1,0.5141038924766843,0.47815155416678495,0.57398826
2020-01-27,SPY_rolling,0,1,1,0.5254404670085713,0.5162231424363023,0.66340595
2020-01-28,SPY_rolling,0,0,1,0.5557550434207711,0.5139403817769966,0.3968134
2020-01-29,SPY_rolling,0,1,1,0.5446428235337568,0.4932654275486208,0.63099015
2020-01-30,SPY_rolling,0,0,1,0.5387855568583179,0.6228874567350011,0.7711792
2020-01-31,SPY_rolling,0,1,1,0.5242261747677677,0.46826744563573747,0.36553386
2020-02-03,SPY_rolling,0,1,1,0.552610998162327,0.5382700117485908,0.28806633
2020-02-04,SPY_rolling,0,1,1,0.5529497170075299,0.5864998374694635,0.54340255
2020-02-05,SPY_rolling,0,1,1,0.5437308524680027,0.4491613860716282,0.30609998
2020-02-06,SPY_rolling,0,0,1,0.5365190343849773,0.5270235116895374,0.66121715
2020-02-07,SPY_rolling,0,1,1,0.5177270756786916,0.4742589035454648,0.71121055
2020-02-10,SPY_rolling,0,0,1,0.5382474522629077,0.5878817497403455,0.8431101
2020-02-11,SPY_rolling,0,1,1,0.526933142718782,0.48850555174421073,0.49925938
2020-02-12,SPY_rolling,0,1,1,0.5295107111291656,0.517385275416066,0.4469076
2020-02-13,SPY_rolling,0,1,1,0.5222499200003536,0.5276020214653587,0.48683324
2020-02-14,SPY_rolling,0,1,1,0.5170407042748565,0.5624549470880261,0.6379738
2020-02-18,SPY_rolling,0,1,1,0.5169949352578683,0.5095828818238092,0.6507742
2020-02-19,SPY_rolling,0,0,1,0.5261181032171551,0.5705875703056684,0.71035
2020-02-20,SPY_rolling,0,0,1,0.51516093005297,0.6151635442999855,0.6535009
2020-02-21,SPY_rolling,1,0,1,0.5162339984590669,0.5173317350372522,0.6946397
2020-02-24,SPY_rolling,1,0,1,0.541778440622822,0.504768816673142,0.6696486
2020-02-25,SPY_rolling,1,0,1,0.5728390975752948,0.537731585493469,0.7184488
2020-02-26,SPY_rolling,1,0,1,0.5850891974356927,0.5369410434958666,0.68197125
2020-02-27,SPY_rolling,1,1,1,0.5649805561993726,0.6236315379495015,0.8841963
2020-02-28,SPY_rolling,1,1,1,0.5928281777226815,0.5085076265853491,0.6834353
2020-03-02,SPY_rolling,1,0,1,0.6433266398769084,0.7408001153620402,0.9576023
2020-03-03,SPY_rolling,1,1,1,0.5759204743561365,0.7144523061212138,0.9244566
2020-03-04,SPY_rolling,1,0,1,0.6327646987577564,0.6750141673323933,0.7268668
2020-03-05,SPY_rolling,1,1,1,0.5676150239378596,0.690786242977352,0.823813
2020-03-06,SPY_rolling,1,0,1,0.603237659026582,0.6581759727815101,0.78112954
2020-03-09,SPY_rolling,1,1,1,0.6106525619179433,0.7767822905785147,0.9495828
2020-03-10,SPY_rolling,1,0,1,0.720307126940025,0.6733092213922626,0.8147001
2020-03-11,SPY_rolling,1,0,1,0.629319597173127,0.7723386734539512,0.9447153
2020-03-12,SPY_rolling,1,1,1,0.6473459345988714,0.7694740155202398,0.9478227
2020-03-13,SPY_rolling,1,0,1,0.7907083421601532,0.7461423489640872,0.84631217
2020-03-16,SPY_rolling,1,1,1,0.6909558999007481,0.7723386734539512,0.9447153
2020-03-17,SPY_rolling,1,1,1,0.7911016709692692,0.71831463930388,0.87512666
2020-03-18,SPY_rolling,1,1,1,0.707401992543187,0.7618320741282981,0.95291954
2020-03-19,SPY_rolling,1,0,1,0.7201462877734328,0.7164456471471314,0.8933943
2020-03-20,SPY_rolling,1,0,1,0.6525994532828766,0.7624886397848638,0.9502377
2020-03-23,SPY_rolling,1,1,1,0.6270231907969398,0.7723386734539512,0.9395573
2020-03-24,SPY_rolling,1,1,1,0.7173752261624144,0.7249327392234541,0.92680496
2020-03-25,SPY_rolling,1,1,1,0.6120613035161339,0.6726125672779407,0.8372204
2020-03-26,SPY_rolling,1,1,1,0.6486619597489409,0.7023062722780087,0.86600924
2020-03-27,SPY_rolling,1,1,1,0.5926392040599754,0.6163729314197876,0.7431252
2020-03-30,SPY_rolling,1,0,1,0.6266461940840832,0.6854058143775507,0.92135465
2020-03-31,SPY_rolling,1,0,1,0.5962728483303,0.566542681041838,0.36419606
2020-04-01,SPY_rolling,1,1,1,0.5878700456270286,0.658188482688741,0.7986314
2020-04-02,SPY_rolling,1,0,1,0.5656968344993991,0.6042873591896519,0.49483317
2020-04-03,SPY_rolling,1,1,1,0.5776162796416479,0.5362220004588849,0.13581845
2020-04-06,SPY_rolling,1,0,1,0.577107657729651,0.667363133844248,0.7849773
2020-04-07,SPY_rolling,1,1,1,0.5831947464879498,0.569880752722717,0.5879025
2020-04-08,SPY_rolling,1,1,1,0.5576728262500866,0.6496447896490228,0.6946895
2020-04-09,SPY_rolling,1,0,1,0.5848370534744054,0.6137939714063737,0.44894388
2020-04-13,SPY_rolling,1,1,1,0.5684946440011207,0.5964618238677789,0.2740942
2020-04-14,SPY_rolling,1,1,1,0.569007917552198,0.6239367235946537,0.66175634
2020-04-15,SPY_rolling,1,0,1,0.5843468833473683,0.5970860936344985,0.36729762
2020-04-16,SPY_rolling,1,1,1,0.5856109110155971,0.6947386645528194,0.45826146
2020-04-17,SPY_rolling,1,0,1,0.5808756259133878,0.6478767801756625,0.75817597
2020-04-20,SPY_rolling,1,0,1,0.613529248974614,0.657524560533175,0.2959406
2020-04-21,SPY_rolling,1,1,1,0.6324033224995718,0.6701925509648785,0.42689857
2020-04-22,SPY_rolling,1,0,1,0.5871506980686247,0.7304627875009598,0.62451524
2020-04-23,SPY_rolling,1,1,1,0.5941068577106692,0.704332456476052,0.61550283
2020-04-24,SPY_rolling,1,1,1,0.5763113622808848,0.5433737161634788,0.47473258
2020-04-27,SPY_rolling,1,0,1,0.5789158518328459,0.6324721866604225,0.671138
2020-04-28,SPY_rolling,1,1,1,0.5582136335493304,0.6701359151891029,0.8537131
2020-04-29,SPY_rolling,1,0,1,0.5522559296426572,0.5987344610125767,0.64523506
2020-04-30,SPY_rolling,1,0,1,0.5788754954381051,0.5947332210467442,0.33029598
2020-05-01,SPY_rolling,1,1,1,0.5926654102510486,0.5991043032471801,0.6282253
2020-05-04,SPY_rolling,1,0,1,0.590572196793726,0.7037990063648243,0.671382
2020-05-05,SPY_rolling,1,0,1,0.5686328492237992,0.5954811106375506,0.4620845
2020-05-06,SPY_rolling,1,0,1,0.5752828398673505,0.6156456509256116,0.8374265
2020-05-07,SPY_rolling,1,1,1,0.5590294617142946,0.5362894708851439,0.6708518
2020-05-08,SPY_rolling,1,1,1,0.5398941156178898,0.5166154137462207,0.49737138
2020-05-11,SPY_rolling,1,0,1,0.5485735394523256,0.5094052078208778,0.41253448
2020-05-12,SPY_rolling,1,0,1,0.5553824934382339,0.4927470591103681,0.5242598
2020-05-13,SPY_rolling,1,1,1,0.5543371494910351,0.5436691064301985,0.38296905
2020-05-14,SPY_rolling,1,1,1,0.5465476672391074,0.6474371873156134,0.74800926
2020-05-15,SPY_rolling,1,1,1,0.543799244908851,0.5665809051966072,0.63472074
2020-05-18,SPY_rolling,1,0,1,0.5448711487295527,0.6321975778403955,0.90112317
2020-05-19,SPY_rolling,1,1,1,0.5660117143909946,0.4520851449312919,0.07067745
2020-05-20,SPY_rolling,1,0,1,0.5412438571939201,0.513280301055703,0.4240543
2020-05-21,SPY_rolling,1,1,1,0.5564735666291929,0.5564728336931019,0.597061
2020-05-22,SPY_rolling,1,0,1,0.5515848000749562,0.5989323541124577,0.71803325
2020-05-26,SPY_rolling,1,1,1,0.5388072379244448,0.6135191914170572,0.8277272
2020-05-27,SPY_rolling,1,0,1,0.5315457654891788,0.42311909679514464,0.26098764
2020-05-28,SPY_rolling,1,1,1,0.5353989203084026,0.5634536480149546,0.41236088
2020-05-29,SPY_rolling,1,1,1,0.5254515432987765,0.5594699300301769,0.5620403
2020-06-01,SPY_rolling,1,1,1,0.5404350898742117,0.5624591873014664,0.67980814
2020-06-02,SPY_rolling,1,1,1,0.5362244638252429,0.5890279683765148,0.65829134
2020-06-03,SPY_rolling,1,1,1,0.5309058667747726,0.44811856101034214,0.28500614
2020-06-04,SPY_rolling,1,1,1,0.5422775292982595,0.5943909741130093,0.5779225
2020-06-05,SPY_rolling,1,1,1,0.5228902514951739,0.5068692045053766,0.31347212
2020-06-08,SPY_rolling,1,1,1,0.5346504190177257,0.5370120025636915,0.3292842
2020-06-09,SPY_rolling,1,0,1,0.5478787974821423,0.6321256180118201,0.65135854
2020-06-10,SPY_rolling,1,0,1,0.5528301600167768,0.6516239607551313,0.74931496
2020-06-11,SPY_rolling,1,0,1,0.5977630462573462,0.5457693567848433,0.47713557
2020-06-12,SPY_rolling,1,1,1,0.5718821385310633,0.5231939929684786,0.31751108
2020-06-15,SPY_rolling,1,0,1,0.5811884689744247,0.6474583275125805,0.768148
2020-06-16,SPY_rolling,1,0,1,0.572465842476604,0.5692260032142711,0.33881724
2020-06-17,SPY_rolling,1,1,1,0.5897110925366503,0.537655338579055,0.17161317
2020-06-18,SPY_rolling,1,0,1,0.5459397653570021,0.5484026701113932,0.7025025
2020-06-19,SPY_rolling,1,1,1,0.5492557275371931,0.6071840914453793,0.8157489
2020-06-22,SPY_rolling,1,0,1,0.5504130164330151,0.6075685512689651,0.8049912
2020-06-23,SPY_rolling,1,0,1,0.5466598211390618,0.5667124770380751,0.6827191
2020-06-24,SPY_rolling,1,1,1,0.560845665125525,0.5627291495671294,0.64699215
2020-06-25,SPY_rolling,1,0,1,0.5521425783231259,0.5444644391362798,0.44049677
2020-06-26,SPY_rolling,1,1,1,0.5669440665343569,0.522021300551046,0.30743358
2020-06-29,SPY_rolling,1,1,1,0.5579190518907639,0.5227162213812926,0.29326978
2020-06-30,SPY_rolling,1,1,1,0.5565251644089104,0.5481172940735352,0.52054083
2020-07-01,SPY_rolling,1,0,1,0.545502510990293,0.5238564490225618,0.4594574
2020-07-02,SPY_rolling,1,1,1,0.5469196658241595,0.5618124588430969,0.44950354
2020-07-06,SPY_rolling,1,0,1,0.5297524662230327,0.5678194065515499,0.7645894
2020-07-07,SPY_rolling,1,1,1,0.5500440221176582,0.47251943183388223,0.5273219
2020-07-08,SPY_rolling,1,0,1,0.5364749655434158,0.6064521625626896,0.72754633
2020-07-09,SPY_rolling,1,1,1,0.544485498910965,0.6092242069753235,0.8765891
2020-07-10,SPY_rolling,1,0,1,0.5300084571118173,0.5751866756339852,0.49002016
2020-07-13,SPY_rolling,1,1,1,0.5413273424054585,0.5586695326168567,0.64759976
2020-07-14,SPY_rolling,1,0,1,0.5249129357633243,0.6046900099988326,0.6294564
2020-07-15,SPY_rolling,1,1,1,0.52954663841319,0.5121539905580513,0.4519011
2020-07-16,SPY_rolling,1,0,1,0.5411159051143603,0.5504644126180945,0.46846548
2020-07-17,SPY_rolling,1,1,1,0.5348270455604566,0.6022125687409531,0.6535395
2020-07-20,SPY_rolling,1,0,1,0.5282039629196879,0.610904727090578,0.86056346
2020-07-21,SPY_rolling,1,1,1,0.5322567219405406,0.5671776155377617,0.75551075
2020-07-22,SPY_rolling,1,0,1,0.5293810292260199,0.6425629170255527,0.80841166
2020-07-23,SPY_rolling,1,0,1,0.5402310564232627,0.5421243545637585,0.3619175
2020-07-24,SPY_rolling,1,1,1,0.536385785189429,0.5717974135118653,0.7459653
2020-07-27,SPY_rolling,0,0,1,0.5293338789742914,0.4999727012105914,0.51304454
2020-07-28,SPY_rolling,0,1,1,0.5397812755371646,0.49120812435853245,0.41836387
2020-07-29,SPY_rolling,0,1,1,0.5300949197960965,0.5416540520740832,0.80429846
2020-07-30,SPY_rolling,0,1,1,0.5385176264526401,0.5048848289034703,0.3047182
2020-07-31,SPY_rolling,0,1,1,0.5243811637141677,0.6215540179607946,0.6377196
2020-08-03,SPY_rolling,0,1,1,0.5316803020617742,0.5315176861700404,0.3778585
2020-08-04,SPY_rolling,0,1,1,0.5324997220024198,0.5502318382036282,0.6814898
2020-08-05,SPY_rolling,0,1,1,0.5300483445433414,0.5694380717340567,0.54696363
2020-08-06,SPY_rolling,0,1,1,0.5258727554789995,0.4948375695244103,0.5197932
2020-08-07,SPY_rolling,0,1,1,0.5284897823150168,0.4728145289772035,0.19642738
2020-08-10,SPY_rolling,0,0,1,0.5279525544751799,0.5049634562364355,0.34979695
2020-08-11,SPY_rolling,0,1,1,0.5330842379621286,0.5929553012496714,0.5490578
2020-08-12,SPY_rolling,0,1,1,0.5210938204641228,0.5677972794520559,0.5413886
2020-08-13,SPY_rolling,0,1,1,0.5366340136471281,0.5770063144435427,0.5218023
2020-08-14,SPY_rolling,0,0,1,0.5335440234093309,0.5522280775241113,0.44834918
2020-08-17,SPY_rolling,0,1,1,0.5338923962304343,0.5934138400791745,0.6113792
2020-08-18,SPY_rolling,0,0,1,0.5313464062828316,0.4837345524784963,0.3657385
2020-08-19,SPY_rolling,0,1,1,0.5291695918451537,0.6217969188113305,0.79941434
2020-08-20,SPY_rolling,0,1,1,0.5282431438271185,0.53823072289686,0.42713967
2020-08-21,SPY_rolling,0,1,1,0.5246748008994637,0.5307171339749908,0.3157327
2020-08-24,SPY_rolling,0,1,1,0.5230876059768561,0.507132676970226,0.34588647
2020-08-25,SPY_rolling,0,1,1,0.5302575519536807,0.5544195959018464,0.5265019
2020-08-26,SPY_rolling,0,0,1,0.5207650167192033,0.4809296569756686,0.1896118
2020-08-27,SPY_rolling,0,1,1,0.5241302072316756,0.5380392798721383,0.44410777
2020-08-28,SPY_rolling,0,0,1,0.5218372554587832,0.516939933548556,0.19493647
2020-08-31,SPY_rolling,0,1,1,0.5254204713893473,0.45559848838194705,0.36103332
2020-09-01,SPY_rolling,0,1,1,0.5189013806246525,0.4727035673891335,0.40544263
2020-09-02,SPY_rolling,0,0,1,0.5131100043781336,0.47027691850334463,0.40507782
2020-09-03,SPY_rolling,1,0,1,0.5532448216134154,0.4582707902281098,0.20801286
2020-09-04,SPY_rolling,1,0,1,0.5359126455513833,0.44019343906770125,0.52543634
2020-09-08,SPY_rolling,1,1,1,0.5568499036190885,0.6687473615752941,0.8648915
2020-09-09,SPY_rolling,1,0,1,0.5275175674141943,0.5693575471639396,0.6979164
2020-09-10,SPY_rolling,1,0,1,0.5604579449178976,0.4863472175960515,0.5848894
2020-09-11,SPY_rolling,1,1,1,0.5447885916410417,0.5497708050778009,0.64894634
2020-09-14,SPY_rolling,1,0,1,0.5397285891683129,0.6066283496307407,0.5890074
2020-09-15,SPY_rolling,1,0,1,0.5419445614157481,0.5655359699019603,0.7451088
2020-09-16,SPY_rolling,1,1,1,0.5461055896353945,0.5384437530812646,0.5286899
2020-09-17,SPY_rolling,1,0,1,0.5448199116995527,0.5080681991119589,0.34241438
2020-09-18,SPY_rolling,1,1,1,0.545983028498713,0.4705777636133543,0.45832485
2020-09-21,SPY_rolling,1,1,1,0.5460647216065155,0.3844850906397462,0.09467457
2020-09-22,SPY_rolling,1,0,1,0.5369561010428971,0.5291877420249864,0.39444155
2020-09-23,SPY_rolling,1,1,1,0.5633476202090759,0.5357143549886046,0.7168337
2020-09-24,SPY_rolling,1,1,1,0.5464612050523355,0.5669741623285773,0.66724056
2020-09-25,SPY_rolling,1,1,1,0.5397046962013129,0.5397759735215766,0.6899142
2020-09-28,SPY_rolling,1,0,1,0.5406010105984085,0.5772193154265945,0.58296007
2020-09-29,SPY_rolling,1,1,1,0.5589774403978122,0.5543009780499063,0.7808477
2020-09-30,SPY_rolling,1,0,1,0.5351617399852827,0.5350789350733646,0.5680512
2020-10-01,SPY_rolling,1,1,1,0.542394054731875,0.472275823259517,0.44965023
2020-10-02,SPY_rolling,1,1,1,0.5575164572788692,0.5318524957288472,0.31146675
2020-10-05,SPY_rolling,1,0,1,0.5331105916894581,0.5051658506379749,0.5058747
2020-10-06,SPY_rolling,1,1,1,0.5595274566535631,0.47103431901447457,0.19087076
2020-10-07,SPY_rolling,1,1,1,0.5278979111872826,0.4698210762406992,0.6414886
2020-10-08,SPY_rolling,1,1,1,0.5409525398246366,0.5335124544737109,0.4624419
2020-10-09,SPY_rolling,1,1,1,0.5351111730948198,0.48791904507561,0.45133936
2020-10-12,SPY_rolling,1,0,1,0.524389335407952,0.42601463387548294,0.5297145
2020-10-13,SPY_rolling,1,0,1,0.5488963872593282,0.4404792538639269,0.58077866
2020-10-14,SPY_rolling,1,1,1,0.5491431723275298,0.5885110955132223,0.8517786
2020-10-15,SPY_rolling,1,0,1,0.5404474545373871,0.6080792315497452,0.75067854
2020-10-16,SPY_rolling,1,0,1,0.533322309102444,0.694390104090543,0.85830456
2020-10-19,SPY_rolling,1,0,1,0.5585633519778289,0.585281427016935,0.7136368
2020-10-20,SPY_rolling,1,0,1,0.5375829516864634,0.48372031225872797,0.24929994
2020-10-21,SPY_rolling,1,1,1,0.5435801462847106,0.48374379064336287,0.17770275
2020-10-22,SPY_rolling,1,0,1,0.5382105979450216,0.5061070176648884,0.33355898
2020-10-23,SPY_rolling,1,0,1,0.5444935322850999,0.5973583237145393,0.79059005
2020-10-26,SPY_rolling,1,0,1,0.5604852660945997,0.5899957531549489,0.7013367
2020-10-27,SPY_rolling,1,0,1,0.5466997962370888,0.5677466632343489,0.62618774
2020-10-28,SPY_rolling,1,1,1,0.5745254970778987,0.5456395315323774,0.7727294
2020-10-29,SPY_rolling,1,0,1,0.5291598214697482,0.49638977627732833,0.50527894
2020-10-30,SPY_rolling,1,0,1,0.556184641168132,0.4827938774109228,0.6356549
2020-11-02,SPY_rolling,1,1,1,0.5378802677990434,0.5173719851665731,0.46506706
2020-11-03,SPY_rolling,1,1,1,0.5329061595149209,0.5334586995658991,0.5727488
2020-11-04,SPY_rolling,1,1,1,0.5202340336647217,0.5896859955687946,0.646874
2020-11-05,SPY_rolling,1,1,1,0.5319630813197471,0.46014416107497635,0.43722576
2020-11-06,SPY_rolling,1,0,1,0.5509689141756603,0.46712781990281743,0.27581018
2020-11-09,SPY_rolling,1,1,1,0.5183499249903181,0.4106566830967778,0.28034964
2020-11-10,SPY_rolling,1,1,1,0.5436686663548171,0.48821573717954864,0.44828632
2020-11-11,SPY_rolling,1,0,1,0.534881399928052,0.5496387157383169,0.49627277
2020-11-12,SPY_rolling,1,1,1,0.5555757808718318,0.5744133040685614,0.3668194
2020-11-13,SPY_rolling,1,1,1,0.5254587953780296,0.5786835864120757,0.6392604
2020-11-16,SPY_rolling,1,1,1,0.5274287903634992,0.4303884392700811,0.47829786
2020-11-17,SPY_rolling,1,0,1,0.5496963964332573,0.6230960008426937,0.83095115
2020-11-18,SPY_rolling,1,1,1,0.5562123970301175,0.522169397152787,0.36041448
2020-11-19,SPY_rolling,1,0,1,0.5347357326590898,0.574641721331948,0.6797383
2020-11-20,SPY_rolling,1,1,1,0.5495248403735181,0.6044214262928509,0.7126635
2020-11-23,SPY_rolling,1,1,1,0.536391517421046,0.4974117418282903,0.50265545
2020-11-24,SPY_rolling,1,0,1,0.5263555841208546,0.5463453335874217,0.60630774
2020-11-25,SPY_rolling,1,0,1,0.5457185261639828,0.6971225746335401,0.768062
2020-11-27,SPY_rolling,1,0,1,0.5417197540015589,0.7415891353094882,0.9221163
2020-11-30,SPY_rolling,1,1,1,0.5402015286158691,0.6330692518873776,0.7303733
2020-12-01,SPY_rolling,1,1,1,0.5226821100524685,0.5623053202573034,0.35202688
2020-12-02,SPY_rolling,0,1,1,0.5405111869041163,0.6273897056974864,0.66328406
2020-12-03,SPY_rolling,0,1,1,0.5407755369129068,0.5423762403062091,0.39964548
2020-12-04,SPY_rolling,0,1,1,0.5318881541150693,0.5610438018810595,0.67334026
2020-12-07,SPY_rolling,0,1,1,0.5436046193722996,0.5739040224449263,0.59994113
2020-12-08,SPY_rolling,0,0,1,0.5407779207315662,0.6185189262307941,0.6506361
2020-12-09,SPY_rolling,0,1,1,0.5458714993899684,0.6632766129657984,0.71705717
2020-12-10,SPY_rolling,0,1,1,0.539264878273041,0.49702995880325973,0.48799053
2020-12-11,SPY_rolling,0,0,1,0.5415454446103554,0.4860145057594044,0.33225423
2020-12-14,SPY_rolling,0,1,1,0.543294416163063,0.6245733864778314,0.6401046
2020-12-15,SPY_rolling,0,1,1,0.5252228754358743,0.5617455277241229,0.65423554
2020-12-16,SPY_rolling,0,1,1,0.5413179636227655,0.6423051606768077,0.7167223
2020-12-17,SPY_rolling,0,0,1,0.5331373932627874,0.4954389237308846,0.4549188
2020-12-18,SPY_rolling,0,1,1,0.5319936332483224,0.37431734604430816,0.16594689
2020-12-21,SPY_rolling,0,0,1,0.5363166287189763,0.6112350520526025,0.6043433
2020-12-22,SPY_rolling,0,0,1,0.5437320103838743,0.5294101940748756,0.60404164
2020-12-23,SPY_rolling,0,1,1,0.5414578211762838,0.5653121431995675,0.5786631
2020-12-24,SPY_rolling,0,1,1,0.5425998706150834,0.514038644957405,0.58091205
2020-12-28,SPY_rolling,0,0,1,0.5359002308940565,0.581251832773275,0.56646276
2020-12-29,SPY_rolling,0,0,1,0.5453955601249103,0.6179900288325169,0.80313325
2020-12-30,SPY_rolling,0,1,1,0.5405522209224503,0.6243640351862789,0.8423229
2020-12-31,SPY_rolling,0,0,1,0.5307329959970003,0.6356259613195012,0.72185487
2021-01-04,SPY_rolling,0,1,1,0.5511712416062948,0.5772092213421043,0.56543535
2021-01-05,SPY_rolling,0,1,1,0.5319736576796851,0.5396253155795612,0.5468177
2021-01-06,SPY_rolling,0,1,1,0.534023650460272,0.5899605073970182,0.5957749
2021-01-07,SPY_rolling,0,1,1,0.5328362245965369,0.5659551726404061,0.55906826
2021-01-08,SPY_rolling,0,1,1,0.5441448806579994,0.5646459875971853,0.5480439
2021-01-11,SPY_rolling,0,0,1,0.5540452956649686,0.576967677965208,0.5639527
2021-01-12,SPY_rolling,0,1,1,0.5407233845151361,0.5455295343092004,0.5523556
2021-01-13,SPY_rolling,0,0,1,0.5359730068186364,0.5439029043076056,0.53912276
2021-01-14,SPY_rolling,0,0,1,0.5418992806474833,0.5598206788436455,0.5494886
2021-01-15,SPY_rolling,0,1,1,0.5409376768982558,0.5959935424539365,0.61085546
2021-01-19,SPY_rolling,0,1,1,0.5309671146102403,0.5357302739615774,0.53966403
2021-01-20,SPY_rolling,0,0,1,0.5297075540879181,0.5666786867769525,0.55147254
2021-01-21,SPY_rolling,0,1,1,0.5461525018902901,0.5724350066970876,0.56792724
2021-01-22,SPY_rolling,0,1,1,0.547639896721535,0.5697092578043217,0.5699025
2021-01-25,SPY_rolling,0,0,1,0.5359681236932636,0.5677367070317471,0.5777076
2021-01-26,SPY_rolling,0,0,1,0.5422955351928371,0.5474000992658142,0.53123504
2021-01-27,SPY_rolling,0,1,1,0.5556734303047004,0.5420831080665526,0.55133355
2021-01-28,SPY_rolling,0,0,1,0.5219895112282872,0.5715605271457798,0.60168165
2021-01-29,SPY_rolling,0,1,1,0.5519276202013516,0.4947483360149736,0.5124686
2021-02-01,SPY_rolling,1,1,1,0.5217433155439538,0.5422582106153787,0.54043025
2021-02-02,SPY_rolling,1,0,1,0.5358124318651449,0.5427405396791907,0.5442933
2021-02-03,SPY_rolling,1,1,1,0.5542523467545077,0.5583419762587856,0.5549585
2021-02-04,SPY_rolling,1,0,1,0.5446586867648544,0.5252985208147932,0.5297052
2021-02-05,SPY_rolling,1,1,1,0.5517854231289611,0.4893544141074501,0.4839847
2021-02-08,SPY_rolling,1,1,1,0.545744206362223,0.4844595453159821,0.47995064
2021-02-09,SPY_rolling,0,0,1,0.5500651628802399,0.5492101018942472,0.53035164
2021-02-10,SPY_rolling,0,0,1,0.5443372336225314,0.5585933062190211,0.5558921
2021-02-11,SPY_rolling,0,1,1,0.5411267917595547,0.5462653152389882,0.54350215
2021-02-12,SPY_rolling,0,0,1,0.5369397357315094,0.5503179666013291,0.5510137
2021-02-16,SPY_rolling,0,1,1,0.541906230411791,0.5347459912963205,0.5255479
2021-02-17,SPY_rolling,0,1,1,0.5407093020316394,0.540900315896256,0.54640096
2021-02-18,SPY_rolling,0,0,1,0.5446097763456674,0.5770456571250138,0.5645552
2021-02-19,SPY_rolling,0,0,1,0.5388631993949909,0.5374241280857736,0.52406865
2021-02-22,SPY_rolling,0,1,1,0.5444322066343292,0.5627412013098715,0.56832635
2021-02-23,SPY_rolling,0,1,1,0.5335121085262836,0.5708686433742196,0.5750169
2021-02-24,SPY_rolling,0,0,1,0.5310885073598285,0.5646728878569408,0.5630923
2021-02-25,SPY_rolling,0,0,1,0.5590243560409838,0.5219858477633721,0.5516793
2021-02-26,SPY_rolling,0,1,1,0.5355432687274928,0.5101326029675194,0.4917382
2021-03-01,SPY_rolling,0,0,1,0.513397156387679,0.5734074460539326,0.57819957
2021-03-02,SPY_rolling,0,0,1,0.5545094020994297,0.5586634152549026,0.5706111
2021-03-03,SPY_rolling,0,0,1,0.555933556670484,0.5476054333293641,0.5720042
2021-03-04,SPY_rolling,0,1,1,0.5486549570940848,0.4678063230056391,0.45600083
2021-03-05,SPY_rolling,1,0,1,0.522323978668669,0.5523554055831246,0.5794329
2021-03-08,SPY_rolling,1,1,1,0.553041934766847,0.5208974711491317,0.53680396
2021-03-09,SPY_rolling,1,0,1,0.5393042177069173,0.5596093701206128,0.55256456
2021-03-10,SPY_rolling,1,1,1,0.55196276866317,0.5704659560300288,0.56543016
2021-03-11,SPY_rolling,1,1,1,0.5481879489831607,0.48810841090216156,0.4948368
2021-03-12,SPY_rolling,1,1,1,0.5557234719793964,0.5493781199490259,0.53506875
2021-03-15,SPY_rolling,1,0,1,0.5476449528528554,0.5152576894252153,0.49547523
2021-03-16,SPY_rolling,1,1,1,0.551275372581272,0.5533822866358133,0.5398561
2021-03-17,SPY_rolling,1,0,1,0.5424555060785229,0.5768468634333606,0.57026005
2021-03-18,SPY_rolling,1,0,1,0.555633475164096,0.5472020269035147,0.5228227
2021-03-19,SPY_rolling,1,1,1,0.5384082745038113,0.5485041382643484,0.5474555
2021-03-22,SPY_rolling,1,0,1,0.5329152504314345,0.5159096725099888,0.5196948
2021-03-23,SPY_rolling,1,0,1,0.5504526511946454,0.543147133971811,0.5541178
2021-03-24,SPY_rolling,1,1,1,0.5473718896877907,0.5405007826515434,0.54441863
2021-03-25,SPY_rolling,1,1,1,0.5339953190801189,0.5455505761733932,0.54452103
2021-03-26,SPY_rolling,1,1,1,0.5286384053106815,0.5586830762891356,0.5458797
2021-03-29,SPY_rolling,0,1,1,0.551172888571065,0.5725380488627049,0.5653522
2021-03-30,SPY_rolling,0,1,1,0.5516076010579984,0.5482428214246466,0.531721
2021-03-31,SPY_rolling,0,1,1,0.538067298231574,0.568392117543066,0.57480675
2021-04-01,SPY_rolling,0,1,1,0.522635644107653,0.560061458699997,0.5528279
2021-04-05,SPY_rolling,0,1,1,0.5240204617812321,0.5113361960872863,0.51444554
2021-04-06,SPY_rolling,0,1,1,0.5404166096825931,0.5201514789678469,0.5310066
2021-04-07,SPY_rolling,0,1,1,0.5370630721632659,0.5372797365028159,0.56637716
2021-04-08,SPY_rolling,0,1,1,0.5305298860919432,0.535928108485869,0.581652
2021-04-09,SPY_rolling,0,1,1,0.5280718066607097,0.5362933637650504,0.58071613
2021-04-12,SPY_rolling,0,1,1,0.5371621486255905,0.5339903700863801,0.5482445
2021-04-13,SPY_rolling,0,0,1,0.5339670369646613,0.5372059565712419,0.57099724
2021-04-14,SPY_rolling,0,1,1,0.539097186605286,0.5282120409456605,0.5421235
2021-04-15,SPY_rolling,0,1,1,0.5208671934602337,0.5399019851720749,0.55964273
2021-04-16,SPY_rolling,0,0,1,0.5283423691794337,0.5241416926665964,0.5407681
2021-04-19,SPY_rolling,0,0,1,0.5362507770060274,0.5497235633186228,0.5581805
2021-04-20,SPY_rolling,0,1,1,0.5377001872539463,0.5602768019772919,0.5609452
2021-04-21,SPY_rolling,0,0,1,0.5141043481658968,0.5446428514865217,0.5259318
2021-04-22,SPY_rolling,0,1,1,0.5381255513384602,0.5719446698988753,0.5613545
2021-04-23,SPY_rolling,0,1,1,0.5147298059953123,0.5288982759494644,0.5267506
2021-04-26,SPY_rolling,0,0,1,0.5318819156347502,0.5528352181444822,0.55596596
2021-04-27,SPY_rolling,0,0,1,0.5344871006975925,0.5258122944635866,0.51651853
2021-04-28,SPY_rolling,0,0,1,0.5335631112630155,0.5210727553302182,0.5104289
2021-04-29,SPY_rolling,0,0,1,0.527685777102165,0.5559150664856621,0.5400501
2021-04-30,SPY_rolling,0,0,1,0.5453682886592824,0.5903413942098263,0.59554166
2021-05-03,SPY_rolling,0,0,1,0.5355849163724077,0.5450824349901182,0.55123496
2021-05-04,SPY_rolling,0,0,1,0.5460422412415487,0.5748754634905291,0.58143353
2021-05-05,SPY_rolling,0,1,1,0.5366275016204733,0.5471711644382767,0.5323561
2021-05-06,SPY_rolling,0,1,1,0.5309004641519769,0.5659033341460297,0.5682302
2021-05-07,SPY_rolling,0,0,1,0.5363187981746257,0.5630297984166647,0.5652834
2021-05-10,SPY_rolling,0,1,1,0.5561958562769644,0.5652349207284145,0.5567886
2021-05-11,SPY_rolling,0,0,1,0.5519249180135223,0.5788616934220573,0.5910759
2021-05-12,SPY_rolling,0,1,1,0.5611368965653706,0.5480348112426223,0.6005513
2021-05-13,SPY_rolling,0,1,1,0.5216774374044156,0.5772339500439768,0.5687421
2021-05-14,SPY_rolling,0,1,1,0.52683231903426,0.5471827426148407,0.5677658
2021-05-17,SPY_rolling,0,0,1,0.5529344222815441,0.5368710518485685,0.5681301
2021-05-18,SPY_rolling,0,1,1,0.5572931258561895,0.5168885425995803,0.5447029
2021-05-19,SPY_rolling,0,1,1,0.5508335499890202,0.5942244419081822,0.60225475
2021-05-20,SPY_rolling,0,0,1,0.5315926135246906,0.5495866842058545,0.5454564
2021-05-21,SPY_rolling,0,1,1,0.551510053166373,0.5410696005406573,0.5362572
2021-05-24,SPY_rolling,0,0,1,0.5389798974792629,0.5515880149652681,0.5670753
2021-05-25,SPY_rolling,0,1,1,0.555095524538713,0.5413418971154038,0.51835895
2021-05-26,SPY_rolling,0,0,1,0.5466860758012413,0.5217136155568473,0.5299015
2021-05-27,SPY_rolling,0,0,1,0.548724894543848,0.5324198683042027,0.5353362
2021-05-28,SPY_rolling,0,0,1,0.5444906087063884,0.5518027482241007,0.56391585
2021-06-01,SPY_rolling,0,0,1,0.5488092192461053,0.5071222851643421,0.51642615
2021-06-02,SPY_rolling,0,1,1,0.5442842997684832,0.3793931981978169,0.41824552
2021-06-03,SPY_rolling,0,1,1,0.549897918396676,0.5418155249617804,0.5486065
2021-06-04,SPY_rolling,0,0,1,0.53484590950184,0.5619026466699357,0.5663825
2021-06-07,SPY_rolling,0,0,1,0.5497725632226341,0.5442067837413608,0.5608227
2021-06-08,SPY_rolling,0,0,1,0.5449270766264752,0.5592149191152433,0.5607849
2021-06-09,SPY_rolling,0,1,1,0.544091404257691,0.5388354236830567,0.54850197
2021-06-10,SPY_rolling,0,1,1,0.5309397695488661,0.5429789625410725,0.5105415
2021-06-11,SPY_rolling,0,1,1,0.5385050121529031,0.5344423437319741,0.5417605
2021-06-14,SPY_rolling,0,0,1,0.5407005873415808,0.5234295180334928,0.5295665
2021-06-15,SPY_rolling,0,0,1,0.544538005380966,0.5279822202479898,0.5382774
2021-06-16,SPY_rolling,0,1,1,0.5452734655935282,0.5654828600212124,0.5650234
2021-06-17,SPY_rolling,0,0,1,0.5379484455795568,0.4867162893401119,0.50045663
2021-06-18,SPY_rolling,0,1,1,0.5548961466614041,0.4660181270051962,0.46575117
2021-06-21,SPY_rolling,0,1,1,0.5196802192870864,0.5708152664310995,0.5519099
2021-06-22,SPY_rolling,0,0,1,0.5379184704521733,0.5702368080140368,0.5823265
2021-06-23,SPY_rolling,0,1,1,0.5464139438305702,0.5704344924487358,0.5799696
2021-06-24,SPY_rolling,0,1,1,0.5376382061166834,0.5772723233509793,0.5797376
2021-06-25,SPY_rolling,0,1,1,0.542153198659202,0.5788964386585026,0.58864266
2021-06-28,SPY_rolling,0,0,1,0.5435006593868312,0.5766027423769805,0.5749155
2021-06-29,SPY_rolling,0,1,1,0.5434619294417652,0.5453179739614752,0.52236575
2021-06-30,SPY_rolling,0,1,1,0.5425979145291862,0.572329272290206,0.5813182
2021-07-01,SPY_rolling,0,1,1,0.534476602916294,0.5353392707495669,0.51813066
2021-07-02,SPY_rolling,0,0,1,0.5344281001016407,0.572256983957771,0.5478946
2021-07-06,SPY_rolling,0,1,1,0.5458187372945745,0.5724723897749463,0.5568772
2021-07-07,SPY_rolling,0,1,1,0.5369066696931925,0.5748047500958036,0.5553183
2021-07-08,SPY_rolling,0,1,1,0.5487173963863079,0.5798829061217806,0.59768534
2021-07-09,SPY_rolling,0,1,1,0.5236437327176591,0.5785220175526861,0.56073195
2021-07-12,SPY_rolling,0,0,1,0.5357110277221376,0.5668493811338648,0.56218904
2021-07-13,SPY_rolling,0,0,1,0.5442711329898082,0.5517336007502498,0.55088276
2021-07-14,SPY_rolling,0,0,1,0.5363607282369188,0.5387431455056304,0.5307412
2021-07-15,SPY_rolling,0,0,1,0.5407074257077749,0.5472789086706041,0.5569973
2021-07-16,SPY_rolling,0,0,1,0.5438578602920774,0.6243874874098906,0.6069434
2021-07-19,SPY_rolling,0,1,1,0.548269001247221,0.4988787277842889,0.4775808
2021-07-20,SPY_rolling,0,1,1,0.5148063331185995,0.5828902670573192,0.60720164
2021-07-21,SPY_rolling,0,1,1,0.531869767331647,0.5789786572433271,0.57920927
2021-07-22,SPY_rolling,0,1,1,0.5430839402610822,0.5800375364603897,0.5759907
2021-07-23,SPY_rolling,0,1,1,0.5357241151592451,0.5788005460264226,0.5789737
2021-07-26,SPY_rolling,0,0,1,0.5462375194283917,0.5547891736593461,0.54598826
2021-07-27,SPY_rolling,0,0,1,0.5499307229525285,0.5865447987837304,0.5857595
2021-07-28,SPY_rolling,0,1,1,0.5404684373457,0.5529249164818039,0.5655492
2021-07-29,SPY_rolling,0,1,1,0.5339053102690081,0.5347036895025945,0.5330751
2021-07-30,SPY_rolling,0,0,1,0.546034587691989,0.5782621997348869,0.5929643
2021-08-02,SPY_rolling,0,1,1,0.5425977044729702,0.5613909712585796,0.5320793
2021-08-03,SPY_rolling,0,0,1,0.531076462774146,0.5526298837476485,0.5697316
2021-08-04,SPY_rolling,0,1,1,0.5491657183651072,0.5727590656045513,0.5956152
2021-08-05,SPY_rolling,0,1,1,0.5332999562363431,0.5278908842108574,0.5344847
2021-08-06,SPY_rolling,0,0,1,0.542729145451406,0.5606629582184721,0.578642
2021-08-09,SPY_rolling,0,1,1,0.545050605903028,0.5411329190351857,0.53859633
2021-08-10,SPY_rolling,0,0,1,0.5408622545398006,0.540622459994882,0.5355749
2021-08-11,SPY_rolling,0,1,1,0.5397254718160444,0.5384824384639034,0.5354871
2021-08-12,SPY_rolling,0,1,1,0.5386818830747201,0.4730172824838358,0.49232617
2021-08-13,SPY_rolling,0,1,1,0.5391978852909283,0.49480538565097504,0.50150836
2021-08-16,SPY_rolling,0,0,1,0.5362421677271638,0.48526904143523114,0.5147231
2021-08-17,SPY_rolling,0,0,1,0.5474941776435439,0.4682213464361672,0.48594296
2021-08-18,SPY_rolling,0,1,1,0.5497959584300323,0.5967528797878067,0.5834852
2021-08-19,SPY_rolling,0,1,1,0.5330091834222851,0.591786341260332,0.60310423
2021-08-20,SPY_rolling,0,1,1,0.5303426721514035,0.5623129899491789,0.5692477
2021-08-23,SPY_rolling,0,0,1,0.53506792395584,0.5851637163251363,0.60757047
2021-08-24,SPY_rolling,0,1,1,0.5462162405466184,0.5759422703707202,0.583011
2021-08-25,SPY_rolling,0,0,1,0.5447316282790855,0.5534671101833917,0.54681593
2021-08-26,SPY_rolling,0,1,1,0.5511760457554694,0.6002727789616262,0.61323005
2021-08-27,SPY_rolling,0,1,1,0.5293069478003238,0.5843125016111098,0.59705335
2021-08-30,SPY_rolling,0,0,1,0.5364362837256401,0.5641153733491897,0.56415945
2021-08-31,SPY_rolling,0,0,1,0.5446917576178605,0.5633738574016877,0.5692697
2021-09-01,SPY_rolling,0,0,1,0.5397123635175152,0.5446812619806923,0.54411143
2021-09-02,SPY_rolling,0,1,1,0.536901088079045,0.5192491496783362,0.4902596
2021-09-03,SPY_rolling,0,0,1,0.5407020275708815,0.529482320582472,0.5385079
2021-09-07,SPY_rolling,0,1,1,0.543599330232619,0.5426737998520892,0.55561924
2021-09-08,SPY_rolling,0,0,1,0.5398372883145649,0.531511413500988,0.5149616
2021-09-09,SPY_rolling,0,0,1,0.543448513626013,0.5788253478831569,0.5687578
2021-09-10,SPY_rolling,0,0,1,0.5476295323338435,0.5989842970392278,0.6137807
2021-09-13,SPY_rolling,0,0,1,0.5354090016469466,0.5947522868719299,0.6048735
2021-09-14,SPY_rolling,0,1,1,0.5482945303391817,0.6016780743960191,0.6101409
2021-09-15,SPY_rolling,0,0,1,0.5320798809230789,0.5839135404306557,0.6104558
2021-09-16,SPY_rolling,0,0,1,0.5465183563366581,0.6036537546855868,0.62414664
2021-09-17,SPY_rolling,0,0,1,0.5556186672679647,0.5432327991116164,0.5384764
2021-09-20,SPY_rolling,0,0,1,0.5608387358613456,0.5033124958481827,0.4929895
2021-09-21,SPY_rolling,0,1,1,0.5396971790504206,0.562103227568679,0.56975144
2021-09-22,SPY_rolling,0,1,1,0.5322408450337052,0.5812770006176,0.58215773
2021-09-23,SPY_rolling,0,1,1,0.5381513913119931,0.6079695846877234,0.61787826
2021-09-24,SPY_rolling,0,0,1,0.555170027911822,0.6162951664901061,0.6160171
2021-09-27,SPY_rolling,0,0,1,0.5603738960273638,0.5791823211811589,0.60130805
2021-09-28,SPY_rolling,0,0,1,0.57426334189703,0.5773065846222301,0.57130885
2021-09-29,SPY_rolling,0,0,1,0.5397693354004208,0.5820545258330907,0.59023124
2021-09-30,SPY_rolling,0,1,1,0.5588606297619341,0.5363602644244946,0.5660762
2021-10-01,SPY_rolling,0,0,1,0.535144105561961,0.609174970703247,0.61108136
2021-10-04,SPY_rolling,0,1,1,0.5633039745504003,0.5587256410561892,0.5526012
2021-10-05,SPY_rolling,1,1,1,0.5422636472270241,0.5507345436390804,0.5433233
2021-10-06,SPY_rolling,1,1,1,0.551776701861475,0.5580697840457173,0.54855937
2021-10-07,SPY_rolling,1,0,1,0.5479729117351471,0.5487902175334501,0.53744453
2021-10-08,SPY_rolling,1,0,1,0.5558706287603771,0.5341009564759126,0.5173213
2021-10-11,SPY_rolling,1,0,1,0.5558643629294052,0.5061426677255118,0.4957512
2021-10-12,SPY_rolling,1,1,1,0.546274055893628,0.5032109511952281,0.48602855
2021-10-13,SPY_rolling,1,1,1,0.5417953257953668,0.5250494743250284,0.4968791
2021-10-14,SPY_rolling,1,1,1,0.5345402636577653,0.5346699926285319,0.5125865
2021-10-15,SPY_rolling,1,1,1,0.5459927955981214,0.5436754454692149,0.5014639
2021-10-18,SPY_rolling,1,1,1,0.5458091669636955,0.549306541506899,0.5136344
2021-10-19,SPY_rolling,1,1,1,0.5379361483812554,0.5585449952540598,0.56324095
2021-10-20,SPY_rolling,1,1,1,0.5391061516622717,0.5590210116107479,0.57008636
2021-10-21,SPY_rolling,0,0,1,0.5387945131199222,0.5697086641319054,0.56522894
2021-10-22,SPY_rolling,0,1,1,0.539300798082724,0.5451231925758678,0.5572782
2021-10-25,SPY_rolling,0,0,1,0.5310554691975978,0.5427252505029442,0.53129655
2021-10-26,SPY_rolling,0,0,1,0.5311234724093508,0.5629360266826204,0.5728081
2021-10-27,SPY_rolling,0,1,1,0.534540110665176,0.5470769878070609,0.5613936
2021-10-28,SPY_rolling,0,1,1,0.5200184225180382,0.5720460718669111,0.574868
2021-10-29,SPY_rolling,0,0,1,0.530391267432654,0.5604227860142463,0.5488809
2021-11-01,SPY_rolling,0,1,1,0.5283830870032855,0.5421714849912462,0.53358614
2021-11-02,SPY_rolling,0,1,1,0.5278514926117602,0.5594572482690303,0.54210305
2021-11-03,SPY_rolling,0,1,1,0.5262616710672349,0.5470044813723169,0.53111345
2021-11-04,SPY_rolling,0,0,1,0.528929761772657,0.545646521385255,0.52905715
2021-11-05,SPY_rolling,0,0,1,0.5286561950930272,0.5249162884865202,0.51646936
2021-11-08,SPY_rolling,0,0,1,0.5285318482632031,0.5166472431620608,0.5362246
2021-11-09,SPY_rolling,0,0,1,0.5293245699007761,0.5067129205055869,0.5139413
2021-11-10,SPY_rolling,0,0,1,0.530852442940035,0.550649501548052,0.5624439
2021-11-11,SPY_rolling,0,1,1,0.525659604161408,0.49507716071852526,0.5277071
2021-11-12,SPY_rolling,0,0,1,0.5232115260388487,0.5154423646864892,0.52013373
2021-11-15,SPY_rolling,0,1,1,0.5341830953958981,0.506235815549758,0.5333097
2021-11-16,SPY_rolling,0,0,1,0.5332988565144009,0.5337749576905728,0.5585399
2021-11-17,SPY_rolling,0,1,1,0.5391467666900227,0.49824563935966654,0.52154666
2021-11-18,SPY_rolling,0,0,1,0.5323299818698983,0.5284175013488573,0.54832625
2021-11-19,SPY_rolling,0,0,1,0.5364594380159636,0.5128560192187835,0.5478905
2021-11-22,SPY_rolling,0,1,1,0.5364641623210796,0.5136650609638532,0.54552764
2021-11-23,SPY_rolling,0,1,1,0.5329201944929158,0.5445621742449741,0.5696972
2021-11-24,SPY_rolling,0,0,1,0.5325266741992388,0.5483673505267009,0.5876315
2021-11-26,SPY_rolling,0,1,1,0.5545933442451079,0.48357704162238113,0.52902824
2021-11-29,SPY_rolling,0,0,1,0.5225496926044968,0.6007445866462643,0.60675615
2021-11-30,SPY_rolling,0,0,1,0.5543714637991054,0.4596004202798212,0.52732956
2021-12-01,SPY_rolling,0,1,1,0.5446964982159491,0.5257330274129295,0.5749299
2021-12-02,SPY_rolling,0,0,1,0.5282291907541932,0.5664969047806356,0.5323261
2021-12-03,SPY_rolling,0,1,1,0.5562004472934183,0.5566544292462565,0.5528794
2021-12-06,SPY_rolling,1,1,1,0.5414320614045856,0.5659802312539225,0.53507954
2021-12-07,SPY_rolling,1,1,1,0.5406427450292731,0.560960615153543,0.55326927
2021-12-08,SPY_rolling,1,0,1,0.5565291640789389,0.5494467577328962,0.5567066
2021-12-09,SPY_rolling,1,1,1,0.5577243971505264,0.5722714610923693,0.5664143
2021-12-10,SPY_rolling,1,0,1,0.5371303407626793,0.5472488155027595,0.55578786
2021-12-13,SPY_rolling,1,1,1,0.5510314218108043,0.570665430570765,0.56500626
2021-12-14,SPY_rolling,1,1,1,0.5448197437284259,0.5750978303586348,0.568105
2021-12-15,SPY_rolling,1,0,1,0.5273806631221875,0.5696273812444499,0.5742015
2021-12-16,SPY_rolling,1,0,1,0.5517191951680872,0.5768040552803225,0.56933266
2021-12-17,SPY_rolling,1,1,1,0.5505157686414598,0.5677792699500203,0.5648897
2021-12-20,SPY_rolling,1,1,1,0.5479455387171268,0.5444482319475527,0.5597894
2021-12-21,SPY_rolling,1,1,1,0.5244151271889507,0.4875179157925506,0.47421128
2021-12-22,SPY_rolling,1,1,1,0.5409018047797362,0.5365035837502087,0.51676965
2021-12-23,SPY_rolling,1,1,1,0.5482906664292881,0.5453986926647127,0.5237547
2021-12-27,SPY_rolling,1,0,1,0.5376931267532331,0.5426579623746993,0.568517
2021-12-28,SPY_rolling,1,1,1,0.5489919650908034,0.554614794966745,0.5790022
2021-12-29,SPY_rolling,1,0,1,0.5371273605994156,0.5749059124171022,0.5459519
2021-12-30,SPY_rolling,1,0,1,0.5348726749735264,0.4882711545852621,0.4888194
2021-12-31,SPY_rolling,1,1,1,0.5333859745434623,0.5122659903411834,0.5030542
2022-01-03,SPY_rolling,1,0,1,0.5247991461147308,0.5218166527280196,0.49265477
2022-01-04,SPY_rolling,0,0,1,0.5359594622247887,0.5640586375769872,0.5037354
2022-01-05,SPY_rolling,1,1,1,0.5562023707084545,0.5585042423033525,0.5229136
2022-01-06,SPY_rolling,1,0,1,0.538278402470526,0.6370744920239757,0.57306236
2022-01-07,SPY_rolling,0,1,1,0.5427178800341166,0.6434769176564125,0.5999593
2022-01-10,SPY_rolling,0,1,1,0.5423505966461708,0.6699848708928091,0.570628
2022-01-11,SPY_rolling,0,0,1,0.5383153059951062,0.5432723146592198,0.5700433
2022-01-12,SPY_rolling,0,0,1,0.5465326632419373,0.5811860222441076,0.55719894
2022-01-13,SPY_rolling,0,1,1,0.5635319317514703,0.5911100272903786,0.5764893
2022-01-14,SPY_rolling,0,0,1,0.5424459792188029,0.5395109441296894,0.55124456
2022-01-18,SPY_rolling,0,0,1,0.5565030151452198,0.5913376726760001,0.55767775
2022-01-19,SPY_rolling,0,0,1,0.5485320708916868,0.5665674231943373,0.57376426
2022-01-20,SPY_rolling,0,0,1,0.5586983737263009,0.5011919105392733,0.5615058
2022-01-21,SPY_rolling,0,1,1,0.5693778124048728,0.33583233436436094,0.4654535
2022-01-24,SPY_rolling,0,1,1,0.5509618190551016,0.41581468097365726,0.45280355
2022-01-25,SPY_rolling,0,0,1,0.5845192539943348,0.5506144757121532,0.5882142
2022-01-26,SPY_rolling,0,0,1,0.5762218309181579,0.5832484273978237,0.59629375
2022-01-27,SPY_rolling,0,1,1,0.5851650551571705,0.5850814087781976,0.5909125
2022-01-28,SPY_rolling,1,1,1,0.5514411212990817,0.5330630700870308,0.5693057
2022-01-31,SPY_rolling,1,1,1,0.5623522819091866,0.5275423571667346,0.55820614
2022-02-01,SPY_rolling,1,1,1,0.5747809970474936,0.5619123587979051,0.56901777
2022-02-02,SPY_rolling,1,0,1,0.5650872007331776,0.5506578851180444,0.5498053
2022-02-03,SPY_rolling,1,1,1,0.5843376099544636,0.5810696408642174,0.52828646
2022-02-04,SPY_rolling,1,0,1,0.5480345232575267,0.5593381871568225,0.52296925
2022-02-07,SPY_rolling,1,1,1,0.5604243851789272,0.5095743691105847,0.5169443
2022-02-08,SPY_rolling,1,1,1,0.5491274231027243,0.5428872300496543,0.5166388
2022-02-09,SPY_rolling,1,0,1,0.5478198385835581,0.5364275505998835,0.5368302
2022-02-10,SPY_rolling,1,0,1,0.5785604866199451,0.49198603618907355,0.50756216
2022-02-11,SPY_rolling,1,0,1,0.5712893125900298,0.4515026912241446,0.48871794
2022-02-14,SPY_rolling,1,1,1,0.5539120257972368,0.536163616623872,0.57175744
2022-02-15,SPY_rolling,1,1,1,0.5342732978800925,0.5015886584453568,0.48346964
2022-02-16,SPY_rolling,1,0,1,0.5568937974206095,0.5123866647567819,0.53563374
2022-02-17,SPY_rolling,1,0,1,0.5776501552421962,0.5070121115620684,0.51451135
2022-02-18,SPY_rolling,1,0,1,0.5504250522517916,0.6167874508170434,0.59017974
2022-02-22,SPY_rolling,1,0,1,0.5567160743561634,0.6018815178497467,0.5893642
2022-02-23,SPY_rolling,1,1,1,0.566888826609019,0.36057091790895107,0.47384122
2022-02-24,SPY_rolling,1,1,1,0.5272733713595387,0.4674950798212303,0.410761
2022-02-25,SPY_rolling,1,1,1,0.5334140098689969,0.5608627389301225,0.5815906
2022-02-28,SPY_rolling,1,0,1,0.5659443613149838,0.5088169082799644,0.53014404
2022-03-01,SPY_rolling,1,1,1,0.5802872217162999,0.40699496198577845,0.4260091
2022-03-02,SPY_rolling,1,0,1,0.5410060160893514,0.5419082867796108,0.54329354
2022-03-03,SPY_rolling,1,1,1,0.5694312510795214,0.57567167792156,0.55812204
2022-03-04,SPY_rolling,1,0,1,0.5668528979881395,0.5364380758599853,0.580703
2022-03-07,SPY_rolling,1,0,1,0.5874887148356354,0.7088270687102121,0.7257377
2022-03-08,SPY_rolling,1,1,1,0.5575100109776592,0.533151979875957,0.5631012
2022-03-09,SPY_rolling,1,1,1,0.5348829804921265,0.5585689928788858,0.5759268
2022-03-10,SPY_rolling,1,0,1,0.5825988358284223,0.5848345151582457,0.58164924
2022-03-11,SPY_rolling,1,0,1,0.5870297485300767,0.6133212979787437,0.6080175
2022-03-14,SPY_rolling,1,1,1,0.5725740472640892,0.6379220636953243,0.6069428
2022-03-15,SPY_rolling,1,1,1,0.5357646126571546,0.53836329950807,0.5693352
2022-03-16,SPY_rolling,1,1,1,0.5417105366137559,0.5592371134881158,0.54964274
2022-03-17,SPY_rolling,1,1,1,0.5571204298736826,0.5574304747202073,0.5704847
2022-03-18,SPY_rolling,1,1,1,0.5468890314615797,0.6713394305872091,0.5903374
2022-03-21,SPY_rolling,1,1,1,0.5496301755932834,0.6160718340457111,0.58132184
2022-03-22,SPY_rolling,1,0,1,0.5279377692450519,0.646808516795097,0.59370637
2022-03-23,SPY_rolling,1,1,1,0.5456637796729877,0.4702114380707671,0.5214365
2022-03-24,SPY_rolling,1,1,1,0.517445581855875,0.5087357652249632,0.5461846
2022-03-25,SPY_rolling,1,1,1,0.5335116134364387,0.6187563577296292,0.60456693
2022-03-28,SPY_rolling,1,1,1,0.5290700598546199,0.6006796108556277,0.6044327
2022-03-29,SPY_rolling,1,0,1,0.5165623598494162,0.5380076971108241,0.5435932
2022-03-30,SPY_rolling,1,0,1,0.5385144602888878,0.538546873189176,0.51550066
2022-03-31,SPY_rolling,1,0,1,0.5380358577356588,0.4579297795925139,0.4600563
2022-04-01,SPY_rolling,1,1,1,0.5136410796188404,0.5110663160382689,0.51482624
2022-04-04,SPY_rolling,1,0,1,0.5071437733863698,0.5351469033017289,0.4965089
2022-04-05,SPY_rolling,1,0,1,0.518859839481971,0.5104540177552053,0.5260008
2022-04-06,SPY_rolling,1,1,1,0.5203373394286481,0.5060283207994558,0.5333989
2022-04-07,SPY_rolling,1,0,1,0.5171491210157514,0.39199819943291925,0.39633515
2022-04-08,SPY_rolling,1,0,1,0.5209805195058383,0.5361748316732066,0.4751515
2022-04-11,SPY_rolling,1,0,1,0.5281177888466745,0.4160107061075459,0.38511842
2022-04-12,SPY_rolling,1,1,1,0.5287711696152846,0.49583668733736846,0.52330303
2022-04-13,SPY_rolling,0,0,1,0.5317178322390788,0.5304501675171952,0.54128367
2022-04-14,SPY_rolling,0,1,1,0.5475602457703895,0.6242710119008095,0.5706732
2022-04-18,SPY_rolling,0,1,1,0.5503828783190787,0.5059408292097917,0.49269545
2022-04-19,SPY_rolling,1,0,1,0.5425960108404716,0.6470294818901836,0.6384306
2022-04-20,SPY_rolling,0,0,1,0.5590147007674425,0.4804979452461774,0.5359725
2022-04-21,SPY_rolling,0,0,1,0.5567643006491723,0.5611585760214179,0.53125423
2022-04-22,SPY_rolling,1,1,1,0.5573632846013109,0.639604411724068,0.61859953
2022-04-25,SPY_rolling,1,0,1,0.5400080300342215,0.4964878806120361,0.52804476
2022-04-26,SPY_rolling,1,1,1,0.5687222634749822,0.6241072103866254,0.6641206
2022-04-27,SPY_rolling,1,1,1,0.554675916182192,0.48607824028039004,0.5072302
2022-04-28,SPY_rolling,1,0,1,0.5550161425775559,0.525093132126505,0.4951313
2022-04-29,SPY_rolling,1,1,1,0.587565881455845,0.7233844702981511,0.69096434
2022-05-02,SPY_rolling,1,1,1,0.5600609923448124,0.5976346377234415,0.5752738
2022-05-03,SPY_rolling,1,1,1,0.5743507559789505,0.6168227725962552,0.54880625
2022-05-04,SPY_rolling,1,0,1,0.5543019626043443,0.5823028042506906,0.5768939
2022-05-05,SPY_rolling,1,1,1,0.5885833734355957,0.7161643313165091,0.6777314
2022-05-06,SPY_rolling,1,0,1,0.5692158865047264,0.6121132713765812,0.57660764
2022-05-09,SPY_rolling,1,0,1,0.5804952696861855,0.7504404663907429,0.7178222
2022-05-10,SPY_rolling,1,0,1,0.5565721619771058,0.4959404912186636,0.5325444
2022-05-11,SPY_rolling,1,1,1,0.5723746851258567,0.4948011810105519,0.5083043
2022-05-12,SPY_rolling,1,1,1,0.5765186298412026,0.5957990994373669,0.5986986
2022-05-13,SPY_rolling,1,1,1,0.5706470031770428,0.6356770765983609,0.6329364
2022-05-16,SPY_rolling,1,1,1,0.5951587293094245,0.6129118645396473,0.6229074
2022-05-17,SPY_rolling,1,0,1,0.5836176481889953,0.6545595247629034,0.62170964
2022-05-18,SPY_rolling,1,1,1,0.6115234471843871,0.7526723991236485,0.7126465
2022-05-19,SPY_rolling,1,0,1,0.5795610354459206,0.6153527062539436,0.5765945
2022-05-20,SPY_rolling,1,1,1,0.5639697638760307,0.5770754745020702,0.594071
2022-05-23,SPY_rolling,1,1,1,0.566272430474339,0.5570098841630984,0.5695251
2022-05-24,SPY_rolling,1,1,1,0.5769387496959492,0.49600861832187654,0.55428594
2022-05-25,SPY_rolling,1,1,1,0.5697667671963195,0.5802821484200721,0.64157206
2022-05-26,SPY_rolling,1,1,1,0.5701386595438945,0.5921326012213873,0.56528443
2022-05-27,SPY_rolling,1,0,1,0.5553549618272587,0.6913755981805637,0.69357127
2022-05-31,SPY_rolling,1,0,1,0.5676092661462833,0.5761934035688656,0.60130525
2022-06-01,SPY_rolling,1,1,1,0.5619596345994825,0.529570293174505,0.4971245
2022-06-02,SPY_rolling,1,0,1,0.5466809138958834,0.6381910076647828,0.6515084
2022-06-03,SPY_rolling,1,0,1,0.553802267337819,0.47388123204588445,0.49372214
2022-06-06,SPY_rolling,1,1,1,0.5372747119240463,0.6001478753993952,0.60132813
2022-06-07,SPY_rolling,1,0,1,0.5266380355104657,0.6203480206972584,0.60219747
2022-06-08,SPY_rolling,1,0,1,0.538929225142191,0.5092371344115185,0.5189587
2022-06-09,SPY_rolling,1,0,1,0.5364201247363042,0.6069042179415323,0.6793213
2022-06-10,SPY_rolling,1,0,1,0.5320656194250447,0.7062176974736688,0.71875525
2022-06-13,SPY_rolling,1,0,1,0.5420107202566399,0.7288799028347847,0.6924525
2022-06-14,SPY_rolling,1,1,1,0.5340614312153283,0.5963725911907674,0.6137777
2022-06-15,SPY_rolling,1,0,1,0.5444274426660393,0.5134160209773014,0.55768496
2022-06-16,SPY_rolling,1,1,1,0.5737478290447777,0.7101662516120412,0.6674878
2022-06-17,SPY_rolling,1,1,1,0.5600580583994283,0.5390254338650625,0.5610298
2022-06-21,SPY_rolling,1,1,1,0.5605398107765043,0.6553103198089428,0.65319484
2022-06-22,SPY_rolling,1,1,1,0.5830048499412777,0.6547649696997254,0.60959554
2022-06-23,SPY_rolling,1,1,1,0.5749906364985197,0.6404305443312439,0.61603314
2022-06-24,SPY_rolling,1,0,1,0.5648579846806887,0.6497641378695276,0.6386122
2022-06-27,SPY_rolling,1,0,1,0.5880026005132906,0.516333926009896,0.580616
2022-06-28,SPY_rolling,1,0,1,0.5895398623469278,0.5572217880279138,0.52541727
2022-06-29,SPY_rolling,1,1,1,0.5704028135197692,0.5750115393713732,0.59698147
2022-06-30,SPY_rolling,1,1,1,0.563852793049963,0.5850670510080258,0.5624885
2022-07-01,SPY_rolling,1,1,1,0.5739085775157862,0.6185051305988474,0.5833351
2022-07-05,SPY_rolling,1,1,1,0.5772313589426424,0.5932932542439548,0.5768045
2022-07-06,SPY_rolling,1,1,1,0.5777193245254393,0.5930591215300357,0.5743769
2022-07-07,SPY_rolling,1,1,1,0.5684771694362252,0.4832114048536202,0.52756876
2022-07-08,SPY_rolling,1,0,1,0.569465962617087,0.5660795293509122,0.5796261
2022-07-11,SPY_rolling,1,0,1,0.5688499129468852,0.46690326339823024,0.514237
2022-07-12,SPY_rolling,1,1,1,0.5521027598428621,0.522411553191023,0.56586826
2022-07-13,SPY_rolling,1,1,1,0.529835225238275,0.5558026166007111,0.5531256
2022-07-14,SPY_rolling,1,1,1,0.5340384924959989,0.6287802450712127,0.5494259
2022-07-15,SPY_rolling,1,0,1,0.5260388051453071,0.6110916493888559,0.60117316
2022-07-18,SPY_rolling,1,1,1,0.5463390655774,0.5094540174707152,0.50139934
2022-07-19,SPY_rolling,1,1,1,0.5034116678509019,0.441616371491084,0.4423001
2022-07-20,SPY_rolling,1,1,1,0.5288261186412058,0.5390444984727413,0.53441304
2022-07-21,SPY_rolling,1,0,1,0.5197475442666128,0.4748781401451224,0.48928663
2022-07-22,SPY_rolling,1,0,1,0.5314463287694976,0.5056693671443665,0.5198842
2022-07-25,SPY_rolling,0,0,1,0.5347364158303738,0.5307154156897798,0.55665183
2022-07-26,SPY_rolling,0,1,1,0.5477971741923712,0.5035503864045667,0.5413196
2022-07-27,SPY_rolling,0,1,1,0.4893922294632855,0.5245575380065743,0.51296294
2022-07-28,SPY_rolling,1,1,1,0.5085804054683772,0.4812852653483618,0.5019398
2022-07-29,SPY_rolling,1,1,1,0.4881322134110302,0.39560586000729425,0.48496094
2022-08-01,SPY_rolling,1,0,1,0.5133944212599838,0.37890839959323086,0.4705858
2022-08-02,SPY_rolling,1,1,1,0.5111822160601971,0.3429044750868813,0.39794382
2022-08-03,SPY_rolling,1,0,1,0.48949425176510747,0.47366954663129385,0.5361772
2022-08-04,SPY_rolling,1,1,1,0.522874433542348,0.4900867286542492,0.50322944
2022-08-05,SPY_rolling,1,0,1,0.5176632360570723,0.4424656924322026,0.46139726
2022-08-08,SPY_rolling,0,0,1,0.5144504270672701,0.4155671794810614,0.45378953
2022-08-09,SPY_rolling,0,1,1,0.5164475373481525,0.5051871647563189,0.47829318
2022-08-10,SPY_rolling,1,0,1,0.4810360556127118,0.5208388470896673,0.48639396
2022-08-11,SPY_rolling,1,1,1,0.5044388563393767,0.5945698139702015,0.5787669
2022-08-12,SPY_rolling,0,1,1,0.49121313802073874,0.40207260225968017,0.47363016
2022-08-15,SPY_rolling,0,1,1,0.50041586879115,0.4967768531108461,0.5084696
2022-08-16,SPY_rolling,0,1,1,0.5002741705308837,0.4941697383547743,0.540336
2022-08-17,SPY_rolling,0,1,1,0.5068073128518374,0.4367912120702405,0.44825023
2022-08-18,SPY_rolling,0,0,1,0.5085025531552988,0.44346895297301053,0.45122153
2022-08-19,SPY_rolling,0,0,1,0.510399766106905,0.44792914938506756,0.4502945
2022-08-22,SPY_rolling,1,0,1,0.5157851661573235,0.4620202395356027,0.4401067
2022-08-23,SPY_rolling,0,1,1,0.5234144680739771,0.41502190172474657,0.4468857
2022-08-24,SPY_rolling,0,1,1,0.5334085110729111,0.5105405342222238,0.49352404
2022-08-25,SPY_rolling,0,0,1,0.5334732467907453,0.5586210335135746,0.54084265
2022-08-26,SPY_rolling,1,1,1,0.5493502530720209,0.43933073514524285,0.42948484
2022-08-29,SPY_rolling,1,0,1,0.5458396534974408,0.48033537189490183,0.5056741
2022-08-30,SPY_rolling,1,0,1,0.5414325175526464,0.40947993528280063,0.5049463
2022-08-31,SPY_rolling,1,1,1,0.5573584264967538,0.4302103739558651,0.48296535
2022-09-01,SPY_rolling,1,0,1,0.561921147642477,0.6164359759684895,0.55757236
2022-09-02,SPY_rolling,1,0,1,0.5692744578131838,0.5448973150220746,0.5505454
2022-09-06,SPY_rolling,1,1,1,0.5777409882563205,0.58730747702287,0.57066745
2022-09-07,SPY_rolling,1,1,1,0.5602638974634313,0.5870176943884646,0.57217896
2022-09-08,SPY_rolling,1,1,1,0.5709793710820308,0.5869188140703474,0.59962
2022-09-09,SPY_rolling,1,1,1,0.562611905955793,0.6062841000362809,0.56218135
2022-09-12,SPY_rolling,1,0,1,0.5686203868528834,0.4947527563568419,0.563426
2022-09-13,SPY_rolling,1,1,1,0.5791742489872543,0.6533281435363176,0.6855789
2022-09-14,SPY_rolling,1,0,1,0.5536932384135128,0.6007486762741154,0.60770345
2022-09-15,SPY_rolling,1,1,1,0.5669905573108037,0.4941120292139693,0.5722612
2022-09-16,SPY_rolling,1,1,1,0.5687588006075116,0.4959434589323491,0.59277374
2022-09-19,SPY_rolling,1,0,1,0.5758497828506666,0.6238588140154145,0.6263107
2022-09-20,SPY_rolling,1,0,1,0.5845736652228667,0.5390284542454347,0.61863613
2022-09-21,SPY_rolling,1,0,1,0.5809186499053475,0.5384759357127112,0.5265069
2022-09-22,SPY_rolling,1,0,1,0.5844441112440186,0.6150161750912218,0.6385632
2022-09-23,SPY_rolling,1,0,1,0.5857711689604376,0.5305714464909489,0.5718488
2022-09-26,SPY_rolling,1,0,1,0.5938383728762794,0.49948312659254657,0.513279
2022-09-27,SPY_rolling,1,1,1,0.5856475197696903,0.5060586736538414,0.51703346
2022-09-28,SPY_rolling,1,0,1,0.563956667151566,0.5911755052801427,0.56250006
2022-09-29,SPY_rolling,1,0,1,0.5975257467432672,0.6672224672877969,0.5896764
2022-09-30,SPY_rolling,1,1,1,0.5806720045471774,0.6625768458955924,0.5712318
2022-10-03,SPY_rolling,1,1,1,0.5573488334385172,0.7048851257509785,0.5928881
2022-10-04,SPY_rolling,1,1,1,0.5512413697388173,0.4810799614991198,0.48789164
2022-10-05,SPY_rolling,1,0,1,0.5917590753553618,0.638501092877616,0.6054281
2022-10-06,SPY_rolling,1,0,1,0.5888403158941623,0.5886583579720721,0.5749451
2022-10-07,SPY_rolling,1,0,1,0.5780965945959194,0.7134056739153286,0.6999036
2022-10-10,SPY_rolling,1,0,1,0.5772210825010134,0.564929833799228,0.58606863
2022-10-11,SPY_rolling,1,0,1,0.566082068164082,0.5214678815415167,0.5718227
2022-10-12,SPY_rolling,1,1,1,0.5816516203170118,0.6146508592968021,0.58665556
2022-10-13,SPY_rolling,1,0,1,0.5326006228939837,0.49822750846904607,0.5192992
2022-10-14,SPY_rolling,1,1,1,0.5795326090488904,0.5959086764697523,0.5659428
2022-10-17,SPY_rolling,1,0,1,0.5539622307135093,0.6919894104085199,0.60750294
2022-10-18,SPY_rolling,1,0,1,0.5590764221362868,0.5361859471522007,0.5378712
2022-10-19,SPY_rolling,1,0,1,0.5689246254322003,0.5451500694577635,0.57611793
2022-10-20,SPY_rolling,1,1,1,0.5620115867111052,0.5748999257291242,0.58950347
2022-10-21,SPY_rolling,1,1,1,0.5034879407001857,0.5134570089157073,0.49163115
2022-10-24,SPY_rolling,1,1,1,0.5353578612093203,0.5410495525437093,0.58559597
2022-10-25,SPY_rolling,1,1,1,0.5341930002575088,0.4498571232322844,0.49834573
2022-10-26,SPY_rolling,1,0,1,0.5384624180016894,0.5256102412836189,0.586523
2022-10-27,SPY_rolling,1,1,1,0.5283956015827433,0.5169696553473899,0.5687398
2022-10-28,SPY_rolling,1,0,1,0.4910548723741285,0.43088853901159685,0.48217252
2022-10-31,SPY_rolling,1,0,1,0.5252931207767625,0.5094016116608407,0.5388126
2022-11-01,SPY_rolling,1,0,1,0.5357747732702073,0.5719848097247322,0.59257036
2022-11-02,SPY_rolling,1,0,1,0.5275614640363115,0.5737039558326619,0.5851925
2022-11-03,SPY_rolling,1,0,1,0.5306315865069642,0.516948646371114,0.54122794
2022-11-04,SPY_rolling,1,1,1,0.5072685196589326,0.5064371601042776,0.49582797
2022-11-07,SPY_rolling,1,1,1,0.5372767441640199,0.5306188179109658,0.54024774
2022-11-08,SPY_rolling,1,0,1,0.5365158517773542,0.5441386596880776,0.49936256
2022-11-09,SPY_rolling,1,1,1,0.5537892275746938,0.3825597951920625,0.39069524
2022-11-10,SPY_rolling,1,1,1,0.4643832725683735,0.43036119998006683,0.42080837
2022-11-11,SPY_rolling,1,0,1,0.5216648457241968,0.5009467097403026,0.522476
2022-11-14,SPY_rolling,1,0,1,0.5460820111314112,0.506569808484641,0.4976822
2022-11-15,SPY_rolling,1,0,1,0.5159492147784006,0.4474333590749388,0.4901962
2022-11-16,SPY_rolling,1,1,1,0.5252804059267454,0.4536126362105825,0.43756393
2022-11-17,SPY_rolling,1,0,1,0.5186731935641559,0.46351724632863883,0.47938836
2022-11-18,SPY_rolling,1,0,1,0.5122330821997554,0.5026507998207856,0.4761021
2022-11-21,SPY_rolling,1,1,1,0.5426125746550108,0.6149247865326152,0.59305227
2022-11-22,SPY_rolling,1,1,1,0.5309678924628948,0.5421569783311462,0.52619857
2022-11-23,SPY_rolling,1,1,1,0.5305119502407378,0.6211775626419866,0.6200395
2022-11-25,SPY_rolling,1,0,1,0.5450035758867171,0.6273451920833246,0.57394844
2022-11-28,SPY_rolling,1,0,1,0.5441565494637217,0.4133271483889136,0.421206
2022-11-29,SPY_rolling,1,1,1,0.5320108955690313,0.5278066975393307,0.51870984
2022-11-30,SPY_rolling,1,0,1,0.4772165646192509,0.45714406583679185,0.4575161
2022-12-01,SPY_rolling,1,1,1,0.5257876830025489,0.5725071352226577,0.53861934
2022-12-02,SPY_rolling,1,0,1,0.5185781203824499,0.6122248565289176,0.6297176
2022-12-05,SPY_rolling,1,0,1,0.5305570348020805,0.3168861722828426,0.29098225
2022-12-06,SPY_rolling,1,1,1,0.5237070483402778,0.476799134580206,0.49722338
2022-12-07,SPY_rolling,1,1,1,0.5266654104829793,0.5631706745418994,0.53163993
2022-12-08,SPY_rolling,1,0,1,0.5251756856908284,0.4568270954109217,0.46025985
2022-12-09,SPY_rolling,0,1,1,0.5498261182015609,0.6216769534760065,0.55437505
2022-12-12,SPY_rolling,0,0,1,0.5384200653363818,0.5717558751342587,0.5640598
2022-12-13,SPY_rolling,0,0,1,0.5214283408288273,0.5630361498210691,0.52983004
2022-12-14,SPY_rolling,0,0,1,0.5379318583407149,0.580762812718096,0.5671605
2022-12-15,SPY_rolling,1,0,1,0.5451741735112293,0.5945250530424653,0.6812133
2022-12-16,SPY_rolling,1,0,1,0.53027752632171,0.4990683182686261,0.5373018
2022-12-19,SPY_rolling,1,1,1,0.5490574834978168,0.43588241278226053,0.5447396
2022-12-20,SPY_rolling,1,1,1,0.553291879623978,0.5244820723536869,0.5214736
2022-12-21,SPY_rolling,1,0,1,0.5557797797555163,0.5815740268659189,0.55627006
2022-12-22,SPY_rolling,1,1,1,0.572686201151166,0.4578900080704104,0.5084688
2022-12-23,SPY_rolling,1,0,1,0.5705187353362348,0.6012486442030699,0.5570937
2022-12-27,SPY_rolling,1,0,1,0.5746226977727455,0.606772466318281,0.56348544
2022-12-28,SPY_rolling,1,1,1,0.571346084604579,0.4878182091171011,0.52557904
2022-12-29,SPY_rolling,0,1,1,0.5611245854919872,0.6139358684015537,0.5749381
2022-12-30,SPY_rolling,0,0,1,0.568181746681479,0.596604764643633,0.5903364
2023-01-03,SPY_rolling,0,1,1,0.5829481595119312,0.595728921720057,0.5816644
2023-01-04,SPY_rolling,0,0,1,0.5521962917830456,0.5572189474905901,0.5323694
2023-01-05,SPY_rolling,0,1,1,0.5578259330667705,0.5501576184409146,0.51864463
2023-01-06,SPY_rolling,0,0,1,0.5125814473736008,0.6044734643776022,0.5451738
2023-01-09,SPY_rolling,0,1,1,0.5703501481010275,0.5822613532726835,0.56833047
2023-01-10,SPY_rolling,0,1,1,0.5494773492145937,0.5407602337076228,0.5559032
2023-01-11,SPY_rolling,0,1,1,0.540319194183504,0.5978982555916804,0.5639975
2023-01-12,SPY_rolling,0,1,1,0.508117021475493,0.4705123618494197,0.5378119
2023-01-13,SPY_rolling,0,0,1,0.540318679737449,0.5339774530391628,0.57327545
2023-01-17,SPY_rolling,0,0,1,0.5257291840246412,0.5144963005403735,0.53153086
2023-01-18,SPY_rolling,0,0,1,0.4788675326826175,0.4040587977778696,0.4539418
2023-01-19,SPY_rolling,0,1,1,0.4910638319439422,0.5999959509381235,0.5557937
2023-01-20,SPY_rolling,0,1,1,0.4674271562356368,0.48271050567356893,0.523014
2023-01-23,SPY_rolling,0,1,1,0.5143523189904624,0.5327092074344665,0.5428147
2023-01-24,SPY_rolling,0,1,1,0.5604105361008804,0.5750948612342326,0.61175454
2023-01-25,SPY_rolling,0,1,1,0.5090056854222487,0.520592474544338,0.53519034
2023-01-26,SPY_rolling,0,1,1,0.4915924210456033,0.5339586829990112,0.5284194
2023-01-27,SPY_rolling,0,0,1,0.5226473981163011,0.5787426686560493,0.48864353
2023-01-30,SPY_rolling,0,1,1,0.5324866113435903,0.4387047344085282,0.49596137
2023-01-31,SPY_rolling,0,1,1,0.47255805832744213,0.4988951585490122,0.46151456
2023-02-01,SPY_rolling,0,1,1,0.4703265504413477,0.5895807100520707,0.5245251
2023-02-02,SPY_rolling,0,1,1,0.4824927044472912,0.609693685082598,0.5344223
2023-02-03,SPY_rolling,0,1,1,0.5125956331665771,0.4689361495264168,0.4657568
2023-02-06,SPY_rolling,0,1,1,0.5035660150674655,0.5207674634974964,0.5111937
2023-02-07,SPY_rolling,0,0,1,0.4549315529847107,0.49157459619465466,0.45402187
2023-02-08,SPY_rolling,0,0,1,0.5132567515596274,0.4751191426881239,0.5283428
2023-02-09,SPY_rolling,0,1,1,0.5289020199995083,0.5634426744650706,0.51394534
2023-02-10,SPY_rolling,0,1,1,0.5198579509937681,0.4674599335677202,0.5050225
2023-02-13,SPY_rolling,0,1,1,0.518688845032888,0.4643034406295938,0.51047176
2023-02-14,SPY_rolling,0,1,1,0.541074068834873,0.5043696412939499,0.52072567
2023-02-15,SPY_rolling,0,0,1,0.5587589110539317,0.5003047866214274,0.5143142
2023-02-16,SPY_rolling,0,1,1,0.539020377341115,0.4491437589419027,0.4958159
2023-02-17,SPY_rolling,0,0,1,0.49966089486310816,0.6216987344053788,0.5741827
2023-02-21,SPY_rolling,0,0,1,0.5436713421823965,0.46362893248075865,0.44445556
2023-02-22,SPY_rolling,0,0,1,0.5283405094075153,0.620820160664765,0.5623339
2023-02-23,SPY_rolling,0,1,1,0.53938158357642,0.5596590792982934,0.52796334
2023-02-24,SPY_rolling,0,0,1,0.5558970918188938,0.5335846936275843,0.5220893
2023-02-27,SPY_rolling,0,0,1,0.5795231038407763,0.5337795017667005,0.53137684
2023-02-28,SPY_rolling,0,0,1,0.5660535801933007,0.5445009194685779,0.5289678
2023-03-01,SPY_rolling,0,1,1,0.5613681865189746,0.5481248021768504,0.5620291
2023-03-02,SPY_rolling,0,1,1,0.5750758516240976,0.5226900332463955,0.52460194
2023-03-03,SPY_rolling,0,0,1,0.5546755396466999,0.5481943353112929,0.54550254
2023-03-06,SPY_rolling,0,0,1,0.594273969205206,0.5234403238863391,0.5626601
2023-03-07,SPY_rolling,0,1,1,0.5417093036227771,0.5084151603689281,0.51185864
2023-03-08,SPY_rolling,0,0,1,0.5340404612887543,0.5531902151141932,0.5250905
2023-03-09,SPY_rolling,0,0,1,0.511804485037293,0.46196055439225264,0.49036333
2023-03-10,SPY_rolling,0,1,1,0.5024932805592244,0.3986953390260829,0.46944922
2023-03-13,SPY_rolling,0,1,1,0.5346307997027911,0.47758941481045014,0.54479474
2023-03-14,SPY_rolling,0,1,1,0.5260635857999768,0.5431912638247643,0.5410574
2023-03-15,SPY_rolling,0,1,1,0.5753300052313244,0.5603595178589625,0.5410736
2023-03-16,SPY_rolling,0,0,1,0.5465773783902897,0.5653760724566945,0.5550423
2023-03-17,SPY_rolling,0,1,1,0.5611727103259881,0.5449468305943506,0.52941734
2023-03-20,SPY_rolling,0,1,1,0.5315533521239135,0.5230716703611596,0.5277444
2023-03-21,SPY_rolling,0,0,1,0.5469316245403634,0.5299101771266366,0.53696257
2023-03-22,SPY_rolling,0,0,1,0.5476914368189489,0.4226089313862349,0.4226918
2023-03-23,SPY_rolling,0,1,1,0.5287443818161102,0.5635097310528474,0.53762436
2023-03-24,SPY_rolling,0,0,1,0.5188876825654509,0.51806821261626,0.52213866
2023-03-27,SPY_rolling,0,0,1,0.5518455729961037,0.4606661001094454,0.50088173
2023-03-28,SPY_rolling,0,1,1,0.5812341924329791,0.5923096237029584,0.6041744
2023-03-29,SPY_rolling,0,0,1,0.5403937677959018,0.5695881743223827,0.54867333
2023-03-30,SPY_rolling,0,1,1,0.5549447598782814,0.617556459343253,0.5356078
2023-03-31,SPY_rolling,0,1,1,0.524507722669583,0.5556711140982381,0.5362396
2023-04-03,SPY_rolling,0,0,1,0.55600433905743,0.5985460444087518,0.568372
2023-04-04,SPY_rolling,0,0,1,0.5286134097400988,0.4806012619802808,0.538089
2023-04-05,SPY_rolling,0,1,1,0.5195692400739313,0.5505890822449406,0.579106
2023-04-06,SPY_rolling,0,1,1,0.5061304167841825,0.5312220148738269,0.5865578
2023-04-10,SPY_rolling,0,0,1,0.5341539140190473,0.4500685472265561,0.41295424
2023-04-11,SPY_rolling,0,0,1,0.5465757470870214,0.4421411935668428,0.39118138
2023-04-12,SPY_rolling,0,1,1,0.5374115762323989,0.5149441148271505,0.4987255
2023-04-13,SPY_rolling,0,0,1,0.509741782328294,0.5984343446652401,0.5261512
2023-04-14,SPY_rolling,0,1,1,0.5436017789227763,0.5928285567302727,0.59148276
2023-04-17,SPY_rolling,0,0,1,0.5348666685891084,0.5432459836969621,0.52471894
2023-04-18,SPY_rolling,0,1,1,0.5378567747093039,0.5911931788138982,0.59356004
2023-04-19,SPY_rolling,0,1,1,0.5287738981128697,0.5357018167064687,0.5704756
2023-04-20,SPY_rolling,0,1,1,0.5360294928785947,0.47851132772528715,0.49982518
2023-04-21,SPY_rolling,0,1,1,0.5231723865477378,0.4196585733055549,0.47398803
2023-04-24,SPY_rolling,0,0,1,0.5409181872246451,0.47563847316071295,0.5036279
2023-04-25,SPY_rolling,0,0,1,0.5313485000774325,0.6198962149088495,0.5895283
2023-04-26,SPY_rolling,0,1,1,0.5282332609966769,0.677893375344777,0.6369537
2023-04-27,SPY_rolling,0,1,1,0.5010292261835755,0.6781719795644184,0.62552315
2023-04-28,SPY_rolling,0,1,1,0.5468554597460068,0.6437092759001171,0.6225178
2023-05-01,SPY_rolling,0,0,1,0.5825207447411518,0.673824004417274,0.6250411
2023-05-02,SPY_rolling,0,0,1,0.5221326210536265,0.648104238215041,0.62738466
2023-05-03,SPY_rolling,0,0,1,0.4907335772203225,0.6998006375031771,0.66101354
2023-05-04,SPY_rolling,0,1,1,0.5161556745301202,0.6465115408331223,0.6358753
2023-05-05,SPY_rolling,0,0,1,0.5202798472183717,0.5558347111513285,0.5725353
2023-05-08,SPY_rolling,0,0,1,0.5936938846306911,0.7072253115233323,0.6878938
2023-05-09,SPY_rolling,0,0,1,0.5818866061421792,0.7068533555042806,0.69064116
2023-05-10,SPY_rolling,0,1,1,0.5256244657659176,0.5510856911449133,0.55940926
2023-05-11,SPY_rolling,0,0,1,0.5317835985307745,0.6044539882181992,0.6263176
2023-05-12,SPY_rolling,0,1,1,0.556511532148942,0.4854012934575514,0.5363103
2023-05-15,SPY_rolling,0,0,1,0.562612403857526,0.50471209105543,0.49985567
2023-05-16,SPY_rolling,0,1,1,0.5628959643584723,0.47143892126421827,0.49208358
2023-05-17,SPY_rolling,0,1,1,0.5293983920513261,0.5347931613644028,0.54911005
2023-05-18,SPY_rolling,0,0,1,0.5362392626478534,0.5835514851820534,0.5707661
2023-05-19,SPY_rolling,0,1,1,0.5401622997153859,0.5740462784984715,0.5518944
2023-05-22,SPY_rolling,0,0,1,0.5525491201342193,0.49259379995594954,0.5105089
2023-05-23,SPY_rolling,0,0,1,0.5176909459676644,0.6127036544838114,0.58123326
2023-05-24,SPY_rolling,0,0,1,0.512976586757997,0.6678625884343873,0.5858188
2023-05-25,SPY_rolling,0,1,1,0.5194467517554805,0.6458278821403843,0.62821317
2023-05-26,SPY_rolling,0,0,1,0.5343208507326023,0.6395234628911036,0.63151187
2023-05-30,SPY_rolling,0,0,1,0.5747846043586966,0.6382332554949675,0.6294277
2023-05-31,SPY_rolling,0,1,1,0.5333087656728571,0.6559464877253653,0.6300022
2023-06-01,SPY_rolling,0,1,1,0.5039126706103843,0.6973957242156026,0.6168135
2023-06-02,SPY_rolling,0,0,1,0.5080232708065721,0.6754855648225849,0.65830946
2023-06-05,SPY_rolling,0,1,1,0.5589508351847537,0.64571138164559,0.59874606
2023-06-06,SPY_rolling,0,0,1,0.5416579559736745,0.6171430737964037,0.61838317
2023-06-07,SPY_rolling,0,1,1,0.5112658024250434,0.6212117059955582,0.62226385
2023-06-08,SPY_rolling,0,0,1,0.5156076415857971,0.527346681895713,0.56357056
2023-06-09,SPY_rolling,0,1,1,0.5331381651112942,0.5085444989168377,0.51373494
2023-06-12,SPY_rolling,0,1,1,0.5293168994457034,0.6101516632344056,0.5597126
2023-06-13,SPY_rolling,0,1,1,0.5265073807791014,0.5490442132773078,0.5499637
2023-06-14,SPY_rolling,0,1,1,0.5167976122842615,0.47897227922136865,0.47906235
2023-06-15,SPY_rolling,0,0,1,0.4976961388028411,0.4976946875414813,0.5180842
2023-06-16,SPY_rolling,0,0,1,0.5057526130804533,0.5809389871296624,0.5969156
2023-06-20,SPY_rolling,0,0,1,0.5205148698701466,0.6773037236775297,0.66425985
2023-06-21,SPY_rolling,0,1,1,0.5170202928100277,0.6280017933764274,0.6321448
2023-06-22,SPY_rolling,0,1,1,0.5077313487501074,0.40614020605510776,0.44223896
2023-06-23,SPY_rolling,0,0,1,0.5360763791571557,0.5273219762754922,0.5358864
2023-06-26,SPY_rolling,0,1,1,0.5450254445391209,0.6583105534290458,0.6353635
2023-06-27,SPY_rolling,0,1,1,0.5313347465878725,0.5659013189186498,0.57746345
2023-06-28,SPY_rolling,0,1,1,0.5488562546598881,0.5356789688593446,0.56094414
2023-06-29,SPY_rolling,0,1,1,0.5563064035233379,0.5269585683498936,0.5534778
2023-06-30,SPY_rolling,0,1,1,0.5178449788582377,0.6099164632222239,0.5759677
2023-07-03,SPY_rolling,0,1,1,0.5610670565982971,0.6044211224214124,0.64000016
2023-07-05,SPY_rolling,0,1,1,0.5494092801182213,0.3933510205638598,0.48814222
2023-07-06,SPY_rolling,0,0,1,0.5234476533263337,0.6262231888136133,0.5766716
2023-07-07,SPY_rolling,0,1,1,0.5081135292890934,0.6820163026944441,0.6197731
2023-07-10,SPY_rolling,0,1,1,0.5502768673121387,0.5564193604797103,0.53985876
2023-07-11,SPY_rolling,0,0,1,0.5565469165974755,0.5629022314474224,0.5480638
2023-07-12,SPY_rolling,0,1,1,0.5461275386044196,0.6041647427406666,0.60772544
2023-07-13,SPY_rolling,0,0,1,0.5519279722269679,0.5398307191890189,0.51734626
2023-07-14,SPY_rolling,0,1,1,0.547564519833225,0.48456457910024686,0.50920415
2023-07-17,SPY_rolling,0,1,1,0.5399664228372479,0.45503899245411156,0.4787833
2023-07-18,SPY_rolling,0,1,1,0.5137138537325483,0.5648950387034727,0.53738713
2023-07-19,SPY_rolling,0,0,1,0.5347358453322165,0.49711494366663567,0.53193086
2023-07-20,SPY_rolling,0,0,1,0.5373912152818737,0.5151677512840425,0.5340998
2023-07-21,SPY_rolling,0,1,1,0.5180728310835292,0.4654144516597384,0.519939
2023-07-24,SPY_rolling,0,1,1,0.5286731472344625,0.5092801370740574,0.5361397
2023-07-25,SPY_rolling,0,1,1,0.5474436698428304,0.5023317680558539,0.52428925
2023-07-26,SPY_rolling,0,0,1,0.5458073969248259,0.4682618025978823,0.50585365
2023-07-27,SPY_rolling,0,1,1,0.5225321749743583,0.5010571960061051,0.5095646
2023-07-28,SPY_rolling,0,1,1,0.5078676070566341,0.615923603918841,0.5859371
2023-07-31,SPY_rolling,0,1,1,0.5423261979774163,0.47468971421484807,0.5742742
2023-08-01,SPY_rolling,0,0,1,0.5570068293206785,0.558574571636502,0.5733362
2023-08-02,SPY_rolling,0,1,1,0.5203789402799751,0.5984327842441285,0.58100295
2023-08-03,SPY_rolling,0,0,1,0.5149763075291504,0.5959475349952431,0.5977446
2023-08-04,SPY_rolling,0,1,1,0.5177032993952686,0.6637176426331702,0.6355706
2023-08-07,SPY_rolling,0,1,1,0.5564201151429459,0.5440073049160873,0.5865105
2023-08-08,SPY_rolling,0,0,1,0.5755059870372932,0.6090252906030454,0.60537153
2023-08-09,SPY_rolling,0,0,1,0.5535253812735732,0.6193486553881846,0.58461034
2023-08-10,SPY_rolling,0,1,1,0.5307675110165867,0.5545194434487303,0.57643765
2023-08-11,SPY_rolling,0,1,1,0.5480657089001877,0.5625392432462517,0.56751055
2023-08-14,SPY_rolling,0,0,1,0.5839058157166798,0.5763091737732902,0.65475565
2023-08-15,SPY_rolling,0,0,1,0.5726436960271858,0.5400647290406657,0.58303714
2023-08-16,SPY_rolling,0,0,1,0.546226123279005,0.5366201269057814,0.5809591
2023-08-17,SPY_rolling,0,1,1,0.5366205927232628,0.574183959638397,0.5897289
2023-08-18,SPY_rolling,0,1,1,0.5357967058217029,0.6021131058512847,0.5914219
2023-08-21,SPY_rolling,0,0,1,0.5833228036931155,0.5227018396453661,0.5743133
2023-08-22,SPY_rolling,0,1,1,0.5955139440361444,0.5659151178668079,0.5766031
2023-08-23,SPY_rolling,0,0,1,0.5688656961205251,0.5253336395315471,0.57487696
2023-08-24,SPY_rolling,0,1,1,0.5565356603227536,0.5608135374486255,0.55522245
2023-08-25,SPY_rolling,0,1,1,0.5117577878810485,0.5671837440947618,0.5697849
2023-08-28,SPY_rolling,0,1,1,0.5589113313431835,0.5138298491869678,0.54566747
2023-08-29,SPY_rolling,0,1,1,0.5319461747579112,0.5728832896513582,0.5911231
2023-08-30,SPY_rolling,0,0,1,0.5707687475997875,0.5329672649163707,0.5876507
2023-08-31,SPY_rolling,0,0,1,0.5473950550674034,0.5320746478351189,0.5606184
2023-09-01,SPY_rolling,0,0,1,0.53583010497745,0.5182111963514033,0.5568214
2023-09-05,SPY_rolling,0,0,1,0.5359945620966416,0.585900566082143,0.5959633
2023-09-06,SPY_rolling,0,1,1,0.5449482012872846,0.5888586519666561,0.5566951
2023-09-07,SPY_rolling,0,1,1,0.549667859222528,0.6858978567284801,0.6044807
2023-09-08,SPY_rolling,0,1,1,0.5553234365641532,0.5962513620449525,0.57766646
2023-09-11,SPY_rolling,0,0,1,0.5643750609033475,0.5337447262513026,0.5397253
2023-09-12,SPY_rolling,0,1,1,0.5730760737009853,0.6561257901147574,0.6511719
2023-09-13,SPY_rolling,0,1,1,0.5575716913203471,0.5225672742435137,0.55782515
2023-09-14,SPY_rolling,0,0,1,0.5242504722834131,0.6412508702908659,0.6183523
2023-09-15,SPY_rolling,0,1,1,0.5169519514073864,0.5376099394873465,0.55766225
2023-09-18,SPY_rolling,0,1,1,0.5508431354434085,0.5659991165980349,0.58774596
2023-09-19,SPY_rolling,0,0,1,0.5407767348720243,0.5361733534159978,0.58615047
2023-09-20,SPY_rolling,0,0,1,0.5359244254745231,0.6020510677014443,0.600426
2023-09-21,SPY_rolling,0,0,1,0.5513652389775823,0.5089917504706785,0.5398345
2023-09-22,SPY_rolling,0,1,1,0.5255252277209187,0.6745611874626981,0.6377483
2023-09-25,SPY_rolling,0,0,1,0.5617509043714595,0.6227652082776332,0.62174904
2023-09-26,SPY_rolling,0,0,1,0.5812416923402186,0.4723132405339947,0.54110754
2023-09-27,SPY_rolling,0,1,1,0.556344283343411,0.6566254423458358,0.6109552
2023-09-28,SPY_rolling,0,0,1,0.552093035944265,0.5096107130854383,0.56086195
2023-09-29,SPY_rolling,0,1,1,0.5537432695354404,0.5403667604545496,0.5787688
2023-10-02,SPY_rolling,0,0,1,0.5757783664801049,0.5892376316011949,0.56216896
2023-10-03,SPY_rolling,0,1,1,0.5597779247340171,0.5726718602178463,0.5437143
2023-10-04,SPY_rolling,0,1,1,0.5398568366713989,0.5994337387133535,0.55546325
2023-10-05,SPY_rolling,0,1,1,0.5709900880405123,0.577254445684572,0.57581836
2023-10-06,SPY_rolling,0,1,1,0.5502458215821912,0.6061354613774242,0.5619266
2023-10-09,SPY_rolling,0,1,1,0.5724263414539952,0.5180122669393601,0.5442813
2023-10-10,SPY_rolling,0,1,1,0.5602942006762901,0.4670398899733573,0.49597144
2023-10-11,SPY_rolling,0,0,1,0.5635072157761902,0.6058842355792552,0.6127117
2023-10-12,SPY_rolling,0,0,1,0.5442805058304827,0.5818306723051172,0.5402732
2023-10-13,SPY_rolling,0,1,1,0.5365495118481202,0.5957566381060079,0.5942027
2023-10-16,SPY_rolling,0,1,1,0.5344254916789392,0.5378571892734411,0.5404788
2023-10-17,SPY_rolling,0,0,1,0.5566380034080188,0.49290989138687186,0.53200394
2023-10-18,SPY_rolling,0,0,1,0.557354698232734,0.5865223786066149,0.54604816
2023-10-19,SPY_rolling,0,0,1,0.5244775892938484,0.583098564757237,0.56086797
2023-10-20,SPY_rolling,0,1,1,0.5175195602944299,0.5718555772175542,0.5512537
2023-10-23,SPY_rolling,0,1,1,0.5515262876938454,0.6008745901119293,0.59315574
2023-10-24,SPY_rolling,0,0,1,0.5638971994897141,0.6112134630868863,0.5658146
2023-10-25,SPY_rolling,0,0,1,0.5770698302000373,0.5298133801405429,0.54346454
2023-10-26,SPY_rolling,0,0,1,0.5579407501935999,0.5642177883726355,0.5490779
2023-10-27,SPY_rolling,0,1,1,0.5423631873530359,0.6221493989775191,0.6061743
2023-10-30,SPY_rolling,0,1,1,0.5414465950588109,0.6033471067091032,0.5562106
2023-10-31,SPY_rolling,0,1,1,0.5801400491534964,0.5650196357788718,0.5582576
2023-11-01,SPY_rolling,0,1,1,0.5666925323224412,0.5166464006142276,0.518782
2023-11-02,SPY_rolling,0,1,1,0.5511895998297771,0.556240752725277,0.5913198
2023-11-03,SPY_rolling,0,1,1,0.5494333670134997,0.4477366692526074,0.4871819
2023-11-06,SPY_rolling,0,1,1,0.5527655170409983,0.5444592611011024,0.51389736
2023-11-07,SPY_rolling,0,0,1,0.5329465300547018,0.605718950160067,0.5914945
2023-11-08,SPY_rolling,0,0,1,0.5254805104730733,0.5221254654250055,0.5660971
2023-11-09,SPY_rolling,0,1,1,0.5383171992452928,0.5113503189790297,0.52896047
2023-11-10,SPY_rolling,0,1,1,0.5196236964459435,0.5623966388839768,0.5408397
2023-11-13,SPY_rolling,0,1,1,0.5532077258057624,0.5578671215342664,0.6223347
2023-11-14,SPY_rolling,0,0,1,0.5209508627469612,0.5996276016169578,0.5782555
2023-11-15,SPY_rolling,0,1,1,0.5392086238420302,0.6139028840075913,0.59394246
2023-11-16,SPY_rolling,0,1,1,0.514428613106678,0.5547629503525671,0.5881048
2023-11-17,SPY_rolling,0,1,1,0.5130152459739383,0.4620728013464514,0.48182106
2023-11-20,SPY_rolling,0,1,1,0.49900702778206907,0.5495678801945545,0.54181683
2023-11-21,SPY_rolling,0,1,1,0.5444034453146949,0.4887597997906317,0.506626
2023-11-22,SPY_rolling,0,1,1,0.5287443539646103,0.5634968714383869,0.5563703
2023-11-24,SPY_rolling,0,0,1,0.5338352202824244,0.6038482807637758,0.6287285
2023-11-27,SPY_rolling,0,1,1,0.5242078734716329,0.5630339994121755,0.5455499
2023-11-28,SPY_rolling,0,0,1,0.5326053287280522,0.47167203026955784,0.48259172
2023-11-29,SPY_rolling,0,1,1,0.532741488244758,0.5434068221810572,0.53880095
2023-11-30,SPY_rolling,0,1,1,0.5319295867078334,0.5449590707164416,0.43725532
2023-12-01,SPY_rolling,0,1,1,0.5317792521785522,0.5794932452666854,0.42500442
2023-12-04,SPY_rolling,0,1,1,0.5407089560751526,0.5696111962345947,0.58795
2023-12-05,SPY_rolling,0,0,1,0.531978290156239,0.5352604241561929,0.5732169
2023-12-06,SPY_rolling,0,1,1,0.5308311715041549,0.5083481860245018,0.5541953
2023-12-07,SPY_rolling,0,1,1,0.5257728761200663,0.5020003344435144,0.55785614
2023-12-08,SPY_rolling,0,1,1,0.5392340041231664,0.4663517937087901,0.42599455
2023-12-11,SPY_rolling,0,1,1,0.5433019286320475,0.46917732514944843,0.53156286
2023-12-12,SPY_rolling,0,1,1,0.5392201288192965,0.5106438012624861,0.5338709
2023-12-13,SPY_rolling,0,0,1,0.5143536424584688,0.49239591728104953,0.54840595
2023-12-14,SPY_rolling,0,0,1,0.5221195244268704,0.5026300046127422,0.5429017
2023-12-15,SPY_rolling,0,1,1,0.5130919819494092,0.5281415702953504,0.5645602
2023-12-18,SPY_rolling,0,1,1,0.5137429239519027,0.5746129058742143,0.6031786
2023-12-19,SPY_rolling,0,0,1,0.5154207124999413,0.6072433878377687,0.58986044
2023-12-20,SPY_rolling,0,1,1,0.5269741193506275,0.6298953217214194,0.5801186
2023-12-21,SPY_rolling,0,0,1,0.5058063058300863,0.5891938645190259,0.5764674
2023-12-22,SPY_rolling,0,1,1,0.5206598308498974,0.5482994612873859,0.56773704
2023-12-26,SPY_rolling,0,1,1,0.5292731588989348,0.5903557002831947,0.6023456
2023-12-27,SPY_rolling,0,0,1,0.5401884051621908,0.5889213824561701,0.59755176
2023-12-28,SPY_rolling,0,0,1,0.5261651403682914,0.4940036989091434,0.56497216
2023-12-29,SPY_rolling,0,1,1,0.5271835664601372,0.5345732780015955,0.5428221
2024-01-02,SPY_rolling,0,0,1,0.5547254625001029,0.5756555591557609,0.7783104
2024-01-03,SPY_rolling,0,0,1,0.5576661914803522,0.5514787407384559,0.38239175
2024-01-04,SPY_rolling,0,1,1,0.5591068597880444,0.5746105061995347,0.79577637
2024-01-05,SPY_rolling,0,1,1,0.558990958014963,0.572501545557611,0.5432171
2024-01-08,SPY_rolling,0,1,1,0.5479971309838909,0.5666031644447729,0.65551144
2024-01-09,SPY_rolling,0,1,1,0.5560452832790765,0.563442217333548,0.5321668
2024-01-10,SPY_rolling,0,0,1,0.5502843598853671,0.5516532269846595,0.49844262
2024-01-11,SPY_rolling,0,0,1,0.5516470950439024,0.552547409960342,0.5097759
2024-01-12,SPY_rolling,0,0,1,0.550284288141688,0.5441742468711385,0.19766356
2024-01-16,SPY_rolling,0,1,1,0.5614512489823895,0.5701802196606217,0.6944187
2024-01-17,SPY_rolling,0,1,1,0.5605028993916997,0.57747934068445,0.5455066
2024-01-18,SPY_rolling,0,1,1,0.5553492748983374,0.5677071026885391,0.70329845
2024-01-19,SPY_rolling,0,0,1,0.5516682709332911,0.5662817729907844,0.7942912
2024-01-22,SPY_rolling,0,1,1,0.5522004160707878,0.5596884344798528,0.70719564
2024-01-23,SPY_rolling,0,0,1,0.5496949437431318,0.5700652521407927,0.7577031
2024-01-24,SPY_rolling,0,1,1,0.5486781720224099,0.5525065193649399,0.41219458
2024-01-25,SPY_rolling,0,0,1,0.5467023519006616,0.5443377996234932,0.26571965
2024-01-26,SPY_rolling,0,1,1,0.5555823787331248,0.5436300033976482,0.5081734
2024-01-29,SPY_rolling,0,1,1,0.5479210642143323,0.5536708362722567,0.5281308
2024-01-30,SPY_rolling,0,0,1,0.5509184220987317,0.5553757389779105,0.65181726
2024-01-31,SPY_rolling,0,1,1,0.554950224571945,0.5394611291300448,0.26863194
2024-02-01,SPY_rolling,0,1,1,0.5366817385312922,0.5745062852820367,0.8398335
2024-02-02,SPY_rolling,0,0,1,0.5359588332551901,0.5611793411623237,0.85082996
2024-02-05,SPY_rolling,0,1,1,0.5457797398462868,0.5736003715654899,0.8368184
2024-02-06,SPY_rolling,0,1,1,0.5432001935532748,0.5688194637125475,0.6229888
2024-02-07,SPY_rolling,0,1,1,0.5380153376813092,0.5549185027899346,0.6905193
2024-02-08,SPY_rolling,0,1,1,0.5454269651254189,0.5506134059321435,0.32348236
2024-02-09,SPY_rolling,0,0,1,0.5461474406910586,0.5551881906461275,0.5793306
2024-02-12,SPY_rolling,0,0,1,0.5474236074008181,0.5414517509105227,0.32547548
2024-02-13,SPY_rolling,0,1,1,0.5505259740640075,0.5624949005028727,0.4788765
2024-02-14,SPY_rolling,0,1,1,0.5388503788268639,0.5728828473470267,0.41696554
2024-02-15,SPY_rolling,0,0,1,0.5410708359504751,0.5702266300453537,0.77000165
2024-02-16,SPY_rolling,0,0,1,0.5525205459354513,0.5797168928932916,0.7799033
2024-02-20,SPY_rolling,0,1,1,0.5538643519392537,0.5844992432779108,0.84926564
2024-02-21,SPY_rolling,0,1,1,0.5489068460009835,0.5768650574821169,0.82574856
2024-02-22,SPY_rolling,0,0,1,0.5365961553874815,0.5527522332507628,0.51987934
2024-02-23,SPY_rolling,0,0,1,0.5491220581176312,0.5750681806530963,0.7890385
2024-02-26,SPY_rolling,0,1,1,0.5478238360258425,0.5592013014808115,0.6693351
2024-02-27,SPY_rolling,0,1,1,0.5427649715425533,0.5489314543239968,0.37468633
2024-02-28,SPY_rolling,0,1,1,0.5420065605065085,0.5687443037958521,0.7981401
2024-02-29,SPY_rolling,0,1,1,0.5519916268856283,0.539533997796713,0.5811485
2024-03-01,SPY_rolling,0,1,1,0.5482175734394894,0.576388249462028,0.76521945
2024-03-04,SPY_rolling,0,0,1,0.5527676711982356,0.5514059697975137,0.7985294
2024-03-05,SPY_rolling,0,0,1,0.5548848481388905,0.5601782726213671,0.61691105
2024-03-06,SPY_rolling,0,1,1,0.5457160670585478,0.5756259390650135,0.5695236
2024-03-07,SPY_rolling,0,0,1,0.5432535851940692,0.5641937441544848,0.70845443
2024-03-08,SPY_rolling,0,1,1,0.5566826724915757,0.5662802430409838,0.41867128
2024-03-11,SPY_rolling,0,1,1,0.5538989282636644,0.5685262151334821,0.44507462
2024-03-12,SPY_rolling,0,0,1,0.5442807796799479,0.5661921607397864,0.8169426
2024-03-13,SPY_rolling,0,0,1,0.5472623497482155,0.5671806338429122,0.7081842
2024-03-14,SPY_rolling,0,0,1,0.5559238840536497,0.5678339972945617,0.6520424
2024-03-15,SPY_rolling,0,0,1,0.5570933899807449,0.5583074768893671,0.7881621
2024-03-18,SPY_rolling,0,1,1,0.5473167567788643,0.5729046184788396,0.69543767
2024-03-19,SPY_rolling,0,1,1,0.5514113924977256,0.5609224377856766,0.49122426
2024-03-20,SPY_rolling,0,0,1,0.547646358895575,0.5751216479133106,0.90135926
2024-03-21,SPY_rolling,0,0,1,0.5515813799395237,0.556779531263055,0.6928984
2024-03-22,SPY_rolling,0,0,1,0.552199966330402,0.5439877185222124,0.37215692
2024-03-25,SPY_rolling,0,0,1,0.5495498756211594,0.5558057122966132,0.41796693
2024-03-26,SPY_rolling,0,1,1,0.5507324503835926,0.570833825090329,0.53473353
2024-03-27,SPY_rolling,0,0,1,0.5489574866215946,0.5588489667964677,0.47058508
2024-03-28,SPY_rolling,0,0,1,0.5561331656744508,0.5599717738363369,0.5829055
2024-04-01,SPY_rolling,0,1,1,0.5515751931182089,0.5511115757232418,0.55758643
2024-04-02,SPY_rolling,0,1,1,0.5539907567058961,0.5690756640200062,0.5941619
2024-04-03,SPY_rolling,0,0,1,0.5470899439523547,0.5735932794772968,0.7728056
2024-04-04,SPY_rolling,0,1,1,0.5640549871846184,0.5511580706750516,0.40227625
2024-04-05,SPY_rolling,0,0,1,0.5489290369248715,0.568736032790718,0.5157309
2024-04-08,SPY_rolling,0,0,1,0.5517625817886189,0.5451745922979631,0.3997029
2024-04-09,SPY_rolling,0,1,1,0.551294854711096,0.5552988827644084,0.5182962
2024-04-10,SPY_rolling,0,1,1,0.561065412167553,0.5522976575629709,0.21970442
2024-04-11,SPY_rolling,0,0,1,0.5465248219219561,0.5558004087047393,0.47838113
2024-04-12,SPY_rolling,0,0,1,0.5647889421110794,0.5560558721363971,0.59059554
2024-04-15,SPY_rolling,0,0,1,0.5675728181816864,0.5440756466643124,0.46812192
2024-04-16,SPY_rolling,0,0,1,0.5660630946013143,0.5660355563816951,0.48713773
2024-04-17,SPY_rolling,0,0,1,0.5698607702890957,0.600612412373138,0.8501443
2024-04-18,SPY_rolling,0,0,1,0.5789714924327296,0.6082570350979505,0.9034382
2024-04-19,SPY_rolling,0,1,1,0.5861149536587931,0.5953595589212931,0.4186918
2024-04-22,SPY_rolling,0,1,1,0.5672034013013052,0.5736919735988418,0.49205795
2024-04-23,SPY_rolling,0,0,1,0.5598700892838516,0.5520361928330507,0.6042406
2024-04-24,SPY_rolling,0,1,1,0.5624662025202585,0.5450442310439308,0.33486563
2024-04-25,SPY_rolling,0,1,1,0.5644382415331786,0.5555122972194357,0.6395351
2024-04-26,SPY_rolling,0,0,1,0.5517764319553143,0.5307392086884394,0.6154729
2024-04-29,SPY_rolling,0,0,1,0.5529631075076096,0.526099163718474,0.12685513
2024-04-30,SPY_rolling,0,0,1,0.5673908331169881,0.5413511637325873,0.556758
2024-05-01,SPY_rolling,0,1,1,0.5621294308076369,0.5877269987228936,0.73992324
2024-05-02,SPY_rolling,0,1,1,0.5483495603012972,0.555722339640325,0.8004558
2024-05-03,SPY_rolling,0,1,1,0.5493326962567732,0.5509820165228209,0.7289872
2024-05-06,SPY_rolling,0,0,1,0.5455766858006381,0.5477758130271669,0.66788816
2024-05-07,SPY_rolling,0,1,1,0.5478428837503954,0.5204001907344675,0.1553097
2024-05-08,SPY_rolling,0,1,1,0.5421067434422431,0.5301059577882631,0.20796414
2024-05-09,SPY_rolling,0,0,1,0.539366520854932,0.5312955558556927,0.30571577
2024-05-10,SPY_rolling,0,0,1,0.5432658645250977,0.5236886254078069,0.49242127
2024-05-13,SPY_rolling,0,1,1,0.5456625295824388,0.5531481475509343,0.84303033
2024-05-14,SPY_rolling,0,1,1,0.5434850634279625,0.5327486532093612,0.5358498
2024-05-15,SPY_rolling,0,0,1,0.5328523028744789,0.5424257284197234,0.8013843
2024-05-16,SPY_rolling,0,1,1,0.5391207719397532,0.5365282030563219,0.71639884
2024-05-17,SPY_rolling,0,1,1,0.5361026027553562,0.5358750977098288,0.6265514
2024-05-20,SPY_rolling,0,1,1,0.5340689482783657,0.5239391741353691,0.5847621
2024-05-21,SPY_rolling,0,0,1,0.5348860144823384,0.543134855985099,0.723973
2024-05-22,SPY_rolling,0,0,1,0.5475356223573714,0.576747224896319,0.80427843
2024-05-23,SPY_rolling,0,1,1,0.5498422264542563,0.5682133876312951,0.5647004
2024-05-24,SPY_rolling,0,0,1,0.5414553585969971,0.5659368434821573,0.6772091
2024-05-28,SPY_rolling,0,1,1,0.5455600728391211,0.5471616842862539,0.44968146
2024-05-29,SPY_rolling,0,0,1,0.5510494118244353,0.5663386113714879,0.59009576
2024-05-30,SPY_rolling,0,1,1,0.5524923361891616,0.5730339639134137,0.67753357
2024-05-31,SPY_rolling,0,0,1,0.5458186937426988,0.5525304297623094,0.71816885
2024-06-03,SPY_rolling,0,1,1,0.5512621701255755,0.5560364424390914,0.46380955
2024-06-04,SPY_rolling,0,1,1,0.5521198221109396,0.5440430766575303,0.6240319
2024-06-05,SPY_rolling,0,0,1,0.5423662263274397,0.5486738021731149,0.6670241
2024-06-06,SPY_rolling,0,1,1,0.544298191065765,0.5331363120395453,0.42038685
2024-06-07,SPY_rolling,0,1,1,0.5489412307037594,0.547378727951468,0.730489
2024-06-10,SPY_rolling,0,1,1,0.5447556440234324,0.5365127399437516,0.47912222
2024-06-11,SPY_rolling,0,0,1,0.5437293107309511,0.535424443389343,0.5771109
2024-06-12,SPY_rolling,0,0,1,0.5474502875108209,0.5454254956005028,0.62610805
2024-06-13,SPY_rolling,0,1,1,0.549108571877494,0.5330414134170112,0.40110773
2024-06-14,SPY_rolling,0,1,1,0.5474577753700041,0.5197514847577287,0.25379553
2024-06-17,SPY_rolling,0,1,1,0.5426062020900936,0.5290952078100014,0.32377172
2024-06-18,SPY_rolling,0,0,1,0.542300797850016,0.5235673004607042,0.27746004
2024-06-20,SPY_rolling,0,1,1,0.5495999589420366,0.5553348467743786,0.7444037
2024-06-21,SPY_rolling,0,0,1,0.5477710767943212,0.5664065262248174,0.6165413
2024-06-24,SPY_rolling,0,1,1,0.5460660422361006,0.5689733651307667,0.53747463
2024-06-25,SPY_rolling,0,1,1,0.5470050214391177,0.5656701571354836,0.578711
2024-06-26,SPY_rolling,0,1,1,0.5502046567914086,0.5502097473814653,0.4409793
2024-06-27,SPY_rolling,0,0,1,0.5482651928711962,0.541088940888064,0.28908277
2024-06-28,SPY_rolling,0,0,1,0.5535940562457619,0.5841743301924622,0.7564407
2024-07-01,SPY_rolling,0,1,1,0.551694652700435,0.5683148542745416,0.39258885
2024-07-02,SPY_rolling,0,1,1,0.547987463594701,0.5453132420329921,0.33356664
2024-07-03,SPY_rolling,0,1,1,0.5477986092563731,0.5341976608378238,0.62704283
2024-07-05,SPY_rolling,0,0,1,0.5501242840938064,0.5428290434556587,0.38305902
2024-07-08,SPY_rolling,0,0,1,0.5515385022703976,0.5461311128473082,0.40101153
2024-07-09,SPY_rolling,0,1,1,0.5468607239500654,0.5305352654299749,0.2357976
2024-07-10,SPY_rolling,0,0,1,0.5412305446491817,0.5378051089042989,0.28963494
2024-07-11,SPY_rolling,0,1,1,0.5558558253536698,0.5769040956993393,0.72407156
2024-07-12,SPY_rolling,0,0,1,0.5453032715585326,0.5484660392827839,0.6289917
2024-07-15,SPY_rolling,0,1,1,0.5449471360349554,0.544194736330063,0.6295506
2024-07-16,SPY_rolling,0,0,1,0.5399252809874254,0.5362889022549513,0.17963868
2024-07-17,SPY_rolling,0,0,1,0.5642476520517286,0.5774000419086979,0.75636023
2024-07-18,SPY_rolling,0,0,1,0.5556693637546835,0.5688704940381147,0.41676474
2024-07-19,SPY_rolling,0,1,1,0.5624987768908828,0.5728307962868374,0.78934294
2024-07-22,SPY_rolling,0,0,1,0.5430417078742288,0.5717443734526432,0.60271955
2024-07-23,SPY_rolling,0,0,1,0.5580445669186925,0.5655887459955868,0.5220181
2024-07-24,SPY_rolling,0,0,1,0.5803198833631195,0.5361335878034206,0.67167926
2024-07-25,SPY_rolling,0,1,1,0.5616005203512192,0.5715046281605205,0.7699409
2024-07-26,SPY_rolling,0,0,1,0.5433966200143269,0.5711731297124292,0.43384704
2024-07-29,SPY_rolling,0,0,1,0.5581261703276644,0.5614958404651136,0.54955584
2024-07-30,SPY_rolling,0,1,1,0.5681155987919432,0.5762246017694094,0.73905545
2024-07-31,SPY_rolling,0,0,1,0.5521236445405634,0.5331517642968336,0.4352595
2024-08-01,SPY_rolling,0,0,1,0.5727232828125499,0.5639575054451945,0.6549189
2024-08-02,SPY_rolling,0,1,1,0.5790595528630694,0.5453326617559996,0.38862306
2024-08-05,SPY_rolling,1,1,1,0.591696796870406,0.5797372221433038,0.63833207
2024-08-06,SPY_rolling,1,0,1,0.5504592175698346,0.5526285785285174,0.23080313
2024-08-07,SPY_rolling,1,1,1,0.5861945982300569,0.6019438435419755,0.6438987
2024-08-08,SPY_rolling,1,1,1,0.5506077063396587,0.5090238750726085,0.27379832
2024-08-09,SPY_rolling,1,0,1,0.5635764551154697,0.5392378033515607,0.41637826
2024-08-12,SPY_rolling,1,1,1,0.5656886348770356,0.5576945367505879,0.452006
2024-08-13,SPY_rolling,1,1,1,0.5514455276973299,0.5131428110860581,0.37254396
2024-08-14,SPY_rolling,1,1,1,0.5530449663520458,0.5215845617588175,0.40415752
2024-08-15,SPY_rolling,1,1,1,0.5476244848437284,0.5387272141526269,0.40865052
2024-08-16,SPY_rolling,1,1,1,0.552152279463369,0.5440457798122131,0.49849072
2024-08-19,SPY_rolling,1,0,1,0.5419482111167224,0.5375415556079258,0.5546147
2024-08-20,SPY_rolling,1,1,1,0.5500957045704391,0.5294740493228526,0.34802887
2024-08-21,SPY_rolling,1,0,1,0.5383455586400915,0.5376238370457738,0.24530642
2024-08-22,SPY_rolling,1,1,1,0.5542001614264421,0.5703784849505601,0.54223925
2024-08-23,SPY_rolling,1,0,1,0.5370485504572085,0.5382202987796788,0.4912986
2024-08-26,SPY_rolling,1,1,1,0.5509373979052441,0.5537714365597763,0.6452396
2024-08-27,SPY_rolling,1,0,1,0.5454687946249887,0.5570269529122869,0.6274334
2024-08-28,SPY_rolling,1,0,1,0.5566016047721746,0.5709564496891002,0.51880795
2024-08-29,SPY_rolling,1,1,1,0.5469754674350006,0.5688367334760126,0.7057739
2024-08-30,SPY_rolling,0,0,1,0.5435939157919296,0.5440425265963065,0.6304436
2024-09-03,SPY_rolling,0,1,1,0.5566720639988197,0.4955841240751653,0.14548646
2024-09-04,SPY_rolling,0,0,1,0.5422264172532721,0.5689837258699207,0.70799714
2024-09-05,SPY_rolling,0,0,1,0.541647379760021,0.5359163570259299,0.50657
2024-09-06,SPY_rolling,0,1,1,0.5682560721836674,0.5157397418329563,0.29495826
2024-09-09,SPY_rolling,0,1,1,0.5438490643109845,0.5558591570194458,0.56711483
2024-09-10,SPY_rolling,0,1,1,0.5487911673652626,0.553942272440014,0.5967719
2024-09-11,SPY_rolling,0,1,1,0.5565226516845642,0.55471404185457,0.6902624
2024-09-12,SPY_rolling,0,1,1,0.5501476655099066,0.5542793935956792,0.78825575
2024-09-13,SPY_rolling,0,1,1,0.5555111494612348,0.542565009416387,0.50982094
2024-09-16,SPY_rolling,0,0,1,0.5566510190196291,0.5376682440539399,0.4297137
2024-09-17,SPY_rolling,0,0,1,0.5584584372129278,0.5450097623160058,0.4044811
2024-09-18,SPY_rolling,0,0,1,0.5638105241983047,0.5665499210190362,0.6339229
2024-09-19,SPY_rolling,0,1,1,0.5471830590534998,0.5417058899038701,0.34047297
2024-09-20,SPY_rolling,0,1,1,0.5609207501857731,0.5641822271971693,0.85784316
2024-09-23,SPY_rolling,0,1,1,0.5495475650031468,0.5428828932867157,0.27334267
2024-09-24,SPY_rolling,0,0,1,0.5471512233513851,0.5431201320609893,0.4953654
2024-09-25,SPY_rolling,0,0,1,0.5456339078903341,0.5566962109193836,0.66858923
2024-09-26,SPY_rolling,0,0,1,0.5542685232256473,0.5581716703053504,0.5041305
2024-09-27,SPY_rolling,0,1,1,0.5561557214103339,0.5753267771458987,0.755629
2024-09-30,SPY_rolling,0,0,1,0.558498097628466,0.5638581871346623,0.5306532
2024-10-01,SPY_rolling,0,1,1,0.5634319796974809,0.5750710506649603,0.5509162
2024-10-02,SPY_rolling,0,1,1,0.5417216346482936,0.5755603163261608,0.7862466
2024-10-03,SPY_rolling,0,1,1,0.5481396240599827,0.5732329940207513,0.57263494
2024-10-04,SPY_rolling,0,0,1,0.5353269232691585,0.5356659086826528,0.35267034
2024-10-07,SPY_rolling,0,1,1,0.5572490001766469,0.5667003700638782,0.7333785
2024-10-08,SPY_rolling,0,1,1,0.5352252874843146,0.5478196947489309,0.5793676
2024-10-09,SPY_rolling,0,1,1,0.5406648538655873,0.5434985549642803,0.38910913
2024-10-10,SPY_rolling,0,1,1,0.5492779729890328,0.5477851026733145,0.69715035
2024-10-11,SPY_rolling,0,1,1,0.5455604111128493,0.5457306848252899,0.47782132
2024-10-14,SPY_rolling,0,0,1,0.5410756518195042,0.5424513336563751,0.56743276
2024-10-15,SPY_rolling,0,1,1,0.5568879993158893,0.5563284534467511,0.50461054
2024-10-16,SPY_rolling,0,0,1,0.5382538685849726,0.5459484777011296,0.44729748
2024-10-17,SPY_rolling,0,1,1,0.5452756263747366,0.5523262458723125,0.61868334
2024-10-18,SPY_rolling,0,0,1,0.5446965339660064,0.5545590817399285,0.6611377
2024-10-21,SPY_rolling,0,1,1,0.5543522706230073,0.5623873821239882,0.6322187
2024-10-22,SPY_rolling,0,0,1,0.5528491034211565,0.5638964147415103,0.6419271
2024-10-23,SPY_rolling,0,0,1,0.564094845500151,0.5679987611530128,0.52355343
2024-10-24,SPY_rolling,0,0,1,0.5489186134977597,0.5680066806579629,0.6498799
2024-10-25,SPY_rolling,0,0,1,0.5616909198984554,0.5682388675301903,0.57214266
2024-10-28,SPY_rolling,0,1,1,0.552681307694021,0.5468058590668727,0.508091
2024-10-29,SPY_rolling,0,0,1,0.561823839543699,0.5717000463446411,0.81752646
2024-10-30,SPY_rolling,0,0,1,0.5645825736850323,0.578514207132053,0.60343844
2024-10-31,SPY_rolling,0,0,1,0.5780777047285997,0.5442727948051601,0.42240012
2024-11-01,SPY_rolling,0,0,1,0.5506360618994385,0.5623617831155624,0.5351631
2024-11-04,SPY_rolling,0,1,1,0.555885629101606,0.5646660468731094,0.47173056
2024-11-05,SPY_rolling,0,1,1,0.5496649084158554,0.543160797415863,0.37131554
2024-11-06,SPY_rolling,0,1,1,0.5536880320557214,0.5710063252783097,0.8144063
2024-11-07,SPY_rolling,0,1,1,0.555929555441531,0.5961714663832933,0.97484404
2024-11-08,SPY_rolling,0,0,1,0.5518712009690375,0.5787821314315257,0.9475865
2024-11-11,SPY_rolling,0,0,1,0.5410618276991855,0.5539876748844196,0.8889149
2024-11-12,SPY_rolling,0,0,1,0.5376849415907,0.5515115837618976,0.5312841
2024-11-13,SPY_rolling,0,0,1,0.5518573869274837,0.5685160735396445,0.82096547
2024-11-14,SPY_rolling,0,0,1,0.554038081807586,0.5669198474471656,0.55568135
2024-11-15,SPY_rolling,0,1,1,0.5758980582906563,0.558165232421359,0.5989865
2024-11-18,SPY_rolling,0,1,1,0.5462298746535489,0.5592054800213481,0.67469907
2024-11-19,SPY_rolling,0,1,1,0.5547166179536877,0.5633223944599705,0.6081223
2024-11-20,SPY_rolling,0,1,1,0.5597289228311951,0.5598156636784997,0.47663683
2024-11-21,SPY_rolling,0,1,1,0.5541473891915822,0.5609828363935185,0.8422582
2024-11-22,SPY_rolling,0,0,1,0.5553215331586354,0.5413670783885163,0.26503566
2024-11-25,SPY_rolling,0,1,1,0.5565393378742584,0.5554215561387106,0.7443671
2024-11-26,SPY_rolling,0,0,1,0.5558614594605494,0.5577152596846773,0.5429059
2024-11-27,SPY_rolling,0,1,1,0.5513527981541988,0.5408968006513979,0.49347064
2024-11-29,SPY_rolling,0,1,1,0.5374061567239552,0.5253958880338211,0.41555667
2024-12-02,SPY_rolling,0,1,1,0.5431504264333884,0.5362748940144851,0.7032779
2024-12-03,SPY_rolling,0,1,1,0.5415015791711433,0.5387531491978195,0.58944535
2024-12-04,SPY_rolling,0,0,1,0.5472576383112115,0.5518432818023693,0.5681933
2024-12-05,SPY_rolling,0,1,1,0.5502524225381757,0.5360879306031745,0.49490237
2024-12-06,SPY_rolling,0,0,1,0.5516879064970875,0.5473798011159304,0.54040724
2024-12-09,SPY_rolling,0,0,1,0.5573753285296109,0.5562616775381488,0.37328094
2024-12-10,SPY_rolling,0,1,1,0.5554753389918563,0.570940008721098,0.48000687
2024-12-11,SPY_rolling,0,0,1,0.5452475013004315,0.5481435499051748,0.44181785
2024-12-12,SPY_rolling,0,0,1,0.5575082767212584,0.5702303601937333,0.5394261
2024-12-13,SPY_rolling,0,1,1,0.5555414866216327,0.5710910374776715,0.3924174
2024-12-16,SPY_rolling,0,1,1,0.5543036511327679,0.5537029117623761,0.6016429
2024-12-17,SPY_rolling,0,0,1,0.5666196575256767,0.5765650764963888,0.7551202
2024-12-18,SPY_rolling,0,0,1,0.5874401648457722,0.5384634107595891,0.4735909
2024-12-19,SPY_rolling,0,1,1,0.5541731599234744,0.5633529430234329,0.58176297
2024-12-20,SPY_rolling,0,1,1,0.5540998253200148,0.5564809067675905,0.7278373
2024-12-23,SPY_rolling,0,1,1,0.5559319859687595,0.53119974154863,0.30550352
2024-12-24,SPY_rolling,0,1,1,0.5503702896966085,0.5325342536146525,0.4074154
2024-12-26,SPY_rolling,0,0,1,0.5662720836492279,0.5434923137352391,0.4151746
2024-12-27,SPY_rolling,0,1,1,0.5651741086574569,0.5315797631848468,0.1697098
2024-12-30,SPY_rolling,0,0,1,0.5632517679330395,0.5481986284959349,0.6392776
2024-12-31,SPY_rolling,0,0,1,0.5599453341803057,0.5729397635767299,0.6626176
2025-01-02,SPY_rolling,0,1,1,0.5670477457779521,0.5658801100961068,0.5489539
2025-01-03,SPY_rolling,0,0,1,0.5614727300119876,0.5543339493744778,0.5503168
2025-01-06,SPY_rolling,0,0,1,0.5677685671253566,0.5391618855929705,0.5389846
2025-01-07,SPY_rolling,0,1,1,0.5715850141377762,0.5502699336198873,0.5514017
2025-01-08,SPY_rolling,0,0,1,0.5552310366537586,0.5507015966326955,0.5477982
2025-01-10,SPY_rolling,0,1,1,0.5605618510729677,0.5195516896002581,0.5254551
2025-01-13,SPY_rolling,0,0,1,0.5568009129744627,0.5704217695748801,0.56420696
2025-01-14,SPY_rolling,0,1,1,0.5666989826438835,0.5716151200568637,0.57244766
2025-01-15,SPY_rolling,0,0,1,0.5546485351006768,0.5430655994486397,0.53709525
2025-01-16,SPY_rolling,0,1,1,0.5682220202719709,0.5474215823199838,0.53835547
2025-01-17,SPY_rolling,0,1,1,0.554958508451557,0.5383737359710318,0.5362134
2025-01-21,SPY_rolling,0,1,1,0.5444275127290322,0.5493669658822842,0.55482066
2025-01-22,SPY_rolling,0,1,1,0.541668621354442,0.5583120121659048,0.55606276
2025-01-23,SPY_rolling,0,0,1,0.5470254932552708,0.5336459701174417,0.5146574
2025-01-24,SPY_rolling,0,1,1,0.5422077012836672,0.5381852872739876,0.5230271
2025-01-27,SPY_rolling,0,1,1,0.5552711420767241,0.5250883818646742,0.5164413
2025-01-28,SPY_rolling,0,0,1,0.5349143321135811,0.5438694472017388,0.5412075
2025-01-29,SPY_rolling,0,1,1,0.5447015469509212,0.5541929446838212,0.548513
2025-01-30,SPY_rolling,0,0,1,0.5439524107524866,0.5626138041339052,0.5642351
2025-01-31,SPY_rolling,0,1,1,0.5605307640299898,0.5776858240744409,0.58018106
2025-02-03,SPY_rolling,0,1,1,0.5537142011441132,0.5703583779298724,0.58642495
2025-02-04,SPY_rolling,0,1,1,0.5439805169208283,0.5509041169542608,0.5419603
2025-02-05,SPY_rolling,0,1,1,0.5468385621508334,0.5381474969160368,0.5304909
2025-02-06,SPY_rolling,0,0,1,0.55198656767181,0.5565890636997791,0.5653083
2025-02-07,SPY_rolling,0,1,1,0.558943615028972,0.5544108694984786,0.5493871
2025-02-10,SPY_rolling,0,1,1,0.5347877884950024,0.5497093656174296,0.5601268
2025-02-11,SPY_rolling,0,1,1,0.544565395194564,0.5626040801798404,0.5791838
2025-02-12,SPY_rolling,0,1,1,0.5531929878856281,0.5757229262795416,0.5911651
2025-02-13,SPY_rolling,0,0,1,0.5483811970453032,0.5568100914665227,0.56856656
2025-02-14,SPY_rolling,0,1,1,0.5480391992955734,0.5546292445109845,0.5691748
2025-02-18,SPY_rolling,0,1,1,0.5496115795528677,0.549896946158931,0.55612284
2025-02-19,SPY_rolling,0,0,1,0.551307130112347,0.5343195799217376,0.516657
2025-02-20,SPY_rolling,0,0,1,0.551729417453624,0.5548543060794688,0.5579632
2025-02-21,SPY_rolling,0,0,1,0.5680187737445306,0.5187040890270599,0.52350324
2025-02-24,SPY_rolling,0,0,1,0.5533205823982491,0.5761998260556633,0.5713179
2025-02-25,SPY_rolling,0,0,1,0.5610771417311567,0.5676039092426872,0.5665013
2025-02-26,SPY_rolling,0,0,1,0.5646969089572084,0.5669128070640425,0.5616825
2025-02-27,SPY_rolling,0,1,1,0.584003546841017,0.525481183803339,0.54047954
2025-02-28,SPY_rolling,0,0,1,0.5608618884354686,0.5688861553527557,0.5652958
2025-03-03,SPY_rolling,0,0,1,0.5764780948671656,0.5338969393784342,0.5410227
2025-03-04,SPY_rolling,0,1,1,0.5728930144699835,0.5687644610422593,0.5674893
2025-03-05,SPY_rolling,0,0,1,0.5588147141858425,0.5624255378166171,0.55349004
2025-03-06,SPY_rolling,0,1,1,0.5721203061713867,0.5749108701620794,0.59165436
2025-03-07,SPY_rolling,0,0,1,0.5737978978711217,0.5948080519453197,0.5890768
2025-03-10,SPY_rolling,0,0,1,0.5862557450388667,0.5697806903691341,0.57942283
2025-03-11,SPY_rolling,0,0,1,0.5688907929760293,0.5728585930314324,0.55985624
2025-03-12,SPY_rolling,0,0,1,0.5754231533978835,0.600169972285769,0.59128654
2025-03-13,SPY_rolling,0,1,1,0.5861401439890707,0.5779855390466822,0.5873514
2025-03-14,SPY_rolling,1,1,1,0.5740501519273848,0.5910323285523457,0.5825792
2025-03-17,SPY_rolling,1,0,1,0.5771389167667685,0.5889372140196847,0.59347856
2025-03-18,SPY_rolling,1,1,1,0.5806362988187498,0.5908661549174323,0.5912838
2025-03-19,SPY_rolling,1,1,1,0.5652968965194269,0.5869466013368918,0.58226967
2025-03-20,SPY_rolling,1,1,1,0.5615972872373816,0.5836626241034054,0.58001065
2025-03-21,SPY_rolling,1,1,1,0.5707028990873219,0.579000987103027,0.5853053
2025-03-24,SPY_rolling,1,1,1,0.5562310172586125,0.5416525245477806,0.54174197
2025-03-25,SPY_rolling,1,0,1,0.5559366557671532,0.5313699013186369,0.5317356
2025-03-26,SPY_rolling,1,0,1,0.5627326564804543,0.5319444892837869,0.54333276
2025-03-27,SPY_rolling,1,0,1,0.5454506974640055,0.54584758331544,0.5483146
2025-03-28,SPY_rolling,1,1,1,0.5560104553054305,0.5347215694083675,0.55865645
2025-03-31,SPY_rolling,1,1,1,0.556852996357713,0.5629460550840308,0.55767286
2025-04-01,SPY_rolling,1,1,1,0.555446521233097,0.5465968039086418,0.5386842
2025-04-02,SPY_rolling,1,0,1,0.5632178503430751,0.5620167216277204,0.5634601
2025-04-03,SPY_rolling,1,0,1,0.5560060728541047,0.5804234825735658,0.58066595
2025-04-04,SPY_rolling,1,1,1,0.5367175394716199,0.5692133971687996,0.57881314
2025-04-07,SPY_rolling,1,0,1,0.5391798056402581,0.5818313406090407,0.60362285
2025-04-08,SPY_rolling,1,1,1,0.5581793621623545,0.544351575758342,0.5282803
2025-04-09,SPY_rolling,1,0,1,0.5441538764739342,0.5509576193850219,0.5478718
2025-04-10,SPY_rolling,1,1,1,0.5408529266294319,0.5693888198245586,0.5630617
2025-04-11,SPY_rolling,1,0,1,0.5031440143179124,0.5323172468969734,0.56095886
2025-04-14,SPY_rolling,1,0,1,0.49160683345274603,0.503657577305204,0.5218637
2025-04-15,SPY_rolling,1,0,1,0.46670958769293597,0.5080330458314659,0.5243416
2025-04-16,SPY_rolling,1,0,1,0.5569007726852558,0.5644642681316709,0.5634621
2025-04-17,SPY_rolling,1,0,1,0.5463032083757611,0.5876096594573128,0.614284
2025-04-21,SPY_rolling,1,1,1,0.556590381857255,0.5505835178585688,0.55117154
2025-04-22,SPY_rolling,1,0,1,0.5583463043507121,0.5567787825260818,0.5670838
2025-04-23,SPY_rolling,1,1,1,0.5677494735155862,0.5559726483994339,0.5515217
2025-04-24,SPY_rolling,1,1,1,0.5577496815934272,0.5420251526135225,0.51170945
2025-04-25,SPY_rolling,1,0,1,0.5539017819519244,0.5387254901803828,0.5172756
2025-04-28,SPY_rolling,1,1,1,0.539346749520108,0.5171681112845483,0.5239941
2025-04-29,SPY_rolling,1,1,1,0.5425390406770333,0.5129931994622877,0.5189349
2025-04-30,SPY_rolling,1,0,1,0.5450692670314595,0.5136988277787672,0.5200777
2025-05-01,SPY_rolling,1,1,1,0.5551317817476596,0.4960860830820577,0.4915263
2025-05-02,SPY_rolling,1,1,1,0.5451348122906664,0.5396073169279823,0.54360217
2025-05-05,SPY_rolling,1,1,1,0.5295667115692722,0.511364200521265,0.5227591
2025-05-06,SPY_rolling,1,1,1,0.5253448817955757,0.5191715058831957,0.5194875
2025-05-07,SPY_rolling,1,0,1,0.520878780772597,0.5100168597888203,0.5146276
2025-05-08,SPY_rolling,1,0,1,0.5371891771447538,0.5273556051076941,0.5454134
2025-05-09,SPY_rolling,1,1,1,0.5359026867689735,0.5398392551586665,0.52747905
2025-05-12,SPY_rolling,1,1,1,0.5364347041512596,0.5699992437604052,0.5496979
2025-05-13,SPY_rolling,1,0,1,0.5339830139860937,0.5613934579495525,0.5566074
2025-05-14,SPY_rolling,1,1,1,0.5250019551307218,0.5442600910672609,0.536462
2025-05-15,SPY_rolling,1,1,1,0.5172212589025722,0.5444900890968156,0.5500957
2025-05-16,SPY_rolling,1,1,1,0.5114034889402824,0.5380654354713066,0.5531045
2025-05-19,SPY_rolling,0,0,1,0.5311457785622614,0.5270351902043986,0.54300064
2025-05-20,SPY_rolling,0,0,1,0.5311836741304452,0.5268953892978915,0.5443788
2025-05-21,SPY_rolling,0,1,1,0.5365295262637032,0.5061181160128411,0.4662989
2025-05-22,SPY_rolling,0,1,1,0.5316455996128628,0.5413257347788526,0.51379204
2025-05-23,SPY_rolling,0,1,1,0.5448331246183257,0.572208665169655,0.57853276
2025-05-27,SPY_rolling,0,0,1,0.5387918849198519,0.5349386450936433,0.5220407
2025-05-28,SPY_rolling,0,0,1,0.5442061252838102,0.5377055274553477,0.5281939
2025-05-29,SPY_rolling,0,1,1,0.539978741529913,0.5430186548360626,0.5490431
2025-05-30,SPY_rolling,0,1,1,0.5472793315120796,0.5688594680836274,0.5752301
2025-06-02,SPY_rolling,0,1,1,0.5324284426226442,0.5537226101750037,0.5609434
2025-06-03,SPY_rolling,0,0,1,0.5489218829039914,0.5427896122128705,0.5363429
2025-06-04,SPY_rolling,0,0,1,0.5435974852936596,0.5464434826813449,0.5571272
2025-06-05,SPY_rolling,0,1,1,0.5567736608624365,0.5580945353876359,0.54390526
2025-06-06,SPY_rolling,0,0,1,0.5411931949935137,0.5384938189586499,0.55259204
2025-06-09,SPY_rolling,0,1,1,0.5366275833850948,0.5682942887484337,0.56238925
2025-06-10,SPY_rolling,0,0,1,0.5489711146488252,0.5541260407793883,0.55567443
2025-06-11,SPY_rolling,0,1,1,0.5518742671773006,0.5663317953796629,0.5747731
2025-06-12,SPY_rolling,0,0,1,0.5429764390337748,0.5331090837892384,0.5336602
2025-06-13,SPY_rolling,0,1,1,0.5567026515137553,0.5662322678622407,0.5572277
2025-06-16,SPY_rolling,0,0,1,0.5486144129549333,0.5489643959336267,0.5448387
2025-06-17,SPY_rolling,0,0,1,0.554387976390986,0.5564549801351035,0.5541375
2025-06-18,SPY_rolling,0,0,1,0.548861100506012,0.5629416747921158,0.5575832
2025-06-20,SPY_rolling,0,1,1,0.5599544108736392,0.5845992570338425,0.5925911
2025-06-23,SPY_rolling,0,1,1,0.5519259769830887,0.5622278793457481,0.5666363
2025-06-24,SPY_rolling,0,0,1,0.548567996235106,0.562827898342611,0.5681409
2025-06-25,SPY_rolling,0,1,1,0.5478822845838326,0.5477842502392114,0.5582537
2025-06-26,SPY_rolling,0,1,1,0.5501951632139243,0.5558951216468427,0.5519074
2025-06-27,SPY_rolling,0,1,1,0.5508368129797367,0.5322398395384043,0.5254203
2025-06-30,SPY_rolling,0,1,1,0.5533155429190719,0.5418434168188154,0.5342426
2025-07-01,SPY_rolling,0,1,1,0.553058571729252,0.5377412982766293,0.5312623
2025-07-02,SPY_rolling,0,1,1,0.5475311647945826,0.5349053010331615,0.5196282
2025-07-03,SPY_rolling,0,0,1,0.541009998824335,0.5534449488359324,0.5490876
2025-07-07,SPY_rolling,0,0,1,0.549960638060884,0.5593876500686682,0.55619437
2025-07-08,SPY_rolling,0,1,1,0.5390532554160156,0.5885197123425857,0.5897241
2025-07-09,SPY_rolling,0,1,1,0.5400523592134008,0.5550502312176283,0.55757755
2025-07-10,SPY_rolling,0,1,1,0.5390995530130477,0.5695359422468322,0.56850773
2025-07-11,SPY_rolling,0,1,1,0.5507038035225305,0.5645021847140417,0.5751366
2025-07-14,SPY_rolling,0,0,1,0.5433094624009459,0.5757289077286447,0.58349854
2025-07-15,SPY_rolling,0,1,1,0.5536148240591747,0.5656399071682933,0.57320213
2025-07-16,SPY_rolling,0,1,1,0.5646110781607305,0.5591770719465621,0.56333363
2025-07-17,SPY_rolling,0,0,1,0.5552031651650828,0.5281568777508083,0.547344
2025-07-18,SPY_rolling,0,0,1,0.5552212676658742,0.5531645627795717,0.5638381
2025-07-21,SPY_rolling,0,0,1,0.554385313710221,0.49424690357081724,0.47939077
2025-07-22,SPY_rolling,0,1,1,0.552562781330898,0.524157554347782,0.5050914
2025-07-23,SPY_rolling,0,0,1,0.5550513760012388,0.5028337768292187,0.491596
2025-07-24,SPY_rolling,0,1,1,0.5603984029694291,0.5239260634899843,0.51736325
2025-07-25,SPY_rolling,0,0,1,0.5493345711059282,0.5088354495392179,0.5278651
2025-07-28,SPY_rolling,0,0,1,0.5476076031612549,0.5228607044402673,0.5487684
2025-07-29,SPY_rolling,0,0,1,0.5473861724603403,0.5331964335465117,0.53071094
2025-07-30,SPY_rolling,0,0,1,0.5693769938291761,0.5462218907617753,0.54504997
2025-07-31,SPY_rolling,0,0,1,0.5772530046240169,0.5504018309643872,0.53691167
2025-08-01,SPY_rolling,0,1,1,0.5766037120508026,0.5343900239204746,0.51856315
2025-08-04,SPY_rolling,0,0,1,0.5389971387327198,0.5438802139264287,0.5372724
2025-08-05,SPY_rolling,0,1,1,0.5450989380730971,0.5508572379246753,0.5436163
2025-08-06,SPY_rolling,0,0,1,0.5409463354738805,0.5380799441753685,0.53591716
2025-08-07,SPY_rolling,0,1,1,0.5463437858148098,0.547371108643077,0.5343045
2025-08-08,SPY_rolling,0,0,1,0.540941239446495,0.5577917133310106,0.5581673
2025-08-11,SPY_rolling,0,1,1,0.5521002744501923,0.5394147847556632,0.5330877
2025-08-12,SPY_rolling,0,0,1,0.548374663350527,0.5488651327256455,0.5605697
2025-08-13,SPY_rolling,0,1,1,0.5519127064043144,0.5429481553887583,0.5524017
2025-08-14,SPY_rolling,0,0,1,0.5483462478347919,0.5409487905514979,0.5377956
2025-08-15,SPY_rolling,0,1,1,0.5521746820418499,0.5625742096797313,0.5789577
2025-08-18,SPY_rolling,0,0,1,0.5395199585515544,0.5786897338194095,0.58676904
2025-08-19,SPY_rolling,0,0,1,0.5583987290495921,0.5603536849031067,0.5521151
2025-08-20,SPY_rolling,0,0,1,0.5685798883475067,0.5500139882803214,0.55502564
2025-08-21,SPY_rolling,0,1,1,0.5597659189117787,0.5443293523649366,0.54679877
2025-08-22,SPY_rolling,0,0,1,0.5527272538594836,0.5506750676051776,0.5345178
2025-08-25,SPY_rolling,0,1,1,0.5473225690808939,0.5453062399524303,0.5338927
2025-08-26,SPY_rolling,0,1,1,0.5430215804004688,0.5356551671620745,0.51952684
2025-08-27,SPY_rolling,0,1,1,0.5414204436916314,0.5354541641888992,0.5177934
2025-08-28,SPY_rolling,0,0,1,0.5434603963292987,0.5484761889690785,0.5513742
2025-08-29,SPY_rolling,0,1,1,0.5654666793450734,0.5783768232072082,0.5712622
2025-09-02,SPY_rolling,0,1,1,0.5618196727697042,0.569992082635668,0.5560669
2025-09-03,SPY_rolling,0,1,1,0.5545349883996525,0.5748791481960671,0.5845524
2025-09-04,SPY_rolling,0,0,1,0.5523149367094162,0.5616988767391559,0.56860965
2025-09-05,SPY_rolling,0,1,1,0.569438530674977,0.5909162991360675,0.5940192
2025-09-08,SPY_rolling,0,1,1,0.5534890188881152,0.5352270495176614,0.52122265
2025-09-09,SPY_rolling,0,0,1,0.5550356076086389,0.5396886676735465,0.5375747
2025-09-10,SPY_rolling,0,1,1,0.5619736391680011,0.5325265990032924,0.5144794
2025-09-11,SPY_rolling,0,0,1,0.5605623735174552,0.518550252349893,0.51481307
2025-09-12,SPY_rolling,0,1,1,0.5624210517197225,0.5336595850736869,0.5339099
2025-09-15,SPY_rolling,0,0,1,0.5545189307857658,0.5261401699845973,0.52153486
2025-09-16,SPY_rolling,0,0,1,0.5498914874756177,0.5507423032524663,0.5660837
2025-09-17,SPY_rolling,0,1,1,0.5678585406419943,0.5557026270042004,0.5621323
2025-09-18,SPY_rolling,0,1,1,0.5670855758600675,0.5594277649824335,0.5669337
2025-09-19,SPY_rolling,0,1,1,0.5689452326127499,0.5523987661147148,0.5654538
2025-09-22,SPY_rolling,0,0,1,0.5575746289196885,0.5045373522628991,0.4773103
2025-09-23,SPY_rolling,0,0,1,0.558775513800929,0.5261382857248068,0.5327703
2025-09-24,SPY_rolling,0,1,1,0.5453438311295953,0.5345228388625405,0.53841215
2025-09-25,SPY_rolling,0,1,1,0.5575979337248799,0.537196126502802,0.532049
2025-09-26,SPY_rolling,0,0,1,0.5465796702554712,0.5605787262902052,0.5869336
2025-09-29,SPY_rolling,0,1,1,0.557254862993697,0.5161693944161545,0.52841634
2025-09-30,SPY_rolling,0,1,1,0.5647221792017846,0.518218105616848,0.53026634
2025-10-01,SPY_rolling,0,0,1,0.5461038996547452,0.469827818180451,0.4611294
2025-10-02,SPY_rolling,0,0,1,0.5325004398848253,0.459788407376398,0.46715468
2025-10-03,SPY_rolling,0,0,1,0.5458875860237915,0.47941610070638885,0.49039257
2025-10-06,SPY_rolling,0,0,1,0.5315779154079247,0.4777426739679272,0.49569765
2025-10-07,SPY_rolling,0,1,1,0.545634246654033,0.4988827054867659,0.50354725
2025-10-08,SPY_rolling,0,0,1,0.5349906988792017,0.4832776474875299,0.49832064
2025-10-09,SPY_rolling,0,0,1,0.5407759466764114,0.4895807824181159,0.49785915
2025-10-10,SPY_rolling,0,1,1,0.5708673028409624,0.5263685193409904,0.52833855
2025-10-13,SPY_rolling,0,1,1,0.5222012652333721,0.5475804665942946,0.5247196
2025-10-14,SPY_rolling,0,0,1,0.534371877044006,0.5594815774963514,0.55536586
2025-10-15,SPY_rolling,0,0,1,0.538139204853317,0.5420313989575427,0.53203094
2025-10-16,SPY_rolling,0,1,1,0.5548949294424466,0.5503567371529542,0.5485836
2025-10-17,SPY_rolling,0,1,1,0.5455641390488872,0.5241459528696882,0.5320049
2025-10-20,SPY_rolling,0,0,1,0.5401044457013728,0.5291426558155735,0.52548593
2025-10-21,SPY_rolling,0,0,1,0.54015350206853,0.5424460577482135,0.53790116
2025-10-22,SPY_rolling,0,1,1,0.549671821193792,0.5494232278194994,0.53393626
2025-10-23,SPY_rolling,0,1,1,0.5376446533197061,0.519088597450271,0.53454924
2025-10-24,SPY_rolling,0,1,1,0.5432324651200595,0.5237155261328954,0.5496331
2025-10-27,SPY_rolling,0,1,1,0.5437715462306749,0.5309179187151927,0.5454995
2025-10-28,SPY_rolling,0,0,1,0.5444430304826071,0.5443485586952782,0.5534059
2025-10-29,SPY_rolling,0,0,1,0.5510896509980735,0.5176853172603013,0.50181836
2025-10-30,SPY_rolling,0,0,1,0.535013991539937,0.5392100574922871,0.5191079
2025-10-31,SPY_rolling,0,0,1,0.5382764347603408,0.5524139391042756,0.55802137
2025-11-03,SPY_rolling,0,0,1,0.5362618030552104,0.561411971368984,0.55659366
2025-11-04,SPY_rolling,0,1,1,0.5478206689123138,0.548658511567306,0.5332766
2025-11-05,SPY_rolling,0,0,1,0.5434331909830918,0.5551596654171916,0.5413096
2025-11-06,SPY_rolling,0,1,1,0.5469519526090828,0.5372309600328744,0.52734226
2025-11-07,SPY_rolling,0,1,1,0.562199375073996,0.5904931115106655,0.5960095
2025-11-10,SPY_rolling,0,1,1,0.540888968000692,0.5596547431958327,0.55221057
2025-11-11,SPY_rolling,0,0,1,0.5335085275638999,0.5561058743317032,0.55457336
2025-11-12,SPY_rolling,0,0,1,0.5374743089839757,0.5630851517465942,0.56127405
2025-11-13,SPY_rolling,0,1,1,0.5572979368723293,0.5052426637155719,0.5161533
2025-11-14,SPY_rolling,0,0,1,0.5440856225420418,0.5606238253105689,0.5579506
2025-11-17,SPY_rolling,0,0,1,0.554895156405655,0.5469587642917384,0.53968346
2025-11-18,SPY_rolling,0,1,1,0.574287746376234,0.5575618155090817,0.5421091
2025-11-19,SPY_rolling,0,0,1,0.5630670141667643,0.5473423384198084,0.5352278
2025-11-20,SPY_rolling,0,1,1,0.589303084767303,0.585755648965884,0.59322095
2025-11-21,SPY_rolling,0,1,1,0.5627953533869958,0.5577632471762377,0.5597848
2025-11-24,SPY_rolling,0,1,1,0.5416980312645611,0.5357820845270884,0.5286959
2025-11-25,SPY_rolling,0,1,1,0.5428368535822116,0.5444153887469234,0.5348186
2025-11-26,SPY_rolling,0,1,1,0.5399184104350159,0.5525908275782588,0.5429538
2025-11-28,SPY_rolling,0,1,1,0.5341259415044106,0.5062739245532842,0.51418024
2025-12-01,SPY_rolling,0,0,1,0.5299135029494353,0.5360034988283389,0.5255637
2025-12-02,SPY_rolling,0,1,1,0.533171480897166,0.5212838949632042,0.5289661
2025-12-03,SPY_rolling,0,0,1,0.535801716997219,0.503031563064608,0.49310127
2025-12-04,SPY_rolling,0,1,1,0.5424232646678019,0.5252440951786417,0.5186877
2025-12-05,SPY_rolling,0,0,1,0.5533095253455933,0.5257221910477141,0.5322083
2025-12-08,SPY_rolling,0,0,1,0.543223076003343,0.5394096739302392,0.5413735
2025-12-09,SPY_rolling,0,1,1,0.5420885810733519,0.5336776849139316,0.5409231
2025-12-10,SPY_rolling,0,1,1,0.5513530495587499,0.5140033951513803,0.52541345
2025-12-11,SPY_rolling,0,0,1,0.553244737405688,0.517064513759427,0.5273291
2025-12-12,SPY_rolling,0,0,1,0.5587498657618314,0.5611462188240705,0.5557664
2025-12-15,SPY_rolling,0,0,1,0.5447137508646508,0.5613858898337345,0.55798775
2025-12-16,SPY_rolling,0,0,1,0.5558755401960384,0.5664376452231521,0.5612803
2025-12-17,SPY_rolling,0,0,1,0.5586965594945194,0.5559562309207058,0.5606262
2025-12-18,SPY_rolling,0,1,1,0.5565779956760735,0.5585211170616036,0.55204135
2025-12-19,SPY_rolling,0,1,1,0.5574896110314261,0.5652289200599536,0.5786478
2025-12-22,SPY_rolling,0,1,1,0.5441445742935263,0.551964146267851,0.54827017
2025-12-23,SPY_rolling,0,1,1,0.5405407310890485,0.5436323178638336,0.55840963
2025-12-24,SPY_rolling,0,0,1,0.5320983555727626,0.49901084171819843,0.5112859
2025-12-26,SPY_rolling,0,1,1,0.5307593849031547,0.5150192081252285,0.52107155
2025-12-29,SPY_rolling,0,0,1,0.5386278894752632,0.5353479387655834,0.541321
2025-12-30,SPY_rolling,0,0,1,0.5333473487072702,0.541941159529062,0.56009334
