date,asset,regime,y_true,baseline_pred,lr_prob,rf_prob,xgb_prob
2015-01-02,SPY,0,0,1,0.5147327450145549,0.5333058258266804,0.53918016
2015-01-05,SPY,0,0,1,0.5257817423294812,0.505823081862039,0.54854006
2015-01-06,SPY,0,1,1,0.5187113948635689,0.514943801704922,0.533475
2015-01-07,SPY,0,1,1,0.5170913480775929,0.5094719264156236,0.5126834
2015-01-08,SPY,0,0,1,0.5311049424681864,0.5489115417074069,0.5678981
2015-01-09,SPY,0,0,1,0.5507567996825209,0.5269037901460193,0.52852553
2015-01-12,SPY,0,0,1,0.5470860794236443,0.5402060279063758,0.5415695
2015-01-13,SPY,0,1,1,0.5655190376062291,0.5485633061957583,0.5482304
2015-01-14,SPY,0,0,1,0.5580140727910831,0.5487536174223805,0.57138664
2015-01-15,SPY,0,1,1,0.5306002304875855,0.50715814386764,0.50363684
2015-01-16,SPY,0,0,1,0.5436138644177313,0.5666291140833856,0.58397996
2015-01-20,SPY,0,1,1,0.5326081326300633,0.5235663742957172,0.51506335
2015-01-21,SPY,0,1,1,0.5310892038593752,0.524688843156194,0.51305926
2015-01-22,SPY,0,0,1,0.5398503102225588,0.5809642146577485,0.5856804
2015-01-23,SPY,0,1,1,0.5358907380770237,0.5269517767543985,0.5276784
2015-01-26,SPY,0,0,1,0.5194095336738737,0.5233198802154602,0.52635795
2015-01-27,SPY,0,0,1,0.5346154012556377,0.5317141612149257,0.53902215
2015-01-28,SPY,0,1,1,0.5370150112662369,0.5408336130452636,0.57976425
2015-01-29,SPY,0,0,1,0.5199257345602855,0.5467205943241977,0.5605077
2015-01-30,SPY,0,1,1,0.5377873439097588,0.5218490246045752,0.52141833
2015-02-02,SPY,0,1,1,0.524393381814164,0.5099163615088279,0.51333106
2015-02-03,SPY,0,1,1,0.5329753949128466,0.5269295799377398,0.55167866
2015-02-04,SPY,0,1,1,0.5485049949887429,0.5194430205698692,0.51744586
2015-02-05,SPY,0,0,1,0.5284683769359165,0.5406130269220644,0.5572842
2015-02-06,SPY,0,0,1,0.5332528355170052,0.5340760627980747,0.5296053
2015-02-09,SPY,0,1,1,0.5249606848183511,0.5262179060556315,0.52125716
2015-02-10,SPY,0,1,1,0.5192497588957508,0.5367162661318825,0.5402516
2015-02-11,SPY,0,1,1,0.5252658187296553,0.5246888860309518,0.5297948
2015-02-12,SPY,0,1,1,0.5253088440723909,0.5844570239029101,0.6287929
2015-02-13,SPY,0,1,1,0.5345093560861786,0.5738176690823973,0.61334914
2015-02-17,SPY,0,1,1,0.5269880278339132,0.5492880588198977,0.57259005
2015-02-18,SPY,0,1,1,0.5239328389362017,0.527092825539943,0.5190757
2015-02-19,SPY,0,1,1,0.5270474485399038,0.5285278142458683,0.52768236
2015-02-20,SPY,0,1,1,0.5271976348496238,0.5469281603906698,0.5752464
2015-02-23,SPY,0,1,1,0.514720103756582,0.5267742460876496,0.53685
2015-02-24,SPY,0,0,1,0.5137134903138674,0.5329899678780368,0.5604666
2015-02-25,SPY,0,0,1,0.5261282867538329,0.5551390247593221,0.57957894
2015-02-26,SPY,0,0,1,0.5375246822136415,0.555402044744371,0.5708513
2015-02-27,SPY,0,1,1,0.5404108072937786,0.5482728817506761,0.59292567
2015-03-02,SPY,0,0,1,0.5471214769795887,0.5558336473754558,0.55572975
2015-03-03,SPY,0,0,1,0.5565932592524289,0.5623377473143834,0.5798112
2015-03-04,SPY,0,0,1,0.5558045561375364,0.5459276535139308,0.5530343
2015-03-05,SPY,0,0,1,0.5416076854393106,0.5359837590120954,0.5533906
2015-03-06,SPY,0,1,1,0.5841746011964276,0.5853135579086314,0.616927
2015-03-09,SPY,0,0,1,0.5441971089354297,0.5363498181550717,0.5515033
2015-03-10,SPY,0,0,1,0.5729796058103296,0.5395655553916588,0.5647297
2015-03-11,SPY,0,1,1,0.5515618048662303,0.5166122291237418,0.5255504
2015-03-12,SPY,0,0,1,0.5477298643295355,0.5532648890862197,0.54616034
2015-03-13,SPY,0,1,1,0.5699626335271151,0.5394023232510542,0.56362563
2015-03-16,SPY,0,1,1,0.5560690494737145,0.5803213414705088,0.5757394
2015-03-17,SPY,0,1,1,0.5476382349678824,0.5296227477223293,0.5204275
2015-03-18,SPY,0,0,1,0.572413839596728,0.586994435364408,0.5858509
2015-03-19,SPY,0,1,1,0.54848131957679,0.5364452248918692,0.52432144
2015-03-20,SPY,0,0,1,0.5545970347401371,0.5604294703518634,0.5371047
2015-03-23,SPY,0,0,1,0.5284596493697254,0.5347165126174094,0.53276306
2015-03-24,SPY,0,0,1,0.5312101426328768,0.5433568179076516,0.5378417
2015-03-25,SPY,0,1,1,0.5415879247377153,0.5268030683280233,0.5497291
2015-03-26,SPY,0,1,1,0.5361556433353265,0.5369276415766611,0.5635765
2015-03-27,SPY,0,1,1,0.5187209524933607,0.5133264235051187,0.5264911
2015-03-30,SPY,0,0,1,0.5171372069394415,0.528812994909522,0.53021425
2015-03-31,SPY,0,0,1,0.5337244420116485,0.5290590816064259,0.53698194
2015-04-01,SPY,0,1,1,0.5350890021109471,0.5240582970278418,0.52861005
2015-04-02,SPY,0,1,1,0.5219594771797365,0.5263150971055637,0.5373001
2015-04-06,SPY,0,0,1,0.5358315387873942,0.5446757478607405,0.53811467
2015-04-07,SPY,0,1,1,0.5196222556355411,0.534432054055305,0.5240336
2015-04-08,SPY,0,1,1,0.5303461697147036,0.5277618652869375,0.50864756
2015-04-09,SPY,0,1,1,0.5315072637867849,0.5254108799842555,0.51875526
2015-04-10,SPY,0,0,1,0.5250738952731143,0.5190004290851539,0.4931881
2015-04-13,SPY,0,1,1,0.5324503378437487,0.5260862699802401,0.5107212
2015-04-14,SPY,0,1,1,0.5277033645462615,0.5286814581054405,0.5177175
2015-04-15,SPY,0,1,1,0.5332799362834547,0.5309907909939824,0.5101205
2015-04-16,SPY,0,0,1,0.5228887722743057,0.5258957289519555,0.5086728
2015-04-17,SPY,0,1,1,0.55852446606296,0.5658882513958442,0.5978986
2015-04-20,SPY,0,0,1,0.530590531904921,0.5443225539131428,0.5425768
2015-04-21,SPY,0,1,1,0.5291843695819934,0.5367015787403104,0.5307114
2015-04-22,SPY,0,1,1,0.5298987828845608,0.5415325620682109,0.5353034
2015-04-23,SPY,0,0,1,0.5486343230808076,0.5369337248356443,0.52142984
2015-04-24,SPY,0,0,1,0.5361815345966658,0.5327415921922569,0.5038132
2015-04-27,SPY,0,1,1,0.5391595570116212,0.5276044416776058,0.514872
2015-04-28,SPY,0,1,1,0.5367011717837801,0.5265012827760265,0.5003274
2015-04-29,SPY,0,0,1,0.5545624804265733,0.5402668508532281,0.5403245
2015-04-30,SPY,0,1,1,0.5673987810893036,0.5533360399702613,0.5961537
2015-05-01,SPY,0,1,1,0.5472507369242897,0.5415126475468103,0.52713513
2015-05-04,SPY,0,0,1,0.541795233885217,0.5367976421259645,0.5210661
2015-05-05,SPY,0,0,1,0.5582661799947627,0.5597008805520778,0.58468103
2015-05-06,SPY,0,1,1,0.5599033823889238,0.5566191011159972,0.5833456
2015-05-07,SPY,0,1,1,0.5454830575741467,0.5392156945380379,0.5340918
2015-05-08,SPY,0,0,1,0.5531092280110705,0.5713862336219993,0.5740318
2015-05-11,SPY,0,1,1,0.5403441639250849,0.5394906500376571,0.5283193
2015-05-12,SPY,0,0,1,0.5498503363984386,0.5550122279981666,0.5619427
2015-05-13,SPY,0,1,1,0.5414834773758711,0.5369616472697952,0.5292198
2015-05-14,SPY,0,0,1,0.5389180436510403,0.5350960843046908,0.53086483
2015-05-15,SPY,0,1,1,0.5342433331279282,0.5321323497314178,0.5277042
2015-05-18,SPY,0,0,1,0.5313125020167017,0.5232686892946354,0.5036257
2015-05-19,SPY,0,0,1,0.533132773915603,0.5204102741026972,0.5017205
2015-05-20,SPY,0,1,1,0.5338737324718181,0.524197259595711,0.51732475
2015-05-21,SPY,0,0,1,0.5183933041919224,0.540507835431126,0.5099005
2015-05-22,SPY,0,0,1,0.5183474679449747,0.5267610162991316,0.5163155
2015-05-26,SPY,0,1,1,0.5450852980608195,0.5508920174144817,0.57468593
2015-05-27,SPY,0,1,1,0.5324760237596342,0.5427595135402992,0.5432108
2015-05-28,SPY,0,0,1,0.5340717465785867,0.5364592323386382,0.5358278
2015-05-29,SPY,0,0,1,0.5560339644934335,0.5562444422841444,0.57131994
2015-06-01,SPY,0,1,1,0.5409236465118251,0.5348624975305684,0.51995105
2015-06-02,SPY,0,0,1,0.5398337411787827,0.5299166464899482,0.52129155
2015-06-03,SPY,0,0,1,0.535573515997323,0.5231168618974799,0.5040015
2015-06-04,SPY,0,0,1,0.5643721115000611,0.5500843114580709,0.5826429
2015-06-05,SPY,0,0,1,0.550860176025291,0.5505516725803302,0.55519915
2015-06-08,SPY,0,0,1,0.5369730920666534,0.5311796699517829,0.52876556
2015-06-09,SPY,0,1,1,0.5423516366522843,0.5497768166548,0.58726895
2015-06-10,SPY,0,1,1,0.5553802248981909,0.5600229246926043,0.57058233
2015-06-11,SPY,0,0,1,0.5388969947202804,0.5382934980855233,0.52071303
2015-06-12,SPY,0,1,1,0.5617060764318703,0.5505299498398732,0.5632252
2015-06-15,SPY,0,1,1,0.5563209652797635,0.5478193945947519,0.55901456
2015-06-16,SPY,0,0,1,0.5391652610541904,0.5355324404910342,0.5242807
2015-06-17,SPY,0,1,1,0.5427643109141047,0.5431883025380227,0.5646715
2015-06-18,SPY,0,0,1,0.5519979732061012,0.593053477801362,0.6142398
2015-06-19,SPY,0,0,1,0.545616775503552,0.5667973700184613,0.55999553
2015-06-22,SPY,0,0,1,0.5239029898143309,0.5257893634359678,0.5141905
2015-06-23,SPY,0,0,1,0.5310283658628288,0.5243393615659155,0.50609726
2015-06-24,SPY,0,0,1,0.5403490122486807,0.543767508027826,0.5170185
2015-06-25,SPY,0,0,1,0.5295432768413262,0.527982314391241,0.5145165
2015-06-26,SPY,0,0,1,0.5354057044142564,0.5258329161729444,0.49878958
2015-06-29,SPY,0,0,1,0.565583583519867,0.5208202334838826,0.53344095
2015-06-30,SPY,0,0,1,0.5487043139728778,0.5313441743138962,0.5540589
2015-07-01,SPY,0,0,1,0.5371063627827125,0.5557855461442838,0.5736679
2015-07-02,SPY,0,1,1,0.5383974928085798,0.5363217108939273,0.5382216
2015-07-06,SPY,0,1,1,0.5421707743902094,0.5380117452595435,0.53746533
2015-07-07,SPY,0,0,1,0.5496547245714792,0.5389560558547527,0.5299875
2015-07-08,SPY,0,0,1,0.561126525809187,0.5254756895553429,0.55725986
2015-07-09,SPY,0,1,1,0.5383634555728662,0.5523612905691646,0.5749963
2015-07-10,SPY,0,1,1,0.5340965979068831,0.5245738929051141,0.53512126
2015-07-13,SPY,0,1,1,0.5369100776019128,0.5427007039277094,0.5460938
2015-07-14,SPY,0,0,1,0.5345874749088237,0.5372465990092615,0.52881795
2015-07-15,SPY,0,1,1,0.531938448176152,0.5370069060084726,0.55307543
2015-07-16,SPY,0,1,1,0.5303517052032539,0.541589538740665,0.56981915
2015-07-17,SPY,0,0,1,0.520038814573681,0.5130848431691521,0.4999497
2015-07-20,SPY,0,0,1,0.5120137051276116,0.5136672602257556,0.4926543
2015-07-21,SPY,0,1,1,0.5128266281250125,0.5180304891498444,0.51400846
2015-07-22,SPY,0,0,1,0.5140899312629583,0.5220659974302145,0.5165514
2015-07-23,SPY,0,0,1,0.5112868014291704,0.5317397813768853,0.54303104
2015-07-24,SPY,0,0,1,0.5207411103094788,0.5177768127507059,0.5305232
2015-07-27,SPY,0,1,1,0.5177461125010542,0.5262678385580788,0.54336405
2015-07-28,SPY,0,1,1,0.5386714896288736,0.5316481794823396,0.5343604
2015-07-29,SPY,0,1,1,0.5394434526509851,0.5366718228205433,0.53142345
2015-07-30,SPY,0,0,1,0.5367621684648611,0.5309953080869216,0.53147364
2015-07-31,SPY,0,0,1,0.5423067847595088,0.5243440309234676,0.5245784
2015-08-03,SPY,0,0,1,0.5494262577377462,0.5249589512566586,0.5222312
2015-08-04,SPY,0,0,1,0.5250390827633583,0.5249181605399942,0.52513295
2015-08-05,SPY,0,0,1,0.5307636419458592,0.5216205716792163,0.5255948
2015-08-06,SPY,0,0,1,0.5512487278421859,0.5505635148095395,0.56371903
2015-08-07,SPY,0,1,1,0.5465311286938784,0.5527310196058949,0.5741347
2015-08-10,SPY,0,0,1,0.527888333973391,0.5210310591629103,0.52065516
2015-08-11,SPY,0,1,1,0.5576373337805267,0.5536416394832905,0.55323136
2015-08-12,SPY,0,0,1,0.5645180304816629,0.5669688169015288,0.56172806
2015-08-13,SPY,0,1,1,0.532692829477077,0.5319490836608339,0.53069484
2015-08-14,SPY,0,1,1,0.525663423623814,0.5237161576310568,0.52353203
2015-08-17,SPY,0,0,1,0.5160347846287268,0.5302807611244967,0.5184838
2015-08-18,SPY,0,0,1,0.5171065584790066,0.52300360761426,0.5035068
2015-08-19,SPY,0,0,1,0.553609441389913,0.549080263990336,0.56249475
2015-08-20,SPY,0,0,1,0.5669238185677006,0.5051267484590491,0.49882677
2015-08-21,SPY,0,1,1,0.5796875393879033,0.5338620112764274,0.5371336
2015-08-24,SPY,0,0,1,0.5666571898264944,0.5449786047515754,0.52401114
2015-08-25,SPY,0,1,1,0.5244765209714645,0.5525781418050966,0.5425607
2015-08-26,SPY,1,1,1,0.5340261603291094,0.4817902215149802,0.4973471
2015-08-27,SPY,1,1,1,0.5485322000385875,0.5073871443981268,0.4714632
2015-08-28,SPY,1,0,1,0.5543619176156162,0.5060140936868568,0.49541175
2015-08-31,SPY,1,0,1,0.5530267116618574,0.5031577185907328,0.51453096
2015-09-01,SPY,1,1,1,0.5765404087518688,0.501712417000746,0.52755725
2015-09-02,SPY,1,0,1,0.5204390853889789,0.4914725594552267,0.49242434
2015-09-03,SPY,1,0,1,0.5074547868700405,0.49851065036305203,0.49246076
2015-09-04,SPY,1,1,1,0.5134584095723148,0.49225805964186764,0.48729658
2015-09-08,SPY,1,0,1,0.49865570051534636,0.5105497923489428,0.5108452
2015-09-09,SPY,1,1,1,0.5184292199999956,0.4975262105330945,0.51193
2015-09-10,SPY,1,1,1,0.49710722093335724,0.5065527848712995,0.5209794
2015-09-11,SPY,1,0,1,0.49319209678509324,0.501868359956269,0.50956506
2015-09-14,SPY,1,1,1,0.4908720712208006,0.5026129559721642,0.50769633
2015-09-15,SPY,1,1,1,0.4629852982897289,0.5083386456538098,0.5508825
2015-09-16,SPY,1,0,1,0.4606642957023862,0.5174631714766558,0.551589
2015-09-17,SPY,1,0,1,0.48131059798277026,0.5253615278144571,0.51585096
2015-09-18,SPY,1,1,1,0.4980570176504822,0.5079123671728203,0.5204212
2015-09-21,SPY,1,1,1,0.5007923836197706,0.5173549533864342,0.5012609
2015-09-22,SPY,1,0,1,0.5319922031542261,0.5051886010196676,0.4601495
2015-09-23,SPY,1,1,1,0.5190743953285578,0.5102118970354174,0.4829737
2015-09-24,SPY,1,0,1,0.517719543094512,0.5271268107733746,0.5345068
2015-09-25,SPY,1,0,1,0.5097625589049677,0.5298127177710632,0.5489888
2015-09-28,SPY,1,0,1,0.5208580853191378,0.4838061351900266,0.48639694
2015-09-29,SPY,1,1,1,0.5161321105398698,0.505583547396449,0.50236136
2015-09-30,SPY,1,1,1,0.5415528237224244,0.5288042849729627,0.52933496
2015-10-01,SPY,1,1,1,0.5357224505103022,0.5213496744558944,0.52558756
2015-10-02,SPY,1,1,1,0.5486953958658568,0.5523928049865219,0.5517759
2015-10-05,SPY,1,0,1,0.5306124745376695,0.5474762379132966,0.57707375
2015-10-06,SPY,1,1,1,0.5302177747215598,0.5342603907046766,0.5413617
2015-10-07,SPY,1,1,1,0.5314148556978139,0.5453423016653501,0.55562496
2015-10-08,SPY,1,0,1,0.5341682444343379,0.5419875444164703,0.47815773
2015-10-09,SPY,1,1,1,0.523139316663252,0.5114421830119902,0.480877
2015-10-12,SPY,1,0,1,0.5047614087927512,0.5096174396686022,0.49500114
2015-10-13,SPY,1,0,1,0.511949200379904,0.5287581149025908,0.5326946
2015-10-14,SPY,1,1,1,0.5065686451242002,0.5227680713084376,0.5292609
2015-10-15,SPY,1,1,1,0.5129009852868873,0.5204817097942502,0.5062029
2015-10-16,SPY,1,1,1,0.5221352885315201,0.5699733844724637,0.61944205
2015-10-19,SPY,1,1,1,0.513913599840953,0.5341753026785019,0.5374851
2015-10-20,SPY,1,0,1,0.5259670895588492,0.5275706963833059,0.49813917
2015-10-21,SPY,1,1,1,0.5375048206619849,0.5520817204225276,0.5798023
2015-10-22,SPY,1,1,1,0.5468702291250753,0.5816913698748842,0.587142
2015-10-23,SPY,1,0,1,0.5436843640224434,0.5812619359206393,0.5646236
2015-10-26,SPY,1,1,1,0.5549864847992665,0.5431713635559925,0.4958315
2015-10-27,SPY,1,1,1,0.5621608202952928,0.528365921422378,0.5040175
2015-10-28,SPY,1,1,1,0.5685286450109199,0.5844789797999399,0.5964003
2015-10-29,SPY,1,0,1,0.5523198051549424,0.5533879893180927,0.5481965
2015-10-30,SPY,1,1,1,0.5531952993358507,0.5638395884883131,0.5257778
2015-11-02,SPY,1,1,1,0.5400232939783872,0.5585948405118546,0.57317764
2015-11-03,SPY,1,0,1,0.5479380510586,0.5539925535198197,0.56608254
2015-11-04,SPY,1,0,1,0.5415117466121544,0.5538275240453023,0.5448022
2015-11-05,SPY,1,1,1,0.5357561011531455,0.5550078517929316,0.5196689
2015-11-06,SPY,1,0,1,0.5461289299676102,0.5666411929919221,0.61492175
2015-11-09,SPY,1,1,1,0.5433466406182509,0.5542151307679619,0.59566295
2015-11-10,SPY,1,0,1,0.5287987811439002,0.5573871241220024,0.6124045
2015-11-11,SPY,1,0,1,0.5324206911831278,0.5446873254823056,0.6054264
2015-11-12,SPY,1,0,1,0.547108126554658,0.5400689840336623,0.57053816
2015-11-13,SPY,1,1,1,0.5492374845802408,0.5250476098250252,0.53162414
2015-11-16,SPY,1,0,1,0.5500794489669586,0.5295419377149281,0.5323501
2015-11-17,SPY,1,1,1,0.5504077603424268,0.5318957878525544,0.5698678
2015-11-18,SPY,1,0,1,0.5581592413693821,0.5454168773415061,0.55271554
2015-11-19,SPY,1,0,1,0.5463686738842782,0.5379750635402005,0.5549562
2015-11-20,SPY,0,0,1,0.5415753973804944,0.5260914859947465,0.5246245
2015-11-23,SPY,0,1,1,0.5270446856467967,0.5211040864596085,0.5273411
2015-11-24,SPY,0,0,1,0.539577339255408,0.5253270549573817,0.52684313
2015-11-25,SPY,0,1,1,0.5026940897489259,0.5072785970536223,0.49481222
2015-11-27,SPY,0,0,1,0.501507959755167,0.5116264616875111,0.4943135
2015-11-30,SPY,0,1,1,0.5255131839979473,0.5261904871485427,0.51168495
2015-12-01,SPY,0,0,1,0.5221956185846137,0.5348831785424416,0.5094828
2015-12-02,SPY,0,0,1,0.5312249377713694,0.5205057944614169,0.51932895
2015-12-03,SPY,0,1,1,0.5499124143909117,0.5336422449360434,0.546126
2015-12-04,SPY,0,0,1,0.5555795210705325,0.5491721778341576,0.5249713
2015-12-07,SPY,0,1,1,0.5413616905971504,0.5291486920544073,0.5264213
2015-12-08,SPY,0,0,1,0.5396396608683255,0.5300816889850354,0.5301647
2015-12-09,SPY,0,1,1,0.5521005468692691,0.5363289514160403,0.561296
2015-12-10,SPY,0,0,1,0.5436804748366744,0.5375886057503483,0.54879004
2015-12-11,SPY,0,1,1,0.5492093658495489,0.5021415537570026,0.49623263
2015-12-14,SPY,0,1,1,0.5516575550268895,0.5426601323221629,0.54348415
2015-12-15,SPY,0,1,1,0.5461878588133529,0.5633895628756611,0.59446764
2015-12-16,SPY,0,0,1,0.5565929239551263,0.5482469543824703,0.5646405
2015-12-17,SPY,0,0,1,0.554192059846129,0.5392129883966172,0.5593551
2015-12-18,SPY,0,1,1,0.5686100506019177,0.5070445596983558,0.4792713
2015-12-21,SPY,0,1,1,0.5396629929714591,0.5256025134163148,0.5610903
2015-12-22,SPY,0,1,1,0.5341132126979433,0.52775341067649,0.52800417
2015-12-23,SPY,0,0,1,0.5226127339435198,0.5267084831027823,0.5435621
2015-12-24,SPY,0,1,1,0.5149903760064874,0.5276022471533034,0.5691558
2015-12-28,SPY,0,1,1,0.5094042352006519,0.519387522671745,0.53000736
2015-12-29,SPY,0,0,1,0.5123068611330681,0.5235439019822224,0.5617689
2015-12-30,SPY,0,0,1,0.5084466378656736,0.5227674633521517,0.5393297
2015-12-31,SPY,0,1,1,0.5144918993518675,0.5177966516867964,0.5281024
2016-01-04,SPY,0,0,1,0.5457024411031884,0.5542196418023648,0.52781093
2016-01-05,SPY,0,1,1,0.5221050384409917,0.536677972285563,0.533185
2016-01-06,SPY,0,0,1,0.5233295292232901,0.5037785695153636,0.4504163
2016-01-07,SPY,0,0,1,0.5367966290243797,0.4665958923093674,0.48442996
2016-01-08,SPY,0,0,1,0.5331196559181584,0.6130120208912209,0.5760752
2016-01-11,SPY,0,0,1,0.5279438533792814,0.4999976530442355,0.54904604
2016-01-12,SPY,0,0,1,0.5310950469532739,0.5610593148151141,0.5698793
2016-01-13,SPY,0,1,1,0.543856428118351,0.4472661504322151,0.47339538
2016-01-14,SPY,0,1,1,0.5379885301515559,0.5068637252550386,0.46778595
2016-01-15,SPY,0,0,1,0.5521668438063324,0.5354331454466569,0.48727778
2016-01-19,SPY,0,1,1,0.5344865657427814,0.5574566305195272,0.64404535
2016-01-20,SPY,0,1,1,0.5475792013039404,0.5729360104017732,0.5353008
2016-01-21,SPY,0,1,1,0.5297867683233919,0.5732143326750824,0.6373923
2016-01-22,SPY,0,0,1,0.5178651419393504,0.4716434296438411,0.47993478
2016-01-25,SPY,1,1,1,0.5167304302903557,0.593995846442725,0.45975083
2016-01-26,SPY,1,0,1,0.5119866390135388,0.5586938410131872,0.51449573
2016-01-27,SPY,1,0,1,0.5232953751148192,0.5279532024002968,0.48327655
2016-01-28,SPY,1,1,1,0.5098428859210006,0.5538727711962234,0.5973089
2016-01-29,SPY,1,1,1,0.5131051004863459,0.5930293841915792,0.60017896
2016-02-01,SPY,1,0,1,0.506150760122344,0.5142017496456213,0.5152389
2016-02-02,SPY,1,0,1,0.5237441019066285,0.48580711257172593,0.4835965
2016-02-03,SPY,1,1,1,0.5212783572509584,0.5308516864868081,0.44939175
2016-02-04,SPY,1,0,1,0.5134736327996579,0.5142482787078749,0.5361972
2016-02-05,SPY,1,0,1,0.5229994484459627,0.45321903572358224,0.44890627
2016-02-08,SPY,1,1,1,0.5246448120314029,0.4727353104839311,0.49108776
2016-02-09,SPY,1,0,1,0.5201288654030731,0.48765424390141704,0.44363496
2016-02-10,SPY,1,1,1,0.5074497544638024,0.5391742845752772,0.6160113
2016-02-11,SPY,1,1,1,0.5272311364887675,0.5063627117648826,0.48368886
2016-02-12,SPY,1,1,1,0.5100332985560756,0.4756496532861362,0.39091033
2016-02-16,SPY,1,1,1,0.5178686156882,0.4907009871640936,0.50969034
2016-02-17,SPY,1,0,1,0.5234981322730639,0.524638522170899,0.5742805
2016-02-18,SPY,1,1,1,0.5264779368220994,0.5741050840394685,0.5672567
2016-02-19,SPY,1,1,1,0.5274100294742275,0.5167632014423521,0.56261957
2016-02-22,SPY,1,0,1,0.5154570378976657,0.5208854435069546,0.61674917
2016-02-23,SPY,1,1,1,0.5301081037240335,0.4994331589364734,0.4923091
2016-02-24,SPY,1,1,1,0.5273345974006267,0.525208232270992,0.57594764
2016-02-25,SPY,1,0,1,0.5229331843919579,0.5468351498838421,0.54686844
2016-02-26,SPY,1,0,1,0.530570321753007,0.5450908738048887,0.46724367
2016-02-29,SPY,1,1,1,0.5228352885611729,0.5495342199069697,0.5623632
2016-03-01,SPY,1,1,1,0.5249771953414333,0.48030456650827547,0.41410553
2016-03-02,SPY,1,1,1,0.5272562263366679,0.48294208676842815,0.48101625
2016-03-03,SPY,1,1,1,0.5237420257603219,0.5183348594914565,0.47895667
2016-03-04,SPY,1,1,1,0.5336911215404292,0.5192922185139054,0.5556289
2016-03-07,SPY,1,0,1,0.5346273900581288,0.5618955429754806,0.5988075
2016-03-08,SPY,1,1,1,0.5420701501869166,0.5704236345637169,0.5874024
2016-03-09,SPY,1,0,1,0.5311850962641521,0.6485460713224169,0.69652295
2016-03-10,SPY,1,1,1,0.5515902558748763,0.6117296007720606,0.6147515
2016-03-11,SPY,1,1,1,0.5571573789853456,0.6586264338213337,0.64560217
2016-03-14,SPY,1,1,1,0.530214556758112,0.5828915739834564,0.44789279
2016-03-15,SPY,1,1,1,0.5349709182064056,0.5268914526263844,0.5599101
2016-03-16,SPY,1,1,1,0.5457628903700605,0.5868109766209441,0.5380041
2016-03-17,SPY,1,1,1,0.5495538415443528,0.597681496057041,0.5255606
2016-03-18,SPY,1,1,1,0.5452423784166563,0.6600197259174585,0.7042232
2016-03-21,SPY,1,1,1,0.5187055401987699,0.5024485740341638,0.4492037
2016-03-22,SPY,1,0,1,0.5345473841441242,0.645725979119489,0.6394961
2016-03-23,SPY,1,1,1,0.5323885916842989,0.5139683047409397,0.4421731
2016-03-24,SPY,1,0,1,0.5284050608335832,0.5226995689780132,0.50168115
2016-03-28,SPY,1,1,1,0.522129605996995,0.5297261280344749,0.52629894
2016-03-29,SPY,1,0,1,0.5377501967211938,0.5449534630804063,0.59670305
2016-03-30,SPY,1,0,1,0.5351650390466639,0.6888713099564228,0.6999552
2016-03-31,SPY,1,1,1,0.5380551465444744,0.4474279074204055,0.42747408
2016-04-01,SPY,1,0,1,0.5450291197518612,0.5827973726336155,0.5858015
2016-04-04,SPY,1,0,1,0.5324230868089891,0.519890099657469,0.4991822
2016-04-05,SPY,0,1,1,0.5439479433238693,0.4923164732260825,0.50158733
2016-04-06,SPY,0,0,1,0.5452649260673526,0.5761571350256672,0.59469795
2016-04-07,SPY,1,0,1,0.5560029402257815,0.5621681247747403,0.59906095
2016-04-08,SPY,1,0,1,0.5457038595004692,0.5384826070389692,0.5512361
2016-04-11,SPY,0,1,1,0.5399224513629379,0.5215434260245733,0.46922335
2016-04-12,SPY,0,1,1,0.5518679199731954,0.5920103145509842,0.62012875
2016-04-13,SPY,0,0,1,0.5435440575683221,0.584734638539498,0.6508397
2016-04-14,SPY,0,0,1,0.5290736036615917,0.535636584567088,0.558264
2016-04-15,SPY,0,1,1,0.533464143396898,0.4814923818461172,0.45621106
2016-04-18,SPY,0,1,1,0.5348634650299615,0.533157874600993,0.56808394
2016-04-19,SPY,0,1,1,0.5368377628162551,0.4720750998222282,0.47413984
2016-04-20,SPY,0,0,1,0.5306791652428864,0.5343262418413297,0.5548287
2016-04-21,SPY,0,1,1,0.5389055151922427,0.5001045138313508,0.5069541
2016-04-22,SPY,0,1,1,0.5456217514544415,0.5431805249085059,0.5946056
2016-04-25,SPY,0,0,1,0.5236331049326931,0.4686189502660038,0.51681215
2016-04-26,SPY,0,1,1,0.525893634759074,0.49346156388978907,0.47829995
2016-04-27,SPY,0,0,1,0.5261489636125545,0.4982595275514199,0.428679
2016-04-28,SPY,0,0,1,0.5417939460134162,0.4851132204606543,0.47260156
2016-04-29,SPY,0,1,1,0.5576019404551124,0.642369595314096,0.64012164
2016-05-02,SPY,0,0,1,0.5232720688947349,0.5308591673132844,0.5098344
2016-05-03,SPY,0,1,1,0.5495750609143724,0.5951187496630013,0.6155978
2016-05-04,SPY,0,0,1,0.5377373032678315,0.5756371242626044,0.5922713
2016-05-05,SPY,0,1,1,0.5315559013114538,0.5338660758298412,0.5741068
2016-05-06,SPY,0,1,1,0.541265909399583,0.520308878819998,0.54244
2016-05-09,SPY,0,1,1,0.5320162704450672,0.5198646290978007,0.50719416
2016-05-10,SPY,0,0,1,0.5336710480649987,0.5893873480003307,0.54018503
2016-05-11,SPY,0,0,1,0.5395720989057728,0.5361043027247596,0.54808044
2016-05-12,SPY,0,0,1,0.5410683976266693,0.5134078863011985,0.56808335
2016-05-13,SPY,0,1,1,0.5457753287356383,0.6488653947484612,0.65540427
2016-05-16,SPY,0,0,1,0.5331139299444192,0.5704660006103098,0.62631005
2016-05-17,SPY,0,1,1,0.5466094612031968,0.5920114511672836,0.6514615
2016-05-18,SPY,0,1,1,0.544841304941592,0.5913572116602929,0.6324168
2016-05-19,SPY,0,1,1,0.5432706389880505,0.6221941204373419,0.63608265
2016-05-20,SPY,0,0,1,0.5377498316148192,0.5798213842951071,0.59843516
2016-05-23,SPY,0,1,1,0.5159077323481108,0.5243588919411764,0.51826257
2016-05-24,SPY,0,1,1,0.529569622448865,0.5111430375701181,0.45479804
2016-05-25,SPY,0,0,1,0.5240894167637229,0.5443954867112464,0.5067652
2016-05-26,SPY,0,1,1,0.5215559448890399,0.548768988739596,0.54483956
2016-05-27,SPY,0,0,1,0.5265456540592183,0.4687113104197504,0.45525566
2016-05-31,SPY,0,1,1,0.5459886429959638,0.5030031994116057,0.47020978
2016-06-01,SPY,0,1,1,0.526419668953763,0.4983991924856337,0.5259828
2016-06-02,SPY,0,1,1,0.5243793321511857,0.4523179220765073,0.44318995
2016-06-03,SPY,0,1,1,0.5429779963026994,0.5875527522420427,0.5927878
2016-06-06,SPY,0,1,1,0.5255237344316694,0.537764742457749,0.59680146
2016-06-07,SPY,0,1,1,0.5251252467161046,0.49661023636929114,0.48597854
2016-06-08,SPY,0,1,1,0.5250722693565885,0.47415567781309426,0.45562497
2016-06-09,SPY,0,0,1,0.5333319680448876,0.5507052196151795,0.53137004
2016-06-10,SPY,0,0,1,0.5528117084059948,0.5391877936864478,0.46685696
2016-06-13,SPY,0,1,1,0.554077126551379,0.49134165003173735,0.40316182
2016-06-14,SPY,0,0,1,0.550020939857093,0.5491997732628146,0.5493364
2016-06-15,SPY,0,1,1,0.5451006464479511,0.5982807608441848,0.6058375
2016-06-16,SPY,0,0,1,0.5575726198050148,0.5267700118052162,0.4623562
2016-06-17,SPY,0,0,1,0.5484959157647018,0.5307773684183889,0.46204445
2016-06-20,SPY,0,1,1,0.5363765420367702,0.4857581297235132,0.46080446
2016-06-21,SPY,0,0,1,0.5345853519227858,0.4669663391030959,0.46723947
2016-06-22,SPY,0,1,1,0.5408916895300591,0.49766693346521124,0.40995714
2016-06-23,SPY,0,0,1,0.5422658704251315,0.5712979080875675,0.5645885
2016-06-24,SPY,0,0,1,0.5900920803165132,0.4290741135980609,0.43414855
2016-06-27,SPY,0,1,1,0.5627106876194808,0.4371639744402706,0.51313233
2016-06-28,SPY,0,1,1,0.5497820075538917,0.52700043276,0.5015233
2016-06-29,SPY,0,1,1,0.5496141216161563,0.490846190646648,0.42999455
2016-06-30,SPY,0,1,1,0.5509389452862047,0.5599145862680737,0.551859
2016-07-01,SPY,0,0,1,0.5359758995661188,0.5285678550695071,0.5404702
2016-07-05,SPY,0,1,1,0.5325432776917495,0.5069524518016962,0.44783148
2016-07-06,SPY,0,0,1,0.5248997267427329,0.552866143297489,0.54059136
2016-07-07,SPY,0,1,1,0.5185965164826686,0.52238520536184,0.5460531
2016-07-08,SPY,0,1,1,0.5226181754082085,0.5666058283928661,0.52425015
2016-07-11,SPY,0,1,1,0.5195167975743086,0.571649976744666,0.6729748
2016-07-12,SPY,0,0,1,0.5239633549417254,0.5492293718479996,0.52619445
2016-07-13,SPY,0,0,1,0.5257292074289333,0.4646575022293115,0.4393125
2016-07-14,SPY,0,0,1,0.5265437580781607,0.5985858936502606,0.6104875
2016-07-15,SPY,0,1,1,0.5251819868065583,0.5682009878152665,0.5538893
2016-07-18,SPY,0,1,1,0.5202397692937267,0.5246105870400584,0.59638995
2016-07-19,SPY,0,1,1,0.5172305550619907,0.605718481663319,0.5585536
2016-07-20,SPY,0,0,1,0.5175092589372872,0.6178506094176982,0.6157666
2016-07-21,SPY,0,1,1,0.5204197015139096,0.5170109114915447,0.5192871
2016-07-22,SPY,0,0,1,0.5171647051832144,0.5678396503675842,0.6694034
2016-07-25,SPY,0,1,1,0.5342391082126443,0.5901530160987514,0.5447992
2016-07-26,SPY,0,0,1,0.545432482765136,0.6238444183138617,0.66971254
2016-07-27,SPY,0,1,1,0.545239115776722,0.5560451513384519,0.48801956
2016-07-28,SPY,0,1,1,0.5370859971771067,0.5516538248792834,0.49750406
2016-07-29,SPY,0,0,1,0.5381463352442805,0.5135360598750897,0.44509426
2016-08-01,SPY,0,0,1,0.5355638157965721,0.530691219862145,0.62370455
2016-08-02,SPY,0,1,1,0.5501529972658062,0.6513558905442431,0.6351002
2016-08-03,SPY,0,1,1,0.5331838242138498,0.5160607441653966,0.52869564
2016-08-04,SPY,0,1,1,0.5320351291428381,0.525395454685382,0.4608404
2016-08-05,SPY,0,0,1,0.5429420434910074,0.5125243569358019,0.50433767
2016-08-08,SPY,0,1,1,0.529306816061879,0.5396643456244135,0.5343878
2016-08-09,SPY,0,0,1,0.5320620407243765,0.45535664589220615,0.2467431
2016-08-10,SPY,0,1,1,0.5373575227814861,0.4970950315122377,0.32193035
2016-08-11,SPY,0,1,1,0.5439546254477848,0.45236873159111646,0.37797856
2016-08-12,SPY,0,1,1,0.5364268043854648,0.5009770221208856,0.29818243
2016-08-15,SPY,0,0,1,0.5285884721289725,0.44631833925557707,0.28275615
2016-08-16,SPY,0,1,1,0.5336207861713481,0.5047484077206853,0.45925426
2016-08-17,SPY,0,1,1,0.5456671775815537,0.4894491097255584,0.41100797
2016-08-18,SPY,0,1,1,0.5319124484070236,0.5254485702065415,0.3560453
2016-08-19,SPY,0,1,1,0.5453880855637638,0.5205348481311265,0.40374434
2016-08-22,SPY,0,0,1,0.5360889267443872,0.4987044292878957,0.34571034
2016-08-23,SPY,0,0,1,0.529793807103197,0.5437176708795523,0.27778852
2016-08-24,SPY,0,1,1,0.544788878781646,0.5723476099096604,0.42330185
2016-08-25,SPY,0,0,1,0.5408957253917287,0.5034859909573645,0.4040114
2016-08-26,SPY,0,1,1,0.5633095101408708,0.5189818660617749,0.4285657
2016-08-29,SPY,0,0,1,0.5401755144021113,0.471501244525212,0.39005753
2016-08-30,SPY,0,0,1,0.5376684238242831,0.5100758677665589,0.39334893
2016-08-31,SPY,0,1,1,0.5490254011574696,0.5239036806542906,0.47693366
2016-09-01,SPY,0,0,1,0.5525707943284692,0.517589773678892,0.50645095
2016-09-02,SPY,0,1,1,0.5428617806636848,0.5024323194095467,0.30461743
2016-09-06,SPY,0,1,1,0.5309024966498138,0.5063385352124853,0.36959222
2016-09-07,SPY,0,0,1,0.5403286929953192,0.4934237448244206,0.28024337
2016-09-08,SPY,0,0,1,0.5399953637076549,0.5203267961723929,0.27408975
2016-09-09,SPY,0,1,1,0.5803266401634939,0.4349087479882219,0.4327226
2016-09-12,SPY,0,0,1,0.5614317130136948,0.5599472574958453,0.5685974
2016-09-13,SPY,0,0,1,0.5622776336267115,0.4780321238245277,0.48805022
2016-09-14,SPY,0,1,1,0.5508817139179489,0.6261903032829459,0.6096855
2016-09-15,SPY,0,0,1,0.5500907460863309,0.6096540932489708,0.69543827
2016-09-16,SPY,0,0,1,0.5489043420845786,0.5390340116608345,0.6187064
2016-09-19,SPY,0,0,1,0.5285956063540538,0.5443895926652437,0.51500165
2016-09-20,SPY,0,1,1,0.5223353930961083,0.5661608850317176,0.60708106
2016-09-21,SPY,0,1,1,0.5297745479203375,0.4720420524160909,0.40746123
2016-09-22,SPY,0,0,1,0.523749577575335,0.5425105391693468,0.6685052
2016-09-23,SPY,0,0,1,0.5264233496725359,0.5179357344533522,0.52458745
2016-09-26,SPY,0,1,1,0.5329379177547907,0.5125363933351483,0.47460622
2016-09-27,SPY,0,1,1,0.5282449667359939,0.5609159234194928,0.56506073
2016-09-28,SPY,0,0,1,0.5267001745961962,0.5044012540480272,0.5138103
2016-09-29,SPY,0,1,1,0.5356440843813352,0.566905958283496,0.4972959
2016-09-30,SPY,0,0,1,0.5330112590404262,0.530460154460773,0.5291614
2016-10-03,SPY,0,0,1,0.5261483255761108,0.524724928431335,0.5627322
2016-10-04,SPY,0,1,1,0.5309680783681408,0.4885308094237786,0.49082354
2016-10-05,SPY,0,1,1,0.5184272458126568,0.5708303456714108,0.59632444
2016-10-06,SPY,0,0,1,0.5167261993434655,0.5537597679789292,0.5475147
2016-10-07,SPY,0,0,1,0.5304888099773117,0.4566939251249595,0.36066347
2016-10-10,SPY,0,0,1,0.5192288661852834,0.4514792714017197,0.454986
2016-10-11,SPY,0,1,1,0.5539628304073161,0.5913615979766079,0.59312856
2016-10-12,SPY,0,1,1,0.5338608873281682,0.5206254253668327,0.5539867
2016-10-13,SPY,0,0,1,0.5403719089881512,0.5305690796283506,0.56007093
2016-10-14,SPY,0,0,1,0.5396131813381837,0.5123566058987746,0.52480227
2016-10-17,SPY,0,0,1,0.5241592675381298,0.4860519167524039,0.50314254
2016-10-18,SPY,0,1,1,0.5275151825119356,0.5020902933524352,0.49240723
2016-10-19,SPY,0,1,1,0.5228350448190069,0.4893942196249735,0.4439442
2016-10-20,SPY,0,1,1,0.5251239336595296,0.4814321324083765,0.44381258
2016-10-21,SPY,0,0,1,0.5319759222820126,0.4616255444029146,0.4349309
2016-10-24,SPY,0,0,1,0.5240346177959653,0.4508254655672325,0.432875
2016-10-25,SPY,0,1,1,0.5259078567502232,0.5114684147139237,0.51697195
2016-10-26,SPY,0,0,1,0.5271735539653546,0.5076960071150084,0.5020184
2016-10-27,SPY,0,0,1,0.5321618419446669,0.48915421408263554,0.45086333
2016-10-28,SPY,0,0,1,0.5521803552547287,0.5634069956676672,0.6307086
2016-10-31,SPY,0,0,1,0.5208764543807948,0.53597690707714,0.5661962
2016-11-01,SPY,0,0,1,0.5462754780172797,0.6430696755926466,0.771031
2016-11-02,SPY,0,0,1,0.5371671896524546,0.6890152627631393,0.77935255
2016-11-03,SPY,0,0,1,0.5303399336100514,0.5403559095287411,0.6566543
2016-11-04,SPY,0,1,1,0.5366197783143796,0.6118765741392628,0.76697385
2016-11-07,SPY,0,1,1,0.5395207462464985,0.5492083200906799,0.6376185
2016-11-08,SPY,0,1,1,0.5477181768287517,0.6290070466859075,0.70651823
2016-11-09,SPY,0,0,1,0.5696670965774691,0.5994199855243588,0.64184743
2016-11-10,SPY,0,1,1,0.5551144785822645,0.5858788135764816,0.70052755
2016-11-11,SPY,0,0,1,0.546230481663423,0.5527153372244209,0.5057721
2016-11-14,SPY,0,1,1,0.536433313980466,0.47445637089131837,0.5460448
2016-11-15,SPY,0,1,1,0.5335034970911692,0.5099881410214333,0.5512248
2016-11-16,SPY,0,1,1,0.5272274675576842,0.534153172261734,0.5089632
2016-11-17,SPY,0,0,1,0.5279153655470602,0.5500240284753821,0.5873775
2016-11-18,SPY,0,1,1,0.5333004902615288,0.5147496545788569,0.5299387
2016-11-21,SPY,0,1,1,0.5288779378430537,0.5270488487233174,0.6882555
2016-11-22,SPY,0,1,1,0.5288216956314534,0.5709555222907058,0.6980546
2016-11-23,SPY,0,1,1,0.5286526590630513,0.5690758125983786,0.60533726
2016-11-25,SPY,0,0,1,0.5262188386836554,0.5570240373161683,0.61410713
2016-11-28,SPY,0,1,1,0.5385279048374128,0.5612100752343809,0.5832668
2016-11-29,SPY,0,0,1,0.5334029184420839,0.5938317870096,0.6259922
2016-11-30,SPY,0,0,1,0.5450461968929247,0.5669725110412422,0.5762465
2016-12-01,SPY,0,1,1,0.5420939400609431,0.5108745148624304,0.50561064
2016-12-02,SPY,0,1,1,0.5404183309386835,0.5250437756653779,0.49869883
2016-12-05,SPY,0,1,1,0.5414359087755688,0.42291832584730565,0.4516939
2016-12-06,SPY,0,1,1,0.5385440088605331,0.6155191637871212,0.6122359
2016-12-07,SPY,0,1,1,0.5478352256782373,0.6035329488024522,0.5678009
2016-12-08,SPY,0,1,1,0.5489905379627856,0.642225007990444,0.68695945
2016-12-09,SPY,0,0,1,0.5471804310342304,0.5960783008230962,0.6395194
2016-12-12,SPY,0,1,1,0.5582558133645539,0.5125727181745217,0.55385756
2016-12-13,SPY,0,0,1,0.5603176870007981,0.550036425499517,0.6144521
2016-12-14,SPY,0,1,1,0.5686632429829553,0.633520782469164,0.7231702
2016-12-15,SPY,0,0,1,0.5597124492397918,0.6933162141454966,0.77163786
2016-12-16,SPY,0,1,1,0.5639343795693235,0.6543059835539117,0.6783663
2016-12-19,SPY,0,1,1,0.5461329522905618,0.5024316346391479,0.53314817
2016-12-20,SPY,0,0,1,0.5417258626756406,0.5348272291762103,0.517145
2016-12-21,SPY,0,0,1,0.5346751114865838,0.5391835466917471,0.5511447
2016-12-22,SPY,0,1,1,0.5301466909047143,0.49427065342733634,0.43906817
2016-12-23,SPY,0,1,1,0.5233838711923533,0.5446487461815708,0.5103475
2016-12-27,SPY,0,0,1,0.5279685967246219,0.5253223772182414,0.55024225
2016-12-28,SPY,0,0,1,0.5362277291123453,0.49928861524019164,0.47226506
2016-12-29,SPY,0,0,1,0.5326630895252978,0.44423653369082705,0.35063326
2016-12-30,SPY,0,1,1,0.549822584036765,0.558999547549469,0.56176275
2017-01-03,SPY,0,1,1,0.5489417152566199,0.5325058218336762,0.52187973
2017-01-04,SPY,0,1,1,0.5439484477845566,0.5314746282365049,0.52341497
2017-01-05,SPY,0,1,1,0.5416828490497471,0.5040834361202086,0.5196439
2017-01-06,SPY,0,0,1,0.5367288574012377,0.495726576209198,0.5072844
2017-01-09,SPY,0,0,1,0.5342997377655258,0.4830570692819293,0.49828014
2017-01-10,SPY,0,1,1,0.5312421554553776,0.4983332789713625,0.5170593
2017-01-11,SPY,0,1,1,0.5295344965224743,0.4959614880452411,0.5090793
2017-01-12,SPY,0,1,1,0.5292596985359036,0.5072643804457626,0.5094283
2017-01-13,SPY,0,0,1,0.5297376935859889,0.4827581962280945,0.5065225
2017-01-17,SPY,0,1,1,0.5306736356727105,0.4911942168181342,0.5049534
2017-01-18,SPY,0,0,1,0.5290794166892643,0.491846623040751,0.51450443
2017-01-19,SPY,0,1,1,0.5335738953286454,0.4887643366910796,0.5049534
2017-01-20,SPY,0,0,1,0.554438467104914,0.5466404864837604,0.54840755
2017-01-23,SPY,0,1,1,0.5361369013976977,0.49766703406281104,0.5040431
2017-01-24,SPY,0,1,1,0.5448475423750626,0.5303139607884536,0.54273665
2017-01-25,SPY,0,0,1,0.5414397552168683,0.5513712923213823,0.5644733
2017-01-26,SPY,0,0,1,0.5332594680432303,0.49371331916938244,0.5125624
2017-01-27,SPY,0,0,1,0.5406576869523465,0.5026129361101225,0.5165579
2017-01-30,SPY,0,1,1,0.5537199673270292,0.5217886876201868,0.51344764
2017-01-31,SPY,0,1,1,0.5500053237600193,0.5128495245712574,0.5140642
2017-02-01,SPY,0,1,1,0.5366698872076542,0.475826518642846,0.4984624
2017-02-02,SPY,0,1,1,0.5304820867932408,0.48905095853658576,0.5108774
2017-02-03,SPY,0,1,1,0.539483126923079,0.5132687454354897,0.5254195
2017-02-06,SPY,0,0,1,0.528149565917963,0.49357551990104004,0.5143254
2017-02-07,SPY,0,1,1,0.5302002866616236,0.485101463922775,0.5130476
2017-02-08,SPY,0,1,1,0.5282148643222698,0.4728304406255525,0.49796578
2017-02-09,SPY,0,1,1,0.5345317530537669,0.48456915938976325,0.5012157
2017-02-10,SPY,0,1,1,0.5327367536217386,0.49122227670885715,0.5138156
2017-02-13,SPY,0,1,1,0.5269331011450947,0.5134558474334513,0.538425
2017-02-14,SPY,0,1,1,0.5360148208351934,0.5012297499241483,0.5295346
2017-02-15,SPY,0,0,1,0.5402539956492662,0.5753950661681123,0.5676414
2017-02-16,SPY,0,1,1,0.5484181368238342,0.5032293368729175,0.52167875
2017-02-17,SPY,0,1,1,0.5465982912015048,0.5217154492502217,0.5435184
2017-02-21,SPY,0,1,1,0.5543275891149964,0.5513805409370234,0.54999655
2017-02-22,SPY,0,0,1,0.5387185656006556,0.51381787700755,0.51749533
2017-02-23,SPY,0,1,1,0.542480106395815,0.5180385357394188,0.5255274
2017-02-24,SPY,0,1,1,0.5485741222936504,0.5121291388846375,0.5540452
2017-02-27,SPY,0,0,1,0.532542174284321,0.47056696020226024,0.5168482
2017-02-28,SPY,0,1,1,0.5598619715630198,0.5205565094333987,0.55879414
2017-03-01,SPY,0,0,1,0.5806667583258237,0.6030634891642696,0.5780792
2017-03-02,SPY,0,1,1,0.5601535584317155,0.5585828390023103,0.5421978
2017-03-03,SPY,0,1,1,0.564026076850101,0.5529468779503556,0.53419805
2017-03-06,SPY,0,0,1,0.5538608801001971,0.5380831705850856,0.53563035
2017-03-07,SPY,0,0,1,0.560220356031541,0.5320530849219476,0.5291335
2017-03-08,SPY,0,1,1,0.5420880268655195,0.5175266295149779,0.5250917
2017-03-09,SPY,0,0,1,0.5452631167291321,0.5617187510702687,0.5650146
2017-03-10,SPY,0,1,1,0.5409161584883844,0.5207367807275525,0.5184609
2017-03-13,SPY,0,0,1,0.5308070654184225,0.516899498642814,0.5291624
2017-03-14,SPY,0,1,1,0.5323218514633417,0.5016023582498937,0.51378816
2017-03-15,SPY,0,0,1,0.5470912707918656,0.5473753867140868,0.5516379
2017-03-16,SPY,0,0,1,0.5420017689535754,0.5026655810561653,0.5072172
2017-03-17,SPY,0,0,1,0.5458399407939487,0.5307212799071287,0.52664727
2017-03-20,SPY,0,0,1,0.532312961835495,0.5004082099903997,0.5026889
2017-03-21,SPY,0,1,1,0.565442799733075,0.5935222461401706,0.56987387
2017-03-22,SPY,0,0,1,0.5410763749767379,0.5789267856943054,0.5728687
2017-03-23,SPY,0,0,1,0.5409444611876676,0.5730219482879118,0.57257944
2017-03-24,SPY,0,1,1,0.5425984286542679,0.5668076147124708,0.56618905
2017-03-27,SPY,0,1,1,0.5325268727427175,0.5248845524141156,0.52121085
2017-03-28,SPY,0,1,1,0.5302424102431524,0.5098149683500204,0.50794715
2017-03-29,SPY,0,1,1,0.5170074583493821,0.4996173487598769,0.5141092
2017-03-30,SPY,0,0,1,0.5190589543172985,0.48239603398116865,0.49688828
2017-03-31,SPY,0,0,1,0.5287401304477187,0.4904093930075884,0.5077665
2017-04-03,SPY,0,1,1,0.5377242553518761,0.5162910298039892,0.51434326
2017-04-04,SPY,0,0,1,0.5195214228576952,0.4885878611593757,0.50179577
2017-04-05,SPY,0,1,1,0.5425730475212914,0.532811504158987,0.5354957
2017-04-06,SPY,0,1,1,0.5231455908286973,0.5004516811525757,0.5132861
2017-04-07,SPY,0,0,1,0.5247788904925773,0.5011469649169115,0.5164803
2017-04-10,SPY,0,1,1,0.5211768920273981,0.5021301292636288,0.5159101
2017-04-11,SPY,0,0,1,0.5311952346215014,0.5081795676658006,0.5163153
2017-04-12,SPY,0,0,1,0.5288691054898231,0.5188587293273021,0.5237554
2017-04-13,SPY,0,1,1,0.5329085348215031,0.5666531946029832,0.5539306
2017-04-17,SPY,0,1,1,0.5270985606857767,0.5295208379576748,0.5343671
2017-04-18,SPY,0,0,1,0.5349655772673044,0.5208945015113059,0.5308902
2017-04-19,SPY,0,1,1,0.5375529015692382,0.5413399394686393,0.53271294
2017-04-20,SPY,0,0,1,0.5500033997293464,0.5607377470073469,0.553867
2017-04-21,SPY,0,0,1,0.5618923758885084,0.5613501310526452,0.5494248
2017-04-24,SPY,0,1,1,0.5606068830424354,0.5576244413802617,0.5507036
2017-04-25,SPY,0,0,1,0.5420060877745982,0.541744608987262,0.54000974
2017-04-26,SPY,0,0,1,0.5468433532120057,0.511478114305662,0.5220218
2017-04-27,SPY,0,0,1,0.5309724065861451,0.4765820825251717,0.5090995
2017-04-28,SPY,0,0,1,0.5346407139837579,0.49915079504950377,0.5120968
2017-05-01,SPY,0,0,1,0.5273487480014181,0.511418618502762,0.51437753
2017-05-02,SPY,0,0,1,0.5197806616049212,0.4737965294808825,0.4976155
2017-05-03,SPY,0,0,1,0.5276105887959004,0.48802066530302585,0.51122314
2017-05-04,SPY,0,1,1,0.5238079016055996,0.495457734545236,0.5102875
2017-05-05,SPY,0,0,1,0.5239327705680049,0.504492996932083,0.5188875
2017-05-08,SPY,0,0,1,0.5198650215451484,0.4830343839671207,0.5054762
2017-05-09,SPY,0,1,1,0.5230305320783047,0.48097682017067417,0.49907997
2017-05-10,SPY,0,1,1,0.5258415112185237,0.49341135191726504,0.50839186
2017-05-11,SPY,0,0,1,0.5352268381941817,0.5059072158364655,0.5163749
2017-05-12,SPY,0,1,1,0.5329154812213867,0.5176966497351743,0.52185744
2017-05-15,SPY,0,0,1,0.5370195632902817,0.5247771206091575,0.53099746
2017-05-16,SPY,0,0,1,0.5371091877326185,0.5202239461887896,0.5267558
2017-05-17,SPY,0,1,1,0.5876609550957428,0.567078282737372,0.54470223
2017-05-18,SPY,0,1,1,0.5622839622634155,0.5779372835673806,0.5658309
2017-05-19,SPY,0,1,1,0.5672993706645015,0.5560012097177807,0.55026764
2017-05-22,SPY,0,1,1,0.5470051973373794,0.5245940484302164,0.5328089
2017-05-23,SPY,0,1,1,0.5424292765363322,0.5256743163866266,0.53111273
2017-05-24,SPY,0,1,1,0.5248579090742412,0.48146749930734606,0.5048209
2017-05-25,SPY,0,1,1,0.5292809676489929,0.48407311843096146,0.507455
2017-05-26,SPY,0,1,1,0.5274698172881185,0.47433249028553337,0.5064908
2017-05-30,SPY,0,0,1,0.5237990595421669,0.4874550772935686,0.5028416
2017-05-31,SPY,0,1,1,0.5392189732117085,0.5236423658477036,0.53331333
2017-06-01,SPY,0,1,1,0.5357313851866475,0.5105741872899924,0.5225014
2017-06-02,SPY,0,1,1,0.5402289306600251,0.5463387686599439,0.54075044
2017-06-05,SPY,0,0,1,0.5292462255792276,0.5042758839503297,0.51808035
2017-06-06,SPY,0,1,1,0.5342126644334362,0.5060183151117853,0.5159756
2017-06-07,SPY,0,1,1,0.5353670150303693,0.5119690550238438,0.51497036
2017-06-08,SPY,0,0,1,0.5308401693078025,0.5000868789296075,0.51122314
2017-06-09,SPY,0,1,1,0.5455408243346257,0.5243028392042062,0.5330031
2017-06-12,SPY,0,1,1,0.5345723818973658,0.5008188858740167,0.5066514
2017-06-13,SPY,0,0,1,0.5272666204580017,0.4930604539066702,0.51734024
2017-06-14,SPY,0,1,1,0.533915984104085,0.5050070206131944,0.5161608
2017-06-15,SPY,0,0,1,0.548574573435494,0.5249980594213306,0.53246593
2017-06-16,SPY,0,1,1,0.5537645910271748,0.5642749695839618,0.56144387
2017-06-19,SPY,0,0,1,0.5483817911596296,0.5268522830640024,0.53469944
2017-06-20,SPY,0,0,1,0.5475703577572011,0.5385364722943088,0.525961
2017-06-21,SPY,0,0,1,0.5451684245645737,0.5294478843085312,0.5246053
2017-06-22,SPY,0,1,1,0.5402525903088921,0.5002923236778294,0.5166071
2017-06-23,SPY,0,0,1,0.5472315928613015,0.5245069868804978,0.5259237
2017-06-26,SPY,0,0,1,0.5339605837832878,0.5138068034024248,0.52246106
2017-06-27,SPY,0,1,1,0.5480606047767924,0.5616294168762291,0.54451805
2017-06-28,SPY,0,0,1,0.544956074995854,0.5317619871583592,0.53253037
2017-06-29,SPY,0,0,1,0.5627521932778453,0.5635549280791866,0.55362946
2017-06-30,SPY,0,0,1,0.5501829172636805,0.5639169408176222,0.55307084
2017-07-03,SPY,0,1,1,0.5251266100345435,0.5182733428709697,0.5084059
2017-07-05,SPY,0,0,1,0.5337904353441579,0.5206952867560534,0.5259504
2017-07-06,SPY,0,1,1,0.5346752387446012,0.5282603772044031,0.5192067
2017-07-07,SPY,0,1,1,0.5294121844719367,0.5286759323587867,0.52849025
2017-07-10,SPY,0,0,1,0.5188197817196429,0.5114235396713147,0.49940977
2017-07-11,SPY,0,1,1,0.5282007803791706,0.5224103477054779,0.5214681
2017-07-12,SPY,0,1,1,0.53158209141885,0.524280983819652,0.5208231
2017-07-13,SPY,0,1,1,0.5175944979855179,0.47669583852899117,0.49600446
2017-07-14,SPY,0,1,1,0.5292314592303928,0.4976949369274137,0.51308596
2017-07-17,SPY,0,1,1,0.51690328806647,0.47532968328798453,0.49375644
2017-07-18,SPY,0,1,1,0.5207127696870599,0.49767357341609575,0.5184909
2017-07-19,SPY,0,0,1,0.5256635997479457,0.4838222222352754,0.51019835
2017-07-20,SPY,0,1,1,0.5259058496503048,0.49480481935998377,0.517763
2017-07-21,SPY,0,1,1,0.5447886716806828,0.5335075699957974,0.54231095
2017-07-24,SPY,0,0,1,0.5250595468556462,0.48632956393554755,0.5111736
2017-07-25,SPY,0,0,1,0.5297974329064519,0.49546005256740056,0.508429
2017-07-26,SPY,0,0,1,0.5276142549668555,0.5069879659437427,0.5229783
2017-07-27,SPY,0,1,1,0.5386263601925495,0.5388309052379747,0.542586
2017-07-28,SPY,0,0,1,0.5345640452199097,0.48280882887844845,0.5095597
2017-07-31,SPY,0,0,1,0.5485266281104443,0.5446309208717669,0.5481803
2017-08-01,SPY,0,0,1,0.53622253980496,0.49456692881305725,0.5152707
2017-08-02,SPY,0,0,1,0.5289730234880633,0.4927070445139129,0.51155424
2017-08-03,SPY,0,0,1,0.5330029621677538,0.49013486475630147,0.51984715
2017-08-04,SPY,0,1,1,0.5485618284955013,0.5373164606128104,0.5526681
2017-08-07,SPY,0,0,1,0.523896744794723,0.466898806325039,0.5020195
2017-08-08,SPY,0,1,1,0.5513506585474136,0.5479019955200218,0.5492722
2017-08-09,SPY,0,0,1,0.5491267886577035,0.5408979610566219,0.5457535
2017-08-10,SPY,0,1,1,0.5859962171054607,0.6026600903179136,0.57985
2017-08-11,SPY,0,1,1,0.5533347472107142,0.5896498379087513,0.58358645
2017-08-14,SPY,0,0,1,0.5524485291357746,0.5657856491138429,0.55373883
2017-08-15,SPY,0,0,1,0.5437823148950139,0.5194245838828235,0.51784706
2017-08-16,SPY,0,0,1,0.5417921827773295,0.5214799800571527,0.51784706
2017-08-17,SPY,0,0,1,0.57864368108566,0.5815565163602351,0.5704564
2017-08-18,SPY,0,1,1,0.5725409404436891,0.5706277596050732,0.5627549
2017-08-21,SPY,0,1,1,0.5346677103706516,0.5310277109399022,0.5263175
2017-08-22,SPY,0,1,1,0.5342799815320735,0.5277599301284792,0.5263237
2017-08-23,SPY,0,0,1,0.5299500971693035,0.5273914794209187,0.5334551
2017-08-24,SPY,0,0,1,0.5252204582627149,0.5158538113863878,0.52313423
2017-08-25,SPY,0,0,1,0.5303152504156909,0.5092813920562923,0.51577145
2017-08-28,SPY,0,1,1,0.5226975110886772,0.5212251118019391,0.52313423
2017-08-29,SPY,0,1,1,0.5133355356505298,0.504700964007659,0.5162798
2017-08-30,SPY,0,1,1,0.5176297366616158,0.5087632209778998,0.5165424
2017-08-31,SPY,0,0,1,0.5338468064540645,0.5283987050750693,0.5439158
2017-09-01,SPY,0,0,1,0.5185085717320537,0.49268384724389847,0.51038915
2017-09-05,SPY,0,1,1,0.5370931045614241,0.5604566711035587,0.5494784
2017-09-06,SPY,0,0,1,0.5235831899544489,0.5166686892587865,0.52596647
2017-09-07,SPY,0,1,1,0.5225386875164779,0.5134860401850045,0.52044976
2017-09-08,SPY,0,1,1,0.5309619865604944,0.5072268855821421,0.51374865
2017-09-11,SPY,0,1,1,0.5370553457601223,0.5307525755901866,0.5237515
2017-09-12,SPY,0,1,1,0.5266907446250096,0.5023726219500181,0.5059549
2017-09-13,SPY,0,1,1,0.5290511321124634,0.5000587818346905,0.5097367
2017-09-14,SPY,0,1,1,0.5443474669326006,0.5382617068903857,0.54361343
2017-09-15,SPY,0,1,1,0.55906832485508,0.5622897315459114,0.5609473
2017-09-18,SPY,0,0,1,0.5257170003824466,0.5138405399802762,0.5156139
2017-09-19,SPY,0,0,1,0.5255561462653718,0.5411722209910685,0.5295457
2017-09-20,SPY,0,0,1,0.530323897941177,0.5241207646515786,0.5164945
2017-09-21,SPY,0,1,1,0.5296362628161575,0.5102865269111722,0.5220158
2017-09-22,SPY,0,0,1,0.5323714159448436,0.49803726254169467,0.52258146
2017-09-25,SPY,0,0,1,0.5344503143934298,0.4974168785052111,0.5137604
2017-09-26,SPY,0,1,1,0.5311142806933242,0.4992939153587136,0.52392036
2017-09-27,SPY,0,1,1,0.5486926189761344,0.5583072127644527,0.56102
2017-09-28,SPY,0,1,1,0.5257942345577336,0.46948824040351317,0.49794012
2017-09-29,SPY,0,1,1,0.5504781567758706,0.5245427689222407,0.5464536
2017-10-02,SPY,0,1,1,0.5323882869580406,0.4434792387409624,0.48864922
2017-10-03,SPY,0,1,1,0.5451528568087093,0.44255253099036923,0.47436994
2017-10-04,SPY,0,1,1,0.5361249257960587,0.4317950992599368,0.4550345
2017-10-05,SPY,0,1,1,0.5435092249740556,0.4786953948065252,0.5028805
2017-10-06,SPY,0,0,1,0.5607411504784476,0.5530670871625776,0.5624103
2017-10-09,SPY,0,1,1,0.527154267662811,0.4737286867584401,0.47727817
2017-10-10,SPY,0,1,1,0.531374121023852,0.46627878874885254,0.48805696
2017-10-11,SPY,0,0,1,0.5357121959322956,0.4863556113961717,0.4894522
2017-10-12,SPY,0,0,1,0.5322058371111564,0.4744674408162378,0.47628382
2017-10-13,SPY,0,1,1,0.5390447873581435,0.46865098116143855,0.47157764
2017-10-16,SPY,0,1,1,0.5242752024912922,0.41437054000128665,0.45883286
2017-10-17,SPY,0,0,1,0.5191324893302929,0.416056185732195,0.4549337
2017-10-18,SPY,0,1,1,0.5274273454464071,0.44280269170785147,0.46308464
2017-10-19,SPY,0,1,1,0.5447962749079599,0.4996931561372036,0.51883775
2017-10-20,SPY,0,0,1,0.5658018875034859,0.5611574332825858,0.5678797
2017-10-23,SPY,0,0,1,0.5536348160906894,0.5220416551012161,0.53076625
2017-10-24,SPY,0,0,1,0.5548671006559706,0.5536101667112963,0.56232333
2017-10-25,SPY,0,0,1,0.5771887523033894,0.5937394586543225,0.56121904
2017-10-26,SPY,0,1,1,0.5543820227058232,0.5500975791553845,0.5607974
2017-10-27,SPY,0,1,1,0.5617856662382004,0.5640662888342446,0.56307465
2017-10-30,SPY,0,0,1,0.5438647988415616,0.49129432811594453,0.49016058
2017-10-31,SPY,0,0,1,0.5458889496454533,0.48737903321150394,0.49359503
2017-11-01,SPY,0,1,1,0.5415288546358717,0.47311666802182667,0.4877244
2017-11-02,SPY,0,1,1,0.5417781719260798,0.47381225022823636,0.48888668
2017-11-03,SPY,0,1,1,0.5376679115659689,0.4813807812787237,0.50645596
2017-11-06,SPY,0,0,1,0.5295821114416889,0.4297911911386992,0.45298
2017-11-07,SPY,0,1,1,0.5351101846495788,0.39989574294878893,0.44946027
2017-11-08,SPY,0,1,1,0.5294238342219341,0.41605291436597774,0.4513884
2017-11-09,SPY,0,1,1,0.5619943785208462,0.5665472824391801,0.5556906
2017-11-10,SPY,0,1,1,0.5358944628813583,0.4442494135131629,0.47099587
2017-11-13,SPY,0,1,1,0.5272507327264218,0.4512552205693932,0.47550574
2017-11-14,SPY,0,0,1,0.5341383354298791,0.461566520950976,0.47325364
2017-11-15,SPY,0,1,1,0.546053815913429,0.5814083649807368,0.57056475
2017-11-16,SPY,0,0,1,0.540734296820285,0.5138166040643477,0.52206266
2017-11-17,SPY,0,1,1,0.5480738978136883,0.5536512571988648,0.55599266
2017-11-20,SPY,0,1,1,0.5283920920901187,0.4849787890612694,0.49720192
2017-11-21,SPY,0,0,1,0.5450621744936307,0.5090549582852401,0.5182137
2017-11-22,SPY,0,1,1,0.5310571338702212,0.4805251578346891,0.5015717
2017-11-24,SPY,0,0,1,0.5147240087117608,0.45600767676953285,0.49555352
2017-11-27,SPY,0,1,1,0.5328153313060112,0.46434592447745643,0.4817244
2017-11-28,SPY,0,0,1,0.569835322408758,0.5595968660477879,0.5575591
2017-11-29,SPY,0,1,1,0.5538497124130016,0.5570954604914514,0.557671
2017-11-30,SPY,0,0,1,0.5761701884997014,0.567596333485043,0.5712059
2017-12-01,SPY,0,0,1,0.583223663300752,0.5784285393550438,0.5687561
2017-12-04,SPY,0,0,1,0.5566874272497571,0.5587379080865669,0.5612664
2017-12-05,SPY,0,0,1,0.5440896250940411,0.5037625024010705,0.51275015
2017-12-06,SPY,0,0,1,0.5433613097316958,0.5100365432892068,0.51916456
2017-12-07,SPY,0,1,1,0.5326983651159094,0.49867586270257,0.5096614
2017-12-08,SPY,0,0,1,0.5381808358321728,0.5317495853154071,0.53218186
2017-12-11,SPY,0,0,1,0.5421330143403514,0.5428595457855093,0.53055996
2017-12-12,SPY,0,0,1,0.540784637132813,0.5214266566544218,0.51835287
2017-12-13,SPY,0,0,1,0.5508706148869065,0.5552606449297931,0.5604058
2017-12-14,SPY,0,1,1,0.5574534916886298,0.5726826324942773,0.56508493
2017-12-15,SPY,0,1,1,0.5672815435703452,0.5867688713964747,0.5683766
2017-12-18,SPY,0,0,1,0.5485435505978974,0.5721802778180344,0.5682728
2017-12-19,SPY,0,0,1,0.5507910872507136,0.49887497630398636,0.5142608
2017-12-20,SPY,0,0,1,0.546561199761796,0.5105479052921957,0.5214276
2017-12-21,SPY,0,0,1,0.542931003151349,0.5220352024224502,0.5210452
2017-12-22,SPY,0,1,1,0.5402139767049113,0.5156686318126565,0.52109385
2017-12-26,SPY,0,0,1,0.5197842064006875,0.4946397798092455,0.50437385
2017-12-27,SPY,0,0,1,0.5221924145465735,0.43790673170926586,0.4895058
2017-12-28,SPY,0,0,1,0.5198344556788778,0.4428427244417754,0.4914497
2017-12-29,SPY,0,1,1,0.5404449408401342,0.491067446682805,0.4855623
2018-01-02,SPY,0,1,1,0.541354138169613,0.5087208150905153,0.51640815
2018-01-03,SPY,0,1,1,0.5456221213598673,0.5296728731510534,0.53179795
2018-01-04,SPY,0,1,1,0.5445275350993379,0.5337912971697453,0.5220637
2018-01-05,SPY,0,1,1,0.5467767378774817,0.5570103140446959,0.54606986
2018-01-08,SPY,0,1,1,0.5322704389947962,0.535759470141799,0.53592664
2018-01-09,SPY,0,1,1,0.5310946509472874,0.4912740170475651,0.47109818
2018-01-10,SPY,0,1,1,0.5385788899257818,0.5085915940836764,0.5051098
2018-01-11,SPY,0,1,1,0.5350812038522157,0.5855995280605599,0.6054164
2018-01-12,SPY,0,0,1,0.5476920002512615,0.574517753080266,0.5653489
2018-01-16,SPY,0,1,1,0.5630073852878595,0.5601542472535272,0.55432683
2018-01-17,SPY,0,0,1,0.568012028778047,0.5629168185742416,0.562142
2018-01-18,SPY,0,1,1,0.5622578215821807,0.5788658641343114,0.6069306
2018-01-19,SPY,0,1,1,0.5761508786318936,0.5500338609596227,0.5523679
2018-01-22,SPY,0,1,1,0.5541391889483652,0.5863874268534554,0.5603229
2018-01-23,SPY,0,0,1,0.5568339852910864,0.5593373078628054,0.56315637
2018-01-24,SPY,0,0,1,0.5681978933969948,0.5525594252963523,0.5476682
2018-01-25,SPY,0,1,1,0.5505514738355728,0.5588157360630928,0.534974
2018-01-26,SPY,0,0,1,0.5616298714182958,0.5810143621709786,0.5726027
2018-01-29,SPY,0,0,1,0.5571479731819154,0.5559711764641261,0.54286027
2018-01-30,SPY,0,0,1,0.5813805983297557,0.6166518607851674,0.57343304
2018-01-31,SPY,0,1,1,0.5670778704430153,0.6076517876879308,0.5902417
2018-02-01,SPY,0,0,1,0.55672573794594,0.5791672375258323,0.5791734
2018-02-02,SPY,0,0,1,0.577559554154822,0.5596726818413928,0.55302525
2018-02-05,SPY,0,1,1,0.5985258528555875,0.570429995532087,0.52757156
2018-02-06,SPY,0,0,1,0.5951013027005049,0.4496271800901574,0.5045961
2018-02-07,SPY,0,0,1,0.5638102667018349,0.5141679769944114,0.5364733
2018-02-08,SPY,0,1,1,0.5723896613482236,0.5146151639144679,0.51284057
2018-02-09,SPY,0,1,1,0.572470709598757,0.49410792408853943,0.51244175
2018-02-12,SPY,0,1,1,0.547997452239044,0.4938183195476799,0.5006728
2018-02-13,SPY,0,1,1,0.5283582432080011,0.49431248089206825,0.5023812
2018-02-14,SPY,0,1,1,0.529395170345863,0.4956396226619668,0.5007769
2018-02-15,SPY,0,1,1,0.49746812467760665,0.5003546871912209,0.5052201
2018-02-16,SPY,0,0,1,0.5067877777916787,0.4997305639256989,0.49707878
2018-02-20,SPY,0,0,1,0.4966995633749807,0.500307325858887,0.49549234
2018-02-21,SPY,0,0,1,0.5006490184907434,0.5060280712762661,0.49756324
2018-02-22,SPY,0,1,1,0.4912701766146434,0.5011165181276656,0.49632123
2018-02-23,SPY,0,1,1,0.4821540242341186,0.5025305673205555,0.5144813
2018-02-26,SPY,1,0,1,0.47851395533012353,0.5000691076049715,0.50635797
2018-02-27,SPY,1,0,1,0.49521092483062296,0.49076315115396624,0.49738672
2018-02-28,SPY,1,0,1,0.5086985501736181,0.5143223001505322,0.50251716
2018-03-01,SPY,1,1,1,0.5199354832725666,0.4974698115031754,0.5031259
2018-03-02,SPY,1,1,1,0.49602752709597614,0.4894064131337839,0.5058983
2018-03-05,SPY,1,0,1,0.493171662253203,0.4902518130329113,0.5068244
2018-03-06,SPY,1,1,1,0.5222986184529782,0.5182595411338582,0.5168329
2018-03-07,SPY,1,1,1,0.5171346031756898,0.5235569489778686,0.5293163
2018-03-08,SPY,1,1,1,0.5092885680635407,0.5182252661129667,0.5242209
2018-03-09,SPY,1,0,1,0.5518760258624362,0.6091966682286246,0.5686557
2018-03-12,SPY,1,0,1,0.5375162769042481,0.5948087971512869,0.56306094
2018-03-13,SPY,1,0,1,0.5465621856512272,0.5417342662592264,0.5581718
2018-03-14,SPY,1,0,1,0.5540193655398366,0.5377500458198345,0.53245044
2018-03-15,SPY,1,0,1,0.539808659105832,0.5367528492921572,0.5361281
2018-03-16,SPY,1,0,1,0.517224683926386,0.5144169630566194,0.5268029
2018-03-19,SPY,1,1,1,0.5288204944365049,0.5095434079955495,0.52169234
2018-03-20,SPY,1,0,1,0.5123091564927935,0.5394730886559175,0.5242421
2018-03-21,SPY,1,0,1,0.5238770789666294,0.5448980544156382,0.5321825
2018-03-22,SPY,1,0,1,0.5615053797097759,0.4937707290180872,0.5084534
2018-03-23,SPY,1,1,1,0.555621974865081,0.5159571338765548,0.52046174
2018-03-26,SPY,1,0,1,0.5484004064662048,0.556162602393163,0.544985
2018-03-27,SPY,1,0,1,0.552746112666231,0.4997465823942077,0.5329267
2018-03-28,SPY,1,1,1,0.5562121318003591,0.5326615255210833,0.5247886
2018-03-29,SPY,1,0,1,0.5550886736279913,0.5216218026206518,0.51872694
2018-04-02,SPY,1,1,1,0.5830348353335199,0.5382395195342524,0.53498346
2018-04-03,SPY,1,1,1,0.5327493580526995,0.5124066394047478,0.5162358
2018-04-04,SPY,1,1,1,0.533100702961718,0.5393814902101576,0.5348531
2018-04-05,SPY,1,0,1,0.5230354832251095,0.5351819644747361,0.53408957
2018-04-06,SPY,1,0,1,0.5520198867681656,0.5325557932929245,0.5374207
2018-04-09,SPY,1,1,1,0.5191080421283372,0.5275026207166632,0.52510023
2018-04-10,SPY,1,1,1,0.5112966578036495,0.5270595286863237,0.5318568
2018-04-11,SPY,1,1,1,0.5099938726075792,0.5223379118862442,0.514748
2018-04-12,SPY,1,0,1,0.5008420823199526,0.521781921100515,0.5163417
2018-04-13,SPY,1,1,1,0.4995759569791416,0.5016928600127367,0.50745744
2018-04-16,SPY,1,1,1,0.4914680382290945,0.49742609322263215,0.5027457
2018-04-17,SPY,1,0,1,0.4904304501328636,0.49297433398030355,0.51133674
2018-04-18,SPY,1,0,1,0.48913180443165105,0.5108124767997505,0.51741
2018-04-19,SPY,1,0,1,0.49757429317547236,0.509085900151473,0.50975573
2018-04-20,SPY,1,0,1,0.5236308619454894,0.5212376907508456,0.52439505
2018-04-23,SPY,1,0,1,0.5224980334539476,0.5310017615221665,0.53252244
2018-04-24,SPY,1,1,1,0.5206094821661744,0.5307588370318409,0.5219877
2018-04-25,SPY,1,1,1,0.5244840021449687,0.530318947787242,0.52962136
2018-04-26,SPY,1,0,1,0.5230735547782442,0.5429853911910808,0.5349776
2018-04-27,SPY,1,0,1,0.5189018088510888,0.5260377169131695,0.52456063
2018-04-30,SPY,1,1,1,0.543054652502941,0.5217990880212374,0.5288836
2018-05-01,SPY,1,0,1,0.5325161253793214,0.530656599395405,0.5254659
2018-05-02,SPY,1,1,1,0.536327337679998,0.5377889358879997,0.5299226
2018-05-03,SPY,1,1,1,0.536466632219088,0.578482713779424,0.5760421
2018-05-04,SPY,1,1,1,0.5433755571911456,0.523489371033164,0.5250615
2018-05-07,SPY,1,1,1,0.5283842613704561,0.5164772872894524,0.51540536
2018-05-08,SPY,1,1,1,0.5304571909712479,0.5181111223262002,0.5230091
2018-05-09,SPY,1,1,1,0.5288368320192368,0.5312281584844553,0.5347369
2018-05-10,SPY,1,1,1,0.5304902856541966,0.5392884045255584,0.5392575
2018-05-11,SPY,1,0,1,0.5239528380991783,0.5508727916014091,0.54081655
2018-05-14,SPY,1,0,1,0.5214756071116339,0.5207955475511138,0.534912
2018-05-15,SPY,1,1,1,0.5394083500564466,0.5385212882156981,0.545123
2018-05-16,SPY,1,1,1,0.5178260646485887,0.5100976875717511,0.5207726
2018-05-17,SPY,1,0,1,0.5168843218595177,0.5255913591523804,0.5272026
2018-05-18,SPY,1,1,1,0.5244170817787946,0.5118873365505068,0.52191615
2018-05-21,SPY,1,0,1,0.5236124281644505,0.53412668304497,0.53963953
2018-05-22,SPY,0,1,1,0.5330695614230383,0.5145413300834006,0.5167566
2018-05-23,SPY,0,0,1,0.5362971901011739,0.5183893429401281,0.5174133
2018-05-24,SPY,0,0,1,0.5403465684926063,0.5153108687965379,0.5185782
2018-05-25,SPY,0,0,1,0.5318973177911676,0.5081617439416914,0.51898706
2018-05-29,SPY,0,1,1,0.5617983577463556,0.5514409372997511,0.54530644
2018-05-30,SPY,0,0,1,0.5450840214860349,0.523429747744508,0.5275565
2018-05-31,SPY,0,1,1,0.5618181806911146,0.5840641287528026,0.57025266
2018-06-01,SPY,0,1,1,0.5559740507267388,0.5497040738413129,0.55208683
2018-06-04,SPY,0,1,1,0.5402396018898333,0.5198478768257441,0.5188402
2018-06-05,SPY,0,1,1,0.541531092730701,0.5196535800117275,0.5258441
2018-06-06,SPY,0,0,1,0.5410062198224929,0.5435008759609399,0.5209264
2018-06-07,SPY,0,1,1,0.5436005369508156,0.5280305828330248,0.5205916
2018-06-08,SPY,0,1,1,0.535063096746469,0.5390594378958897,0.5280275
2018-06-11,SPY,0,0,1,0.5262147078526543,0.5320283464740955,0.5276759
2018-06-12,SPY,0,0,1,0.5342994764062402,0.5296318369735808,0.52814263
2018-06-13,SPY,0,0,1,0.5391518700403406,0.5591926279780832,0.55970085
2018-06-14,SPY,0,1,1,0.5356392426205028,0.552698368687767,0.5598029
2018-06-15,SPY,0,1,1,0.5550573783593831,0.5676314510613629,0.555844
2018-06-18,SPY,0,1,1,0.5236611167841602,0.5081139781578758,0.52002275
2018-06-19,SPY,0,0,1,0.5414593085726604,0.5567077997601483,0.5592633
2018-06-20,SPY,0,0,1,0.522454444476385,0.5177221039669562,0.5237443
2018-06-21,SPY,0,0,1,0.5301775087881044,0.5268393851578212,0.52119225
2018-06-22,SPY,0,0,1,0.5239659613091047,0.5170784102984491,0.52261007
2018-06-25,SPY,0,0,1,0.5651740808359216,0.5864979057899766,0.55431724
2018-06-26,SPY,0,0,1,0.5448878113789362,0.5348903176417289,0.52775824
2018-06-27,SPY,0,1,1,0.5537950028990947,0.5758756427162526,0.55155337
2018-06-28,SPY,0,0,1,0.5471707462771898,0.5551622042552072,0.5344335
2018-06-29,SPY,0,1,1,0.5507495879862792,0.5925340766529935,0.57561004
2018-07-02,SPY,0,0,1,0.5327130418779197,0.5151303523445426,0.52213484
2018-07-03,SPY,0,1,1,0.5231414717028734,0.50385862563636,0.50665283
2018-07-05,SPY,0,1,1,0.5252198244936719,0.5268518447341499,0.52516776
2018-07-06,SPY,0,1,1,0.5279559262811255,0.5279363920763699,0.52913153
2018-07-09,SPY,0,1,1,0.5204783018593286,0.5244982795946485,0.5251593
2018-07-10,SPY,0,0,1,0.5217994712177022,0.5305658054635278,0.5269212
2018-07-11,SPY,0,1,1,0.5410148006845353,0.5159643103697859,0.5168352
2018-07-12,SPY,0,1,1,0.5302639809870584,0.5287881803680027,0.52921975
2018-07-13,SPY,0,0,1,0.5232293393094756,0.5095672043873655,0.526125
2018-07-16,SPY,0,1,1,0.5197926500013943,0.513200886288337,0.52296686
2018-07-17,SPY,0,1,1,0.5208351084879566,0.5259944661694943,0.53225774
2018-07-18,SPY,0,0,1,0.5193473609920646,0.5134484930353987,0.5245177
2018-07-19,SPY,0,0,1,0.5218718746940432,0.5049236043302046,0.51668346
2018-07-20,SPY,0,1,1,0.5349610767020354,0.5688695321386132,0.5580919
2018-07-23,SPY,0,0,1,0.5188180448153761,0.5109243624966578,0.52369833
2018-07-24,SPY,0,1,1,0.5393348490669305,0.5238923931370163,0.49431258
2018-07-25,SPY,0,1,1,0.5476978635777615,0.5990279031908029,0.58166116
2018-07-26,SPY,0,0,1,0.5457943276901254,0.5436138251645858,0.5349712
2018-07-27,SPY,0,0,1,0.5636908303421767,0.5834477207301112,0.57809466
2018-07-30,SPY,0,1,1,0.5568297673841177,0.5547298320761003,0.54272956
2018-07-31,SPY,0,0,1,0.5565294320603705,0.5818772975407345,0.5653543
2018-08-01,SPY,0,1,1,0.5368377212233112,0.5176414462618771,0.5235837
2018-08-02,SPY,0,1,1,0.5452373820713435,0.5140989141332649,0.5249383
2018-08-03,SPY,0,1,1,0.5352300443927671,0.5248990757266241,0.530473
2018-08-06,SPY,0,1,1,0.5187906307021248,0.49643162064283314,0.51194775
2018-08-07,SPY,0,1,1,0.5204888241428597,0.5037719088807415,0.51194775
2018-08-08,SPY,0,0,1,0.5275294992571625,0.4840657346963681,0.51211363
2018-08-09,SPY,0,0,1,0.5213702743924992,0.4890739781095731,0.5087885
2018-08-10,SPY,0,0,1,0.5557614113301478,0.563067273484587,0.5558361
2018-08-13,SPY,0,1,1,0.5434590271419996,0.5656143110224505,0.56709164
2018-08-14,SPY,0,0,1,0.5241674346479868,0.5068872039064848,0.5181049
2018-08-15,SPY,0,1,1,0.5637306896318687,0.5802290870099345,0.5639849
2018-08-16,SPY,0,1,1,0.5460316113638347,0.5668695490409598,0.56041235
2018-08-17,SPY,0,1,1,0.5467312673113833,0.5311389270822059,0.5292397
2018-08-20,SPY,0,1,1,0.530851097312498,0.49838665902652696,0.51282173
2018-08-21,SPY,0,1,1,0.5436185006562495,0.5421220408557863,0.54412216
2018-08-22,SPY,0,0,1,0.5256540542934447,0.49340281351475246,0.5154806
2018-08-23,SPY,0,1,1,0.5246530636182749,0.4963028520246985,0.5113056
2018-08-24,SPY,0,1,1,0.5344487286930459,0.5110979961948904,0.5213707
2018-08-27,SPY,0,0,1,0.5397842603100429,0.5393264650153753,0.53276175
2018-08-28,SPY,0,1,1,0.5338455460740893,0.5249211019575976,0.5277366
2018-08-29,SPY,0,0,1,0.544877115609673,0.5310616893376389,0.5427173
2018-08-30,SPY,0,1,1,0.5489726664985348,0.509467815064097,0.52784973
2018-08-31,SPY,0,0,1,0.5479375369054381,0.5601459908508213,0.55696476
2018-09-04,SPY,0,0,1,0.5344498060189468,0.5032466123100965,0.5137796
2018-09-05,SPY,0,0,1,0.5430607005667437,0.5639181443241796,0.55531555
2018-09-06,SPY,0,1,1,0.5298532684534665,0.5152017502571536,0.52277166
2018-09-07,SPY,0,0,1,0.5354991803638455,0.544987904721815,0.5552321
2018-09-10,SPY,0,1,1,0.5235790615263679,0.5032822537671119,0.5160842
2018-09-11,SPY,0,1,1,0.5296964528774747,0.5146367991475232,0.5263944
2018-09-12,SPY,0,1,1,0.5351594012031973,0.5025612536129306,0.5145935
2018-09-13,SPY,0,0,1,0.5346311590900016,0.5284062775555405,0.5287243
2018-09-14,SPY,0,0,1,0.5388155563718995,0.505068041825266,0.51215184
2018-09-17,SPY,0,1,1,0.5578150520225309,0.5702086873074028,0.55657864
2018-09-18,SPY,0,1,1,0.5468104707343953,0.5350100249920002,0.53231347
2018-09-19,SPY,0,1,1,0.5317104665913701,0.49290347364662507,0.510123
2018-09-20,SPY,0,0,1,0.5763603852836933,0.545551947799171,0.54747236
2018-09-21,SPY,0,0,1,0.5742897486757513,0.5695264303103594,0.5547986
2018-09-24,SPY,0,0,1,0.5379860485041964,0.4969702101400521,0.5126034
2018-09-25,SPY,0,0,1,0.527105641232477,0.49821515308859915,0.5043379
2018-09-26,SPY,0,1,1,0.5506738668747899,0.5689454701968049,0.55831045
2018-09-27,SPY,0,1,1,0.5240614662646381,0.5038178800348151,0.51011586
2018-09-28,SPY,0,0,1,0.5341319763999226,0.5350778086678206,0.52620274
2018-10-01,SPY,0,0,1,0.5314938570459098,0.5229458252352379,0.5232762
2018-10-02,SPY,0,0,1,0.525285616995271,0.4965268015491763,0.5184815
2018-10-03,SPY,0,0,1,0.5367830157584595,0.504200781855346,0.51556545
2018-10-04,SPY,0,0,1,0.5661584771223843,0.5515597378495891,0.5600879
2018-10-05,SPY,0,1,1,0.5622372216594848,0.5858373174080265,0.5709953
2018-10-08,SPY,0,1,1,0.547598239496639,0.5888165053836282,0.5795759
2018-10-09,SPY,0,0,1,0.5391259359885849,0.5481243221546496,0.52318674
2018-10-10,SPY,0,0,1,0.5869915731835497,0.47138213967433756,0.508239
2018-10-11,SPY,0,0,1,0.5791872182299443,0.5873831530847805,0.55879205
2018-10-12,SPY,0,0,1,0.564179880984557,0.5201736575356991,0.5404645
2018-10-15,SPY,0,1,1,0.5509129737499513,0.5224543544704565,0.53364474
2018-10-16,SPY,0,1,1,0.5527146223532792,0.5086430491741923,0.5271781
2018-10-17,SPY,0,0,1,0.5495987528009969,0.5295826542947868,0.52888185
2018-10-18,SPY,0,0,1,0.5532304661547992,0.5359530456291555,0.5417336
2018-10-19,SPY,0,0,1,0.54222000527223,0.540709209328882,0.5456556
2018-10-22,SPY,0,1,1,0.5350604911861085,0.5309681336171113,0.5255549
2018-10-23,SPY,0,0,1,0.5150182606645687,0.5398238258170991,0.5275491
2018-10-24,SPY,0,1,1,0.5323045553095209,0.5328802518548907,0.528575
2018-10-25,SPY,0,0,1,0.5296547009953515,0.5111770666325061,0.52598006
2018-10-26,SPY,0,0,1,0.5408536709529621,0.5114077417033585,0.524393
2018-10-29,SPY,0,1,1,0.5270393049238119,0.5344242275789335,0.5337974
2018-10-30,SPY,0,0,1,0.5258395065548293,0.4921315286906424,0.5142633
2018-10-31,SPY,0,1,1,0.5133483747808775,0.5278564982658938,0.5286995
2018-11-01,SPY,0,0,1,0.4980207068183398,0.5235177003957471,0.5294134
2018-11-02,SPY,0,1,1,0.5036062892346675,0.5120428370153283,0.5036898
2018-11-05,SPY,0,1,1,0.48813216283360805,0.5028489182408578,0.50892377
2018-11-06,SPY,0,1,1,0.47827507959839766,0.49633908116323366,0.5091051
2018-11-07,SPY,0,1,1,0.5063384852667303,0.520018783876391,0.5175518
2018-11-08,SPY,0,0,1,0.5145285149698432,0.5302236841892326,0.53385895
2018-11-09,SPY,0,0,1,0.5261080639081978,0.5231867792069191,0.52975816
2018-11-12,SPY,0,0,1,0.5381177519888451,0.5181678814086605,0.5285059
2018-11-13,SPY,0,0,1,0.5235156101209405,0.5449152749168092,0.5339405
2018-11-14,SPY,0,1,1,0.49923608137970277,0.5310451873866507,0.52503407
2018-11-15,SPY,0,1,1,0.5141016597786824,0.5485036513706248,0.5458311
2018-11-16,SPY,0,0,1,0.5160269931600285,0.53259618932038,0.5247884
2018-11-19,SPY,0,0,1,0.5185689525738036,0.5328119258138487,0.5288348
2018-11-20,SPY,1,0,1,0.5339165003248426,0.4791384879023038,0.49376598
2018-11-21,SPY,1,1,1,0.5380913316383745,0.54713243244425,0.5283189
2018-11-23,SPY,1,1,1,0.5134481450601551,0.5307976428708637,0.53363484
2018-11-26,SPY,1,1,1,0.5360991350137025,0.524623552570046,0.5263801
2018-11-27,SPY,1,1,1,0.5421706452908306,0.5526077332492225,0.5395355
2018-11-28,SPY,1,1,1,0.553329939261838,0.5761939866941788,0.5538173
2018-11-29,SPY,1,1,1,0.5402831078281126,0.5344764568895279,0.5327127
2018-11-30,SPY,1,0,1,0.5390305854591139,0.5254364926128331,0.5334742
2018-12-03,SPY,1,0,1,0.5370623354107995,0.5342114638637997,0.5383006
2018-12-04,SPY,1,1,1,0.5876557131235679,0.5345061836428112,0.5357056
2018-12-06,SPY,1,0,1,0.5628536309893353,0.50002266009245,0.5054201
2018-12-07,SPY,1,1,1,0.5479397553109135,0.472393863398597,0.52442276
2018-12-10,SPY,1,0,1,0.5336755067330455,0.4827576526276739,0.5127349
2018-12-11,SPY,1,0,1,0.512951610073828,0.5140359709051657,0.51288956
2018-12-12,SPY,1,0,1,0.5145848503628657,0.5377707951917401,0.5309603
2018-12-13,SPY,1,0,1,0.5148290261259987,0.5241060866814494,0.5248764
2018-12-14,SPY,1,0,1,0.5272923160659948,0.4967918938893902,0.5085284
2018-12-17,SPY,1,0,1,0.5362769015691421,0.4933994463028653,0.5116459
2018-12-18,SPY,1,0,1,0.5205923859557156,0.5131987265980469,0.5212656
2018-12-19,SPY,1,0,1,0.5350808593797587,0.5222001666279341,0.52342844
2018-12-20,SPY,1,0,1,0.5367943744144494,0.5167093608397805,0.5274383
2018-12-21,SPY,1,0,1,0.5339676451928325,0.5430302321384035,0.5450994
2018-12-24,SPY,1,1,1,0.5220635529797477,0.5916883831893472,0.55105364
2018-12-26,SPY,1,1,1,0.5567218038827396,0.5122809305379179,0.520763
2018-12-27,SPY,1,0,1,0.5560542618527954,0.5352091863436705,0.5434192
2018-12-28,SPY,1,1,1,0.5439642237062998,0.5119711940301955,0.5054019
2018-12-31,SPY,1,1,1,0.5399420197256035,0.5154722110674917,0.52273244
2019-01-02,SPY,1,0,1,0.5325950072132222,0.5270385503586554,0.5218245
2019-01-03,SPY,1,1,1,0.47528544601299083,0.5137482945739374,0.49557453
2019-01-04,SPY,1,1,1,0.5049169717632038,0.542339695708966,0.5520183
2019-01-07,SPY,1,0,1,0.49983862192347983,0.5016308926133166,0.5109817
2019-01-08,SPY,1,1,1,0.5105987193073669,0.49757285798024126,0.50575346
2019-01-09,SPY,1,1,1,0.5088732512401376,0.48758295961034664,0.47615394
2019-01-10,SPY,1,1,1,0.49837430851175213,0.5138168118664486,0.5048317
2019-01-11,SPY,1,1,1,0.4506234041143687,0.48539798028581627,0.425088
2019-01-14,SPY,1,1,1,0.4537052336170911,0.48753575750707173,0.47954094
2019-01-15,SPY,1,1,1,0.4639965319501723,0.49854466350943305,0.45880103
2019-01-16,SPY,1,1,1,0.4759705899575827,0.48263156775410154,0.43702143
2019-01-17,SPY,1,1,1,0.4802931562066353,0.5132206376467624,0.49021363
2019-01-18,SPY,1,0,1,0.5000339399605909,0.5726497525314209,0.5503012
2019-01-22,SPY,1,0,1,0.5270060889953964,0.496453332654903,0.43186274
2019-01-23,SPY,1,1,1,0.5327846050972775,0.5564337786662414,0.5435588
2019-01-24,SPY,1,1,1,0.5533566060409304,0.5477109753764483,0.53898466
2019-01-25,SPY,1,1,1,0.5455484085793635,0.5876536426318436,0.60493624
2019-01-28,SPY,1,0,1,0.530170200723881,0.5457574428137728,0.5487275
2019-01-29,SPY,1,1,1,0.5272366726383436,0.5415986359278423,0.5438033
2019-01-30,SPY,1,1,1,0.5404116433801329,0.5974664490729064,0.6005164
2019-01-31,SPY,1,0,1,0.5477843305525139,0.5803049213698163,0.5547013
2019-02-01,SPY,1,1,1,0.5629397329873511,0.5821874759118931,0.59110636
2019-02-04,SPY,1,1,1,0.5452003088973154,0.5797254148992683,0.5751981
2019-02-05,SPY,1,0,1,0.5508399640936145,0.5874841242619127,0.59090567
2019-02-06,SPY,1,0,1,0.5303507998200823,0.5355033433241589,0.5060056
2019-02-07,SPY,1,1,1,0.5452830122338271,0.5817735201053875,0.58060616
2019-02-08,SPY,1,0,1,0.537555796018497,0.5574829094142906,0.5778438
2019-02-11,SPY,1,1,1,0.529021246440153,0.5365961877135167,0.5633407
2019-02-12,SPY,1,0,1,0.5418928255691059,0.5777540562175242,0.60019517
2019-02-13,SPY,1,1,1,0.5376980999650519,0.6010720620742966,0.6273129
2019-02-14,SPY,1,1,1,0.5439059263639265,0.554573717709598,0.5340604
2019-02-15,SPY,1,1,1,0.5486599978232489,0.5898229658326165,0.61981505
2019-02-19,SPY,1,1,1,0.5313126883005996,0.5672413654000243,0.5656911
2019-02-20,SPY,1,0,1,0.5420280807571944,0.571846802474455,0.5683046
2019-02-21,SPY,1,1,1,0.5390134701918518,0.5508676661475177,0.5304973
2019-02-22,SPY,1,0,1,0.547894312421305,0.5865723635751346,0.59667057
2019-02-25,SPY,1,1,1,0.530852459067088,0.5697516296319581,0.5827389
2019-02-26,SPY,1,1,1,0.5334260675456935,0.5353422915861729,0.5254731
2019-02-27,SPY,1,0,1,0.536417070669752,0.5280510150818724,0.5136696
2019-02-28,SPY,1,0,1,0.5391980851810886,0.5525878509208859,0.5702852
2019-03-01,SPY,1,0,1,0.5390675923668065,0.5574982555369908,0.55621135
2019-03-04,SPY,1,0,1,0.5541612635338015,0.5645396999131701,0.57199204
2019-03-05,SPY,1,0,1,0.5283591333493671,0.5152160307835888,0.51757205
2019-03-06,SPY,1,0,1,0.5370411399688536,0.5176839963405241,0.5197126
2019-03-07,SPY,1,1,1,0.5495101725398368,0.5707946537047901,0.57350594
2019-03-08,SPY,1,1,1,0.5402407745225942,0.5697263659213423,0.59121394
2019-03-11,SPY,1,1,1,0.5468070958081287,0.5385683966552393,0.5301705
2019-03-12,SPY,1,1,1,0.5563125262251978,0.5682289847098755,0.58897346
2019-03-13,SPY,1,0,1,0.5540411430839586,0.5678063873022771,0.57640225
2019-03-14,SPY,1,1,1,0.5457505319722529,0.5232911835822553,0.5144477
2019-03-15,SPY,1,1,1,0.5541249443238259,0.5628741500950124,0.577065
2019-03-18,SPY,1,0,1,0.5261719737309299,0.5234225094749081,0.5439997
2019-03-19,SPY,1,0,1,0.5406044685210493,0.5560790521170327,0.5627867
2019-03-20,SPY,1,1,1,0.534308971783283,0.5500897800266267,0.5585038
2019-03-21,SPY,1,0,1,0.5399799409829205,0.5444096764310802,0.52813464
2019-03-22,SPY,0,1,1,0.5660239537080589,0.5606862547460458,0.5843021
2019-03-25,SPY,0,1,1,0.5456091556818895,0.5684238608698214,0.5845904
2019-03-26,SPY,0,0,1,0.5397458651759,0.5337218360296865,0.5476151
2019-03-27,SPY,0,1,1,0.5433563495181436,0.5107934377718403,0.5156341
2019-03-28,SPY,0,1,1,0.5264285697990739,0.5163162704695943,0.5225404
2019-03-29,SPY,0,1,1,0.528900675055746,0.5146936266587677,0.5046639
2019-04-01,SPY,0,0,1,0.5347024995368097,0.5400354499497889,0.5362562
2019-04-02,SPY,0,0,1,0.5216860063457628,0.5309003094910578,0.57089293
2019-04-03,SPY,0,1,1,0.5348206856062133,0.5340839559345961,0.5259768
2019-04-04,SPY,0,1,1,0.535790267960976,0.5587545126880387,0.56322587
2019-04-05,SPY,0,1,1,0.5406395499163896,0.5696679393440124,0.57379895
2019-04-08,SPY,0,0,1,0.5229936075589391,0.5752883522699537,0.58164227
2019-04-09,SPY,0,1,1,0.5323949188510961,0.5323275156073755,0.5380554
2019-04-10,SPY,0,0,1,0.5262641089040109,0.5449618639628017,0.578301
2019-04-11,SPY,0,1,1,0.5277837884018466,0.5216916478366201,0.5389864
2019-04-12,SPY,0,0,1,0.5304615253561384,0.5440918821895033,0.54083747
2019-04-15,SPY,0,0,1,0.5238197335351158,0.520554812920255,0.5129774
2019-04-16,SPY,0,0,1,0.5245278265949281,0.522590219265178,0.5290499
2019-04-17,SPY,0,0,1,0.5295397804269049,0.513703624244186,0.5093441
2019-04-18,SPY,0,1,1,0.5295830537737227,0.5149662295113614,0.50206476
2019-04-22,SPY,0,1,1,0.5276261694477202,0.48103760324873973,0.41744363
2019-04-23,SPY,0,0,1,0.542384189909539,0.5539756017952471,0.5642849
2019-04-24,SPY,0,0,1,0.5414418264746371,0.47906158392093395,0.41127497
2019-04-25,SPY,0,1,1,0.5509393291571562,0.5187080983852435,0.5047146
2019-04-26,SPY,0,1,1,0.5470517309062974,0.542579625394753,0.56656116
2019-04-29,SPY,0,1,1,0.5498671329605086,0.5646855695338522,0.6208069
2019-04-30,SPY,0,0,1,0.55214395268327,0.541718810774664,0.54446536
2019-05-01,SPY,0,0,1,0.5517482993168931,0.5576287662671388,0.5540837
2019-05-02,SPY,0,1,1,0.5477880341113833,0.5554639209415881,0.5513551
2019-05-03,SPY,0,1,1,0.5428168618721957,0.5182792256715694,0.51714
2019-05-06,SPY,0,0,1,0.5612890688876319,0.5553134211787597,0.54975367
2019-05-07,SPY,0,0,1,0.5660727663337869,0.5810103773252143,0.59240496
2019-05-08,SPY,0,1,1,0.5565180842622932,0.5918220884875066,0.6141223
2019-05-09,SPY,0,1,1,0.5567045969925015,0.5706745785727038,0.5904573
2019-05-10,SPY,0,0,1,0.5473897636068168,0.5592573758028769,0.5746369
2019-05-13,SPY,0,1,1,0.5526206703233528,0.45167021504074434,0.4712157
2019-05-14,SPY,0,1,1,0.5483597028599618,0.5308257395916479,0.53449386
2019-05-15,SPY,0,1,1,0.5479087580802979,0.537443474219458,0.5355889
2019-05-16,SPY,0,1,1,0.5516676113709419,0.5391187798850772,0.54779875
2019-05-17,SPY,0,0,1,0.552937149803656,0.5803139831906963,0.5943198
2019-05-20,SPY,0,1,1,0.5352662975161904,0.5290792920142557,0.54736596
2019-05-21,SPY,0,1,1,0.5230122106298493,0.529982568192368,0.54596746
2019-05-22,SPY,0,0,1,0.5220533947522035,0.5306823350932781,0.5399678
2019-05-23,SPY,0,0,1,0.5258764459412053,0.5515497694893347,0.5565275
2019-05-24,SPY,0,0,1,0.5152977354327456,0.5361692434149173,0.54408664
2019-05-28,SPY,0,0,1,0.5196392696075376,0.5307050914213994,0.5338396
2019-05-29,SPY,0,0,1,0.511118624964597,0.5389944725264093,0.5158875
2019-05-30,SPY,0,0,1,0.5070552434789647,0.530672583561725,0.5417193
2019-05-31,SPY,0,0,1,0.5159817339933834,0.5101510210344501,0.4942694
2019-06-03,SPY,0,1,1,0.5063929233516457,0.5233637104622709,0.4947766
2019-06-04,SPY,0,1,1,0.5215374171500565,0.5504813839022955,0.57555956
2019-06-05,SPY,0,1,1,0.5321083744940273,0.5350360705355818,0.5320861
2019-06-06,SPY,0,1,1,0.5320179990449873,0.5343555098518854,0.53165346
2019-06-07,SPY,0,0,1,0.5292613653323676,0.5388698935779926,0.5353077
2019-06-10,SPY,0,0,1,0.5219934681055782,0.5402034353178179,0.5442024
2019-06-11,SPY,0,0,1,0.5255459942511382,0.5300401816524506,0.52257496
2019-06-12,SPY,0,1,1,0.5193337610087353,0.5124973188424938,0.50490975
2019-06-13,SPY,0,0,1,0.5157760552040098,0.5111426868016966,0.50261635
2019-06-14,SPY,0,0,1,0.5054399680279678,0.5183594486568042,0.5201029
2019-06-17,SPY,0,1,1,0.5022178339098469,0.503053763827526,0.49556816
2019-06-18,SPY,0,1,1,0.5283371558471707,0.573397947464423,0.5758226
2019-06-19,SPY,0,0,1,0.5229002454266954,0.5527500965900496,0.55551124
2019-06-20,SPY,0,0,1,0.5360230751997439,0.5266390763658686,0.46379346
2019-06-21,SPY,0,0,1,0.5385725343199879,0.5594163431282483,0.5542989
2019-06-24,SPY,0,0,1,0.5304908613666834,0.5379820058787498,0.531199
2019-06-25,SPY,0,0,1,0.5463845775867722,0.5735533764324364,0.61464435
2019-06-26,SPY,0,1,1,0.5418342165007789,0.5441279720924725,0.556413
2019-06-27,SPY,0,1,1,0.5286438610650165,0.549466835623912,0.56475246
2019-06-28,SPY,0,0,1,0.5488616944359466,0.5591555083986027,0.5572068
2019-07-01,SPY,0,1,1,0.5617611919296291,0.6257071273885001,0.6329489
2019-07-02,SPY,0,1,1,0.5468421666096467,0.5697886261636672,0.584977
2019-07-03,SPY,0,1,1,0.5404321740070965,0.5688861660620733,0.55147016
2019-07-05,SPY,0,0,1,0.545085200981972,0.5509880195368436,0.5401628
2019-07-08,SPY,0,1,1,0.5471024256112377,0.5297600057549274,0.55893
2019-07-09,SPY,0,1,1,0.538681271728148,0.5220701948045496,0.52304757
2019-07-10,SPY,0,0,1,0.5427112932513573,0.5189431688371275,0.47476706
2019-07-11,SPY,0,1,1,0.5346296504849286,0.5437816683505217,0.56489027
2019-07-12,SPY,0,0,1,0.5335164323060022,0.5608371420066013,0.58886
2019-07-15,SPY,0,0,1,0.5312102862876448,0.5473765944706023,0.5558207
2019-07-16,SPY,0,0,1,0.5381333028973141,0.5476995343905209,0.54969704
2019-07-17,SPY,0,1,1,0.536567420183641,0.5116453954205521,0.5262274
2019-07-18,SPY,0,0,1,0.5394286310849591,0.527969995326515,0.5386181
2019-07-19,SPY,0,1,1,0.5319495405398764,0.5546305089772886,0.5720741
2019-07-22,SPY,0,1,1,0.5309688334270086,0.5141202973220338,0.5125585
2019-07-23,SPY,0,1,1,0.5369155849756875,0.5363849673271541,0.55061024
2019-07-24,SPY,0,0,1,0.545426138204876,0.5229731927560864,0.51714444
2019-07-25,SPY,0,1,1,0.550429948291308,0.548955236155859,0.58017987
2019-07-26,SPY,0,0,1,0.5482664329992418,0.5305147344034965,0.5235445
2019-07-29,SPY,0,1,1,0.5453910040866141,0.49962788903911637,0.48533502
2019-07-30,SPY,0,0,1,0.5409263790755129,0.496811520798177,0.4796444
2019-07-31,SPY,0,0,1,0.553404030639223,0.5880891337974599,0.61930734
2019-08-01,SPY,0,0,1,0.5531650970220309,0.5504478786337776,0.5513165
2019-08-02,SPY,0,0,1,0.5332479361309462,0.5274952277056377,0.5119603
2019-08-05,SPY,0,1,1,0.5487565015591078,0.5514392335939281,0.5579672
2019-08-06,SPY,0,1,1,0.5571922942577625,0.4863120151662427,0.5035573
2019-08-07,SPY,0,1,1,0.5541070429422913,0.5123411972291848,0.5032326
2019-08-08,SPY,0,0,1,0.557254796111163,0.5402673129940102,0.53600365
2019-08-09,SPY,0,0,1,0.553496650893835,0.564860916302127,0.60475224
2019-08-12,SPY,0,1,1,0.5479269218902534,0.5163640622627036,0.5086262
2019-08-13,SPY,0,0,1,0.5456797103098278,0.540238616445069,0.5320265
2019-08-14,SPY,0,0,1,0.565434254176245,0.4999229738270035,0.53909963
2019-08-15,SPY,0,1,1,0.5398098462447006,0.49565165758740204,0.49349004
2019-08-16,SPY,0,1,1,0.5464768232490297,0.53388954777878,0.5337321
2019-08-19,SPY,0,0,1,0.5431527576477637,0.5435573610187384,0.5378326
2019-08-20,SPY,0,0,1,0.523782617597764,0.5236538421896001,0.5138412
2019-08-21,SPY,0,0,1,0.5078716743633924,0.5447035305510777,0.5604732
2019-08-22,SPY,0,0,1,0.5112388591111521,0.5204076510506963,0.50470364
2019-08-23,SPY,0,1,1,0.5240850378975574,0.5070392981973352,0.5255756
2019-08-26,SPY,0,0,1,0.5113142620008415,0.5464481943911502,0.54370207
2019-08-27,SPY,0,1,1,0.5098405031334016,0.5255567790793504,0.52113944
2019-08-28,SPY,0,1,1,0.5081629978699524,0.5313054313198727,0.5222957
2019-08-29,SPY,0,0,1,0.5142572117966048,0.518879695138118,0.5114348
2019-08-30,SPY,0,1,1,0.5035997335663077,0.514034178376551,0.5225304
2019-09-03,SPY,0,1,1,0.5265364917039919,0.5228834115773776,0.5343788
2019-09-04,SPY,0,1,1,0.5231078505316564,0.529652511972697,0.5255476
2019-09-05,SPY,0,0,1,0.526090997756629,0.522981083457759,0.52534926
2019-09-06,SPY,0,0,1,0.5045916653786156,0.5370139359491559,0.5778155
2019-09-09,SPY,0,1,1,0.5123318786713154,0.5249704619153226,0.536874
2019-09-10,SPY,0,1,1,0.5238677446020917,0.527345645544742,0.51444834
2019-09-11,SPY,0,1,1,0.5120347426551767,0.5259214347147615,0.5232839
2019-09-12,SPY,0,0,1,0.5243831957680489,0.5738360509914635,0.59000695
2019-09-13,SPY,0,1,1,0.5247829296370607,0.5683212665657029,0.5513082
2019-09-16,SPY,0,1,1,0.5225033438476301,0.5187505885320761,0.50129
2019-09-17,SPY,0,1,1,0.5168272877556174,0.5327442018133697,0.5224035
2019-09-18,SPY,0,0,1,0.5199890856391118,0.5489508557046572,0.53818613
2019-09-19,SPY,0,0,1,0.5134464625835351,0.5609129091777832,0.56094444
2019-09-20,SPY,0,1,1,0.5194536362140192,0.5587735625200205,0.56648
2019-09-23,SPY,0,0,1,0.5380415614900913,0.5253143823729838,0.5230606
2019-09-24,SPY,0,1,1,0.5472511901627763,0.5870836993682297,0.613645
2019-09-25,SPY,0,0,1,0.5507304503166996,0.5703030445905924,0.6155195
2019-09-26,SPY,0,0,1,0.5422636792203523,0.5236318083936171,0.5320082
2019-09-27,SPY,0,1,1,0.5460488727298779,0.5693249111836054,0.5753136
2019-09-30,SPY,0,0,1,0.5423056305254803,0.5353154847875305,0.55981565
2019-10-01,SPY,0,0,1,0.5595635110755567,0.5694859386315992,0.5845965
2019-10-02,SPY,0,1,1,0.5577494811200157,0.46343622553258756,0.45194465
2019-10-03,SPY,0,1,1,0.5519009850863018,0.5675587425213371,0.5709452
2019-10-04,SPY,0,0,1,0.5505179840347679,0.5289957726965262,0.5351369
2019-10-07,SPY,0,0,1,0.5412052802910862,0.5313179055435835,0.53442156
2019-10-08,SPY,0,1,1,0.5545859714893713,0.5227115255615319,0.51885426
2019-10-09,SPY,1,1,1,0.5496381079395094,0.5445396173122147,0.5459299
2019-10-10,SPY,1,1,1,0.5384454100443089,0.5350428434477486,0.5395744
2019-10-11,SPY,1,1,1,0.5316592065005334,0.5601616552882211,0.5721027
2019-10-14,SPY,1,1,1,0.5247397271958683,0.5439227132786525,0.553077
2019-10-15,SPY,1,1,1,0.5149654156821993,0.5190170151192789,0.50936085
2019-10-16,SPY,1,0,1,0.5156571567472141,0.5214240178583723,0.5164955
2019-10-17,SPY,1,0,1,0.5146196559381446,0.5124032125294413,0.52248156
2019-10-18,SPY,1,1,1,0.5155632951381128,0.5208626886449306,0.51033103
2019-10-21,SPY,1,0,1,0.5148109292060834,0.5208510396230803,0.53132904
2019-10-22,SPY,1,1,1,0.5123812275419987,0.5136975460626577,0.50793535
2019-10-23,SPY,1,0,1,0.5095929944234922,0.507149297577713,0.5079935
2019-10-24,SPY,1,1,1,0.5093301015736952,0.5021702744275756,0.4905715
2019-10-25,SPY,0,1,1,0.5148872698781872,0.5271194680688711,0.52935535
2019-10-28,SPY,0,1,1,0.5075173504766364,0.5231203575791541,0.5249592
2019-10-29,SPY,0,1,1,0.5168299169267573,0.5127141666783767,0.5087828
2019-10-30,SPY,0,0,1,0.534276007688598,0.5526170966938725,0.5643491
2019-10-31,SPY,0,1,1,0.5395520000700855,0.5762967269121403,0.5786438
2019-11-01,SPY,0,0,1,0.5374274432707735,0.6095153375938434,0.6726612
2019-11-04,SPY,0,0,1,0.5356541688242896,0.5741449594046952,0.58312243
2019-11-05,SPY,0,1,1,0.5503538020976264,0.5351094860887414,0.51307833
2019-11-06,SPY,0,0,1,0.5491400111275891,0.5274603026601611,0.53178465
2019-11-07,SPY,0,1,1,0.5497694301973683,0.5524304088181896,0.55253077
2019-11-08,SPY,0,1,1,0.5356571975272649,0.5519889428891828,0.55236816
2019-11-11,SPY,0,1,1,0.5323989604854873,0.5276152288668156,0.48356393
2019-11-12,SPY,0,1,1,0.5338460661450145,0.5068481646223614,0.5049677
2019-11-13,SPY,0,1,1,0.5389164247492793,0.535097012734134,0.5408005
2019-11-14,SPY,0,1,1,0.534937024994143,0.49776960736140174,0.4975524
2019-11-15,SPY,0,1,1,0.5460627657367617,0.5676068910529626,0.5789208
2019-11-18,SPY,0,0,1,0.5390862330217928,0.5677611647898474,0.6149212
2019-11-19,SPY,0,0,1,0.5497155061087254,0.555766610507257,0.5577494
2019-11-20,SPY,0,0,1,0.5555152797164215,0.5407812943851518,0.54175204
2019-11-21,SPY,0,0,1,0.549861233829085,0.4959192614922454,0.49908972
2019-11-22,SPY,0,1,1,0.535739343314656,0.4983668364555146,0.51080775
2019-11-25,SPY,0,1,1,0.5389033626239359,0.5083999453818577,0.51462865
2019-11-26,SPY,0,1,1,0.5361722165708297,0.5052062066373216,0.49646676
2019-11-27,SPY,0,0,1,0.5373609406839072,0.521956129493906,0.5124029
2019-11-29,SPY,0,0,1,0.5434661083154765,0.5049921972871628,0.48013866
2019-12-02,SPY,0,1,1,0.5590791565886777,0.5690721377682639,0.6039133
2019-12-03,SPY,0,1,1,0.5502004062190451,0.5873506620777466,0.62303704
2019-12-04,SPY,0,0,1,0.5450038761106115,0.5223355854961782,0.52288616
2019-12-05,SPY,0,1,1,0.5357599079904515,0.5200260526963107,0.5220951
2019-12-06,SPY,0,0,1,0.5404709866882281,0.5324172956890755,0.5424045
2019-12-09,SPY,0,0,1,0.536275496882494,0.507942771015975,0.49760836
2019-12-10,SPY,0,1,1,0.5441471538851627,0.4950458935561244,0.48490208
2019-12-11,SPY,0,1,1,0.5403665748649754,0.5036834384393225,0.49615362
2019-12-12,SPY,0,1,1,0.5502628274269746,0.5213016763771696,0.5133241
2019-12-13,SPY,0,1,1,0.5378259608741073,0.5487803930508038,0.5561106
2019-12-16,SPY,0,0,1,0.5356925675232861,0.5610252254487709,0.5762704
2019-12-17,SPY,0,0,1,0.532886014486565,0.5196575728320227,0.51804197
2019-12-18,SPY,0,1,1,0.5340453274086367,0.5197099269544913,0.51864725
2019-12-19,SPY,0,1,1,0.537314074594875,0.5575397692099997,0.5573021
2019-12-20,SPY,0,0,1,0.5449843544254783,0.5098764211945117,0.4381955
2019-12-23,SPY,0,0,1,0.5274450201670884,0.5189224383186013,0.48299372
2019-12-24,SPY,0,1,1,0.5224367391593615,0.49992784188238093,0.47649473
2019-12-26,SPY,0,0,1,0.524798044909637,0.512848695899941,0.50207955
2019-12-27,SPY,0,0,1,0.524417570026331,0.49802768376290935,0.48279846
2019-12-30,SPY,0,1,1,0.5318726742153485,0.5132815470369527,0.5023737
2019-12-31,SPY,0,1,1,0.5413389326557297,0.5056864335379619,0.50954866
2020-01-02,SPY,0,1,1,0.5466187501982974,0.545958139348289,0.42613915
2020-01-03,SPY,0,1,1,0.5482780172607247,0.5612134760572354,0.6713372
2020-01-06,SPY,0,0,1,0.5455068277423653,0.5451259775300445,0.56407785
2020-01-07,SPY,0,1,1,0.5415009914061639,0.5210605134785924,0.4842334
2020-01-08,SPY,0,1,1,0.5478521000510207,0.5244081880458625,0.3259605
2020-01-09,SPY,0,0,1,0.5417338624397176,0.5476697531466159,0.58296335
2020-01-10,SPY,0,1,1,0.5411674769120672,0.5317028944679484,0.38669136
2020-01-13,SPY,0,0,1,0.5391482565271503,0.5227549294716678,0.24454159
2020-01-14,SPY,0,1,1,0.5429920863976883,0.5172499627198826,0.3202101
2020-01-15,SPY,0,1,1,0.5427462682743569,0.5447649615346462,0.50123304
2020-01-16,SPY,0,1,1,0.5389945347806571,0.5573943374051787,0.51129085
2020-01-17,SPY,0,1,1,0.5454635696576031,0.554689441504667,0.4098356
2020-01-21,SPY,0,0,1,0.5416208547735294,0.546759272307531,0.49132165
2020-01-22,SPY,0,1,1,0.5367709140091288,0.523306271558225,0.47268093
2020-01-23,SPY,0,0,1,0.537975790616724,0.527815981647988,0.5412324
2020-01-24,SPY,0,1,1,0.546753573253085,0.5560981037790638,0.7802664
2020-01-27,SPY,0,1,1,0.5464580418548372,0.5352132863570546,0.5231328
2020-01-28,SPY,0,0,1,0.5447432168006525,0.5426417859574432,0.49473
2020-01-29,SPY,0,1,1,0.5419570095954599,0.5296623304971769,0.48495135
2020-01-30,SPY,0,0,1,0.546728047831094,0.5609895294270075,0.73057103
2020-01-31,SPY,0,1,1,0.555582459778917,0.5386672860082501,0.451158
2020-02-03,SPY,0,1,1,0.5489683488701724,0.5405023291327253,0.5950506
2020-02-04,SPY,0,1,1,0.5433866051900085,0.5361056621416369,0.655222
2020-02-05,SPY,0,1,1,0.5448343618557332,0.5375003001369539,0.5681937
2020-02-06,SPY,0,0,1,0.5393270457164067,0.532985367986945,0.64988077
2020-02-07,SPY,0,1,1,0.5372184518741406,0.5261629157144211,0.5165847
2020-02-10,SPY,0,0,1,0.5335910295735423,0.5298163912241819,0.6537552
2020-02-11,SPY,0,1,1,0.5298726610515955,0.5290036089850545,0.51673585
2020-02-12,SPY,0,1,1,0.5240085099770309,0.5318981613686689,0.4132477
2020-02-13,SPY,0,1,1,0.526702427086022,0.5261516504108871,0.4938868
2020-02-14,SPY,0,1,1,0.5259243229530723,0.5275484754738692,0.45892814
2020-02-18,SPY,0,1,1,0.5226345041438271,0.527360248155007,0.57104486
2020-02-19,SPY,0,0,1,0.5223784024559097,0.5327462688363932,0.58016807
2020-02-20,SPY,0,0,1,0.5273569020069291,0.5510269735450722,0.5797528
2020-02-21,SPY,0,0,1,0.5396638087842185,0.5519274387954194,0.6568505
2020-02-24,SPY,0,0,1,0.5585456500364845,0.5170317963891651,0.49621302
2020-02-25,SPY,0,0,1,0.5658988348301012,0.5698416265842692,0.7463457
2020-02-26,SPY,0,0,1,0.5497934475699932,0.549552279361543,0.55711615
2020-02-27,SPY,1,1,1,0.5466057847147923,0.5668503359134001,0.67651594
2020-02-28,SPY,1,1,1,0.5452271612765182,0.5389870029783286,0.38810527
2020-03-02,SPY,1,0,1,0.5640972897015224,0.5175178745848585,0.6351107
2020-03-03,SPY,1,1,1,0.5621163970099837,0.5142324547311273,0.7123046
2020-03-04,SPY,1,0,1,0.5587320396038008,0.516903006560646,0.43206966
2020-03-05,SPY,1,1,1,0.5558492746416338,0.5178416226190314,0.56363827
2020-03-06,SPY,1,0,1,0.5618241439815261,0.5309066800694694,0.76831025
2020-03-09,SPY,1,1,1,0.5552500940815558,0.5827407691614129,0.65143746
2020-03-10,SPY,1,0,1,0.5696590025399355,0.5079067276965947,0.5236009
2020-03-11,SPY,1,0,1,0.5343081801598139,0.5731545454025131,0.5106694
2020-03-12,SPY,1,1,1,0.5435692956870656,0.5899499959797146,0.6969241
2020-03-13,SPY,1,0,1,0.5679529630517657,0.5244073377895567,0.3834858
2020-03-16,SPY,1,1,1,0.5688060275837781,0.5831083373882633,0.5333718
2020-03-17,SPY,1,1,1,0.5494526110675627,0.53535812288199,0.43833143
2020-03-18,SPY,1,1,1,0.5430804606701984,0.5791879882663672,0.58185625
2020-03-19,SPY,1,0,1,0.5393689761654324,0.5379256183089024,0.46108055
2020-03-20,SPY,1,0,1,0.4846288904023327,0.5786545056353005,0.48721984
2020-03-23,SPY,1,1,1,0.4722275879141663,0.5569278596560583,0.41365707
2020-03-24,SPY,1,1,1,0.47254095844740074,0.5133408554237161,0.20625064
2020-03-25,SPY,1,1,1,0.46635607770502435,0.5224009498398484,0.50469816
2020-03-26,SPY,1,1,1,0.4802647709844843,0.54410357251684,0.7264378
2020-03-27,SPY,1,1,1,0.4848124242169671,0.5280125157044278,0.8404516
2020-03-30,SPY,1,0,1,0.46778055067057794,0.5429779535151844,0.86973447
2020-03-31,SPY,1,0,1,0.44836366465681987,0.5271729169577742,0.6041662
2020-04-01,SPY,1,1,1,0.4686454103446933,0.5729591953760811,0.8031015
2020-04-02,SPY,1,0,1,0.42732349782187834,0.5104921191690497,0.2718511
2020-04-03,SPY,1,1,1,0.4413058081994107,0.49048782194122575,0.5655267
2020-04-06,SPY,1,0,1,0.4592826990296212,0.48796310361914513,0.26006225
2020-04-07,SPY,1,1,1,0.4720566057840939,0.4990134041969867,0.19826528
2020-04-08,SPY,1,1,1,0.4610850074655873,0.5029343553842593,0.2692967
2020-04-09,SPY,1,0,1,0.5089213148132778,0.5164634041715036,0.32016972
2020-04-13,SPY,1,1,1,0.4906300807538285,0.48484301381162065,0.18213212
2020-04-14,SPY,1,1,1,0.5039941555020376,0.5201790160184553,0.6232932
2020-04-15,SPY,1,0,1,0.518402092232449,0.5021434430690667,0.12790893
2020-04-16,SPY,1,1,1,0.5208080233247915,0.5327206485021557,0.4212364
2020-04-17,SPY,1,0,1,0.5201550914359121,0.5386261299870367,0.5827156
2020-04-20,SPY,1,0,1,0.5576442339037384,0.5142577764954269,0.19917654
2020-04-21,SPY,1,1,1,0.569177639448775,0.5149211553543939,0.2820092
2020-04-22,SPY,1,0,1,0.5367367771899502,0.5427460240489613,0.9019297
2020-04-23,SPY,1,1,1,0.5445980322752935,0.5340823759717177,0.44337872
2020-04-24,SPY,1,1,1,0.5195396985235172,0.5397587893687915,0.5147162
2020-04-27,SPY,1,0,1,0.5351170438065588,0.5482319954173989,0.66945374
2020-04-28,SPY,1,1,1,0.5256357828571352,0.538519728739275,0.70060974
2020-04-29,SPY,1,0,1,0.5231879223877498,0.5361413730439927,0.6631882
2020-04-30,SPY,1,0,1,0.5619908536991147,0.5244958135451926,0.3523458
2020-05-01,SPY,1,1,1,0.5678087439983538,0.5375287572636015,0.4716761
2020-05-04,SPY,1,0,1,0.5546459723877956,0.5418358912159096,0.5278083
2020-05-05,SPY,1,0,1,0.5436105387366624,0.5553474448746515,0.8186562
2020-05-06,SPY,1,0,1,0.5377985312052334,0.5290746483480164,0.5779927
2020-05-07,SPY,1,1,1,0.5297497553961131,0.547461085848504,0.51595676
2020-05-08,SPY,1,1,1,0.5183654304993861,0.5469151968602418,0.6960868
2020-05-11,SPY,1,0,1,0.5300053565154128,0.5418042481820645,0.68230754
2020-05-12,SPY,1,0,1,0.5381868714280446,0.5119408098991942,0.4707592
2020-05-13,SPY,1,1,1,0.5544717759568547,0.5292335574210714,0.47917148
2020-05-14,SPY,1,1,1,0.537250822147961,0.5466081012802771,0.49830252
2020-05-15,SPY,1,1,1,0.5276733708270054,0.5332454712600379,0.4886923
2020-05-18,SPY,1,0,1,0.5391368108567521,0.5679703467746058,0.8062507
2020-05-19,SPY,1,1,1,0.5615438731586777,0.5298765922343448,0.41146082
2020-05-20,SPY,1,0,1,0.5400263258896296,0.5334196572537592,0.59833705
2020-05-21,SPY,1,1,1,0.5492971401810485,0.5326459560014599,0.4694455
2020-05-22,SPY,1,0,1,0.5391238533110512,0.540725006671861,0.65356684
2020-05-26,SPY,1,1,1,0.5256718837615552,0.5524832117650881,0.7350138
2020-05-27,SPY,1,0,1,0.5296816543707125,0.5423943241029311,0.4009765
2020-05-28,SPY,1,1,1,0.5243138399121178,0.5165981517721547,0.19173406
2020-05-29,SPY,1,1,1,0.5286563746751299,0.5641935400688507,0.54974425
2020-06-01,SPY,1,1,1,0.5281738885716717,0.5646361952703787,0.8326699
2020-06-02,SPY,1,1,1,0.5289093685416643,0.5708165554624551,0.82850415
2020-06-03,SPY,1,1,1,0.5275890909179572,0.5570181229455098,0.5932584
2020-06-04,SPY,1,1,1,0.5347601727199424,0.5620566760102678,0.59414196
2020-06-05,SPY,1,1,1,0.5421526280535578,0.5523993913447836,0.5683911
2020-06-08,SPY,1,1,1,0.5305807641421905,0.5373470642141068,0.3201655
2020-06-09,SPY,1,0,1,0.5429668547104657,0.5350491072279737,0.58978033
2020-06-10,SPY,1,0,1,0.5535208923775645,0.5492346276154475,0.43319017
2020-06-11,SPY,1,0,1,0.6084227133767128,0.5915634895925892,0.8461384
2020-06-12,SPY,1,1,1,0.5681063997794497,0.5432479327376258,0.7049467
2020-06-15,SPY,1,0,1,0.5635211705944201,0.5578177739429441,0.76238596
2020-06-16,SPY,1,0,1,0.5620524719876002,0.5633894143564295,0.5871515
2020-06-17,SPY,1,1,1,0.5718072778417058,0.5376017910687176,0.47672904
2020-06-18,SPY,1,0,1,0.5364449911060016,0.5403261302089005,0.5205739
2020-06-19,SPY,1,1,1,0.546494180844419,0.5575617130462055,0.5261499
2020-06-22,SPY,1,0,1,0.5341897119620281,0.5462421773748671,0.5715799
2020-06-23,SPY,1,0,1,0.5227251805575845,0.5406056028311573,0.6005602
2020-06-24,SPY,1,1,1,0.5459682789402809,0.5239434609850739,0.51928157
2020-06-25,SPY,1,0,1,0.5310967675080405,0.5299957406376238,0.6082323
2020-06-26,SPY,1,1,1,0.549595616706774,0.5091488917299355,0.5482387
2020-06-29,SPY,1,1,1,0.5312436799907875,0.5192138571994912,0.4723179
2020-06-30,SPY,1,1,1,0.5367963283865843,0.5305352192044753,0.60836023
2020-07-01,SPY,1,0,1,0.5285141979207927,0.5288357140306924,0.54952854
2020-07-02,SPY,1,1,1,0.5285283379833159,0.5259235371555591,0.54103255
2020-07-06,SPY,1,0,1,0.5092482951840344,0.523218697857697,0.3714172
2020-07-07,SPY,1,1,1,0.5252479002967019,0.5217877020230791,0.27860633
2020-07-08,SPY,1,0,1,0.5111302516017847,0.5286150303687224,0.39303687
2020-07-09,SPY,1,1,1,0.5217054363620851,0.5347549084909434,0.5670129
2020-07-10,SPY,1,0,1,0.5303320957579255,0.5483202326371076,0.5752609
2020-07-13,SPY,1,1,1,0.5415588307819947,0.544302456063276,0.6661069
2020-07-14,SPY,1,0,1,0.5306270865776529,0.5524503542766922,0.5965026
2020-07-15,SPY,1,1,1,0.5303823661889074,0.5405308342350335,0.5242608
2020-07-16,SPY,1,0,1,0.530786982709343,0.5336043392419133,0.6683506
2020-07-17,SPY,1,1,1,0.5276451464376245,0.5352339643118038,0.5189385
2020-07-20,SPY,1,0,1,0.524228074244172,0.5515813574054469,0.5758119
2020-07-21,SPY,1,1,1,0.5241928227787767,0.5476167601646271,0.54823685
2020-07-22,SPY,1,0,1,0.5208647380677274,0.55328846257797,0.82702476
2020-07-23,SPY,1,0,1,0.5443214795585536,0.5378324278088255,0.47010124
2020-07-24,SPY,1,1,1,0.5382432941664438,0.5452208454711877,0.586192
2020-07-27,SPY,1,0,1,0.5323043928053665,0.5477419404520901,0.45751125
2020-07-28,SPY,1,1,1,0.5402850327250365,0.5440035058415671,0.3347452
2020-07-29,SPY,1,1,1,0.5303064013106878,0.5448431930857843,0.44107208
2020-07-30,SPY,1,1,1,0.5418311889384134,0.541229963976959,0.34662193
2020-07-31,SPY,1,1,1,0.5433851146953669,0.568713504864766,0.5946702
2020-08-03,SPY,1,1,1,0.532125021314601,0.5409116480930787,0.5270202
2020-08-04,SPY,1,1,1,0.53252717056489,0.5555973199510431,0.6661265
2020-08-05,SPY,1,1,1,0.5286696498791343,0.5499349241064695,0.6202265
2020-08-06,SPY,1,1,1,0.5283792171840818,0.5477840844459917,0.47780117
2020-08-07,SPY,1,1,1,0.5344266142181215,0.5457673398057264,0.3964288
2020-08-10,SPY,1,0,1,0.5312669222659256,0.54304449614624,0.27273843
2020-08-11,SPY,1,1,1,0.5469854322291018,0.5672078869139879,0.74207705
2020-08-12,SPY,1,1,1,0.5315540828957788,0.5512741571332537,0.50421387
2020-08-13,SPY,1,1,1,0.5355579909999727,0.5457526072763387,0.65927124
2020-08-14,SPY,1,0,1,0.5369036334876239,0.5479616280964433,0.662877
2020-08-17,SPY,1,1,1,0.5303938363575417,0.5546222868266496,0.6856374
2020-08-18,SPY,1,0,1,0.5314264226952672,0.5485163974912067,0.59899724
2020-08-19,SPY,1,1,1,0.5386397059921444,0.5592670155268196,0.76294386
2020-08-20,SPY,1,1,1,0.5298876100062825,0.5477032154372975,0.58979535
2020-08-21,SPY,1,1,1,0.5383614007028007,0.5507992987599433,0.44977152
2020-08-24,SPY,1,1,1,0.5348507594700951,0.5545846958429631,0.66989213
2020-08-25,SPY,1,1,1,0.537412192991377,0.5589359838298187,0.74359137
2020-08-26,SPY,1,0,1,0.5376400027088412,0.5556217961448058,0.6838461
2020-08-27,SPY,1,1,1,0.5463702066750594,0.5691236649546811,0.62945527
2020-08-28,SPY,1,0,1,0.5397352564224609,0.5581430662892504,0.6496783
2020-08-31,SPY,1,1,1,0.5523784081475197,0.5511404946324583,0.27512348
2020-09-01,SPY,1,1,1,0.5403365337270922,0.5624010709234992,0.63369554
2020-09-02,SPY,1,0,1,0.5455844437397479,0.5678311365907164,0.7351055
2020-09-03,SPY,1,0,1,0.5858393258268643,0.5335239304867128,0.5288131
2020-09-04,SPY,0,0,1,0.5616968114006997,0.5346869772562725,0.57214475
2020-09-08,SPY,1,1,1,0.5632378054737279,0.5647752831743534,0.7140454
2020-09-09,SPY,1,0,1,0.5415353009676132,0.5305897308196514,0.6787611
2020-09-10,SPY,1,0,1,0.5522315336668366,0.5159789111389027,0.53396815
2020-09-11,SPY,1,1,1,0.5429965348688129,0.5255505443022197,0.71408606
2020-09-14,SPY,1,0,1,0.5396519149176359,0.5292339650188825,0.53472054
2020-09-15,SPY,1,0,1,0.5383839866840338,0.5323182899331212,0.5002266
2020-09-16,SPY,1,1,1,0.5408038303665578,0.5322291946136768,0.47521085
2020-09-17,SPY,1,0,1,0.5416273851410203,0.5454615772987591,0.59908956
2020-09-18,SPY,1,1,1,0.5433977351008934,0.5261619102555218,0.44441676
2020-09-21,SPY,1,1,1,0.5330255946984336,0.5090485535312318,0.37586996
2020-09-22,SPY,0,0,1,0.5177340646258825,0.5194958534862382,0.41702995
2020-09-23,SPY,1,1,1,0.5397218961858338,0.49373957873532787,0.28038117
2020-09-24,SPY,0,1,1,0.52341439708994,0.5184282029254047,0.40059322
2020-09-25,SPY,1,1,1,0.5222464716240484,0.5220787642342414,0.31023222
2020-09-28,SPY,1,0,1,0.5235324500166911,0.5258170718769136,0.5507224
2020-09-29,SPY,1,1,1,0.5310967921583801,0.5280795953191229,0.65096414
2020-09-30,SPY,1,0,1,0.5254782187861667,0.5370681911069017,0.4812612
2020-10-01,SPY,0,1,1,0.5182333900869623,0.5248784903236849,0.5774528
2020-10-02,SPY,0,1,1,0.5349870882757303,0.533818918409223,0.59080213
2020-10-05,SPY,1,0,1,0.511359322485602,0.5241337347584889,0.4878895
2020-10-06,SPY,1,1,1,0.5489273796020862,0.5381095752859422,0.45504525
2020-10-07,SPY,1,1,1,0.5214921433443437,0.5338595390336739,0.40761036
2020-10-08,SPY,1,1,1,0.5309466320411301,0.5320394803204189,0.4964346
2020-10-09,SPY,1,1,1,0.5336302171538164,0.5391812551167966,0.5123341
2020-10-12,SPY,1,0,1,0.5317885481549551,0.5376594584448636,0.43803945
2020-10-13,SPY,1,0,1,0.5378834877594324,0.5289033333027883,0.42162
2020-10-14,SPY,1,1,1,0.5317667994622729,0.5370122147475237,0.54962444
2020-10-15,SPY,1,0,1,0.5297184014852068,0.5353341969484626,0.4075522
2020-10-16,SPY,1,0,1,0.5378459989419,0.5686247410331704,0.69902766
2020-10-19,SPY,1,0,1,0.5378911690359749,0.5271852789939779,0.44160452
2020-10-20,SPY,1,0,1,0.5257811147397932,0.5349243654588868,0.4614753
2020-10-21,SPY,1,1,1,0.5388429132012034,0.5471616120839966,0.36231744
2020-10-22,SPY,1,0,1,0.5355517555492548,0.548047567939362,0.41892594
2020-10-23,SPY,1,0,1,0.535701164983742,0.5458317433332758,0.4328688
2020-10-26,SPY,1,0,1,0.5555190349805305,0.5420595495837028,0.40736175
2020-10-27,SPY,1,0,1,0.5389538843857872,0.53628260542589,0.42920458
2020-10-28,SPY,1,1,1,0.569676066319587,0.5460952579360002,0.6593615
2020-10-29,SPY,1,0,1,0.535728511547931,0.5173938996504003,0.44367248
2020-10-30,SPY,1,0,1,0.5547510517792666,0.5203173037864123,0.5012977
2020-11-02,SPY,1,1,1,0.5387350422279875,0.5261563488002294,0.63382
2020-11-03,SPY,1,1,1,0.5471379836325118,0.5450219636203533,0.5408074
2020-11-04,SPY,1,1,1,0.5419010709909978,0.5481949088812638,0.8200136
2020-11-05,SPY,1,1,1,0.5355157066959312,0.5207686345836248,0.62078875
2020-11-06,SPY,1,0,1,0.5379090885757887,0.5202205241595266,0.51070386
2020-11-09,SPY,1,1,1,0.5381978924289996,0.5225914696021683,0.32014224
2020-11-10,SPY,1,1,1,0.5341576543052025,0.527604776353162,0.27984327
2020-11-11,SPY,1,0,1,0.5212522836024203,0.525632118210499,0.6562753
2020-11-12,SPY,1,1,1,0.5293851833442793,0.5239998029406742,0.41057432
2020-11-13,SPY,1,1,1,0.5170705390939103,0.5356411695785194,0.47223496
2020-11-16,SPY,1,1,1,0.5248849027234562,0.5427226801014796,0.40128848
2020-11-17,SPY,1,0,1,0.5340304715777044,0.5413876766083829,0.53698033
2020-11-18,SPY,1,1,1,0.537656133553485,0.5190625199057228,0.3141595
2020-11-19,SPY,1,0,1,0.5242793404927382,0.5277264288708999,0.6192759
2020-11-20,SPY,1,1,1,0.5285336984303742,0.5331367338511541,0.5254995
2020-11-23,SPY,1,1,1,0.5231012287646065,0.551174598567677,0.5601095
2020-11-24,SPY,1,0,1,0.5259672608988967,0.5422177883620989,0.49439642
2020-11-25,SPY,1,0,1,0.5445635292712964,0.5631310113956742,0.71908647
2020-11-27,SPY,1,0,1,0.5390609757169996,0.5665846701770059,0.79371697
2020-11-30,SPY,1,1,1,0.5532635039816125,0.5637520661263822,0.7067589
2020-12-01,SPY,1,1,1,0.5426917195686647,0.570237271548829,0.8591522
2020-12-02,SPY,1,1,1,0.5390123860841508,0.5691763878215953,0.7930432
2020-12-03,SPY,1,1,1,0.5405423737988159,0.5523648391748637,0.5376631
2020-12-04,SPY,1,1,1,0.5328587029960545,0.5657278945535528,0.7825388
2020-12-07,SPY,1,1,1,0.5387461938785709,0.5502817085143263,0.583074
2020-12-08,SPY,1,0,1,0.5286219888494228,0.5474079938171945,0.5365539
2020-12-09,SPY,1,1,1,0.5472337334668395,0.5607318800808795,0.6854624
2020-12-10,SPY,1,1,1,0.5350088079266477,0.5299144825896589,0.39028007
2020-12-11,SPY,1,0,1,0.535678707199602,0.5341855980363988,0.41776195
2020-12-14,SPY,1,1,1,0.5395501355360923,0.553720712318001,0.631016
2020-12-15,SPY,1,1,1,0.531652664530168,0.5371630102906463,0.53468746
2020-12-16,SPY,1,1,1,0.5386548259951032,0.5333576114267259,0.53426164
2020-12-17,SPY,1,0,1,0.5424100833114252,0.5674202681492493,0.59593666
2020-12-18,SPY,1,1,1,0.5605273046962835,0.5345998622122489,0.50023407
2020-12-21,SPY,0,0,1,0.5519088221109556,0.550595028927468,0.45187527
2020-12-22,SPY,0,0,1,0.5357350674220349,0.5330271151705105,0.5479288
2020-12-23,SPY,0,1,1,0.5324378836704681,0.526221560752315,0.5145879
2020-12-24,SPY,0,1,1,0.5279360184083898,0.5247350127233544,0.45359033
2020-12-28,SPY,0,0,1,0.5303727794530799,0.5332416898742204,0.6323218
2020-12-29,SPY,0,0,1,0.540602896464132,0.5307376453268876,0.4593146
2020-12-30,SPY,0,1,1,0.535826159130263,0.5282654635126766,0.5125748
2020-12-31,SPY,0,0,1,0.5386854980291533,0.5477493100435641,0.60143185
2021-01-04,SPY,0,1,1,0.5614335218313966,0.5863918407074101,0.674113
2021-01-05,SPY,0,1,1,0.5324192754551293,0.5569253838953455,0.5279015
2021-01-06,SPY,0,1,1,0.5458641757939007,0.5965888743225809,0.54659986
2021-01-07,SPY,0,1,1,0.5373434599017755,0.5772432511467376,0.5651764
2021-01-08,SPY,0,1,1,0.5504301633768204,0.5449294463766851,0.45869637
2021-01-11,SPY,0,0,1,0.5498708165707372,0.5667260276177436,0.61520827
2021-01-12,SPY,0,1,1,0.5417453769594455,0.5172617454050923,0.5247429
2021-01-13,SPY,0,0,1,0.539073070230072,0.5796313334811455,0.6085659
2021-01-14,SPY,0,0,1,0.5333893094616291,0.4885942588640775,0.458895
2021-01-15,SPY,0,1,1,0.5423563719956438,0.599133605814042,0.64166874
2021-01-19,SPY,0,1,1,0.5251256302036841,0.5367946946001804,0.6399077
2021-01-20,SPY,0,0,1,0.5344208651568337,0.5645298900866389,0.49629557
2021-01-21,SPY,0,1,1,0.5444426640042668,0.6390796336426129,0.69683
2021-01-22,SPY,0,1,1,0.5486034806483346,0.5526623250548011,0.5097698
2021-01-25,SPY,0,0,1,0.5446697410985097,0.6049133059099536,0.6364664
2021-01-26,SPY,0,0,1,0.5384535306078522,0.5399333576508064,0.47972342
2021-01-27,SPY,0,1,1,0.5650691058587222,0.64479762669407,0.675192
2021-01-28,SPY,0,0,1,0.537101569727534,0.6101281598221983,0.5427131
2021-01-29,SPY,0,1,1,0.5629942869150146,0.5130163483799515,0.56766325
2021-02-01,SPY,0,1,1,0.5328763861669596,0.571078711229204,0.5354539
2021-02-02,SPY,0,0,1,0.5505683562995323,0.5017247651217687,0.45960522
2021-02-03,SPY,0,1,1,0.5551552229272115,0.5610400797595012,0.6217941
2021-02-04,SPY,0,0,1,0.5460006805254258,0.5577925571390747,0.5628428
2021-02-05,SPY,0,1,1,0.5382105171922997,0.5175181479685874,0.5547764
2021-02-08,SPY,0,1,1,0.5259740477225731,0.5396995648572295,0.5228275
2021-02-09,SPY,0,0,1,0.5286739026692467,0.5071615644381978,0.4962702
2021-02-10,SPY,0,0,1,0.5313875787985048,0.5498325602467699,0.52428263
2021-02-11,SPY,0,1,1,0.5200111201721117,0.520936814938784,0.55782956
2021-02-12,SPY,0,0,1,0.5211748302118996,0.5514898470436279,0.5409427
2021-02-16,SPY,0,1,1,0.5262105710943124,0.5527682461396094,0.49388936
2021-02-17,SPY,0,1,1,0.5238217178936575,0.5219301731157618,0.48721418
2021-02-18,SPY,0,0,1,0.5259797190188852,0.4753071395354133,0.52995235
2021-02-19,SPY,0,0,1,0.5273198150107055,0.5414750263328401,0.49963692
2021-02-22,SPY,0,1,1,0.5260558313304502,0.5217262646525623,0.57886225
2021-02-23,SPY,0,1,1,0.5276977883483367,0.557524195270354,0.5377224
2021-02-24,SPY,0,0,1,0.524158317749145,0.5355951597164744,0.56649494
2021-02-25,SPY,0,0,1,0.5771759889361164,0.5863814869046129,0.61705
2021-02-26,SPY,0,1,1,0.5561435512861634,0.5526464024297594,0.57570285
2021-03-01,SPY,0,0,1,0.5524350519059562,0.5653060374998606,0.56418234
2021-03-02,SPY,0,0,1,0.570143868653183,0.5261508315885972,0.5275754
2021-03-03,SPY,0,0,1,0.5688878183821305,0.6169698007473625,0.6253747
2021-03-04,SPY,0,1,1,0.5690616216959823,0.5107699092577535,0.45780608
2021-03-05,SPY,0,0,1,0.546512180981384,0.5302741277864383,0.5481824
2021-03-08,SPY,0,1,1,0.5478465048071085,0.5647420459640696,0.53265643
2021-03-09,SPY,0,0,1,0.5390107946059616,0.5487317083721848,0.52394956
2021-03-10,SPY,0,1,1,0.5463187405458512,0.534683721608333,0.45633057
2021-03-11,SPY,0,1,1,0.5362792619138524,0.49508285541439223,0.5377521
2021-03-12,SPY,0,1,1,0.5316831480346799,0.5362390755481431,0.52155155
2021-03-15,SPY,0,0,1,0.5228934260447162,0.5130630870783023,0.63044906
2021-03-16,SPY,0,1,1,0.5223932535372585,0.5242737920512773,0.5189549
2021-03-17,SPY,0,0,1,0.519589535429088,0.5219665084943316,0.5159371
2021-03-18,SPY,0,0,1,0.5352616580974374,0.52611014302444,0.4955862
2021-03-19,SPY,0,1,1,0.5228161668360528,0.5288512159306652,0.5501883
2021-03-22,SPY,0,0,1,0.5142319730052155,0.5353956574504043,0.5577283
2021-03-23,SPY,0,0,1,0.5298056178356926,0.5231249514176453,0.5014269
2021-03-24,SPY,0,1,1,0.522881189308971,0.5133257058536173,0.5585706
2021-03-25,SPY,0,1,1,0.530740564704825,0.5636700072384759,0.5641526
2021-03-26,SPY,0,1,1,0.5359191795849931,0.5615491158545984,0.5316185
2021-03-29,SPY,0,1,1,0.542205673463991,0.5609772307671076,0.61218613
2021-03-30,SPY,0,1,1,0.538158613209986,0.5145537099355405,0.4989607
2021-03-31,SPY,0,1,1,0.5439162773865642,0.6013039931824069,0.61124146
2021-04-01,SPY,0,1,1,0.5440698367064737,0.6142390059848111,0.61055106
2021-04-05,SPY,0,1,1,0.5372685674777313,0.5971490243667066,0.56937337
2021-04-06,SPY,0,1,1,0.541958708669273,0.5860574472348622,0.517774
2021-04-07,SPY,0,1,1,0.534126809646449,0.6069621779292064,0.55507046
2021-04-08,SPY,0,1,1,0.5301480338339761,0.577968700985698,0.5420168
2021-04-09,SPY,0,1,1,0.5260895336599083,0.5804044115554988,0.5413973
2021-04-12,SPY,0,1,1,0.5244488113426259,0.5842962531748045,0.56423813
2021-04-13,SPY,0,0,1,0.5211316164187143,0.5576746303801517,0.53774405
2021-04-14,SPY,0,1,1,0.5283390921152283,0.5456985157812244,0.49859658
2021-04-15,SPY,0,1,1,0.5200290415091424,0.6284892542331534,0.604877
2021-04-16,SPY,0,0,1,0.5392883277571102,0.5957980709946559,0.574038
2021-04-19,SPY,0,0,1,0.5459012860612865,0.5759371981417997,0.5985723
2021-04-20,SPY,0,1,1,0.5443186838756364,0.5933108628095425,0.54827946
2021-04-21,SPY,0,0,1,0.5342822193785199,0.5809554507836742,0.61074346
2021-04-22,SPY,0,1,1,0.556975680745332,0.5848358610617078,0.6520682
2021-04-23,SPY,0,1,1,0.5392758146563917,0.5099064300603245,0.56596065
2021-04-26,SPY,0,0,1,0.5409237022127794,0.5566394538897083,0.5836855
2021-04-27,SPY,0,0,1,0.5431374592697047,0.5212791352742622,0.49712437
2021-04-28,SPY,0,0,1,0.5420889497445851,0.497628125338836,0.50462085
2021-04-29,SPY,0,0,1,0.5474013884452043,0.5613664426029772,0.6069778
2021-04-30,SPY,0,0,1,0.5552047437072396,0.5903745813003138,0.6168178
2021-05-03,SPY,0,0,1,0.5378852193615512,0.5121845923092679,0.51887876
2021-05-04,SPY,0,0,1,0.5579308133604549,0.5968415909280368,0.6102777
2021-05-05,SPY,0,1,1,0.5345469448703464,0.49949732547735587,0.493722
2021-05-06,SPY,0,1,1,0.5369911997451214,0.5691221457712354,0.5364896
2021-05-07,SPY,0,0,1,0.5375844915000949,0.5489372869538264,0.5615415
2021-05-10,SPY,0,1,1,0.5560859822094871,0.570225977221206,0.5428551
2021-05-11,SPY,0,0,1,0.5621882557712131,0.6456029338136284,0.6980056
2021-05-12,SPY,0,1,1,0.5686983237736525,0.5270929506583928,0.49715868
2021-05-13,SPY,0,1,1,0.5334482152696113,0.6540094755339492,0.58669496
2021-05-14,SPY,0,1,1,0.5342368701335564,0.5424382863772806,0.5108442
2021-05-17,SPY,0,0,1,0.549107198831618,0.5281060186917085,0.48238662
2021-05-18,SPY,0,1,1,0.5528204208807463,0.5341379366184422,0.53639835
2021-05-19,SPY,0,1,1,0.5518290793748993,0.56041540738761,0.5155896
2021-05-20,SPY,0,0,1,0.5356170532375738,0.5157840910167003,0.5186188
2021-05-21,SPY,0,1,1,0.5365084054922135,0.500804136196376,0.50674814
2021-05-24,SPY,0,0,1,0.5254886921799602,0.5407529016953881,0.53920853
2021-05-25,SPY,0,1,1,0.5354212239368557,0.5292593916360949,0.51770407
2021-05-26,SPY,0,0,1,0.5257340958622784,0.49482060411712775,0.5272486
2021-05-27,SPY,0,0,1,0.5247389531248203,0.5132151076593248,0.47422192
2021-05-28,SPY,0,0,1,0.5258395587143755,0.5065659393205355,0.5235821
2021-06-01,SPY,0,0,1,0.5201244650679915,0.5097308527830158,0.4951029
2021-06-02,SPY,0,1,1,0.519139065081265,0.47041727757526397,0.5043803
2021-06-03,SPY,0,1,1,0.52559399730751,0.49751388405878283,0.48905694
2021-06-04,SPY,0,0,1,0.5188612451046123,0.5522302149563444,0.56374836
2021-06-07,SPY,0,0,1,0.5247468787840878,0.5250845930287577,0.509545
2021-06-08,SPY,0,0,1,0.5257142806389132,0.5228694164490448,0.55525154
2021-06-09,SPY,0,1,1,0.5299021494394176,0.5225819431227585,0.5220391
2021-06-10,SPY,0,1,1,0.5360093247522196,0.5472508943065515,0.58909035
2021-06-11,SPY,0,1,1,0.5311631669818196,0.5192170879953903,0.49767986
2021-06-14,SPY,0,0,1,0.5282550856755129,0.48138591980230266,0.46818247
2021-06-15,SPY,0,0,1,0.5365492387351002,0.5003407202485765,0.5200782
2021-06-16,SPY,0,1,1,0.5537401249743429,0.5608772063681212,0.5589505
2021-06-17,SPY,0,0,1,0.5552849569101941,0.4962579373496855,0.42667976
2021-06-18,SPY,0,1,1,0.5666116192065656,0.5359243704763035,0.5942587
2021-06-21,SPY,0,1,1,0.5379155048335763,0.5687619268811852,0.47564784
2021-06-22,SPY,0,0,1,0.5439436919360441,0.5605335281436733,0.557319
2021-06-23,SPY,0,1,1,0.5479056050885343,0.5189338744081179,0.54563594
2021-06-24,SPY,0,1,1,0.5417805144810519,0.5594444105816015,0.56186634
2021-06-25,SPY,0,1,1,0.5439529791796278,0.5208769361719697,0.5324993
2021-06-28,SPY,0,0,1,0.5359420808535499,0.505047410967967,0.49351594
2021-06-29,SPY,0,1,1,0.5301608049404948,0.479915803505852,0.47174424
2021-06-30,SPY,0,1,1,0.5379458577188222,0.5567325669325573,0.5225605
2021-07-01,SPY,0,1,1,0.531398855425257,0.4930483575227291,0.51176274
2021-07-02,SPY,0,0,1,0.5324940121449414,0.5476924603976491,0.55060095
2021-07-06,SPY,0,1,1,0.5440708042283533,0.5300686518031081,0.5626952
2021-07-07,SPY,0,1,1,0.5375135579467637,0.5227666099208781,0.5311384
2021-07-08,SPY,0,1,1,0.5572318626894909,0.6184301063387523,0.59248877
2021-07-09,SPY,0,1,1,0.5364421709131709,0.6449164123800887,0.58333623
2021-07-12,SPY,0,0,1,0.534811196191291,0.5530880301090901,0.5558241
2021-07-13,SPY,0,0,1,0.5393692311578094,0.5282085915889767,0.54781115
2021-07-14,SPY,0,0,1,0.5387021954192797,0.539518862059052,0.57004523
2021-07-15,SPY,0,0,1,0.5404517211331648,0.4962586536182283,0.44950786
2021-07-16,SPY,0,0,1,0.5438103285775979,0.5884263520058848,0.6224056
2021-07-19,SPY,0,1,1,0.5686916050597912,0.5490720511047447,0.5116337
2021-07-20,SPY,0,1,1,0.5420013578459955,0.6059735788642608,0.62977356
2021-07-21,SPY,0,1,1,0.5445113196346252,0.5581634082945801,0.5340935
2021-07-22,SPY,0,1,1,0.549081775495386,0.5558313098174619,0.56652325
2021-07-23,SPY,0,1,1,0.5490647052772452,0.5781709382732667,0.5523855
2021-07-26,SPY,0,0,1,0.5424238422953539,0.5883260456214858,0.5841342
2021-07-27,SPY,0,0,1,0.5473589352829692,0.5281143977354215,0.61219144
2021-07-28,SPY,0,1,1,0.5355357204968072,0.5385506462471066,0.5231099
2021-07-29,SPY,0,1,1,0.5312529682119552,0.5548889429291097,0.53286237
2021-07-30,SPY,0,0,1,0.536847020130886,0.5176503906650322,0.5122373
2021-08-02,SPY,0,1,1,0.5282909074054036,0.4862742059567309,0.4473866
2021-08-03,SPY,0,0,1,0.5268734258759284,0.5170733876877401,0.5351284
2021-08-04,SPY,0,1,1,0.5342248408529946,0.5108362176412016,0.5909409
2021-08-05,SPY,0,1,1,0.5283370036188066,0.5255850085957566,0.5287024
2021-08-06,SPY,0,0,1,0.5333430822991875,0.5117004786617863,0.50481325
2021-08-09,SPY,0,1,1,0.5323141274934535,0.5125784906205689,0.49997854
2021-08-10,SPY,0,0,1,0.5288197440153001,0.5401708943981841,0.5294532
2021-08-11,SPY,0,1,1,0.5271897219749625,0.47278433740084147,0.51876575
2021-08-12,SPY,0,1,1,0.524798957953128,0.5095165142246263,0.54654133
2021-08-13,SPY,0,1,1,0.5299393595555767,0.5030357775222555,0.5368843
2021-08-16,SPY,0,0,1,0.5486225166019453,0.5863752301293165,0.5148503
2021-08-17,SPY,0,0,1,0.5646314755518825,0.5608932328826373,0.49762926
2021-08-18,SPY,0,1,1,0.5600948677220785,0.6237552026658091,0.6083014
2021-08-19,SPY,0,1,1,0.5478507445509003,0.654903527847897,0.6664804
2021-08-20,SPY,0,1,1,0.5393775556312521,0.5483769432684832,0.54863685
2021-08-23,SPY,0,0,1,0.5382018516709522,0.607598556801718,0.58760476
2021-08-24,SPY,0,1,1,0.5423941219203514,0.5802709658579266,0.5941936
2021-08-25,SPY,0,0,1,0.5380655819557728,0.4981560061178538,0.5091259
2021-08-26,SPY,0,1,1,0.5483020587265633,0.5260938495393579,0.57566
2021-08-27,SPY,0,1,1,0.5437856797202636,0.6013302183557923,0.63324565
2021-08-30,SPY,0,0,1,0.5381595231447752,0.548500572791746,0.5202159
2021-08-31,SPY,0,0,1,0.544283723425628,0.5171865803478313,0.50481594
2021-09-01,SPY,0,0,1,0.5402899654857883,0.5374945188692807,0.54665524
2021-09-02,SPY,0,1,1,0.5335792238995425,0.48840897584933324,0.5004337
2021-09-03,SPY,0,0,1,0.5328390883371013,0.5150554535522475,0.4985098
2021-09-07,SPY,0,1,1,0.5350157075656041,0.47921779841657874,0.45674315
2021-09-08,SPY,0,0,1,0.5339100209594675,0.4725522276304491,0.46624535
2021-09-09,SPY,0,0,1,0.5355548708681547,0.4475160082159896,0.46602818
2021-09-10,SPY,0,0,1,0.5443887286868608,0.5756921918851534,0.520813
2021-09-13,SPY,0,0,1,0.5357086786457531,0.6281311547740599,0.6263718
2021-09-14,SPY,0,1,1,0.5403544895322605,0.6564338204179103,0.61178637
2021-09-15,SPY,0,0,1,0.5399448753648154,0.5710270948513643,0.6172208
2021-09-16,SPY,0,0,1,0.5545141878946706,0.6031736461686574,0.6499096
2021-09-17,SPY,0,0,1,0.5703503460481294,0.6312685448162159,0.65367496
2021-09-20,SPY,0,0,1,0.5720897733185177,0.3961240052480653,0.4832396
2021-09-21,SPY,0,1,1,0.5423147904741822,0.551433257657321,0.43544418
2021-09-22,SPY,0,1,1,0.538579716456558,0.5918095876405867,0.5885331
2021-09-23,SPY,0,1,1,0.5410935917793656,0.5876934996512305,0.5797129
2021-09-24,SPY,0,0,1,0.5510920774187993,0.5804270178778964,0.54572046
2021-09-27,SPY,0,0,1,0.545646260655639,0.5410513842215435,0.5261602
2021-09-28,SPY,0,0,1,0.5693586524270287,0.4989383782871358,0.5057811
2021-09-29,SPY,0,0,1,0.5354243139260964,0.5721239535053135,0.5488041
2021-09-30,SPY,0,1,1,0.5470594101902658,0.467587966064262,0.4365592
2021-10-01,SPY,0,0,1,0.5326441287630868,0.5947927212121894,0.58438134
2021-10-04,SPY,0,1,1,0.5492915955857909,0.5547490226477823,0.5400549
2021-10-05,SPY,0,1,1,0.5298354535030354,0.5758656218905975,0.5784915
2021-10-06,SPY,0,1,1,0.5401651771330434,0.5961935532259496,0.5743303
2021-10-07,SPY,0,0,1,0.5300099054842532,0.5739975684908192,0.62139416
2021-10-08,SPY,0,0,1,0.536058163026092,0.5469322993403393,0.51467174
2021-10-11,SPY,0,0,1,0.5317438064119315,0.545105978246741,0.4790154
2021-10-12,SPY,0,1,1,0.5243384325119314,0.5501129745255019,0.5502022
2021-10-13,SPY,0,1,1,0.5178259858058522,0.5816950192156309,0.6259611
2021-10-14,SPY,0,1,1,0.5163589621383852,0.5116537560891415,0.47384956
2021-10-15,SPY,0,1,1,0.5294310002712208,0.5551933536832824,0.55414087
2021-10-18,SPY,0,1,1,0.5358308056413668,0.5621207766904026,0.6079813
2021-10-19,SPY,0,1,1,0.528142073297745,0.5118199022854256,0.48025158
2021-10-20,SPY,0,1,1,0.528205049584671,0.5664461560238085,0.60375595
2021-10-21,SPY,0,0,1,0.5165021381989906,0.4965264523473936,0.5822984
2021-10-22,SPY,0,1,1,0.5202805183789323,0.5132012488730004,0.49968758
2021-10-25,SPY,0,0,1,0.5144569677429375,0.5085799438515394,0.45916036
2021-10-26,SPY,0,0,1,0.526385362213366,0.5981207732117427,0.5991041
2021-10-27,SPY,0,1,1,0.5332159069469992,0.6117739715587883,0.66131794
2021-10-28,SPY,0,1,1,0.529779576809607,0.5866865392056588,0.6137424
2021-10-29,SPY,0,0,1,0.5391887340032754,0.5794519150893034,0.5761338
2021-11-01,SPY,0,1,1,0.5390550443067618,0.5621317470896066,0.55597967
2021-11-02,SPY,0,1,1,0.5374759877569714,0.5719467059623641,0.55437386
2021-11-03,SPY,0,1,1,0.5358417751526345,0.5784474523422418,0.5059827
2021-11-04,SPY,0,0,1,0.5330436528191592,0.6110878272616938,0.6020923
2021-11-05,SPY,0,0,1,0.5427882306558032,0.5490483725319657,0.48944303
2021-11-08,SPY,0,0,1,0.5401530094721878,0.5374094394801169,0.5672096
2021-11-09,SPY,0,0,1,0.5462202818249468,0.5540146823545085,0.49762878
2021-11-10,SPY,0,0,1,0.557795157056156,0.627898612851252,0.6247919
2021-11-11,SPY,0,1,1,0.5291589416458901,0.4942654310081316,0.4753089
2021-11-12,SPY,0,0,1,0.5383115981265697,0.5203904604062111,0.5540478
2021-11-15,SPY,0,1,1,0.5416525704382629,0.5326616144272166,0.52122456
2021-11-16,SPY,0,0,1,0.5412306409550319,0.5618425904091408,0.6184712
2021-11-17,SPY,0,1,1,0.5418874184443656,0.515187243616826,0.5171522
2021-11-18,SPY,0,0,1,0.5385155161904029,0.5388341168913593,0.46828425
2021-11-19,SPY,0,0,1,0.5436939080878701,0.5504066074068409,0.55356663
2021-11-22,SPY,0,1,1,0.5506175446911733,0.58685767804578,0.5163521
2021-11-23,SPY,0,1,1,0.5455874806695539,0.6204395933734146,0.576867
2021-11-24,SPY,0,0,1,0.5430120773674353,0.6022878050644556,0.61291516
2021-11-26,SPY,0,1,1,0.5758715129943361,0.5670950039776992,0.48386434
2021-11-29,SPY,0,0,1,0.5474473368793275,0.5966839054885636,0.61787426
2021-11-30,SPY,0,0,1,0.5777415343943426,0.4421922848593628,0.39033753
2021-12-01,SPY,0,1,1,0.5597561064197293,0.4560261325385506,0.48401794
2021-12-02,SPY,0,0,1,0.5471340773631325,0.5716362575137454,0.5291859
2021-12-03,SPY,0,1,1,0.5626632535884596,0.5297870708138916,0.61402947
2021-12-06,SPY,0,1,1,0.5415074323406605,0.6002277404003826,0.5854466
2021-12-07,SPY,0,1,1,0.541704044870686,0.5390737242642762,0.5359809
2021-12-08,SPY,0,0,1,0.5482140698693506,0.5345741238757771,0.52208436
2021-12-09,SPY,0,1,1,0.5496507730404275,0.5085728236776359,0.5657472
2021-12-10,SPY,0,0,1,0.5371512045671819,0.5258203900460702,0.4419676
2021-12-13,SPY,0,1,1,0.5464873438756759,0.5469496129438984,0.50931925
2021-12-14,SPY,0,1,1,0.5315461873120119,0.575088323900212,0.6110266
2021-12-15,SPY,0,0,1,0.5265586116877429,0.6232542228815126,0.5682205
2021-12-16,SPY,0,0,1,0.5445865439292973,0.6428323721740448,0.58101344
2021-12-17,SPY,0,1,1,0.541070048614249,0.5439710707019728,0.5399485
2021-12-20,SPY,0,1,1,0.5334972968429083,0.5260369751983834,0.46929967
2021-12-21,SPY,0,1,1,0.5171069716392794,0.5048523323047129,0.46839443
2021-12-22,SPY,0,1,1,0.5211381318323238,0.5161053606832265,0.5211331
2021-12-23,SPY,0,1,1,0.5259752869138916,0.5717870168275229,0.5570196
2021-12-27,SPY,0,0,1,0.5313660256405376,0.6091370316426241,0.6309524
2021-12-28,SPY,0,1,1,0.531296802154202,0.5496200369779953,0.6061809
2021-12-29,SPY,0,0,1,0.5316198981103581,0.6060924375945997,0.61418575
2021-12-30,SPY,0,0,1,0.5366305402029944,0.5126367719315418,0.46745026
2021-12-31,SPY,0,1,1,0.5332260625667538,0.5167330748457635,0.5151832
2022-01-03,SPY,0,0,1,0.5246434064689769,0.5905405553690813,0.5060251
2022-01-04,SPY,0,0,1,0.5288032700829065,0.5811355077549091,0.54161674
2022-01-05,SPY,0,1,1,0.5503446807002826,0.5540060781565779,0.38172054
2022-01-06,SPY,0,0,1,0.5314963515583608,0.5132501507727462,0.50885475
2022-01-07,SPY,0,1,1,0.5356183664396912,0.498812097856206,0.513449
2022-01-10,SPY,0,1,1,0.5363460037206328,0.5612620324688427,0.48703018
2022-01-11,SPY,0,0,1,0.5322521240982228,0.5317985854911675,0.5150083
2022-01-12,SPY,0,0,1,0.5326171550019572,0.52530646455741,0.4602495
2022-01-13,SPY,0,1,1,0.5488494817231603,0.603090590871972,0.5530173
2022-01-14,SPY,0,0,1,0.5398323729153016,0.6085875343731942,0.5004322
2022-01-18,SPY,0,0,1,0.5593323835628151,0.5621786605490032,0.70662695
2022-01-19,SPY,0,0,1,0.5475365058674619,0.5548621663304618,0.6493395
2022-01-20,SPY,0,0,1,0.5424679091324274,0.5382693597681043,0.8827838
2022-01-21,SPY,0,1,1,0.5526622176927868,0.48361095520315217,0.41392386
2022-01-24,SPY,0,1,1,0.539211185750476,0.4810877834694022,0.42021722
2022-01-25,SPY,0,0,1,0.5429286076518501,0.6012817107500161,0.76871455
2022-01-26,SPY,0,0,1,0.5391326442367002,0.5817270104935021,0.76082665
2022-01-27,SPY,0,1,1,0.5387510387982171,0.6424695214056464,0.8811826
2022-01-28,SPY,0,1,1,0.5314295099542572,0.5371010630934032,0.480707
2022-01-31,SPY,0,1,1,0.544201970445219,0.5365804802255837,0.3109911
2022-02-01,SPY,0,1,1,0.5438994723576397,0.5354383911620629,0.51811546
2022-02-02,SPY,0,0,1,0.5354665661738967,0.5452724588851158,0.81234026
2022-02-03,SPY,1,1,1,0.565056964546833,0.4810234040591262,0.35637382
2022-02-04,SPY,1,0,1,0.5308763800849574,0.592024488612591,0.7280766
2022-02-07,SPY,1,1,1,0.5275042833070109,0.57967639074626,0.6562497
2022-02-08,SPY,1,1,1,0.5209702143860572,0.5708473413067564,0.64187795
2022-02-09,SPY,1,0,1,0.5222344181926797,0.4993131057494478,0.4412834
2022-02-10,SPY,1,0,1,0.5422447038754047,0.5091776254887229,0.2843204
2022-02-11,SPY,1,0,1,0.541891567705524,0.47025711151308125,0.24292918
2022-02-14,SPY,1,1,1,0.522727952322186,0.48415508825769843,0.4826777
2022-02-15,SPY,1,1,1,0.516810194605543,0.50629402741399,0.48280424
2022-02-16,SPY,1,0,1,0.5302533515514338,0.5059546511980982,0.475423
2022-02-17,SPY,1,0,1,0.5487083794330903,0.5152054047629923,0.43559822
2022-02-18,SPY,1,0,1,0.5396234231797826,0.5327764797937152,0.6645045
2022-02-22,SPY,1,0,1,0.5395998208789023,0.505593415303725,0.5602093
2022-02-23,SPY,1,1,1,0.5345995199643501,0.41117079116240096,0.19830734
2022-02-24,SPY,1,1,1,0.5377413377676041,0.4063505077982645,0.12311608
2022-02-25,SPY,1,1,1,0.5384834239844856,0.5892827193730932,0.70051616
2022-02-28,SPY,1,0,1,0.5595156957433088,0.5209700756546155,0.5104656
2022-03-01,SPY,1,1,1,0.5606531875780613,0.45278361613314794,0.50261986
2022-03-02,SPY,1,0,1,0.5279737784558141,0.5108905829399275,0.22602084
2022-03-03,SPY,1,1,1,0.539092201321526,0.5563281780323763,0.6858784
2022-03-04,SPY,1,0,1,0.5372074734682276,0.5289851146903729,0.52616316
2022-03-07,SPY,1,0,1,0.5535962145132094,0.46229827881637325,0.40156686
2022-03-08,SPY,1,1,1,0.5360678276510163,0.48851075705718555,0.6300118
2022-03-09,SPY,1,1,1,0.5137034597301889,0.46201121652021376,0.22574584
2022-03-10,SPY,1,0,1,0.536568312096937,0.5161415050007125,0.46031317
2022-03-11,SPY,1,0,1,0.5453907187049125,0.5089115491137541,0.29485127
2022-03-14,SPY,1,1,1,0.535818422075205,0.59735857166352,0.557386
2022-03-15,SPY,1,1,1,0.5235777490258556,0.5448918737697975,0.6413408
2022-03-16,SPY,1,1,1,0.5293411026650535,0.581101307835029,0.7106913
2022-03-17,SPY,1,1,1,0.5327212536369047,0.4928796174796481,0.37966666
2022-03-18,SPY,1,1,1,0.532455492844085,0.5027384293260202,0.7240601
2022-03-21,SPY,1,1,1,0.5298932114812968,0.4749712575489549,0.22381902
2022-03-22,SPY,1,0,1,0.5154724578477974,0.5377106854512225,0.7384538
2022-03-23,SPY,1,1,1,0.5380983652520837,0.45889820673929516,0.44986224
2022-03-24,SPY,1,1,1,0.5123828883280475,0.5661568688685051,0.33199647
2022-03-25,SPY,1,1,1,0.5204373029821631,0.5401946643348602,0.41428462
2022-03-28,SPY,1,1,1,0.5194424577687459,0.5435040897296335,0.50915426
2022-03-29,SPY,1,0,1,0.5257443804940634,0.5133209873153731,0.44821045
2022-03-30,SPY,1,0,1,0.5288523970138013,0.5097299720828675,0.47070226
2022-03-31,SPY,1,0,1,0.540553778283626,0.5132277502051776,0.5786733
2022-04-01,SPY,1,1,1,0.520413801436749,0.5625467463728583,0.5483003
2022-04-04,SPY,1,0,1,0.525710007961924,0.5776580934460506,0.8483864
2022-04-05,SPY,1,0,1,0.5379765761721617,0.5889550733070051,0.8402898
2022-04-06,SPY,1,1,1,0.5411277373634772,0.5097019657923041,0.27418557
2022-04-07,SPY,1,0,1,0.5297213127651672,0.49829284297810306,0.33751404
2022-04-08,SPY,1,0,1,0.5391294373561296,0.5703342164090832,0.5289717
2022-04-11,SPY,1,0,1,0.5459491625115113,0.521681916923067,0.33404338
2022-04-12,SPY,1,1,1,0.5358953979812408,0.5271053213906286,0.49761018
2022-04-13,SPY,1,0,1,0.5334766146052496,0.6036601544445647,0.57802564
2022-04-14,SPY,1,1,1,0.5519140466160883,0.629596624464211,0.8810822
2022-04-18,SPY,1,1,1,0.534249318717548,0.5627671886009389,0.7338117
2022-04-19,SPY,1,0,1,0.5370558073455904,0.5807944164212511,0.63982683
2022-04-20,SPY,1,0,1,0.5417900550048553,0.5400268836707346,0.5372353
2022-04-21,SPY,1,0,1,0.5540241470970804,0.5806919223455318,0.643292
2022-04-22,SPY,1,1,1,0.5680730639716882,0.4972771536335548,0.7613272
2022-04-25,SPY,1,0,1,0.5433669011182591,0.4290410388907994,0.2750192
2022-04-26,SPY,1,1,1,0.5449197742902998,0.6672063042787981,0.61012244
2022-04-27,SPY,1,1,1,0.5316697866748117,0.520166440136998,0.55803156
2022-04-28,SPY,1,0,1,0.5394995321623175,0.5116544081032505,0.50646186
2022-04-29,SPY,1,1,1,0.5843428531208767,0.47761157817778577,0.7174979
2022-05-02,SPY,1,1,1,0.5562282722341737,0.5244859272956854,0.39459357
2022-05-03,SPY,1,1,1,0.545532781165801,0.5619860835718752,0.6237168
2022-05-04,SPY,1,0,1,0.552081684897913,0.5838252534009412,0.6799276
2022-05-05,SPY,1,1,1,0.5850234004816979,0.5359444408545901,0.7053487
2022-05-06,SPY,1,0,1,0.551096608032513,0.5431802939068868,0.6602772
2022-05-09,SPY,1,0,1,0.5587976034940808,0.5934275879207374,0.5851294
2022-05-10,SPY,1,0,1,0.5354024842279931,0.4582868027935365,0.22876082
2022-05-11,SPY,1,1,1,0.5233311350334438,0.48467973580418794,0.45905864
2022-05-12,SPY,1,1,1,0.5131163641183413,0.5472717177947349,0.56350696
2022-05-13,SPY,1,1,1,0.5200347883724962,0.5034912069089504,0.56632143
2022-05-16,SPY,1,1,1,0.5253872284539011,0.6028431728607765,0.90194094
2022-05-17,SPY,1,0,1,0.5158087184327094,0.5588456586364541,0.41827366
2022-05-18,SPY,1,1,1,0.5590245675698373,0.5948892080584336,0.8600605
2022-05-19,SPY,1,0,1,0.5283100384392918,0.6524579582950316,0.968495
2022-05-20,SPY,1,1,1,0.5260466697439985,0.4910712031172051,0.3686651
2022-05-23,SPY,1,1,1,0.516247817349223,0.5081526432679913,0.27815726
2022-05-24,SPY,1,1,1,0.5339328133239605,0.4625557394691509,0.28776798
2022-05-25,SPY,1,1,1,0.5117050467106797,0.6025856836982372,0.7503992
2022-05-26,SPY,1,1,1,0.5064885185223241,0.45172124681634657,0.35456976
2022-05-27,SPY,1,0,1,0.5204497381911632,0.607808360752049,0.7074557
2022-05-31,SPY,1,0,1,0.5357269955804819,0.45830866025051054,0.6046392
2022-06-01,SPY,1,1,1,0.5282491442574136,0.4555381220600776,0.29649097
2022-06-02,SPY,1,0,1,0.5076438046708481,0.46900705444978574,0.30995518
2022-06-03,SPY,1,0,1,0.5325733121569327,0.5164057086501442,0.6356306
2022-06-06,SPY,1,1,1,0.506677021871214,0.5371308147091878,0.7747731
2022-06-07,SPY,1,0,1,0.5188080396332212,0.5899990589387341,0.6743309
2022-06-08,SPY,1,0,1,0.5316029490698686,0.5177892726786887,0.71269584
2022-06-09,SPY,1,0,1,0.5355497883570705,0.48495903873426377,0.597175
2022-06-10,SPY,1,0,1,0.5471167517707156,0.6130965507595363,0.89417577
2022-06-13,SPY,1,0,1,0.5424836613623127,0.6236612772847641,0.64906085
2022-06-14,SPY,1,1,1,0.5024314327902661,0.564479103607864,0.3332891
2022-06-15,SPY,1,0,1,0.5206616832838434,0.4704245370402649,0.3672519
2022-06-16,SPY,1,1,1,0.5628455667108264,0.5245729293264848,0.6757488
2022-06-17,SPY,1,1,1,0.5466376887002449,0.46745347274086135,0.3807621
2022-06-21,SPY,1,1,1,0.5406211233463263,0.5754910874716052,0.8672869
2022-06-22,SPY,1,1,1,0.5579879057301992,0.5039593949493072,0.3826641
2022-06-23,SPY,1,1,1,0.5495574079048755,0.5291525064196027,0.68945074
2022-06-24,SPY,1,0,1,0.5356912864313846,0.5937930990663457,0.50167185
2022-06-27,SPY,1,0,1,0.5462135930826276,0.5080073379400338,0.67723805
2022-06-28,SPY,1,0,1,0.5464499255560281,0.49412575555002347,0.37546334
2022-06-29,SPY,1,1,1,0.5263828040573882,0.5640389588359102,0.58297896
2022-06-30,SPY,1,1,1,0.5337719098826564,0.5562458255271079,0.49926585
2022-07-01,SPY,1,1,1,0.5030642896076326,0.548541293055502,0.53382355
2022-07-05,SPY,1,1,1,0.5182351079330676,0.49587750094043365,0.3959195
2022-07-06,SPY,1,1,1,0.5073402993909755,0.5226292818446866,0.75019026
2022-07-07,SPY,1,1,1,0.500734232125032,0.4853891620889745,0.43240416
2022-07-08,SPY,1,0,1,0.5067950544482188,0.5534766528878183,0.6999077
2022-07-11,SPY,1,0,1,0.5128191974236957,0.4844512966747257,0.4156405
2022-07-12,SPY,1,1,1,0.5139591593088492,0.52473148268582,0.62213916
2022-07-13,SPY,1,1,1,0.5242502145637539,0.4817854632727058,0.44859058
2022-07-14,SPY,1,1,1,0.519094817979248,0.5054764394077599,0.7385884
2022-07-15,SPY,1,0,1,0.5211666874786204,0.5741444317952362,0.79851806
2022-07-18,SPY,1,1,1,0.5467440516753906,0.48592274602499685,0.6248816
2022-07-19,SPY,1,1,1,0.5388873706170861,0.5942228053642552,0.7675849
2022-07-20,SPY,1,1,1,0.5476173395405218,0.5629963449245498,0.67644894
2022-07-21,SPY,1,0,1,0.5384569989650133,0.5244356904395854,0.5235917
2022-07-22,SPY,1,0,1,0.5478474112792564,0.5328318869832669,0.60179394
2022-07-25,SPY,1,0,1,0.5230430851427085,0.5445669992273197,0.5321713
2022-07-26,SPY,1,1,1,0.5222660717842705,0.4921746296320761,0.7811996
2022-07-27,SPY,1,1,1,0.5249225437569998,0.5922165429196863,0.59502697
2022-07-28,SPY,1,1,1,0.539745125530131,0.5164266730156907,0.35301998
2022-07-29,SPY,1,1,1,0.5476641900378093,0.5316623912086319,0.52653766
2022-08-01,SPY,1,0,1,0.5472904831224341,0.43981977332372874,0.23415782
2022-08-02,SPY,1,1,1,0.5346676324371527,0.4329435545202436,0.12370974
2022-08-03,SPY,1,0,1,0.5169249885926792,0.5929537146766762,0.6267202
2022-08-04,SPY,1,1,1,0.517576700417314,0.4964776303951948,0.37841132
2022-08-05,SPY,1,0,1,0.5203992562839549,0.5412393958549471,0.38184592
2022-08-08,SPY,1,0,1,0.5216752420084756,0.5038325936659127,0.20256686
2022-08-09,SPY,1,1,1,0.5210557689892205,0.5518647690105281,0.57371575
2022-08-10,SPY,1,0,1,0.5242996453108795,0.537361537924106,0.49169973
2022-08-11,SPY,1,1,1,0.5401789511977806,0.6189052004005766,0.84110445
2022-08-12,SPY,1,1,1,0.5326813527331532,0.5003960118607743,0.3085889
2022-08-15,SPY,1,1,1,0.5404415942565666,0.5307477359578041,0.40874124
2022-08-16,SPY,1,1,1,0.5355371712051978,0.6215094514859326,0.7399219
2022-08-17,SPY,1,1,1,0.536678675285458,0.4845513726108686,0.28943217
2022-08-18,SPY,1,0,1,0.5205651739049381,0.5032930444278233,0.43068674
2022-08-19,SPY,1,0,1,0.5375792946859785,0.5261536357686518,0.27174556
2022-08-22,SPY,1,0,1,0.5434019773955333,0.4659656644595093,0.5138887
2022-08-23,SPY,1,1,1,0.5246923011852334,0.548588874163313,0.70205307
2022-08-24,SPY,1,1,1,0.5291023608982179,0.5944036082590949,0.8321061
2022-08-25,SPY,1,0,1,0.536738071500725,0.5355288463262727,0.32402816
2022-08-26,SPY,1,1,1,0.5845776419208107,0.46189976413553774,0.27588552
2022-08-29,SPY,1,0,1,0.5469345373351029,0.5377870278151852,0.59157693
2022-08-30,SPY,1,0,1,0.5566922049269911,0.552536617165333,0.6109219
2022-08-31,SPY,1,1,1,0.5498881635430551,0.5212224759658541,0.59809095
2022-09-01,SPY,1,0,1,0.5478359066953205,0.5914608283609059,0.72308284
2022-09-02,SPY,1,0,1,0.552409807248819,0.5476293837449461,0.510193
2022-09-06,SPY,1,1,1,0.5421964750279961,0.5522341420628357,0.79493743
2022-09-07,SPY,1,1,1,0.5401521211630897,0.5366195774586809,0.6396805
2022-09-08,SPY,1,1,1,0.5509231725639234,0.5714727930618484,0.44061536
2022-09-09,SPY,1,1,1,0.5471556673928129,0.5610917684450107,0.44029567
2022-09-12,SPY,1,0,1,0.5389352905480937,0.5327245770390296,0.5687538
2022-09-13,SPY,1,1,1,0.5850496069244644,0.5366133280557384,0.60566777
2022-09-14,SPY,1,0,1,0.5321223096294414,0.506201855441271,0.4895724
2022-09-15,SPY,1,1,1,0.5416085534665144,0.4949935840784904,0.19301301
2022-09-16,SPY,1,1,1,0.5383894960349006,0.45659094184851123,0.20133027
2022-09-19,SPY,1,0,1,0.5314441991329101,0.5608788304177503,0.52912325
2022-09-20,SPY,1,0,1,0.5331461652024407,0.4696046526501506,0.22233988
2022-09-21,SPY,1,0,1,0.5397908204393487,0.43034334416150904,0.21683848
2022-09-22,SPY,1,0,1,0.5258646724631785,0.5897586696909244,0.46204093
2022-09-23,SPY,1,0,1,0.5359262217847373,0.47152540539511917,0.40675667
2022-09-26,SPY,1,0,1,0.5240632748566788,0.5552925918620492,0.6985804
2022-09-27,SPY,1,1,1,0.5326236413171754,0.4944725998740898,0.38154706
2022-09-28,SPY,1,0,1,0.5402340701223579,0.5097202735051628,0.53051114
2022-09-29,SPY,1,0,1,0.5691156517174327,0.5773431015617477,0.68368053
2022-09-30,SPY,1,1,1,0.5635114140728867,0.4874036967860984,0.47245884
2022-10-03,SPY,1,1,1,0.5342054226817672,0.5820807408217549,0.7075731
2022-10-04,SPY,1,1,1,0.5516629217679987,0.4862829600829186,0.24360847
2022-10-05,SPY,1,0,1,0.5666781955544815,0.5119993773936529,0.38285822
2022-10-06,SPY,1,0,1,0.5528016552077559,0.43502629916890034,0.19722237
2022-10-07,SPY,1,0,1,0.5498611109912841,0.5658340803039312,0.69945997
2022-10-10,SPY,1,0,1,0.5095041209344192,0.5839669455391138,0.5744635
2022-10-11,SPY,1,0,1,0.5098806699099341,0.5736681209429715,0.7517343
2022-10-12,SPY,1,1,1,0.5092940841521789,0.5924776412624377,0.7472346
2022-10-13,SPY,1,0,1,0.5358658438920235,0.4122888134278295,0.21952361
2022-10-14,SPY,1,1,1,0.558147650082639,0.5163043998237624,0.4099201
2022-10-17,SPY,1,0,1,0.5240882902107814,0.5924750674856508,0.7377126
2022-10-18,SPY,1,0,1,0.53904520424808,0.5029339204509732,0.34788775
2022-10-19,SPY,1,0,1,0.5448995684518504,0.4652104529346745,0.2969795
2022-10-20,SPY,1,1,1,0.537705714002055,0.5382495951971842,0.6130322
2022-10-21,SPY,1,1,1,0.5255920581973317,0.570672785092599,0.77314585
2022-10-24,SPY,1,1,1,0.5276051268544638,0.53022920284748,0.3368483
2022-10-25,SPY,1,1,1,0.5295991283747402,0.50390617818142,0.30402163
2022-10-26,SPY,1,0,1,0.5408391798600004,0.4768568477100353,0.612452
2022-10-27,SPY,1,1,1,0.5281844957855518,0.4882307175634199,0.46561053
2022-10-28,SPY,1,0,1,0.5195217797497941,0.4604856287949157,0.07753358
2022-10-31,SPY,1,0,1,0.5359688746074205,0.5130756803815075,0.48099563
2022-11-01,SPY,1,0,1,0.5212402649974138,0.5569825202716596,0.578076
2022-11-02,SPY,1,0,1,0.5403459097457808,0.5689001046670644,0.64134836
2022-11-03,SPY,1,0,1,0.5168135651681138,0.47468860865694645,0.47749394
2022-11-04,SPY,1,1,1,0.5171303406431882,0.5071395460400598,0.16676316
2022-11-07,SPY,1,1,1,0.5305438790571725,0.5137211328589664,0.3773032
2022-11-08,SPY,1,0,1,0.5478502184762524,0.5622341508396107,0.71779424
2022-11-09,SPY,1,1,1,0.5539505815849717,0.5139742432577864,0.55577105
2022-11-10,SPY,1,1,1,0.5398273550808589,0.5375130459629323,0.6263876
2022-11-11,SPY,1,0,1,0.5728786490173783,0.5340988272743682,0.7223975
2022-11-14,SPY,1,0,1,0.5693427785309015,0.4537208602549505,0.38413942
2022-11-15,SPY,1,0,1,0.5557896832725411,0.5255938005185964,0.5599837
2022-11-16,SPY,1,1,1,0.5474680265813192,0.42088542037272075,0.28103206
2022-11-17,SPY,1,0,1,0.5177575905016703,0.48663622904333464,0.3919526
2022-11-18,SPY,1,0,1,0.5155293680112519,0.5403345548756193,0.581531
2022-11-21,SPY,1,1,1,0.5092055751745761,0.5279740846463139,0.5107474
2022-11-22,SPY,1,1,1,0.5059292660691438,0.5200090451273096,0.20626128
2022-11-23,SPY,1,1,1,0.5171858488913933,0.5771705064862376,0.6138051
2022-11-25,SPY,1,0,1,0.5146791280709623,0.4978121815997244,0.5270432
2022-11-28,SPY,1,0,1,0.527787940560392,0.4412302469965193,0.48314184
2022-11-29,SPY,1,1,1,0.5126461846248055,0.5331040777931423,0.4536948
2022-11-30,SPY,1,0,1,0.5266814004587501,0.5441085051635013,0.56423736
2022-12-01,SPY,1,1,1,0.5515104136606089,0.5234147324056422,0.51388115
2022-12-02,SPY,1,0,1,0.5551994601225198,0.5629788843819535,0.851205
2022-12-05,SPY,1,0,1,0.5533910037165569,0.40872181361018867,0.12948473
2022-12-06,SPY,1,1,1,0.5407613488965793,0.4800806709667909,0.38634783
2022-12-07,SPY,1,1,1,0.5137098810859758,0.4665713630498709,0.26460344
2022-12-08,SPY,1,0,1,0.526531472337126,0.514901576833077,0.2983987
2022-12-09,SPY,1,1,1,0.5437352537968555,0.5965695650554392,0.76057136
2022-12-12,SPY,1,0,1,0.5345150966283734,0.5797579804764357,0.5530684
2022-12-13,SPY,1,0,1,0.5490286340907935,0.5762256515395547,0.6155772
2022-12-14,SPY,1,0,1,0.5504655123212222,0.5353367564410784,0.600308
2022-12-15,SPY,1,0,1,0.5602803714320739,0.5962566013308832,0.6737609
2022-12-16,SPY,1,0,1,0.5439814632640995,0.4151674975164372,0.14170057
2022-12-19,SPY,1,1,1,0.5280262566332266,0.5123236053209381,0.7021656
2022-12-20,SPY,1,1,1,0.5255535006591596,0.529258793403966,0.32515177
2022-12-21,SPY,1,0,1,0.536590751310339,0.5876435488361842,0.67227703
2022-12-22,SPY,1,1,1,0.5533644307316811,0.4877509045238272,0.48814204
2022-12-23,SPY,1,0,1,0.5305164599567761,0.6099790208184804,0.854665
2022-12-27,SPY,1,0,1,0.5368010660697019,0.5816722063703267,0.7275852
2022-12-28,SPY,1,1,1,0.5414390627741894,0.5465296595225236,0.76591
2022-12-29,SPY,1,1,1,0.5242467655932558,0.5682057399277197,0.6125222
2022-12-30,SPY,1,0,1,0.5400950948263515,0.5816673604566113,0.7501272
2023-01-03,SPY,1,1,1,0.5326818962142387,0.5577019866167906,0.5894151
2023-01-04,SPY,1,0,1,0.5340574833151486,0.5268087829743703,0.5483965
2023-01-05,SPY,1,1,1,0.5414091608343561,0.5408049313127029,0.56109846
2023-01-06,SPY,1,0,1,0.5313494565452433,0.6558523713135008,0.5855027
2023-01-09,SPY,1,1,1,0.5369596208219518,0.6110521159189534,0.58023024
2023-01-10,SPY,1,1,1,0.5305847223307486,0.5701725683722529,0.62417036
2023-01-11,SPY,1,1,1,0.5240166361010467,0.5351314808547426,0.5461812
2023-01-12,SPY,1,1,1,0.520711631013067,0.5257274302443044,0.5401618
2023-01-13,SPY,1,0,1,0.5091609070427415,0.5323630012667285,0.59068984
2023-01-17,SPY,1,0,1,0.5175466583690863,0.5054330622312521,0.5378136
2023-01-18,SPY,1,0,1,0.5359435062599984,0.4676970229375809,0.5106265
2023-01-19,SPY,1,1,1,0.5264913964371988,0.5167205356693843,0.49915755
2023-01-20,SPY,1,1,1,0.5248731468714424,0.5571153254387069,0.6628655
2023-01-23,SPY,1,1,1,0.5321174604636048,0.5061274860487837,0.51506937
2023-01-24,SPY,1,1,1,0.5414137237836154,0.6297301103665999,0.65864927
2023-01-25,SPY,1,1,1,0.5387600273117139,0.5644204680374769,0.63558644
2023-01-26,SPY,1,1,1,0.5267998455020604,0.5762158356175872,0.6175765
2023-01-27,SPY,1,0,1,0.5325584157103724,0.5904950631996818,0.5979759
2023-01-30,SPY,1,1,1,0.5360711116412481,0.5535943725909779,0.4838195
2023-01-31,SPY,1,1,1,0.5299780329147671,0.6297358563603661,0.5575242
2023-02-01,SPY,1,1,1,0.541435701087453,0.580491988220836,0.57943964
2023-02-02,SPY,1,1,1,0.5411889333533731,0.5946246215761929,0.65071017
2023-02-03,SPY,1,1,1,0.5568743800552278,0.5693983006535954,0.6251763
2023-02-06,SPY,1,1,1,0.5330920642408143,0.5313268933251769,0.5449091
2023-02-07,SPY,1,0,1,0.5308977865249439,0.6326494459067652,0.53335094
2023-02-08,SPY,1,0,1,0.5384549458316354,0.5234058673451797,0.4845681
2023-02-09,SPY,1,1,1,0.5312621645808496,0.49304818793449173,0.5275132
2023-02-10,SPY,1,1,1,0.5254054674827106,0.5049423056125092,0.494801
2023-02-13,SPY,1,1,1,0.5240879331216316,0.5236828953266777,0.5111483
2023-02-14,SPY,1,1,1,0.538900875986337,0.5298213552209063,0.5496001
2023-02-15,SPY,1,0,1,0.536624034261306,0.5448760089010506,0.54363185
2023-02-16,SPY,1,1,1,0.550101249349628,0.48824399979951566,0.4977407
2023-02-17,SPY,1,0,1,0.5407721359554999,0.5998250146658788,0.6168079
2023-02-21,SPY,1,0,1,0.5424780137036493,0.5354048516087265,0.48256838
2023-02-22,SPY,1,0,1,0.5352429952130233,0.5753330600760358,0.53668576
2023-02-23,SPY,1,1,1,0.5440215853455603,0.560745508536978,0.5481595
2023-02-24,SPY,1,0,1,0.5538447088155963,0.4964643526383661,0.5574607
2023-02-27,SPY,1,0,1,0.5432852889530025,0.5538851701271654,0.5530081
2023-02-28,SPY,0,0,1,0.5514843353662066,0.5730514637342736,0.60027426
2023-03-01,SPY,0,1,1,0.5474834316494269,0.6371811030413208,0.63188505
2023-03-02,SPY,0,1,1,0.538466946411618,0.5353006382580356,0.5595608
2023-03-03,SPY,0,0,1,0.5356994850557835,0.5780801020036437,0.5944921
2023-03-06,SPY,0,0,1,0.5418305483832521,0.5565803468722476,0.5908904
2023-03-07,SPY,0,1,1,0.5554865921889663,0.5290481404908229,0.46611664
2023-03-08,SPY,0,0,1,0.5284858904766072,0.567000911580412,0.56326085
2023-03-09,SPY,0,0,1,0.5468842781088502,0.4539368252162289,0.4451116
2023-03-10,SPY,0,1,1,0.5456051311090495,0.4302756530082072,0.3871991
2023-03-13,SPY,0,1,1,0.5366647757469054,0.4538892560876529,0.41812167
2023-03-14,SPY,0,1,1,0.535480119402681,0.4720328211834432,0.5379689
2023-03-15,SPY,0,1,1,0.5520994366309457,0.4845511173447399,0.5396722
2023-03-16,SPY,0,0,1,0.5373146302066253,0.5930227617548814,0.58718526
2023-03-17,SPY,0,1,1,0.5499237314123139,0.5456693510646439,0.60816294
2023-03-20,SPY,0,1,1,0.5293018848532702,0.5273294017858862,0.56824946
2023-03-21,SPY,0,0,1,0.5348638816055445,0.541571175907033,0.48693803
2023-03-22,SPY,0,0,1,0.548352262311823,0.4558455324743227,0.42197204
2023-03-23,SPY,0,1,1,0.531552403575025,0.5519141682551878,0.53396153
2023-03-24,SPY,0,0,1,0.5308526671533459,0.5210160119154799,0.49979112
2023-03-27,SPY,0,0,1,0.5285161661318497,0.5348610446671683,0.4817526
2023-03-28,SPY,0,1,1,0.5296733272130769,0.5600253436845224,0.5398043
2023-03-29,SPY,0,0,1,0.5217974908173689,0.5311892558986486,0.6038009
2023-03-30,SPY,0,1,1,0.5236013348461692,0.5284344751865735,0.554669
2023-03-31,SPY,0,1,1,0.5194830679591446,0.5354157680794175,0.50737804
2023-04-03,SPY,0,0,1,0.5208221845841514,0.5715742840218674,0.4358416
2023-04-04,SPY,0,0,1,0.5235133999987254,0.501207959373389,0.47659224
2023-04-05,SPY,0,1,1,0.5159539245542316,0.5167259302884247,0.5812295
2023-04-06,SPY,0,1,1,0.5184164469041703,0.5363040038036323,0.59125286
2023-04-10,SPY,0,0,1,0.5251981336965388,0.5851028143239758,0.5882804
2023-04-11,SPY,0,0,1,0.5286954008100322,0.5425712929729606,0.52896816
2023-04-12,SPY,0,1,1,0.530376033634078,0.5998576920910448,0.6234624
2023-04-13,SPY,0,0,1,0.5306008425530729,0.5895555017704668,0.5646546
2023-04-14,SPY,0,1,1,0.5373935736999207,0.5437279097119362,0.5798138
2023-04-17,SPY,0,0,1,0.536279434258941,0.5560388991296805,0.5139235
2023-04-18,SPY,0,1,1,0.5356577361473566,0.5458611198274148,0.5702308
2023-04-19,SPY,0,1,1,0.5285572605976551,0.5100948451450064,0.4695998
2023-04-20,SPY,0,1,1,0.53997648768796,0.5505216989930924,0.47169426
2023-04-21,SPY,0,1,1,0.536020054615152,0.5397357918760465,0.51708996
2023-04-24,SPY,0,0,1,0.5341844984897108,0.5671799742677615,0.5847877
2023-04-25,SPY,0,0,1,0.5555009000828298,0.5194832209165354,0.5333188
2023-04-26,SPY,0,1,1,0.5431244608461854,0.5670261670034575,0.5943279
2023-04-27,SPY,0,1,1,0.5454714057840904,0.5560241757510477,0.5404053
2023-04-28,SPY,0,1,1,0.5575947154972666,0.6377637978613027,0.6340939
2023-05-01,SPY,0,0,1,0.5526108930437984,0.5899914237087879,0.62402815
2023-05-02,SPY,0,0,1,0.5583642215769428,0.5423488280921653,0.5755079
2023-05-03,SPY,0,0,1,0.5442283222878803,0.5510867996535257,0.6188596
2023-05-04,SPY,0,1,1,0.5393671267279616,0.6208018723414622,0.5817369
2023-05-05,SPY,0,0,1,0.5356269776118495,0.5655898451066584,0.5604394
2023-05-08,SPY,0,0,1,0.5412539981165954,0.6005073021435569,0.61098486
2023-05-09,SPY,0,0,1,0.5396244793472732,0.5446260125252206,0.6074074
2023-05-10,SPY,0,1,1,0.5457776940421061,0.5794061339731043,0.5724568
2023-05-11,SPY,0,0,1,0.5342854765041671,0.5318826461850773,0.5112813
2023-05-12,SPY,0,1,1,0.5285515329339446,0.5199077660256339,0.50301856
2023-05-15,SPY,0,0,1,0.5227703861974627,0.4905693717311621,0.4758738
2023-05-16,SPY,0,1,1,0.5273691524585218,0.4901822738623234,0.47540352
2023-05-17,SPY,0,1,1,0.5301431619329146,0.5558858097720594,0.55003613
2023-05-18,SPY,0,0,1,0.5399937035187808,0.6616860929654034,0.61633575
2023-05-19,SPY,0,1,1,0.5450129188199369,0.5649476427166461,0.5217152
2023-05-22,SPY,0,0,1,0.5305213439736778,0.5261891742650892,0.51036423
2023-05-23,SPY,0,0,1,0.5421385660772263,0.5119535979589105,0.59984493
2023-05-24,SPY,0,0,1,0.5367680196907572,0.6047345122548695,0.615972
2023-05-25,SPY,0,1,1,0.5303845970001781,0.6227190261978293,0.62070066
2023-05-26,SPY,0,0,1,0.5376224261298677,0.6215765405823677,0.6351206
2023-05-30,SPY,0,0,1,0.5425310581904481,0.5748057436596429,0.56551
2023-05-31,SPY,0,1,1,0.5513962422985516,0.5663754971100119,0.5297983
2023-06-01,SPY,0,1,1,0.5354779195061931,0.6214627766796779,0.6014495
2023-06-02,SPY,0,0,1,0.540591425297379,0.6080391822094817,0.64403516
2023-06-05,SPY,0,1,1,0.5406448350004593,0.6021889792566621,0.60041183
2023-06-06,SPY,0,0,1,0.5346621372072402,0.5461998868522864,0.5419775
2023-06-07,SPY,0,1,1,0.5379421144254926,0.5250836947066222,0.43846476
2023-06-08,SPY,0,0,1,0.5246668518280424,0.4551997587382424,0.45141545
2023-06-09,SPY,0,1,1,0.5334050325545646,0.5862134933225885,0.5896723
2023-06-12,SPY,0,1,1,0.5307109485595329,0.6682907958121469,0.6987007
2023-06-13,SPY,0,1,1,0.5393340369974265,0.6138611845263953,0.6533998
2023-06-14,SPY,0,1,1,0.541566546136174,0.5729384508643456,0.6477056
2023-06-15,SPY,0,0,1,0.5377075886034263,0.48309376404052606,0.559081
2023-06-16,SPY,0,0,1,0.5434733696209835,0.5601194360123996,0.5813202
2023-06-20,SPY,0,0,1,0.5315192163411692,0.6100354190549951,0.69575924
2023-06-21,SPY,0,1,1,0.5290776135979447,0.6083348597098657,0.6677257
2023-06-22,SPY,0,1,1,0.5284077791210582,0.5645153245413986,0.51819974
2023-06-23,SPY,0,0,1,0.5425566443547644,0.5727822134939119,0.49486354
2023-06-26,SPY,0,1,1,0.5346704748766551,0.5982400456334677,0.6580169
2023-06-27,SPY,0,1,1,0.5337276218392584,0.5405183132501495,0.57322955
2023-06-28,SPY,0,1,1,0.5428246208019949,0.5344499921764126,0.5886708
2023-06-29,SPY,0,1,1,0.5438940161273016,0.5667615737090851,0.5385031
2023-06-30,SPY,0,1,1,0.5496259079627451,0.584769892551467,0.6259812
2023-07-03,SPY,0,1,1,0.5296179273480744,0.5124673065206543,0.5903695
2023-07-05,SPY,0,1,1,0.5362547098029028,0.502027168550472,0.53126115
2023-07-06,SPY,0,0,1,0.541309704022548,0.5294768826922325,0.48709467
2023-07-07,SPY,0,1,1,0.5393419077392779,0.5678556011109649,0.59847337
2023-07-10,SPY,0,1,1,0.5299049202498293,0.5080095653832667,0.52014935
2023-07-11,SPY,0,0,1,0.5351112639145528,0.5207765229629365,0.53118193
2023-07-12,SPY,0,1,1,0.5445873001295987,0.6299618189037891,0.6630063
2023-07-13,SPY,0,0,1,0.5367395987085634,0.5989385751618211,0.5171557
2023-07-14,SPY,0,1,1,0.5362206597082064,0.5393291831595171,0.45155036
2023-07-17,SPY,0,1,1,0.5234804297688969,0.47816150636851396,0.50936556
2023-07-18,SPY,0,1,1,0.5309607625543737,0.5300021366967902,0.60607004
2023-07-19,SPY,0,0,1,0.5302699914606936,0.560426698062487,0.52097625
2023-07-20,SPY,0,0,1,0.537306917468259,0.5330328533045477,0.45702225
2023-07-21,SPY,0,1,1,0.5313404119288084,0.5388791580536831,0.5114797
2023-07-24,SPY,0,1,1,0.5290192731373631,0.5181758787639381,0.55707335
2023-07-25,SPY,0,1,1,0.535144572811998,0.5299469510840548,0.5561811
2023-07-26,SPY,0,0,1,0.5410409508013458,0.5776034013861235,0.5630001
2023-07-27,SPY,0,1,1,0.5477153841244492,0.578946497984155,0.5478735
2023-07-28,SPY,0,1,1,0.5380029170168487,0.5942819431489755,0.6482909
2023-07-31,SPY,0,1,1,0.5364930393522687,0.5181761923056816,0.5484804
2023-08-01,SPY,0,0,1,0.5347072733392431,0.506498471331393,0.5353659
2023-08-02,SPY,0,1,1,0.5530915235865876,0.5910000719466151,0.5797925
2023-08-03,SPY,0,0,1,0.5363169179130476,0.48218888871679044,0.53615546
2023-08-04,SPY,0,1,1,0.5514281227143941,0.5756461949648182,0.59974325
2023-08-07,SPY,0,1,1,0.5390072506486612,0.5462320933273532,0.56264794
2023-08-08,SPY,0,0,1,0.5523735461705405,0.5193057362899168,0.51695293
2023-08-09,SPY,0,0,1,0.5495100982461236,0.6384727490177549,0.6492567
2023-08-10,SPY,0,1,1,0.5483542791572794,0.6053124347725948,0.5431181
2023-08-11,SPY,0,1,1,0.5400338132259878,0.48734706002081274,0.5212115
2023-08-14,SPY,0,0,1,0.5318881461959166,0.45171920151086675,0.39763296
2023-08-15,SPY,0,0,1,0.5472549671618353,0.5473091734454038,0.5830199
2023-08-16,SPY,0,0,1,0.5411576000326005,0.5925606329666592,0.6061919
2023-08-17,SPY,0,1,1,0.5462176507381619,0.47215412669875795,0.5109274
2023-08-18,SPY,0,1,1,0.5445589375983105,0.5333481927763645,0.55080205
2023-08-21,SPY,0,0,1,0.5381467965933283,0.538772166598565,0.5456842
2023-08-22,SPY,0,1,1,0.5397412292643653,0.5450558454576125,0.5545749
2023-08-23,SPY,0,0,1,0.5363326437505643,0.5707645887719711,0.5120725
2023-08-24,SPY,0,1,1,0.5526299865691946,0.5672969704962899,0.5749992
2023-08-25,SPY,0,1,1,0.5409318688404791,0.5392840347291256,0.5764655
2023-08-28,SPY,0,1,1,0.5299274870833481,0.5516842057191049,0.56956714
2023-08-29,SPY,0,1,1,0.5347755095239161,0.48927915970194596,0.5438585
2023-08-30,SPY,0,0,1,0.5415009398389379,0.5128161078239155,0.54008615
2023-08-31,SPY,0,0,1,0.5314151459240061,0.4893811659370314,0.493864
2023-09-01,SPY,0,0,1,0.5249129257794006,0.45578197462810155,0.46623427
2023-09-05,SPY,0,0,1,0.5210779536142934,0.5073470074143998,0.46571144
2023-09-06,SPY,0,1,1,0.5240888262299956,0.5137299538771514,0.5471559
2023-09-07,SPY,0,1,1,0.5235779386923327,0.5395637550711673,0.5261879
2023-09-08,SPY,0,1,1,0.5216053727598634,0.4594621943102183,0.4690804
2023-09-11,SPY,0,0,1,0.5255668158622677,0.5220082186259227,0.50290936
2023-09-12,SPY,0,1,1,0.5323835967200653,0.5605081971365776,0.53340614
2023-09-13,SPY,0,1,1,0.5288563691678873,0.5046014604670535,0.49682978
2023-09-14,SPY,0,0,1,0.5385572440429282,0.5971702028079477,0.5707481
2023-09-15,SPY,0,1,1,0.5594050896415128,0.5124036992832558,0.48507613
2023-09-18,SPY,0,1,1,0.5350626504127278,0.5232156576831634,0.47583687
2023-09-19,SPY,0,0,1,0.5380726165385376,0.48893409825693274,0.490608
2023-09-20,SPY,0,0,1,0.5465576729546221,0.6449815114010836,0.66490674
2023-09-21,SPY,0,0,1,0.5500288773002747,0.4105768378682836,0.3508532
2023-09-22,SPY,0,1,1,0.5468358561282572,0.5622709476721844,0.5241071
2023-09-25,SPY,0,0,1,0.5416943437603707,0.5498172815831617,0.5719228
2023-09-26,SPY,0,0,1,0.5580944585406604,0.5057232682337803,0.45276323
2023-09-27,SPY,0,1,1,0.5514161144353481,0.602998089423953,0.6133738
2023-09-28,SPY,0,0,1,0.5442021299631341,0.5746684097040473,0.6336543
2023-09-29,SPY,0,1,1,0.5534230904403431,0.5709942454468204,0.56113815
2023-10-02,SPY,0,0,1,0.5431039761238189,0.5178367758256525,0.55931103
2023-10-03,SPY,0,1,1,0.5484405292085436,0.5423161316294695,0.59259796
2023-10-04,SPY,0,1,1,0.5364237792414622,0.5126065884502495,0.5111751
2023-10-05,SPY,0,1,1,0.5359878687526286,0.551186101923211,0.5976159
2023-10-06,SPY,0,1,1,0.5477644969886292,0.5596086506670904,0.5624552
2023-10-09,SPY,0,1,1,0.5391330357442797,0.5548013496583021,0.50772744
2023-10-10,SPY,0,1,1,0.5309067416625121,0.5413850869845256,0.5142581
2023-10-11,SPY,0,0,1,0.5219366746359231,0.5179327925586261,0.49583405
2023-10-12,SPY,0,0,1,0.525781374355791,0.577860286351218,0.56465095
2023-10-13,SPY,0,1,1,0.5289689137242742,0.6055462401937693,0.61940634
2023-10-16,SPY,0,1,1,0.5158763842553301,0.5398978679438023,0.47664994
2023-10-17,SPY,0,0,1,0.5212187287690434,0.5325498010455658,0.510519
2023-10-18,SPY,0,0,1,0.5352628674284263,0.5178587970346232,0.5691557
2023-10-19,SPY,0,0,1,0.5456471300725624,0.583842887227804,0.46282098
2023-10-20,SPY,0,1,1,0.5448082834401741,0.48069593082525475,0.49681664
2023-10-23,SPY,0,1,1,0.5272384750820595,0.48819014924855525,0.54971826
2023-10-24,SPY,0,0,1,0.5345034157919765,0.5451541347179598,0.56745946
2023-10-25,SPY,0,0,1,0.5494674267869624,0.4510152444900168,0.47079867
2023-10-26,SPY,0,0,1,0.5510481029138494,0.4847612323152665,0.49342674
2023-10-27,SPY,0,1,1,0.5447665926965236,0.5885233745549981,0.5665696
2023-10-30,SPY,0,1,1,0.5383780996778169,0.542841302909193,0.5801793
2023-10-31,SPY,0,1,1,0.5501331638687958,0.5648184820117679,0.5815033
2023-11-01,SPY,0,1,1,0.554167998985331,0.5522265750102598,0.5476613
2023-11-02,SPY,0,1,1,0.5478802646834714,0.5269233365698376,0.5182081
2023-11-03,SPY,0,1,1,0.5435234853492174,0.5200065697564242,0.5399988
2023-11-06,SPY,0,1,1,0.5280366280870593,0.5190264029747542,0.5099346
2023-11-07,SPY,0,0,1,0.5194484456874862,0.5137965321038305,0.5813782
2023-11-08,SPY,0,0,1,0.5134456064110422,0.47993126154240573,0.47267646
2023-11-09,SPY,0,1,1,0.5206253435491498,0.5147401911738432,0.5141512
2023-11-10,SPY,0,1,1,0.518803062539066,0.5661438023535368,0.53292537
2023-11-13,SPY,0,1,1,0.512843620506759,0.5244479335724763,0.4698322
2023-11-14,SPY,0,0,1,0.523365255774141,0.5203848212269224,0.4655033
2023-11-15,SPY,0,1,1,0.5292601576462621,0.5536637572649652,0.5729216
2023-11-16,SPY,0,1,1,0.522523166430213,0.5696059261668632,0.5691114
2023-11-17,SPY,0,1,1,0.5306343190333777,0.5465286900724192,0.5353837
2023-11-20,SPY,0,1,1,0.5228173108382046,0.608990760822562,0.64613396
2023-11-21,SPY,0,1,1,0.515906905153761,0.5475506444533246,0.5009288
2023-11-22,SPY,0,1,1,0.5245550824556094,0.5970459757555435,0.6376564
2023-11-24,SPY,0,0,1,0.5250178836100594,0.5657659639670353,0.5124126
2023-11-27,SPY,0,1,1,0.5362108108358741,0.5457128498391224,0.55175596
2023-11-28,SPY,0,0,1,0.5372045149515561,0.5940615640373381,0.63871753
2023-11-29,SPY,0,1,1,0.5384279729445117,0.5980744773392707,0.66486526
2023-11-30,SPY,0,1,1,0.543054642484458,0.6103897237557379,0.74867415
2023-12-01,SPY,0,1,1,0.5462860891999568,0.5872075611491239,0.60920185
2023-12-04,SPY,0,1,1,0.5439644060851603,0.555658063586298,0.57449603
2023-12-05,SPY,0,0,1,0.5398489859409386,0.5504797223145715,0.5918626
2023-12-06,SPY,0,1,1,0.5402270876696934,0.5819592422637863,0.5847173
2023-12-07,SPY,0,1,1,0.5380390049627712,0.5396370864013661,0.56715
2023-12-08,SPY,0,1,1,0.5528043015207932,0.558016810817573,0.57072645
2023-12-11,SPY,0,1,1,0.5437395428778447,0.5599344827020242,0.57722676
2023-12-12,SPY,0,1,1,0.5456521036150932,0.5355469437393531,0.55167186
2023-12-13,SPY,0,0,1,0.549010182799261,0.4708091540343771,0.5926898
2023-12-14,SPY,0,0,1,0.5585716436226887,0.4439442921066407,0.5129599
2023-12-15,SPY,0,1,1,0.5590304307060782,0.5369516095718728,0.5331886
2023-12-18,SPY,0,1,1,0.5361770643966454,0.545149767362181,0.57056427
2023-12-19,SPY,0,0,1,0.5302923064203652,0.552437127941184,0.6026675
2023-12-20,SPY,0,1,1,0.5490664439357624,0.6071482587389508,0.63236463
2023-12-21,SPY,0,0,1,0.5358124221634162,0.6160391142085211,0.6315398
2023-12-22,SPY,0,1,1,0.5352120028186387,0.5228649542827813,0.56482923
2023-12-26,SPY,0,1,1,0.5335371811298879,0.5847488371455762,0.5995373
2023-12-27,SPY,0,0,1,0.5400884066134632,0.5508380977545417,0.54192346
2023-12-28,SPY,0,0,1,0.5364297026171777,0.5778964753072348,0.56636614
2023-12-29,SPY,0,1,1,0.5466459074389427,0.6193918015610934,0.6745808
2024-01-02,SPY,0,0,1,0.5485176889572875,0.639379978319337,0.57105255
2024-01-03,SPY,0,0,1,0.5439220945317902,0.5570823255574266,0.46427602
2024-01-04,SPY,0,1,1,0.5376924530034478,0.5371456691611716,0.49218255
2024-01-05,SPY,0,1,1,0.5404517927632297,0.5226157259870133,0.45137113
2024-01-08,SPY,0,1,1,0.5410294242419661,0.5382736688306488,0.51707006
2024-01-09,SPY,0,1,1,0.5435204042391164,0.5537962981781498,0.55265766
2024-01-10,SPY,0,0,1,0.5400329626547556,0.5882414534838728,0.5572699
2024-01-11,SPY,0,0,1,0.5418743225424426,0.5434987882049064,0.38542426
2024-01-12,SPY,0,0,1,0.5339293841796584,0.5000195987713919,0.39664096
2024-01-16,SPY,0,1,1,0.5390367476187616,0.5173206273733041,0.5500036
2024-01-17,SPY,0,1,1,0.5349149564595804,0.532740139245258,0.6042975
2024-01-18,SPY,0,1,1,0.5400337301776241,0.5872559838874061,0.5427465
2024-01-19,SPY,0,0,1,0.5476766086678764,0.5985875980476119,0.63805634
2024-01-22,SPY,0,1,1,0.5435174857313014,0.5916648386037247,0.6660977
2024-01-23,SPY,0,0,1,0.5331349260282776,0.5665149403778603,0.5537315
2024-01-24,SPY,0,1,1,0.5391301463071114,0.5255700110307093,0.5364694
2024-01-25,SPY,0,0,1,0.5330717676696107,0.541068108769341,0.6679867
2024-01-26,SPY,0,1,1,0.533815962652284,0.5118667357443848,0.4839233
2024-01-29,SPY,0,1,1,0.5279753364988564,0.5478003237198422,0.3744283
2024-01-30,SPY,0,0,1,0.5305317062352789,0.5311672941888913,0.5233385
2024-01-31,SPY,0,1,1,0.5585046273725265,0.5909105267645948,0.5703591
2024-02-01,SPY,0,1,1,0.5438444751431768,0.6005743153089494,0.5708587
2024-02-02,SPY,0,0,1,0.5510721011619808,0.6843324539363851,0.7777028
2024-02-05,SPY,0,1,1,0.5474196872361237,0.5718780219649876,0.46633056
2024-02-06,SPY,0,1,1,0.5380620288000566,0.6062779936225486,0.7245548
2024-02-07,SPY,0,1,1,0.5370249710832267,0.6243198731111299,0.6985827
2024-02-08,SPY,0,1,1,0.5318959280450798,0.5702627475541419,0.53796536
2024-02-09,SPY,0,0,1,0.5347411040731084,0.5938348313399826,0.6023624
2024-02-12,SPY,0,0,1,0.5325069649403636,0.5788705688821228,0.6006337
2024-02-13,SPY,0,1,1,0.5534967467508612,0.6230778099493711,0.6564714
2024-02-14,SPY,0,1,1,0.5369412501617529,0.5303337440957082,0.3917739
2024-02-15,SPY,0,0,1,0.537936444935661,0.5768055704551254,0.5240476
2024-02-16,SPY,0,0,1,0.544622095238633,0.571937993207577,0.588887
2024-02-20,SPY,0,1,1,0.5427320783421992,0.5345417129627769,0.4667185
2024-02-21,SPY,0,1,1,0.533193665645948,0.5302175016431143,0.5440462
2024-02-22,SPY,0,0,1,0.5397643071791882,0.5917440171765598,0.5002944
2024-02-23,SPY,0,0,1,0.5413375150302591,0.6772512542926746,0.70454544
2024-02-26,SPY,0,1,1,0.5377229125361765,0.5357055153358136,0.53443503
2024-02-27,SPY,0,1,1,0.5324757672370136,0.5240928454241123,0.54060316
2024-02-28,SPY,0,1,1,0.5343448149638951,0.5426458783578418,0.6255798
2024-02-29,SPY,0,1,1,0.5434268246699474,0.5708476939139481,0.5789433
2024-03-01,SPY,0,1,1,0.5420688319634045,0.6036813844578246,0.6308617
2024-03-04,SPY,0,0,1,0.5326653735093059,0.5503494097365456,0.51317996
2024-03-05,SPY,0,0,1,0.5449373170124002,0.5853037718459358,0.5176405
2024-03-06,SPY,0,1,1,0.5383593237853151,0.547368886302696,0.6365722
2024-03-07,SPY,0,0,1,0.5347522557999533,0.553513405585301,0.4296616
2024-03-08,SPY,0,1,1,0.5500220389406613,0.6071682429502723,0.58632165
2024-03-11,SPY,0,1,1,0.5374131481686695,0.5189447765294972,0.46423477
2024-03-12,SPY,0,0,1,0.5383898948065714,0.5641372976691336,0.4964295
2024-03-13,SPY,0,0,1,0.537043297220695,0.5568125807669178,0.626258
2024-03-14,SPY,0,0,1,0.5593250509304214,0.6057592758439974,0.6949733
2024-03-15,SPY,0,0,1,0.5536505852154672,0.6026540714062196,0.6278228
2024-03-18,SPY,0,1,1,0.544609232921996,0.62730003829281,0.65420026
2024-03-19,SPY,0,1,1,0.5374513177656383,0.5556787895624796,0.64471513
2024-03-20,SPY,0,0,1,0.542487280838585,0.6528479696153119,0.68802416
2024-03-21,SPY,0,0,1,0.539333069678383,0.5904486850022616,0.7104525
2024-03-22,SPY,0,0,1,0.543162896702659,0.5768869523201532,0.5239637
2024-03-25,SPY,0,0,1,0.5318720144356814,0.4747131343881379,0.47485414
2024-03-26,SPY,0,1,1,0.5360888153599234,0.48983111082804726,0.38206178
2024-03-27,SPY,0,0,1,0.5414058383000279,0.5737956128817293,0.5966283
2024-03-28,SPY,0,0,1,0.5488079391572771,0.575688096968647,0.52548516
2024-04-01,SPY,0,1,1,0.5356097040655763,0.49885290429314316,0.45098883
2024-04-02,SPY,0,1,1,0.5398543400474285,0.5218140568664605,0.52441627
2024-04-03,SPY,0,0,1,0.535310704029414,0.5229578490771941,0.62116075
2024-04-04,SPY,0,1,1,0.5491044172208602,0.5271687667365411,0.33393466
2024-04-05,SPY,0,0,1,0.5386091751466554,0.5389361243026269,0.5201974
2024-04-08,SPY,0,0,1,0.5368145421711249,0.5124499545581773,0.514889
2024-04-09,SPY,0,1,1,0.5427504774043383,0.514043624939132,0.45026508
2024-04-10,SPY,0,1,1,0.5484402830961344,0.5604324606837578,0.49817622
2024-04-11,SPY,0,0,1,0.538010197639883,0.5351608810820798,0.5610336
2024-04-12,SPY,0,0,1,0.5514544315890045,0.641322192910229,0.6884881
2024-04-15,SPY,0,0,1,0.551964300867847,0.5230284254997848,0.4807028
2024-04-16,SPY,0,0,1,0.5425399887415856,0.5156173915351002,0.52666074
2024-04-17,SPY,0,0,1,0.5437783748657665,0.5464216778547968,0.62389576
2024-04-18,SPY,0,0,1,0.5408738534232135,0.5348034937741312,0.6109299
2024-04-19,SPY,0,1,1,0.5505373615993467,0.4789481688719138,0.48711035
2024-04-22,SPY,0,1,1,0.5357709252680378,0.538714418771925,0.49195972
2024-04-23,SPY,0,0,1,0.5370599381677049,0.5437788898319087,0.5516124
2024-04-24,SPY,0,1,1,0.5362988015707881,0.5366585210481922,0.7363277
2024-04-25,SPY,0,1,1,0.539430936160562,0.5253546032722503,0.45440784
2024-04-26,SPY,0,0,1,0.5308417692126751,0.5507957601598724,0.6500605
2024-04-29,SPY,0,0,1,0.5253804919557017,0.47976428295417456,0.31834835
2024-04-30,SPY,0,0,1,0.5426871544499932,0.5503289913848773,0.5538135
2024-05-01,SPY,0,1,1,0.5382299984029811,0.6631007662923969,0.7393275
2024-05-02,SPY,0,1,1,0.5323100490343575,0.5763028779949814,0.6270747
2024-05-03,SPY,0,1,1,0.537001106334902,0.5572160974728856,0.57347536
2024-05-06,SPY,0,0,1,0.5291230507359284,0.5326878291922277,0.55782944
2024-05-07,SPY,0,1,1,0.527366341227634,0.5082556468120586,0.5386341
2024-05-08,SPY,0,1,1,0.5229983423078344,0.5057812502071466,0.5410769
2024-05-09,SPY,0,0,1,0.5202566479969181,0.5174374277073062,0.5947498
2024-05-10,SPY,0,0,1,0.5264649037614413,0.5296699987491207,0.436866
2024-05-13,SPY,0,1,1,0.5236139734638893,0.5531640202961217,0.5897569
2024-05-14,SPY,0,1,1,0.531049309467405,0.5083880249551748,0.462215
2024-05-15,SPY,0,0,1,0.533890513672762,0.5855853882907657,0.5569408
2024-05-16,SPY,0,1,1,0.535950848991081,0.5468309281193002,0.45137113
2024-05-17,SPY,0,1,1,0.5408805622883295,0.5671906057605439,0.64655185
2024-05-20,SPY,0,1,1,0.5301213508986121,0.5534089216468422,0.4087218
2024-05-21,SPY,0,0,1,0.527637106929687,0.5685114677972324,0.558708
2024-05-22,SPY,0,0,1,0.5339177225218832,0.6048413207984686,0.5475591
2024-05-23,SPY,0,1,1,0.5405279337780192,0.5852053840571888,0.64999235
2024-05-24,SPY,0,0,1,0.5314497994338269,0.5741161097192168,0.6347163
2024-05-28,SPY,0,1,1,0.5321378929130988,0.5281160709097619,0.3953377
2024-05-29,SPY,0,0,1,0.5431003195689759,0.5368887849809939,0.50751346
2024-05-30,SPY,0,1,1,0.5448363819085916,0.5737951648761527,0.6264667
2024-05-31,SPY,0,0,1,0.559960047401795,0.5862831300444804,0.7129202
2024-06-03,SPY,0,1,1,0.5441154630260949,0.5416694390454815,0.66531575
2024-06-04,SPY,0,1,1,0.5387447665901435,0.5253947021115288,0.66155523
2024-06-05,SPY,0,0,1,0.5426887991057894,0.5505737778910106,0.6687978
2024-06-06,SPY,0,1,1,0.5365212420271482,0.49788106119794995,0.5793072
2024-06-07,SPY,0,1,1,0.5403300130879712,0.4988192105604829,0.53015715
2024-06-10,SPY,0,1,1,0.5356788229023711,0.5089613059488955,0.5229321
2024-06-11,SPY,0,0,1,0.5357721947782688,0.5150326131329943,0.52115667
2024-06-12,SPY,0,0,1,0.5444998214531482,0.5637525178779206,0.5495268
2024-06-13,SPY,0,1,1,0.5373615867839575,0.5146547151717432,0.56253386
2024-06-14,SPY,0,1,1,0.5351037461728909,0.5128248153754704,0.5504855
2024-06-17,SPY,0,1,1,0.5400233551199873,0.5560429961427443,0.41658595
2024-06-18,SPY,0,0,1,0.5347890719422099,0.5297722180053863,0.54191816
2024-06-20,SPY,0,1,1,0.5463627266007689,0.5682312301626202,0.6170803
2024-06-21,SPY,0,0,1,0.5432795177542975,0.5918827266316005,0.63722044
2024-06-24,SPY,0,1,1,0.5382234676062033,0.4926025406881839,0.41286096
2024-06-25,SPY,0,1,1,0.5326370606365763,0.5457927021571026,0.61489516
2024-06-26,SPY,0,1,1,0.5346268911897605,0.5257018702496421,0.57934046
2024-06-27,SPY,0,0,1,0.5357535779538284,0.5502123301181521,0.6036196
2024-06-28,SPY,0,0,1,0.5535495014160505,0.5882404554725166,0.64438033
2024-07-01,SPY,0,1,1,0.5384047479313333,0.5129188792001834,0.42234227
2024-07-02,SPY,0,1,1,0.5392424389408814,0.5759231481039481,0.57225496
2024-07-03,SPY,0,1,1,0.5382348545223841,0.5403869100379737,0.5627206
2024-07-05,SPY,0,0,1,0.5413409608345645,0.5942731060822123,0.6602995
2024-07-08,SPY,0,0,1,0.5382243187731852,0.5339035231146543,0.50262576
2024-07-09,SPY,0,1,1,0.5348235626212283,0.49861714343659713,0.40250236
2024-07-10,SPY,0,0,1,0.5372152985559654,0.5764251945571508,0.6397976
2024-07-11,SPY,0,1,1,0.5489760281150041,0.5777083036351852,0.50059086
2024-07-12,SPY,0,0,1,0.5435738923439782,0.5404832063719139,0.4195927
2024-07-15,SPY,0,1,1,0.5400498595531129,0.5148907171583145,0.31143278
2024-07-16,SPY,0,0,1,0.5379525166392938,0.5535118761044419,0.5887344
2024-07-17,SPY,0,0,1,0.5512565262592153,0.5786514620905208,0.4775275
2024-07-18,SPY,0,0,1,0.5449566078364442,0.5475407679042574,0.42359757
2024-07-19,SPY,0,1,1,0.5483197948651595,0.5959373697105319,0.61982226
2024-07-22,SPY,0,0,1,0.5386612727052453,0.5508638307877498,0.56638616
2024-07-23,SPY,0,0,1,0.5421204717302777,0.5053752370700569,0.51030177
2024-07-24,SPY,0,0,1,0.5609715303817623,0.5637181334452233,0.5572563
2024-07-25,SPY,0,1,1,0.5479149111656602,0.5529740546211337,0.65636927
2024-07-26,SPY,0,0,1,0.5429895017162867,0.5935706210833073,0.7084279
2024-07-29,SPY,0,0,1,0.5445401932836423,0.5556609216104316,0.500147
2024-07-30,SPY,0,1,1,0.550097781907582,0.571789286468271,0.6335497
2024-07-31,SPY,0,0,1,0.5472441182624868,0.5095008430387195,0.4986658
2024-08-01,SPY,0,0,1,0.5577718111131555,0.5521002873173613,0.6092405
2024-08-02,SPY,0,1,1,0.5553078224285151,0.4178086476519923,0.3780978
2024-08-05,SPY,0,1,1,0.5628631002746939,0.6015299686277555,0.51641047
2024-08-06,SPY,0,0,1,0.5399895945036615,0.4912803479802393,0.53290504
2024-08-07,SPY,0,1,1,0.5421743395890446,0.5992951137103105,0.68519396
2024-08-08,SPY,0,1,1,0.542103227056524,0.5250971063898145,0.42482516
2024-08-09,SPY,0,0,1,0.5445887170801359,0.503412772679319,0.3938867
2024-08-12,SPY,0,1,1,0.5333824116222584,0.5439504316003443,0.5055165
2024-08-13,SPY,0,1,1,0.5286701176568717,0.5160754336932474,0.648423
2024-08-14,SPY,0,1,1,0.5283138293656106,0.48190935930219436,0.36399788
2024-08-15,SPY,0,1,1,0.5273075180931335,0.5313610591943502,0.6205034
2024-08-16,SPY,0,1,1,0.5285384123991372,0.5183678943360598,0.41542223
2024-08-19,SPY,0,0,1,0.5198332671212763,0.5102489456527376,0.42620865
2024-08-20,SPY,0,1,1,0.5208439625399972,0.5027727398631319,0.33961457
2024-08-21,SPY,0,0,1,0.5239186817153186,0.5347804286805878,0.49066517
2024-08-22,SPY,0,1,1,0.5299221191274014,0.5707091849067658,0.5631126
2024-08-23,SPY,0,0,1,0.5226275823807145,0.5859295682086976,0.703337
2024-08-26,SPY,0,1,1,0.5243020554233007,0.5204435119139987,0.48849437
2024-08-27,SPY,0,0,1,0.523547618836033,0.5425842185452501,0.5642079
2024-08-28,SPY,0,0,1,0.5257630976116933,0.5325441425954356,0.5340651
2024-08-29,SPY,0,1,1,0.5247643626620355,0.5409723995184802,0.5972973
2024-08-30,SPY,0,0,1,0.5334853817850378,0.5683854336209875,0.5401953
2024-09-03,SPY,0,1,1,0.5551919792622747,0.45877836893547946,0.23136969
2024-09-04,SPY,0,0,1,0.543237862417275,0.5847252065697839,0.57776624
2024-09-05,SPY,0,0,1,0.5452717981266052,0.5407894460537722,0.4599056
2024-09-06,SPY,0,1,1,0.5599772522269721,0.5103077450152734,0.56681174
2024-09-09,SPY,0,1,1,0.5406904022049727,0.5847488937498615,0.63461393
2024-09-10,SPY,0,1,1,0.5417504128750251,0.5429023991212941,0.6061749
2024-09-11,SPY,0,1,1,0.5581215030485037,0.5139416456085298,0.42309883
2024-09-12,SPY,0,1,1,0.5494703115963395,0.5750095809697134,0.54656035
2024-09-13,SPY,0,1,1,0.5341718409100976,0.5058752174669493,0.54252946
2024-09-16,SPY,0,0,1,0.5327012384588373,0.4873554384004431,0.5318276
2024-09-17,SPY,0,0,1,0.5354322149535948,0.5014664476527467,0.44019842
2024-09-18,SPY,0,0,1,0.5390656541022062,0.5469323619168742,0.5684061
2024-09-19,SPY,0,1,1,0.5409736157016322,0.5318260644996795,0.5516373
2024-09-20,SPY,0,1,1,0.5487984742670566,0.5628607996685748,0.48224193
2024-09-23,SPY,0,1,1,0.532999987349323,0.5056344796488541,0.50747454
2024-09-24,SPY,0,0,1,0.5332683226486968,0.5450962100203386,0.53464365
2024-09-25,SPY,0,0,1,0.5292128935115789,0.5180905310914906,0.48185843
2024-09-26,SPY,0,0,1,0.5290324598170066,0.5288610987410938,0.5079004
2024-09-27,SPY,0,1,1,0.528066895769351,0.5723472548957392,0.6277333
2024-09-30,SPY,0,0,1,0.5339955279410608,0.5791628084568851,0.65093225
2024-10-01,SPY,0,1,1,0.5468322385560173,0.597301003611863,0.5412482
2024-10-02,SPY,0,1,1,0.530155694241234,0.5581394508028219,0.5609978
2024-10-03,SPY,0,1,1,0.5336873952950336,0.5210043224885742,0.47078452
2024-10-04,SPY,0,0,1,0.5392930518480732,0.5353522036612174,0.42754635
2024-10-07,SPY,0,1,1,0.5480847422881876,0.5551720911367966,0.6339895
2024-10-08,SPY,0,1,1,0.5365149554327938,0.5687694487794812,0.6818054
2024-10-09,SPY,0,1,1,0.5388545741668711,0.568136687604272,0.59044975
2024-10-10,SPY,0,1,1,0.5426909344612248,0.5420072736369187,0.49653503
2024-10-11,SPY,0,1,1,0.5385242726395576,0.538463706369961,0.5242006
2024-10-14,SPY,0,0,1,0.532418804603704,0.6131821390235435,0.7135561
2024-10-15,SPY,0,1,1,0.5453456135882074,0.5434119869370247,0.57549566
2024-10-16,SPY,0,0,1,0.5318703712599384,0.5583523309996721,0.5481196
2024-10-17,SPY,0,1,1,0.5328831232933765,0.5472516589977795,0.5594664
2024-10-18,SPY,0,0,1,0.5338414359253272,0.5656111962166211,0.5654146
2024-10-21,SPY,0,1,1,0.5353705432977306,0.5170214012701834,0.4451417
2024-10-22,SPY,0,0,1,0.5313166863255065,0.5125588313882593,0.51071703
2024-10-23,SPY,0,0,1,0.5425917043406719,0.5446269731757818,0.43831214
2024-10-24,SPY,0,0,1,0.5308846822469905,0.5298864418068405,0.3953569
2024-10-25,SPY,0,0,1,0.5399713892314683,0.5366125021626676,0.38756382
2024-10-28,SPY,0,1,1,0.5313408514583762,0.4873556908766528,0.34163246
2024-10-29,SPY,0,0,1,0.5446331449643119,0.5598962549139865,0.58693093
2024-10-30,SPY,0,0,1,0.5422504354059883,0.5081129558859983,0.42633104
2024-10-31,SPY,0,0,1,0.5607493720106741,0.5433572433176943,0.5863709
2024-11-01,SPY,0,0,1,0.5408539869467703,0.6132825289621483,0.6755013
2024-11-04,SPY,0,1,1,0.542425171759379,0.5329199286879984,0.5508222
2024-11-05,SPY,0,1,1,0.5423115981961687,0.5424383642830954,0.5582708
2024-11-06,SPY,0,1,1,0.5603300649658132,0.6279004492495701,0.7671456
2024-11-07,SPY,0,1,1,0.5496002821588482,0.6265778866008116,0.67319185
2024-11-08,SPY,0,0,1,0.5457770296286678,0.5538863339426435,0.5026187
2024-11-11,SPY,0,0,1,0.5345491990198465,0.6111890108006338,0.6133264
2024-11-12,SPY,0,0,1,0.5373816683718409,0.5325074645337028,0.5621853
2024-11-13,SPY,0,0,1,0.5328278851808537,0.590309185240537,0.5883414
2024-11-14,SPY,0,0,1,0.5291559709078071,0.5246091743241348,0.46791157
2024-11-15,SPY,0,1,1,0.5481774834488732,0.5273140293468269,0.47638065
2024-11-18,SPY,0,1,1,0.5252670596120146,0.5201062262609103,0.4472696
2024-11-19,SPY,0,1,1,0.5351278486181295,0.5489708518566639,0.5869484
2024-11-20,SPY,0,1,1,0.5410389015054777,0.5393597763541459,0.46496025
2024-11-21,SPY,0,1,1,0.5387883249731379,0.5600615011552191,0.61803967
2024-11-22,SPY,0,0,1,0.531507712802436,0.5483238758034572,0.5618978
2024-11-25,SPY,0,1,1,0.5324385743264485,0.5468650509464833,0.5728917
2024-11-26,SPY,0,0,1,0.5335177994261404,0.5312850469109845,0.52713716
2024-11-27,SPY,0,1,1,0.5305694509803697,0.5097827870506506,0.464525
2024-11-29,SPY,0,1,1,0.531338374077395,0.5276083608338947,0.42421404
2024-12-02,SPY,0,1,1,0.5344257430815685,0.5195825677124499,0.47820583
2024-12-03,SPY,0,1,1,0.5338551965045972,0.5423448263167194,0.48243302
2024-12-04,SPY,0,0,1,0.5391157355984285,0.5496819417932118,0.5235817
2024-12-05,SPY,0,1,1,0.5322807733454262,0.49233454714335834,0.39811122
2024-12-06,SPY,0,0,1,0.531010599248286,0.4858616704059251,0.43937218
2024-12-09,SPY,0,0,1,0.534640306649297,0.5065875613618307,0.4706087
2024-12-10,SPY,0,1,1,0.5339958702994524,0.49315685069012205,0.4140701
2024-12-11,SPY,0,0,1,0.5290372542660187,0.5181956186079575,0.4709155
2024-12-12,SPY,0,0,1,0.536080262787335,0.5529583434509794,0.5917763
2024-12-13,SPY,0,1,1,0.5382198201353307,0.5043475101067045,0.4687694
2024-12-16,SPY,0,1,1,0.5474972556028759,0.5753004457781401,0.56692445
2024-12-17,SPY,0,0,1,0.5563544916362101,0.5702080476166193,0.59481287
2024-12-18,SPY,0,0,1,0.572088156642092,0.4695773513694121,0.5964301
2024-12-19,SPY,0,1,1,0.5515826040082134,0.5039796732121048,0.6285835
2024-12-20,SPY,0,1,1,0.557285235850184,0.4928374572126784,0.48537052
2024-12-23,SPY,0,1,1,0.5506446187005205,0.5141230496553408,0.54160565
2024-12-24,SPY,0,1,1,0.5480941577993207,0.534930096538589,0.6157358
2024-12-26,SPY,0,0,1,0.5425872244905047,0.5323403595923079,0.5055546
2024-12-27,SPY,0,1,1,0.547833409702006,0.5200794681221581,0.46870404
2024-12-30,SPY,0,0,1,0.5413005823474166,0.5245129999364342,0.42199937
2024-12-31,SPY,0,0,1,0.5364886176149748,0.5417453080265751,0.4284947
2025-01-02,SPY,0,1,1,0.5340021586271291,0.5171896567257442,0.4799613
2025-01-03,SPY,0,0,1,0.5345300235412029,0.5110566853858626,0.5289127
2025-01-06,SPY,0,0,1,0.540507143671688,0.5699556734011435,0.5492276
2025-01-07,SPY,0,1,1,0.5428568973153677,0.5195112284126023,0.5246296
2025-01-08,SPY,0,0,1,0.5335860217338052,0.5562401625777322,0.5647375
2025-01-10,SPY,0,1,1,0.5417131607541628,0.49981419066243,0.5119422
2025-01-13,SPY,0,0,1,0.5290909434197643,0.5140420490317021,0.53038675
2025-01-14,SPY,0,1,1,0.5335520733029872,0.5380367566912608,0.5317153
2025-01-15,SPY,0,0,1,0.5350160708141932,0.5284879768785301,0.5314217
2025-01-16,SPY,0,1,1,0.5389698502701044,0.5616768225132149,0.5634844
2025-01-17,SPY,0,1,1,0.5322575935355669,0.5476601893670298,0.5351441
2025-01-21,SPY,0,1,1,0.5363679201708028,0.5759281142525755,0.57492304
2025-01-22,SPY,0,1,1,0.5362789696844307,0.557709346466304,0.52966213
2025-01-23,SPY,0,0,1,0.5296417496146981,0.5871607754565755,0.5476401
2025-01-24,SPY,0,1,1,0.5247234358087538,0.5384218022251741,0.54385644
2025-01-27,SPY,0,1,1,0.5419016602113895,0.5267986956218033,0.53862023
2025-01-28,SPY,0,0,1,0.5224119780804644,0.5406638136194155,0.56684947
2025-01-29,SPY,0,1,1,0.5278250849519752,0.5073812004745385,0.5163027
2025-01-30,SPY,0,0,1,0.5322667225472019,0.5251716937113117,0.5367204
2025-01-31,SPY,0,1,1,0.5503816113661076,0.619180568744693,0.63490963
2025-02-03,SPY,0,1,1,0.5448688483161834,0.5984479846339044,0.6346379
2025-02-04,SPY,0,1,1,0.5269139263909075,0.5135975603923264,0.49401915
2025-02-05,SPY,0,1,1,0.5278117154120279,0.48448029586973845,0.48571292
2025-02-06,SPY,0,0,1,0.5356670854050712,0.5601725632723913,0.58371556
2025-02-07,SPY,0,1,1,0.5437266603775965,0.48149872344748784,0.5157789
2025-02-10,SPY,0,1,1,0.5314907705826472,0.5299789397550528,0.56689507
2025-02-11,SPY,0,1,1,0.5370211582640724,0.5694670205684828,0.57356906
2025-02-12,SPY,0,1,1,0.5446362176631426,0.5414431227055485,0.5791988
2025-02-13,SPY,0,0,1,0.5402311381164275,0.5466210816818656,0.545797
2025-02-14,SPY,0,1,1,0.5359273257790547,0.5294966369638718,0.53347886
2025-02-18,SPY,0,1,1,0.533935188392097,0.5239577634727786,0.5180428
2025-02-19,SPY,0,0,1,0.5341302993644758,0.5017551178167465,0.48547074
2025-02-20,SPY,0,0,1,0.5346918751190721,0.5499262418321798,0.5414414
2025-02-21,SPY,0,0,1,0.5495892569169281,0.5678286166367285,0.563579
2025-02-24,SPY,0,0,1,0.535848363261418,0.6049425402810304,0.5876376
2025-02-25,SPY,0,0,1,0.5440742718799979,0.6509954012535936,0.6033773
2025-02-26,SPY,0,0,1,0.5396094155769756,0.5453844872291055,0.5523903
2025-02-27,SPY,0,1,1,0.5560281782867749,0.4520742137592866,0.48326373
2025-02-28,SPY,0,0,1,0.5506470120018289,0.5316931746373972,0.5367735
2025-03-03,SPY,0,0,1,0.5581620764822335,0.42872931311151774,0.43176332
2025-03-04,SPY,0,1,1,0.560618287434578,0.4571710021143611,0.49499306
2025-03-05,SPY,0,0,1,0.5486090203631491,0.6354982544961616,0.5736715
2025-03-06,SPY,0,1,1,0.5545118987197621,0.49026744822506096,0.4777042
2025-03-07,SPY,0,0,1,0.5486436698069366,0.6014717727456195,0.5818289
2025-03-10,SPY,0,0,1,0.5594477422328589,0.5371427204077818,0.55786526
2025-03-11,SPY,0,0,1,0.5455448295566301,0.5362978900874492,0.5748243
2025-03-12,SPY,0,0,1,0.5426013086062194,0.6348104847886034,0.633086
2025-03-13,SPY,0,1,1,0.5480093902671583,0.5423475280861524,0.5522107
2025-03-14,SPY,0,1,1,0.5426326883423421,0.5399001595865578,0.53797287
2025-03-17,SPY,0,0,1,0.538774490223722,0.5603536552032756,0.5899225
2025-03-18,SPY,0,1,1,0.5413103357751226,0.4870147023260541,0.50951433
2025-03-19,SPY,0,1,1,0.5318496323745318,0.6006136622486924,0.6005724
2025-03-20,SPY,0,1,1,0.5269695533213827,0.5873601645391047,0.57808894
2025-03-21,SPY,0,1,1,0.5330709648766087,0.5850194636823182,0.56509805
2025-03-24,SPY,0,1,1,0.524862007292293,0.4961234270888524,0.529567
2025-03-25,SPY,0,0,1,0.5201200264323692,0.5165999846036626,0.5195014
2025-03-26,SPY,0,0,1,0.5258277772433421,0.5431374773715711,0.5191707
2025-03-27,SPY,0,0,1,0.5197861513524102,0.5419346440735976,0.5648654
2025-03-28,SPY,0,1,1,0.5283517391744973,0.44932686788221315,0.4215666
2025-03-31,SPY,0,1,1,0.5310386998550537,0.5499636875661915,0.5563987
2025-04-01,SPY,0,1,1,0.5281977452756822,0.5691681658611725,0.56398356
2025-04-02,SPY,0,0,1,0.5342377915387843,0.593062696731911,0.5803172
2025-04-03,SPY,1,0,1,0.5690235960916807,0.6267288107206345,0.59393245
2025-04-04,SPY,1,1,1,0.5607894975664778,0.599283230464748,0.5615359
2025-04-07,SPY,1,0,1,0.5423474719299505,0.5867739394370365,0.55019504
2025-04-08,SPY,1,1,1,0.5501436266186273,0.6565095754927228,0.6226025
2025-04-09,SPY,1,0,1,0.5626897098972142,0.3216548121249955,0.35154116
2025-04-10,SPY,1,1,1,0.6136821378020395,0.4468673011493719,0.43955004
2025-04-11,SPY,1,0,1,0.5601025504751793,0.6225207246740102,0.58888465
2025-04-14,SPY,1,0,1,0.5535340550152075,0.5603492082761233,0.5929057
2025-04-15,SPY,1,0,1,0.5446942155892527,0.495337311198913,0.57995546
2025-04-16,SPY,1,0,1,0.5347377372351222,0.40838044100216453,0.38229254
2025-04-17,SPY,1,0,1,0.5097106734188305,0.5229379512031069,0.5294036
2025-04-21,SPY,1,1,1,0.5156854377600727,0.48977390002038734,0.5257562
2025-04-22,SPY,1,0,1,0.5036234280373647,0.5013984053006478,0.5145317
2025-04-23,SPY,1,1,1,0.518585764147163,0.510472070330487,0.5342406
2025-04-24,SPY,1,1,1,0.5159980645637594,0.5400100468081231,0.5105714
2025-04-25,SPY,1,0,1,0.5192307064521756,0.46887338861952066,0.47215325
2025-04-28,SPY,1,1,1,0.5062621080371438,0.44620215004511565,0.44395387
2025-04-29,SPY,1,1,1,0.496327890844256,0.4235526163029412,0.48904577
2025-04-30,SPY,1,0,1,0.49771420342854084,0.4114790177962517,0.47135183
2025-05-01,SPY,1,1,1,0.48770063559623267,0.4156371846146356,0.47985223
2025-05-02,SPY,1,1,1,0.5012423082734513,0.5186004081142694,0.54062927
2025-05-05,SPY,1,1,1,0.523884490755056,0.5301966300930002,0.5385276
2025-05-06,SPY,1,1,1,0.5248647680615982,0.5410232065258745,0.59237164
2025-05-07,SPY,1,0,1,0.5251397631186523,0.5511623363819547,0.609054
2025-05-08,SPY,1,0,1,0.5183414374312764,0.5475833684625544,0.52431196
2025-05-09,SPY,1,1,1,0.5288086822890784,0.49382157993539577,0.5211447
2025-05-12,SPY,1,1,1,0.5372773764781171,0.6234693120220971,0.6432286
2025-05-13,SPY,1,0,1,0.541691559537782,0.5409428159096679,0.5029171
2025-05-14,SPY,1,1,1,0.5401177849507948,0.4885750055956653,0.5146358
2025-05-15,SPY,1,1,1,0.5439680494655033,0.5777763267678007,0.5540012
2025-05-16,SPY,1,1,1,0.5412542092886032,0.6717097141149658,0.6698561
2025-05-19,SPY,1,0,1,0.5433188091241797,0.5100331187938871,0.59316313
2025-05-20,SPY,1,0,1,0.5396737268659608,0.5984468410244795,0.572501
2025-05-21,SPY,1,1,1,0.5539382624146574,0.5351214915752711,0.6356794
2025-05-22,SPY,1,1,1,0.5357726913250145,0.46718791565650186,0.5096865
2025-05-23,SPY,1,1,1,0.5409401524860549,0.4957294384888432,0.5262472
2025-05-27,SPY,1,0,1,0.540995019991495,0.5566208125795705,0.5416588
2025-05-28,SPY,1,0,1,0.5527803997494058,0.5379850647276644,0.51646173
2025-05-29,SPY,1,1,1,0.5465189941228136,0.5567646531673899,0.50227493
2025-05-30,SPY,1,1,1,0.5537109056293953,0.5474160006823656,0.5354857
2025-06-02,SPY,1,1,1,0.5357402366683054,0.5541668924296758,0.57752496
2025-06-03,SPY,1,0,1,0.5373848176296343,0.5655372655194064,0.55076665
2025-06-04,SPY,1,0,1,0.5371410594738907,0.5556549261028835,0.5442236
2025-06-05,SPY,1,1,1,0.5513366169359633,0.5144263279229415,0.5769497
2025-06-06,SPY,1,0,1,0.5357123016260578,0.5757397930131127,0.5557255
2025-06-09,SPY,1,1,1,0.5345929488860991,0.5701521946248566,0.5524511
2025-06-10,SPY,1,0,1,0.5364695019162764,0.5542198127671275,0.5548862
2025-06-11,SPY,1,1,1,0.5412693383277947,0.5459007562029657,0.544832
2025-06-12,SPY,1,0,1,0.53116623581132,0.5279648254731198,0.53076696
2025-06-13,SPY,1,1,1,0.5463164666403857,0.5681989724675073,0.5662883
2025-06-16,SPY,1,0,1,0.5342716248995043,0.5729280713280818,0.57065904
2025-06-17,SPY,1,0,1,0.5426609151490669,0.5838219636935699,0.58705235
2025-06-18,SPY,1,0,1,0.5367999630920903,0.5316265788884769,0.52530485
2025-06-20,SPY,1,1,1,0.5512545066860791,0.6237529315206647,0.6147365
2025-06-23,SPY,1,1,1,0.5442260453741684,0.6035690453537803,0.612279
2025-06-24,SPY,1,0,1,0.542796365883692,0.5844317953908758,0.6002173
2025-06-25,SPY,1,1,1,0.5396538452188566,0.560109240662852,0.586695
2025-06-26,SPY,1,1,1,0.5436651664013847,0.5847420177714308,0.5788068
2025-06-27,SPY,1,1,1,0.5437539001364649,0.5610824907227241,0.5872018
2025-06-30,SPY,1,1,1,0.5456067258965991,0.5254640049200894,0.5204269
2025-07-01,SPY,1,1,1,0.538481122159992,0.5348804547969834,0.5326485
2025-07-02,SPY,1,1,1,0.531572879616362,0.5301158093477298,0.53516996
2025-07-03,SPY,1,0,1,0.5245672198564738,0.5750201546535106,0.57011205
2025-07-07,SPY,1,0,1,0.5443747912179034,0.5641922633258141,0.58569974
2025-07-08,SPY,1,1,1,0.529901448706544,0.5662122945186684,0.55029416
2025-07-09,SPY,0,1,1,0.5303936065853737,0.5461052705359443,0.56735444
2025-07-10,SPY,0,1,1,0.5290757792222545,0.583891077799484,0.5896259
2025-07-11,SPY,0,1,1,0.5374617031065683,0.5427087727732461,0.5705762
2025-07-14,SPY,0,0,1,0.5274792361010816,0.5528622865094406,0.5515665
2025-07-15,SPY,0,1,1,0.5432676715035772,0.5703015610984873,0.55627036
2025-07-16,SPY,0,1,1,0.5456871643787526,0.6066012660292944,0.5347402
2025-07-17,SPY,0,0,1,0.5409285785294715,0.5230033873452524,0.52442014
2025-07-18,SPY,0,0,1,0.5437866830767232,0.5200059799302789,0.51374537
2025-07-21,SPY,0,0,1,0.5430513375883632,0.5079195409297005,0.4932276
2025-07-22,SPY,0,1,1,0.5398104249293487,0.49822077548953,0.52874047
2025-07-23,SPY,0,0,1,0.5409384364254841,0.4960920473026845,0.5161404
2025-07-24,SPY,0,1,1,0.5467860096726103,0.5452538484977226,0.5460027
2025-07-25,SPY,0,0,1,0.5357400526245903,0.5790820201427751,0.5549365
2025-07-28,SPY,0,0,1,0.5360412882317376,0.5101591645947517,0.49160776
2025-07-29,SPY,0,0,1,0.5377428508327717,0.49640625481718587,0.491518
2025-07-30,SPY,0,0,1,0.5494714053068634,0.5800599222042329,0.5605307
2025-07-31,SPY,0,0,1,0.5569964093967728,0.4993732974253406,0.49130613
2025-08-01,SPY,0,1,1,0.5631185023619478,0.5868870067856427,0.59171957
2025-08-04,SPY,0,0,1,0.5324891089059177,0.5286847667219634,0.5498193
2025-08-05,SPY,0,1,1,0.5448258519348976,0.5444683291604391,0.54695594
2025-08-06,SPY,0,0,1,0.5386162265362375,0.5469475308447997,0.5543704
2025-08-07,SPY,0,1,1,0.5464430143769878,0.5427919459079719,0.5594372
2025-08-08,SPY,0,0,1,0.5360112136504547,0.581833021725746,0.5692077
2025-08-11,SPY,0,1,1,0.5396857114343031,0.5156795634432249,0.52394295
2025-08-12,SPY,0,0,1,0.5355912587919469,0.5713529442485275,0.5695509
2025-08-13,SPY,0,1,1,0.5391164482951916,0.5571258386999356,0.57612
2025-08-14,SPY,0,0,1,0.5372277768582863,0.5240557769225078,0.51502985
2025-08-15,SPY,0,1,1,0.54002924164247,0.5438238181600731,0.53690684
2025-08-18,SPY,0,0,1,0.5288729708144484,0.5262754353381944,0.546865
2025-08-19,SPY,0,0,1,0.5388219287238741,0.5100873476759985,0.5127245
2025-08-20,SPY,0,0,1,0.5411922356849694,0.6139690119913098,0.59204715
2025-08-21,SPY,0,1,1,0.5324089275155139,0.5999231614644673,0.5728165
2025-08-22,SPY,0,0,1,0.5353087054587015,0.5491652933412748,0.5672567
2025-08-25,SPY,0,1,1,0.5380672891263596,0.5289891671728522,0.5336662
2025-08-26,SPY,0,1,1,0.5333155650855201,0.5072783653378363,0.52695537
2025-08-27,SPY,0,1,1,0.5336926859472558,0.5300325701776781,0.5143742
2025-08-28,SPY,0,0,1,0.536089323807316,0.5309872113584272,0.5285474
2025-08-29,SPY,0,1,1,0.5521559015000693,0.5963653879934145,0.6240683
2025-09-02,SPY,0,1,1,0.5500787996495562,0.5953401624583897,0.5837974
2025-09-03,SPY,0,1,1,0.5403521174620842,0.5787622639243025,0.5974112
2025-09-04,SPY,0,0,1,0.5391595841336253,0.5392724585644254,0.5515312
2025-09-05,SPY,0,1,1,0.5564501287060709,0.6121845394705404,0.6281799
2025-09-08,SPY,0,1,1,0.5406105713170734,0.5342221604516306,0.5156468
2025-09-09,SPY,0,0,1,0.5403582958427384,0.5181236869783757,0.5193114
2025-09-10,SPY,0,1,1,0.5435406460900946,0.524453178907718,0.520269
2025-09-11,SPY,0,0,1,0.5384867694206773,0.5018773390020719,0.49040237
2025-09-12,SPY,0,1,1,0.5428336634484286,0.5261925188154357,0.5274791
2025-09-15,SPY,0,0,1,0.5355103355494827,0.5225291762925148,0.48914734
2025-09-16,SPY,0,0,1,0.5358389116138756,0.546329462164907,0.51503056
2025-09-17,SPY,0,1,1,0.5530391036667648,0.549279338454463,0.54694724
2025-09-18,SPY,0,1,1,0.54682775759247,0.598992912499189,0.54649615
2025-09-19,SPY,0,1,1,0.5508532495682348,0.6066881534145472,0.5620873
2025-09-22,SPY,0,0,1,0.5389028118294202,0.4955013218555686,0.50218993
2025-09-23,SPY,0,0,1,0.5480851602174355,0.5870263792279978,0.5666258
2025-09-24,SPY,0,1,1,0.5365854284422699,0.45637427471241404,0.46752122
2025-09-25,SPY,0,1,1,0.5454491903313788,0.5933220357569863,0.5587212
2025-09-26,SPY,0,0,1,0.5313230240667607,0.5348358806743991,0.54107785
2025-09-29,SPY,0,1,1,0.5406117241373014,0.5060862877885035,0.48838523
2025-09-30,SPY,0,1,1,0.5498351030579388,0.6284989936618076,0.63670367
2025-10-01,SPY,0,0,1,0.5419793227508535,0.5812094229764072,0.58608234
2025-10-02,SPY,0,0,1,0.5310952118453373,0.5283527546972075,0.5024549
2025-10-03,SPY,0,0,1,0.5398242454268596,0.47279535755069374,0.48488334
2025-10-06,SPY,0,0,1,0.5292311722962189,0.5161618023118756,0.50695395
2025-10-07,SPY,0,1,1,0.5419583534897433,0.49247407746191435,0.5018946
2025-10-08,SPY,0,0,1,0.5315866676237678,0.5240471955954396,0.50208014
2025-10-09,SPY,0,0,1,0.5388137507909271,0.47992132396786474,0.49907464
2025-10-10,SPY,0,1,1,0.5741711446666432,0.5609228048063459,0.51114064
2025-10-13,SPY,0,1,1,0.5268598593970272,0.5153025914811549,0.55071235
2025-10-14,SPY,0,0,1,0.5441524173269809,0.56999603933673,0.55108523
2025-10-15,SPY,0,0,1,0.5439790563532244,0.5207940794238707,0.53341424
2025-10-16,SPY,0,1,1,0.5589955970583642,0.6006333444214291,0.5637038
2025-10-17,SPY,0,1,1,0.5394110961929252,0.5392633567123407,0.5301914
2025-10-20,SPY,0,0,1,0.5297881460726679,0.5134148478456664,0.5342853
2025-10-21,SPY,0,0,1,0.5361678694602959,0.5053127736418649,0.5147431
2025-10-22,SPY,0,1,1,0.5445886485937333,0.5347373405437399,0.54894364
2025-10-23,SPY,0,1,1,0.5322806214324791,0.4998720443597564,0.5202815
2025-10-24,SPY,0,1,1,0.534630783709214,0.5639699236832657,0.5474487
2025-10-27,SPY,0,1,1,0.533583323772571,0.5509678707815248,0.5653462
2025-10-28,SPY,0,0,1,0.5380652463245165,0.5773337884481907,0.5711025
2025-10-29,SPY,0,0,1,0.540190206945577,0.5298988131318084,0.5226018
2025-10-30,SPY,0,0,1,0.5385549087813882,0.4671682581035865,0.47722414
2025-10-31,SPY,0,0,1,0.5315443703406773,0.5750653746917438,0.5373065
2025-11-03,SPY,0,0,1,0.5261410777344827,0.5269694612326794,0.551399
2025-11-04,SPY,0,1,1,0.540611684740665,0.46279530483067144,0.47473922
2025-11-05,SPY,0,0,1,0.5306182383226352,0.5357333674308427,0.5273553
2025-11-06,SPY,0,1,1,0.5401667442017923,0.5008468129524514,0.51028216
2025-11-07,SPY,0,1,1,0.5507205245571931,0.6425751281727213,0.6271218
2025-11-10,SPY,0,1,1,0.5364244615435538,0.5523626869221978,0.55808306
2025-11-11,SPY,0,0,1,0.5386788153465907,0.5624320181238396,0.59099907
2025-11-12,SPY,0,0,1,0.5410023690254913,0.5536770215524615,0.5621724
2025-11-13,SPY,0,1,1,0.563740927069693,0.5940224906883657,0.6067174
2025-11-14,SPY,0,0,1,0.5457381730858961,0.6026282344929677,0.5863803
2025-11-17,SPY,0,0,1,0.5468838274735075,0.5637499138448027,0.57846296
2025-11-18,SPY,0,1,1,0.5553938422859088,0.4575552500885047,0.4860307
2025-11-19,SPY,0,0,1,0.5457587928506227,0.6198886725788711,0.6000278
2025-11-20,SPY,0,1,1,0.5696818933647878,0.5129232942148059,0.51413274
2025-11-21,SPY,0,1,1,0.544694806089033,0.568119586537183,0.55471706
2025-11-24,SPY,0,1,1,0.5343199792787228,0.5026974387328607,0.5181681
2025-11-25,SPY,0,1,1,0.5383953360693302,0.5299295082722636,0.5591809
2025-11-26,SPY,0,1,1,0.5377719068832824,0.5548158094119651,0.5513309
2025-11-28,SPY,0,1,1,0.5271216052733674,0.4785287483665137,0.48403364
2025-12-01,SPY,0,0,1,0.5309678727789254,0.5372534276472813,0.51375604
2025-12-02,SPY,0,1,1,0.5243707104933338,0.4631999321441077,0.4805391
2025-12-03,SPY,0,0,1,0.5253461491442373,0.4757983291073012,0.45459712
2025-12-04,SPY,0,1,1,0.528392600146029,0.4865243891031166,0.50507
2025-12-05,SPY,0,0,1,0.5356229972001231,0.5124186247208995,0.5321419
2025-12-08,SPY,0,0,1,0.5309097160128274,0.5069036067921945,0.5156088
2025-12-09,SPY,0,1,1,0.5267572390381337,0.500807686056834,0.52710855
2025-12-10,SPY,0,1,1,0.5304645915079399,0.49962440234701844,0.5042889
2025-12-11,SPY,0,0,1,0.5341996969849971,0.514298960463384,0.51234627
2025-12-12,SPY,0,0,1,0.5500870303743876,0.5704004582315039,0.5260786
2025-12-15,SPY,0,0,1,0.5366914148559242,0.5269074164175941,0.5252131
2025-12-16,SPY,0,0,1,0.5462708549000429,0.5835330964630869,0.5829553
2025-12-17,SPY,0,0,1,0.5503382882218828,0.5704985222343856,0.5630663
2025-12-18,SPY,0,1,1,0.5430026991183254,0.5350972120207415,0.5450583
2025-12-19,SPY,0,1,1,0.5513660922154141,0.6474854791831234,0.64090496
2025-12-22,SPY,0,1,1,0.5454538762456955,0.5717569677165238,0.5892086
2025-12-23,SPY,0,1,1,0.5431804207919594,0.5709284857480521,0.55843705
2025-12-24,SPY,0,0,1,0.5302610659854547,0.5277471837190698,0.51878154
2025-12-26,SPY,0,1,1,0.530428396009309,0.4897383481605779,0.4751135
2025-12-29,SPY,0,0,1,0.5346981091907045,0.5015055122751341,0.5162685
2025-12-30,SPY,0,0,1,0.5290927910588802,0.49200914327461087,0.48915538
