date,asset,regime,y_true,baseline_pred,lr_prob,rf_prob,xgb_prob
2015-01-02,SPY,0,0,1,0.509841360665749,0.5415085080721553,0.5249954
2015-01-05,SPY,0,0,1,0.5248197183308034,0.5791748644689324,0.52079237
2015-01-06,SPY,0,1,1,0.5154048757321359,0.5597453348413263,0.6032609
2015-01-07,SPY,1,1,1,0.5105502751586775,0.48578814384434876,0.34375247
2015-01-08,SPY,1,0,1,0.5273320081671585,0.5825167421673919,0.5839736
2015-01-09,SPY,1,0,1,0.5527110333274204,0.498294330696491,0.5248152
2015-01-12,SPY,1,0,1,0.5484825509664826,0.5666723907640917,0.58058184
2015-01-13,SPY,1,1,1,0.5698856703791558,0.5272461322097584,0.6223313
2015-01-14,SPY,1,0,1,0.560747370178291,0.5797832441642121,0.65624225
2015-01-15,SPY,1,1,1,0.5277543851119837,0.49249451391034144,0.42426252
2015-01-16,SPY,0,0,1,0.5414621601261365,0.6019436451518229,0.5712515
2015-01-20,SPY,0,1,1,0.5289763451722469,0.4692161689775794,0.3723711
2015-01-21,SPY,0,1,1,0.5271316455435296,0.4630741532573659,0.33067498
2015-01-22,SPY,0,0,1,0.5378321978556935,0.6001347922629237,0.64983475
2015-01-23,SPY,0,1,1,0.535095027720397,0.5411017291001542,0.55505306
2015-01-26,SPY,0,0,1,0.5145841741083746,0.5177391726640472,0.55568
2015-01-27,SPY,0,0,1,0.5347482384958478,0.5783390128588223,0.6481289
2015-01-28,SPY,0,1,1,0.53783923897953,0.6542393665996046,0.69678116
2015-01-29,SPY,0,0,1,0.5151916766037089,0.5764208854730406,0.6497787
2015-01-30,SPY,0,1,1,0.538498523710032,0.5384142632509922,0.4594395
2015-02-02,SPY,1,1,1,0.5196567587998494,0.4582749886685334,0.3714236
2015-02-03,SPY,0,1,1,0.5290064499813855,0.5662136658419663,0.5478982
2015-02-04,SPY,0,1,1,0.5494202689708522,0.4737820268825372,0.5086298
2015-02-05,SPY,0,0,1,0.5241457061621327,0.5437472920057348,0.6212865
2015-02-06,SPY,0,0,1,0.5320562908350946,0.5283110384113978,0.5842142
2015-02-09,SPY,0,1,1,0.5217432454656755,0.5275399020667523,0.52309716
2015-02-10,SPY,0,1,1,0.5134991189206887,0.5260556028811976,0.56765664
2015-02-11,SPY,0,1,1,0.5216982820389671,0.5179010334547973,0.54854155
2015-02-12,SPY,0,1,1,0.5208740105115298,0.6571776133604458,0.7328545
2015-02-13,SPY,0,1,1,0.5321540088180993,0.6742663658133771,0.71477485
2015-02-17,SPY,0,1,1,0.5236334745826299,0.6002289451034285,0.6132543
2015-02-18,SPY,0,1,1,0.5202451816122283,0.5361274105699207,0.50001127
2015-02-19,SPY,0,1,1,0.524296973097631,0.5578207019412461,0.54539114
2015-02-20,SPY,0,1,1,0.5246458950565779,0.5810050036130605,0.70114225
2015-02-23,SPY,0,1,1,0.5093575261599906,0.5417090354723874,0.48922318
2015-02-24,SPY,0,0,1,0.5078941224519173,0.5426511042484282,0.5786052
2015-02-25,SPY,0,0,1,0.522453288429853,0.6195797380222995,0.6392782
2015-02-26,SPY,0,0,1,0.5353679897463289,0.641310960931126,0.60516495
2015-02-27,SPY,0,1,1,0.5394221986096283,0.5643120041294197,0.51308966
2015-03-02,SPY,0,0,1,0.5454405271682332,0.5645978266485542,0.59900045
2015-03-03,SPY,0,0,1,0.5581712574390777,0.5695959416897081,0.5432349
2015-03-04,SPY,0,0,1,0.55722602809521,0.562682187802642,0.56087774
2015-03-05,SPY,0,0,1,0.5387123900260153,0.555298725641824,0.53531337
2015-03-06,SPY,0,1,1,0.5927076109169092,0.686718589018223,0.75905925
2015-03-09,SPY,0,0,1,0.5416046775683778,0.5355446832889271,0.5329749
2015-03-10,SPY,0,0,1,0.5786218862202015,0.5244911701555119,0.6173156
2015-03-11,SPY,0,1,1,0.5508928114468219,0.5045982665108677,0.3993298
2015-03-12,SPY,0,0,1,0.5447355139928283,0.5149051059849683,0.5010531
2015-03-13,SPY,0,1,1,0.574095125215396,0.6008882795323328,0.65311486
2015-03-16,SPY,0,1,1,0.555669164776396,0.5535046189022491,0.51604295
2015-03-17,SPY,0,1,1,0.5470752091221861,0.50941094378992,0.45830467
2015-03-18,SPY,0,0,1,0.5769927412239714,0.6058078759693543,0.65467626
2015-03-19,SPY,0,1,1,0.5490520957091551,0.5229707085020643,0.5782603
2015-03-20,SPY,0,0,1,0.5561586848120134,0.5543418782467007,0.5049567
2015-03-23,SPY,0,0,1,0.5250990436763571,0.5281367829381962,0.5130584
2015-03-24,SPY,0,0,1,0.5289502972116398,0.5482640309329926,0.5757594
2015-03-25,SPY,0,1,1,0.5428591086006314,0.5971211167507052,0.54280704
2015-03-26,SPY,0,1,1,0.5349392819846752,0.6039559797165476,0.5076037
2015-03-27,SPY,0,1,1,0.5131210070162452,0.4901407031939529,0.41904068
2015-03-30,SPY,0,0,1,0.5103117140034187,0.5437668211650716,0.47789207
2015-03-31,SPY,0,0,1,0.5323675377040458,0.5241928583420037,0.47120294
2015-04-01,SPY,0,1,1,0.5337135400085252,0.47240141070177627,0.3534412
2015-04-02,SPY,0,1,1,0.517183492644034,0.5553267209310586,0.48205587
2015-04-06,SPY,0,0,1,0.5333567105364665,0.5341378790359546,0.5529271
2015-04-07,SPY,0,1,1,0.5146436072154863,0.5231482681547074,0.50502795
2015-04-08,SPY,0,1,1,0.5263350864917526,0.4784287637764249,0.46277353
2015-04-09,SPY,0,1,1,0.5276632404592536,0.4791125411766046,0.49992406
2015-04-10,SPY,0,0,1,0.5201973492056315,0.4208512196127074,0.4443973
2015-04-13,SPY,0,1,1,0.5295869282928184,0.514014004127933,0.5064676
2015-04-14,SPY,0,1,1,0.5236831154919338,0.47118001395102926,0.49169132
2015-04-15,SPY,0,1,1,0.5303551999861243,0.450682904749386,0.46049812
2015-04-16,SPY,0,0,1,0.5182994388087552,0.4724266248022071,0.5098592
2015-04-17,SPY,0,1,1,0.5626636519680317,0.6493896409736019,0.7409388
2015-04-20,SPY,0,0,1,0.5270323866710666,0.5662436081224972,0.5757599
2015-04-21,SPY,0,1,1,0.5259807816139376,0.5357757193280345,0.5413092
2015-04-22,SPY,0,1,1,0.5262466915339525,0.5683501145284222,0.5161146
2015-04-23,SPY,0,0,1,0.5483020805108173,0.5656810923508607,0.53407127
2015-04-24,SPY,0,0,1,0.533084955549418,0.46313433678350646,0.5124073
2015-04-27,SPY,0,1,1,0.5374322039090542,0.5252361942542093,0.44931534
2015-04-28,SPY,0,1,1,0.5341800160105049,0.43406692231502736,0.4596201
2015-04-29,SPY,0,0,1,0.5560600433932845,0.49614770565481603,0.3927851
2015-04-30,SPY,0,1,1,0.5718920856905171,0.6606343121620061,0.6996021
2015-05-01,SPY,0,1,1,0.5456266085274144,0.5100352067441936,0.49675485
2015-05-04,SPY,0,0,1,0.5396110513315848,0.5711679597904116,0.55494744
2015-05-05,SPY,0,0,1,0.560709589745854,0.57383129318131,0.628822
2015-05-06,SPY,0,1,1,0.5621486565676186,0.5922674172414009,0.6522709
2015-05-07,SPY,0,1,1,0.5439501710730668,0.5386753260790854,0.5946885
2015-05-08,SPY,0,0,1,0.5534965964977004,0.5868371614994916,0.4837714
2015-05-11,SPY,0,1,1,0.5387152535420917,0.5534222063033841,0.631199
2015-05-12,SPY,0,0,1,0.5504221049700305,0.543377901412786,0.58074576
2015-05-13,SPY,0,1,1,0.5401055128060779,0.5135054450046335,0.49335936
2015-05-14,SPY,0,0,1,0.536530824643323,0.5231618257917167,0.50790745
2015-05-15,SPY,0,1,1,0.531082341154764,0.5398534736783915,0.5129931
2015-05-18,SPY,0,0,1,0.5276874418352643,0.4473515441895595,0.46023685
2015-05-19,SPY,0,0,1,0.5301487044783921,0.447395358874311,0.4783629
2015-05-20,SPY,0,1,1,0.5312960177489064,0.47779041368608766,0.483112
2015-05-21,SPY,0,0,1,0.5126175999477774,0.5298389121907592,0.52102816
2015-05-22,SPY,0,0,1,0.5129462664535738,0.4893650197487194,0.49566665
2015-05-26,SPY,0,1,1,0.5460252330381942,0.5479100975132933,0.6423866
2015-05-27,SPY,0,1,1,0.5290694019770427,0.5533066088025713,0.612233
2015-05-28,SPY,0,0,1,0.5314866120481362,0.5430185985564232,0.5888077
2015-05-29,SPY,0,0,1,0.5581718480166916,0.5967977736305443,0.64189523
2015-06-01,SPY,0,1,1,0.5391189174365386,0.48881507836385957,0.5028374
2015-06-02,SPY,0,0,1,0.5381725640391439,0.506862164402227,0.5021757
2015-06-03,SPY,0,0,1,0.5322359599607479,0.45604143819210224,0.45907527
2015-06-04,SPY,0,0,1,0.5680421301303009,0.6317677213933891,0.68879646
2015-06-05,SPY,0,0,1,0.5509202959598499,0.5685438417502156,0.5517009
2015-06-08,SPY,0,0,1,0.5343359526917606,0.5879889666698742,0.48859647
2015-06-09,SPY,0,1,1,0.5402050339497543,0.5922926965472176,0.5787837
2015-06-10,SPY,0,1,1,0.5552928088555527,0.5889012875926007,0.57198274
2015-06-11,SPY,0,0,1,0.5356328481058086,0.5285798049320033,0.4859325
2015-06-12,SPY,0,1,1,0.5647224918628642,0.6045761291077746,0.61021435
2015-06-15,SPY,0,1,1,0.55789392567113,0.5908884064866455,0.43507102
2015-06-16,SPY,0,0,1,0.5363836284168951,0.5254118940838343,0.55326575
2015-06-17,SPY,0,1,1,0.5417084577247782,0.5677315052695904,0.5904274
2015-06-18,SPY,0,0,1,0.5526875734055091,0.6414424118999584,0.77552265
2015-06-19,SPY,0,0,1,0.5460423919939231,0.5733022555904744,0.6121986
2015-06-22,SPY,0,0,1,0.5187138792633768,0.4909629520394191,0.46536025
2015-06-23,SPY,0,0,1,0.5272323615965444,0.4939147621356517,0.45364892
2015-06-24,SPY,0,0,1,0.5394706671326653,0.5461448719984678,0.56926656
2015-06-25,SPY,0,0,1,0.5262136299361384,0.5052218590405408,0.46349138
2015-06-26,SPY,0,0,1,0.5327940346009626,0.46218089534355233,0.44583157
2015-06-29,SPY,0,0,1,0.571557326393993,0.49485648626335577,0.60896355
2015-06-30,SPY,0,0,1,0.548977940308751,0.5468254746071849,0.4149242
2015-07-01,SPY,0,0,1,0.5348534245423622,0.5825811374947648,0.5669013
2015-07-02,SPY,0,1,1,0.5365445495378803,0.5103988915085507,0.54741794
2015-07-06,SPY,0,1,1,0.541226941630894,0.5108593030103844,0.5593204
2015-07-07,SPY,0,0,1,0.5501161815951164,0.48962287778828917,0.47791648
2015-07-08,SPY,0,0,1,0.5654984907425432,0.5747603338406262,0.60266614
2015-07-09,SPY,0,1,1,0.5367328043416671,0.6250360450453307,0.6037863
2015-07-10,SPY,0,1,1,0.5309139877928294,0.48116212751194487,0.40486038
2015-07-13,SPY,0,1,1,0.5342959957042781,0.5623483437083362,0.5946118
2015-07-14,SPY,0,0,1,0.5319498446451186,0.5182932251399618,0.5023414
2015-07-15,SPY,0,1,1,0.5299155784200374,0.5660458363130357,0.56792057
2015-07-16,SPY,0,1,1,0.5278032698312087,0.5506309471994674,0.64152426
2015-07-17,SPY,0,0,1,0.5164315968207492,0.4582715537895818,0.4190396
2015-07-20,SPY,0,0,1,0.5067570911007033,0.4411011879085823,0.4398792
2015-07-21,SPY,0,1,1,0.5082659938130388,0.5078787110318447,0.49624154
2015-07-22,SPY,0,0,1,0.5096657827057154,0.5033575388670521,0.4546137
2015-07-23,SPY,0,0,1,0.5064157606723907,0.5371208514877449,0.64036787
2015-07-24,SPY,0,0,1,0.5180450252106761,0.5105888301969543,0.48822588
2015-07-27,SPY,0,1,1,0.5140245259068976,0.5415560695961869,0.5105747
2015-07-28,SPY,0,1,1,0.5361564071229348,0.495123849479401,0.47618234
2015-07-29,SPY,0,1,1,0.5374693004144878,0.5153942021011073,0.5109156
2015-07-30,SPY,0,0,1,0.5348513673506471,0.5554417721798746,0.48069727
2015-07-31,SPY,0,0,1,0.5418240858425335,0.5045275513857709,0.49738482
2015-08-03,SPY,0,0,1,0.5505318616861578,0.4593979680796454,0.46556893
2015-08-04,SPY,0,0,1,0.5211172666104708,0.4867203185082615,0.53989536
2015-08-05,SPY,0,0,1,0.5267210814821071,0.5019192352014329,0.60659534
2015-08-06,SPY,0,0,1,0.5526594424123277,0.5899142734129015,0.69552267
2015-08-07,SPY,0,1,1,0.5465614264035064,0.5735977446953148,0.4985539
2015-08-10,SPY,0,0,1,0.5225609156445361,0.5105147674580791,0.34269676
2015-08-11,SPY,0,1,1,0.5609762650301581,0.5928150188030799,0.6151079
2015-08-12,SPY,0,0,1,0.5687948423406384,0.6229334776341325,0.65031236
2015-08-13,SPY,0,1,1,0.5299734225497258,0.5490537831803785,0.54334223
2015-08-14,SPY,0,1,1,0.5211046525726643,0.5547172645963234,0.52185464
2015-08-17,SPY,0,0,1,0.5098901384546389,0.5252285360522271,0.5906915
2015-08-18,SPY,0,0,1,0.5118407847161887,0.4941171595230276,0.49603713
2015-08-19,SPY,0,0,1,0.5570074612256666,0.6076069543600392,0.5841269
2015-08-20,SPY,0,0,1,0.5736616727078084,0.4730092454344506,0.5243293
2015-08-21,SPY,0,1,1,0.58962963326677,0.5509870663196278,0.612281
2015-08-24,SPY,1,0,1,0.5751346858976827,0.6145221732559665,0.6053484
2015-08-25,SPY,1,1,1,0.5212392628832654,0.6163135256821021,0.698195
2015-08-26,SPY,1,1,1,0.5285383641783032,0.44319645622956033,0.43059388
2015-08-27,SPY,1,1,1,0.5474776882361027,0.4486199110389193,0.46044847
2015-08-28,SPY,1,0,1,0.5566312481822902,0.4820355115679279,0.47153673
2015-08-31,SPY,1,0,1,0.5564412983885632,0.4929075176692614,0.55721456
2015-09-01,SPY,1,1,1,0.5865857042812352,0.4881183121422896,0.48499975
2015-09-02,SPY,1,0,1,0.5162315535913663,0.5220905499443101,0.48961774
2015-09-03,SPY,1,0,1,0.5026320328821984,0.473934833607307,0.46008888
2015-09-04,SPY,1,1,1,0.5112643561473532,0.49911336120161204,0.46981326
2015-09-08,SPY,1,0,1,0.49055055092536104,0.5111618176021699,0.5425732
2015-09-09,SPY,1,1,1,0.5178878061905777,0.47197824636843677,0.45666942
2015-09-10,SPY,1,1,1,0.4913218261645394,0.5163659582219423,0.48037753
2015-09-11,SPY,1,0,1,0.48695587098508963,0.5036618872253739,0.47211707
2015-09-14,SPY,1,1,1,0.4852853493711585,0.5091100150202296,0.49953124
2015-09-15,SPY,1,1,1,0.4517574338298775,0.5763355947191109,0.59635437
2015-09-16,SPY,1,0,1,0.44998479236922223,0.5327645056413314,0.67964196
2015-09-17,SPY,1,0,1,0.47616198596748893,0.524700632592661,0.60434204
2015-09-18,SPY,1,1,1,0.496184976715449,0.514194753983707,0.5796797
2015-09-21,SPY,1,1,1,0.4959600896082609,0.5379204312571235,0.53381616
2015-09-22,SPY,1,0,1,0.5326358830682375,0.37427143098623245,0.3555067
2015-09-23,SPY,1,1,1,0.5152318829901809,0.459357600299386,0.48172095
2015-09-24,SPY,1,0,1,0.514308972539,0.5070860298657908,0.49819112
2015-09-25,SPY,1,0,1,0.5048900196446126,0.5438567048853846,0.5144963
2015-09-28,SPY,1,0,1,0.5202689197905421,0.4198969185474185,0.41480738
2015-09-29,SPY,1,1,1,0.5117410227826555,0.4534055830807709,0.50065804
2015-09-30,SPY,1,1,1,0.5393478586200672,0.5439984417945939,0.48370224
2015-10-01,SPY,1,1,1,0.5340284742012793,0.5054948247224731,0.40505657
2015-10-02,SPY,1,1,1,0.5493729996011238,0.5824868224543525,0.5307806
2015-10-05,SPY,1,0,1,0.5281195008815012,0.6004408782262742,0.68035847
2015-10-06,SPY,1,1,1,0.530880462779884,0.5627310587502331,0.6035178
2015-10-07,SPY,1,1,1,0.5305207768972403,0.6226851497964175,0.57374483
2015-10-08,SPY,1,0,1,0.5347303699340421,0.5115268691646506,0.34179544
2015-10-09,SPY,1,1,1,0.5222832490306704,0.4642104912511496,0.42898783
2015-10-12,SPY,1,0,1,0.4996427635654277,0.48443099960145036,0.42099836
2015-10-13,SPY,1,0,1,0.5095958628531502,0.49902244582185007,0.50443375
2015-10-14,SPY,1,1,1,0.50301594179979,0.5155932649607053,0.4937853
2015-10-15,SPY,1,1,1,0.5086067583981885,0.4883510635269233,0.4195106
2015-10-16,SPY,0,1,1,0.5201329859748763,0.613279292932256,0.7017331
2015-10-19,SPY,0,1,1,0.5105000125514874,0.5370819532327107,0.503904
2015-10-20,SPY,0,0,1,0.5244867578601624,0.49214513766225526,0.4698566
2015-10-21,SPY,0,1,1,0.5387716123325693,0.5707065536796038,0.6193472
2015-10-22,SPY,0,1,1,0.5479794102716145,0.5877124279162262,0.6228974
2015-10-23,SPY,1,0,1,0.5448323467927083,0.6062605674312445,0.58997864
2015-10-26,SPY,0,1,1,0.5570649818433109,0.5150974343563118,0.45944706
2015-10-27,SPY,0,1,1,0.5652836604309911,0.5115970362390007,0.5204871
2015-10-28,SPY,0,1,1,0.5728103253840766,0.6057189235375628,0.6778935
2015-10-29,SPY,0,0,1,0.554275310695174,0.5362940952097426,0.5821826
2015-10-30,SPY,0,1,1,0.5563363530260272,0.5537255943535019,0.5421698
2015-11-02,SPY,0,1,1,0.5385603510357586,0.5636621440307511,0.5528058
2015-11-03,SPY,0,0,1,0.5492047175450955,0.5676643563115065,0.4212803
2015-11-04,SPY,0,0,1,0.5422333269606835,0.5679771230432733,0.56986904
2015-11-05,SPY,0,1,1,0.5349206576640781,0.5841133311060763,0.60373545
2015-11-06,SPY,0,0,1,0.5476958165595659,0.6141295332350409,0.5841522
2015-11-09,SPY,0,1,1,0.5453500045176627,0.5998876386238985,0.6059478
2015-11-10,SPY,0,0,1,0.5249860285228496,0.5951577063912954,0.6243667
2015-11-11,SPY,0,0,1,0.5294931574153225,0.5642177984153977,0.5348935
2015-11-12,SPY,0,0,1,0.548882612492985,0.5860147507627033,0.5758584
2015-11-13,SPY,0,1,1,0.5511103307011201,0.5578722904729392,0.528624
2015-11-16,SPY,0,0,1,0.5484357140674452,0.531673556236446,0.4804987
2015-11-17,SPY,0,1,1,0.5508280157060669,0.5942697618721201,0.49721524
2015-11-18,SPY,0,0,1,0.5581570284755087,0.5527254187335988,0.4774445
2015-11-19,SPY,0,0,1,0.5466733728417269,0.5745494124026965,0.60536104
2015-11-20,SPY,0,0,1,0.5415118083120292,0.5196122386278532,0.46505722
2015-11-23,SPY,0,1,1,0.5240423563971409,0.4754428791754712,0.42626843
2015-11-24,SPY,0,0,1,0.5393107405013491,0.4881946773327626,0.47611687
2015-11-25,SPY,0,1,1,0.49522900263200753,0.44987673141815443,0.4882386
2015-11-27,SPY,0,0,1,0.49361124997453676,0.4587448097161191,0.35937485
2015-11-30,SPY,0,1,1,0.5237596677544402,0.4955431616731883,0.49216425
2015-12-01,SPY,0,0,1,0.5183037337723503,0.48274411971381503,0.4492401
2015-12-02,SPY,0,0,1,0.5315188873685758,0.5030023120032762,0.41389105
2015-12-03,SPY,0,1,1,0.5543278563395373,0.583291466743073,0.48008588
2015-12-04,SPY,0,0,1,0.5574609882519357,0.5399339767487507,0.49741185
2015-12-07,SPY,0,1,1,0.542680850330241,0.5494865045968189,0.58172154
2015-12-08,SPY,0,0,1,0.5399337549589664,0.5426901193383359,0.5593849
2015-12-09,SPY,0,1,1,0.555523922432759,0.6145060500480507,0.53905773
2015-12-10,SPY,0,0,1,0.5438046637899666,0.5730166474575141,0.6050358
2015-12-11,SPY,0,1,1,0.5530717519664802,0.4183193848847771,0.3671072
2015-12-14,SPY,0,1,1,0.5517681435487689,0.5699907286476775,0.49550194
2015-12-15,SPY,0,1,1,0.545012519911165,0.6760926094497546,0.6223564
2015-12-16,SPY,0,0,1,0.5580549543862814,0.5905563446569994,0.55883676
2015-12-17,SPY,0,0,1,0.5587207876854917,0.588472490784016,0.5791042
2015-12-18,SPY,1,1,1,0.5765585049821628,0.4224987037542149,0.4753956
2015-12-21,SPY,1,1,1,0.5378198460228963,0.5621236250391703,0.64522487
2015-12-22,SPY,1,1,1,0.5315927732773965,0.5207260935369139,0.5273181
2015-12-23,SPY,1,0,1,0.5180509002401469,0.5347642919310963,0.48827583
2015-12-24,SPY,1,1,1,0.5107934305869716,0.6204674231205343,0.60544056
2015-12-28,SPY,1,1,1,0.5051888690325789,0.5383657205464966,0.41821817
2015-12-29,SPY,1,0,1,0.5075367145904816,0.564398688060006,0.48136935
2015-12-30,SPY,1,0,1,0.5050169559463129,0.5778100702040079,0.5642404
2015-12-31,SPY,1,1,1,0.5121157039618262,0.536929320101708,0.48718688
2016-01-04,SPY,1,0,1,0.5466222861946185,0.542015230106951,0.5283696
2016-01-05,SPY,0,1,1,0.5149923428879043,0.5450626683672971,0.53145814
2016-01-06,SPY,1,0,1,0.5080123736121234,0.4987003815245851,0.5241392
2016-01-07,SPY,1,0,1,0.5297638244913248,0.4855647339651773,0.5297815
2016-01-08,SPY,1,0,1,0.5250596142414088,0.5924314863092011,0.5331223
2016-01-11,SPY,1,0,1,0.5199832601300666,0.5043934392492483,0.5307974
2016-01-12,SPY,1,0,1,0.5250688239195488,0.5340765632650415,0.5321549
2016-01-13,SPY,1,1,1,0.5464763761527848,0.4501647842971009,0.52395403
2016-01-14,SPY,1,1,1,0.5396053684149006,0.4752686775979082,0.53895783
2016-01-15,SPY,1,0,1,0.563012420457171,0.5049931745069121,0.5215473
2016-01-19,SPY,1,1,1,0.5407014572043264,0.5638333259058761,0.53447294
2016-01-20,SPY,1,1,1,0.5543746711627772,0.5330989480603053,0.52555645
2016-01-21,SPY,1,1,1,0.5322350791266832,0.5366651289066137,0.5247574
2016-01-22,SPY,1,0,1,0.5078202496476975,0.44994859205614934,0.52180284
2016-01-25,SPY,1,1,1,0.5115407379813388,0.5544668068696152,0.5293628
2016-01-26,SPY,1,0,1,0.5028554141675861,0.5174573641605007,0.53724915
2016-01-27,SPY,1,0,1,0.5225538918205067,0.5203993401614111,0.5177482
2016-01-28,SPY,1,1,1,0.5014981495107631,0.5035667914188551,0.5256387
2016-01-29,SPY,1,1,1,0.4961732411219845,0.5627380252982654,0.51527554
2016-02-01,SPY,1,0,1,0.49263122062293135,0.5319466349907974,0.5282879
2016-02-02,SPY,1,0,1,0.5195613019037331,0.47527600306095846,0.5172101
2016-02-03,SPY,1,1,1,0.5154113877267013,0.43508654051802986,0.51309514
2016-02-04,SPY,1,0,1,0.507650534375819,0.5048655514475383,0.51961136
2016-02-05,SPY,1,0,1,0.5134708428264877,0.487084135416044,0.5194354
2016-02-08,SPY,1,1,1,0.5151961432561165,0.5370067548319875,0.5294807
2016-02-09,SPY,1,0,1,0.5102541248819961,0.48642395709616915,0.52139556
2016-02-10,SPY,1,1,1,0.4878162961878243,0.5816900056680214,0.5287652
2016-02-11,SPY,1,1,1,0.5136910579439246,0.48110095640534994,0.52608067
2016-02-12,SPY,1,1,1,0.4975702843695651,0.49507326455399153,0.51937723
2016-02-16,SPY,1,1,1,0.5140362547803148,0.5263211738846139,0.5301048
2016-02-17,SPY,1,0,1,0.5212374009558101,0.5140036423804349,0.5365547
2016-02-18,SPY,1,1,1,0.5336101370128377,0.5818346624652244,0.5318956
2016-02-19,SPY,1,1,1,0.5352866528581225,0.4530157700127426,0.51308584
2016-02-22,SPY,1,0,1,0.5106981676424213,0.4721919560646246,0.55411136
2016-02-23,SPY,1,1,1,0.5348891398405324,0.4711532597917959,0.516241
2016-02-24,SPY,1,1,1,0.5199974764355827,0.5348485924697367,0.5310249
2016-02-25,SPY,1,0,1,0.51841817088759,0.5109852182007795,0.54765534
2016-02-26,SPY,1,0,1,0.5298658559109958,0.5096336586431182,0.52112705
2016-02-29,SPY,1,1,1,0.5132510001927741,0.5242969739189581,0.53116655
2016-03-01,SPY,1,1,1,0.5180641696924674,0.46709096733920186,0.49148202
2016-03-02,SPY,1,1,1,0.5269085443916826,0.46003192908933843,0.54082507
2016-03-03,SPY,1,1,1,0.5191939076512642,0.5116819240323047,0.5418912
2016-03-04,SPY,1,1,1,0.5324471207852122,0.5473620974719201,0.5494535
2016-03-07,SPY,1,0,1,0.5405097675886458,0.6281901113119693,0.5671104
2016-03-08,SPY,1,1,1,0.5448463739412511,0.615932341357849,0.54055107
2016-03-09,SPY,1,0,1,0.5301012078082569,0.6389460856949479,0.5808271
2016-03-10,SPY,1,1,1,0.5537431571507327,0.663780789077367,0.58451885
2016-03-11,SPY,0,1,1,0.5657940439007444,0.6412562024466382,0.58602107
2016-03-14,SPY,0,1,1,0.5346449110178116,0.5465407371069227,0.5527787
2016-03-15,SPY,0,1,1,0.5394953677140022,0.5561469437585548,0.5470622
2016-03-16,SPY,0,1,1,0.5492950832359317,0.6088658771931875,0.56809765
2016-03-17,SPY,0,1,1,0.5555837702869054,0.610367671563191,0.5769229
2016-03-18,SPY,0,1,1,0.542429741772588,0.651360840815163,0.5829807
2016-03-21,SPY,0,1,1,0.510596522824539,0.512591707082852,0.54616326
2016-03-22,SPY,0,0,1,0.5344571506698301,0.5896994104603128,0.54680693
2016-03-23,SPY,0,1,1,0.5347735800457517,0.538304204329264,0.5196837
2016-03-24,SPY,0,0,1,0.5250556686601957,0.5143597727050466,0.5538487
2016-03-28,SPY,0,1,1,0.5159875027182226,0.49995053066914585,0.5528969
2016-03-29,SPY,0,0,1,0.5382943992744572,0.5591202893646652,0.5632113
2016-03-30,SPY,0,0,1,0.5346348899875273,0.6555168263906376,0.59280807
2016-03-31,SPY,0,1,1,0.5392094536450557,0.48924675425843345,0.49676493
2016-04-01,SPY,0,0,1,0.5464781121878963,0.5837296584690209,0.58855325
2016-04-04,SPY,0,0,1,0.5351742209348137,0.5116731789125266,0.52173114
2016-04-05,SPY,0,1,1,0.549098479013493,0.4962804206186678,0.5307959
2016-04-06,SPY,0,0,1,0.5518401355191168,0.548615150730805,0.56327015
2016-04-07,SPY,0,0,1,0.5694129863902281,0.5573096949728529,0.5608987
2016-04-08,SPY,0,0,1,0.5524564313570609,0.5478223115257317,0.5298889
2016-04-11,SPY,0,1,1,0.5450230314511135,0.4977252686833299,0.52742326
2016-04-12,SPY,0,1,1,0.5597228486042086,0.5873507658546034,0.56013554
2016-04-13,SPY,0,0,1,0.5461609323404832,0.6332535994711754,0.54484725
2016-04-14,SPY,0,0,1,0.5285376025064163,0.521597846598201,0.5334374
2016-04-15,SPY,0,1,1,0.5341679714450305,0.4805564623179175,0.51510805
2016-04-18,SPY,0,1,1,0.5345583322602806,0.5644269221519673,0.5198155
2016-04-19,SPY,0,1,1,0.5346521743444272,0.47367762600542757,0.5160596
2016-04-20,SPY,0,0,1,0.5236383646543142,0.5130235184304868,0.51958233
2016-04-21,SPY,0,1,1,0.5388635469761217,0.5021464127413232,0.5225651
2016-04-22,SPY,0,1,1,0.5471892664480618,0.5625893974351737,0.5516221
2016-04-25,SPY,0,0,1,0.518129567024527,0.486630626199539,0.5194829
2016-04-26,SPY,0,1,1,0.5173000222219399,0.5019539630204904,0.5053898
2016-04-27,SPY,0,0,1,0.5165582325331308,0.4581977470649409,0.49784124
2016-04-28,SPY,0,0,1,0.5405949584685943,0.4757934128034952,0.5385476
2016-04-29,SPY,0,1,1,0.5576807765869345,0.6217434031333725,0.5504907
2016-05-02,SPY,0,0,1,0.519371389871272,0.49527676535124937,0.5256594
2016-05-03,SPY,0,1,1,0.554594299776907,0.56683434710338,0.57063586
2016-05-04,SPY,0,0,1,0.5371810555999359,0.5498408365798771,0.5323888
2016-05-05,SPY,0,1,1,0.5336926127284214,0.48446773787132186,0.5296426
2016-05-06,SPY,0,1,1,0.5452089898194338,0.5344534260296238,0.5304984
2016-05-09,SPY,0,1,1,0.5297320817042783,0.4419186555972515,0.5107303
2016-05-10,SPY,0,0,1,0.5323619334777314,0.5750354799597226,0.5328804
2016-05-11,SPY,0,0,1,0.5445243140412015,0.4959158313712519,0.52756405
2016-05-12,SPY,0,0,1,0.5457886077833051,0.5048080218729958,0.5262142
2016-05-13,SPY,0,1,1,0.553308281904683,0.5916074011741228,0.5757025
2016-05-16,SPY,0,0,1,0.5359168158324007,0.5553003931009816,0.5292951
2016-05-17,SPY,0,1,1,0.5463494539798713,0.5789185774533699,0.54914963
2016-05-18,SPY,0,1,1,0.5439928653743961,0.5888759376476653,0.5602067
2016-05-19,SPY,0,1,1,0.542866337015203,0.6218360742668492,0.56572306
2016-05-20,SPY,0,0,1,0.5364401675402153,0.544085969926542,0.5553276
2016-05-23,SPY,0,1,1,0.505836387071284,0.4945358458671938,0.5139381
2016-05-24,SPY,0,1,1,0.5222603669116368,0.4956505279074382,0.53663206
2016-05-25,SPY,0,0,1,0.5160757430247641,0.5185911600010251,0.5343623
2016-05-26,SPY,0,1,1,0.516985781862576,0.519074790425899,0.51867515
2016-05-27,SPY,0,0,1,0.5228666724330356,0.4709858103918374,0.50853044
2016-05-31,SPY,0,1,1,0.5471758767194301,0.4941229689188413,0.54756427
2016-06-01,SPY,0,1,1,0.5196343069520238,0.465251530338702,0.49796692
2016-06-02,SPY,0,1,1,0.515542889371733,0.49638161334649467,0.513844
2016-06-03,SPY,0,1,1,0.5398430831171988,0.559243540922003,0.54821056
2016-06-06,SPY,0,1,1,0.5172888049975282,0.533577083333701,0.52371943
2016-06-07,SPY,0,1,1,0.5175453638062933,0.4824109325672732,0.51794475
2016-06-08,SPY,0,1,1,0.515667086388853,0.48635526898366416,0.49787828
2016-06-09,SPY,0,0,1,0.5285572130807,0.5322687781919035,0.5193104
2016-06-10,SPY,0,0,1,0.5573960075126834,0.5485716035813608,0.55723953
2016-06-13,SPY,0,1,1,0.5594500024360479,0.5081464978653428,0.5625292
2016-06-14,SPY,0,0,1,0.5510086083055858,0.5171880847168997,0.5331985
2016-06-15,SPY,0,1,1,0.543733718160997,0.5865341349675571,0.5314216
2016-06-16,SPY,0,0,1,0.5585378065592602,0.5305459812596286,0.5328248
2016-06-17,SPY,0,0,1,0.5499300706661256,0.5275823670007829,0.53932977
2016-06-20,SPY,0,1,1,0.5357428435968622,0.4470495139468323,0.4983137
2016-06-21,SPY,0,0,1,0.534858712010424,0.45885113814338974,0.49861506
2016-06-22,SPY,0,1,1,0.5424128419089954,0.46422832982616613,0.5012502
2016-06-23,SPY,0,0,1,0.5432345028386265,0.5927738732640004,0.553411
2016-06-24,SPY,0,0,1,0.6208488617519284,0.47450750871141084,0.5211965
2016-06-27,SPY,0,1,1,0.5843983307539201,0.5363265521929513,0.5278191
2016-06-28,SPY,1,1,1,0.5652528715254456,0.5211940086884915,0.53072697
2016-06-29,SPY,1,1,1,0.5645379856962047,0.4950163403284361,0.5262104
2016-06-30,SPY,1,1,1,0.5593982464149954,0.5223218469364437,0.5593198
2016-07-01,SPY,1,0,1,0.5393190044962689,0.5349510682801494,0.53397584
2016-07-05,SPY,1,1,1,0.5373498480816258,0.525115196239704,0.5280963
2016-07-06,SPY,1,0,1,0.5219260679636811,0.5154594983228151,0.5333268
2016-07-07,SPY,1,1,1,0.5084665955465308,0.511680267114707,0.5327302
2016-07-08,SPY,1,1,1,0.5074922802559512,0.5762396637412242,0.5365879
2016-07-11,SPY,1,1,1,0.5068234609277107,0.5763702676744543,0.5557429
2016-07-12,SPY,1,0,1,0.5122865441074749,0.5369079682209108,0.5232049
2016-07-13,SPY,1,0,1,0.5171270171231858,0.45386774963196674,0.5064608
2016-07-14,SPY,1,0,1,0.518556783652728,0.6215754148763374,0.569395
2016-07-15,SPY,1,1,1,0.5119729639121576,0.5540985457666963,0.54904246
2016-07-18,SPY,1,1,1,0.5068536432402644,0.5403627322337192,0.5602633
2016-07-19,SPY,1,1,1,0.5006914578568122,0.6021597652520837,0.5593678
2016-07-20,SPY,1,0,1,0.5009179993414897,0.6052056328198716,0.5747116
2016-07-21,SPY,1,1,1,0.5049731323107794,0.5156218309098837,0.52123505
2016-07-22,SPY,1,0,1,0.499869695713751,0.5999639734696472,0.54787016
2016-07-25,SPY,0,1,1,0.5319317471509187,0.5714209938975716,0.537811
2016-07-26,SPY,0,0,1,0.5506115174830307,0.6402683789504124,0.550797
2016-07-27,SPY,0,1,1,0.5472817324175253,0.5169358293278112,0.52537733
2016-07-28,SPY,0,1,1,0.5368218655941308,0.5604844094121956,0.54589015
2016-07-29,SPY,0,0,1,0.5342010916703048,0.50071421287461,0.5214093
2016-08-01,SPY,0,0,1,0.5313197868100701,0.48959765815402795,0.5176238
2016-08-02,SPY,0,1,1,0.5538972545884645,0.5853282535273746,0.56277263
2016-08-03,SPY,0,1,1,0.5336555024384625,0.48792943755778745,0.51944304
2016-08-04,SPY,0,1,1,0.5323019738439646,0.4985953843822285,0.52234524
2016-08-05,SPY,0,0,1,0.5446598293217529,0.5271952555738104,0.51951236
2016-08-08,SPY,0,1,1,0.5299758398886915,0.5090328925001163,0.51219684
2016-08-09,SPY,0,0,1,0.5318791801301606,0.4154261673061381,0.5009544
2016-08-10,SPY,0,1,1,0.5394225819981654,0.45406435789669636,0.50187325
2016-08-11,SPY,0,1,1,0.5459398002653537,0.4470271307157283,0.50206137
2016-08-12,SPY,0,1,1,0.533608659736417,0.47292137146746976,0.5046222
2016-08-15,SPY,0,0,1,0.524304466308926,0.4368787947072692,0.4933888
2016-08-16,SPY,0,1,1,0.533109377545848,0.4793879328498787,0.5185103
2016-08-17,SPY,0,1,1,0.5462933645009733,0.474520206691275,0.5317799
2016-08-18,SPY,0,1,1,0.5290199357603989,0.5022366860692176,0.5061381
2016-08-19,SPY,0,1,1,0.5448638123816426,0.4933526557115535,0.53592134
2016-08-22,SPY,0,0,1,0.5331600597672079,0.4416599418453028,0.5030294
2016-08-23,SPY,0,0,1,0.5248196851644368,0.47072242520351404,0.50189847
2016-08-24,SPY,0,1,1,0.5450059776905601,0.5374058353886625,0.54147434
2016-08-25,SPY,0,0,1,0.5385636423536961,0.5035111656003635,0.5257219
2016-08-26,SPY,0,1,1,0.5644407336799075,0.49183367767367264,0.5453981
2016-08-29,SPY,0,0,1,0.5383813702693728,0.4866629653228804,0.5036818
2016-08-30,SPY,0,0,1,0.5366880348956341,0.499972295528026,0.50530005
2016-08-31,SPY,0,1,1,0.5500693134954371,0.4932232026402034,0.534693
2016-09-01,SPY,0,0,1,0.5538810353889461,0.5123527853213948,0.5305508
2016-09-02,SPY,0,1,1,0.5424735358147819,0.44983140475706535,0.5245668
2016-09-06,SPY,0,1,1,0.526606477787539,0.4444323076731632,0.507878
2016-09-07,SPY,0,0,1,0.5380588153499323,0.44621115399016636,0.49806336
2016-09-08,SPY,0,0,1,0.5394934570568648,0.47650132806348044,0.49901655
2016-09-09,SPY,0,1,1,0.5990635489670358,0.4746869978444155,0.5251617
2016-09-12,SPY,0,0,1,0.573316797340573,0.5608498477420037,0.5656899
2016-09-13,SPY,0,0,1,0.5754237137965919,0.5386250627822207,0.5324784
2016-09-14,SPY,0,1,1,0.5600719123731218,0.6151901920035978,0.5493122
2016-09-15,SPY,0,0,1,0.5578462838967122,0.6482877527923153,0.5702066
2016-09-16,SPY,0,0,1,0.5562489920275265,0.5725460165704355,0.56361943
2016-09-19,SPY,0,0,1,0.524122582496195,0.5037052112331933,0.5225548
2016-09-20,SPY,0,1,1,0.5149496711737388,0.5559455861532231,0.5162974
2016-09-21,SPY,0,1,1,0.5236752390711694,0.4649934479717263,0.52086574
2016-09-22,SPY,0,0,1,0.5141175119912144,0.5454767027575884,0.52773106
2016-09-23,SPY,0,0,1,0.521674512917313,0.5562781671492948,0.5309966
2016-09-26,SPY,0,1,1,0.5335911327173138,0.4995890558636997,0.52774274
2016-09-27,SPY,0,1,1,0.5264810140785894,0.5227145173266975,0.5321967
2016-09-28,SPY,0,0,1,0.5193246659421978,0.5163594729087925,0.5275183
2016-09-29,SPY,0,1,1,0.5303499525996996,0.49846404728858695,0.5444308
2016-09-30,SPY,0,0,1,0.5274855405275174,0.5350407521327356,0.52484155
2016-10-03,SPY,0,0,1,0.5209594490363725,0.5598035271477386,0.5346899
2016-10-04,SPY,0,1,1,0.5247860298259608,0.5157452030637906,0.5260885
2016-10-05,SPY,0,1,1,0.5070536742383961,0.5833754346609279,0.5328345
2016-10-06,SPY,0,0,1,0.5055687854929959,0.5694598766430944,0.5241888
2016-10-07,SPY,0,0,1,0.5239866892940566,0.4694964890805559,0.5053018
2016-10-10,SPY,0,0,1,0.5103058982484674,0.4688820924001528,0.5115075
2016-10-11,SPY,0,1,1,0.5610048198490689,0.58317644940376,0.56733346
2016-10-12,SPY,0,1,1,0.5346451936577936,0.5363679641885699,0.5218311
2016-10-13,SPY,0,0,1,0.5402929301416427,0.5189272251804461,0.5055649
2016-10-14,SPY,0,0,1,0.5401805501141574,0.4848095709012484,0.5137733
2016-10-17,SPY,0,0,1,0.5183674759600566,0.4507387309314813,0.51628196
2016-10-18,SPY,0,1,1,0.5214686896132443,0.4984914199725578,0.5111866
2016-10-19,SPY,0,1,1,0.5145994179144563,0.49980814925301004,0.50907344
2016-10-20,SPY,0,1,1,0.5176579777913342,0.49890675937274354,0.5130844
2016-10-21,SPY,0,0,1,0.5264505203226153,0.45683109292849067,0.5059586
2016-10-24,SPY,0,0,1,0.5188219942337389,0.4084335984077817,0.50792843
2016-10-25,SPY,0,1,1,0.5195162104002262,0.47564281494514277,0.5117785
2016-10-26,SPY,0,0,1,0.519416113064217,0.48214875670164387,0.50664616
2016-10-27,SPY,0,0,1,0.5279214104347629,0.4677277184182602,0.50485015
2016-10-28,SPY,0,0,1,0.549985874384905,0.5320414977372055,0.5653366
2016-10-31,SPY,0,0,1,0.5092588576868706,0.5005911096478112,0.5082253
2016-11-01,SPY,0,0,1,0.5423306292037453,0.6655048192032667,0.5811363
2016-11-02,SPY,0,0,1,0.531363530312956,0.6740291138750577,0.55257124
2016-11-03,SPY,0,0,1,0.5227561489410044,0.5489504050631563,0.51500887
2016-11-04,SPY,0,1,1,0.5299948881338202,0.6053103414451354,0.5433046
2016-11-07,SPY,0,1,1,0.5383872012727111,0.5283564298464379,0.55657065
2016-11-08,SPY,0,1,1,0.5522690029466579,0.5690836579034987,0.5587797
2016-11-09,SPY,0,0,1,0.577269308850382,0.597171518319288,0.5536625
2016-11-10,SPY,0,1,1,0.5633975786485234,0.5996319340598099,0.557468
2016-11-11,SPY,0,0,1,0.5577329490350396,0.5628996110197099,0.52284867
2016-11-14,SPY,0,1,1,0.5357040319556271,0.47520881223607747,0.50918204
2016-11-15,SPY,0,1,1,0.5307053712950902,0.5125783254141547,0.51430565
2016-11-16,SPY,0,1,1,0.5199741199569847,0.5439265236031504,0.5139434
2016-11-17,SPY,0,0,1,0.5205982809639307,0.5563212525971357,0.5256326
2016-11-18,SPY,0,1,1,0.529022455213425,0.5377294739392973,0.51171505
2016-11-21,SPY,0,1,1,0.5234825292758316,0.5530594052361795,0.5398016
2016-11-22,SPY,0,1,1,0.5219376663455036,0.5665303679312471,0.53996485
2016-11-23,SPY,0,1,1,0.5232938288251264,0.5594331171168189,0.52311057
2016-11-25,SPY,0,0,1,0.519824677370556,0.5342641220533875,0.5095187
2016-11-28,SPY,0,1,1,0.5386469056770632,0.5967160683600438,0.5240454
2016-11-29,SPY,0,0,1,0.5288374960225051,0.5772667958573323,0.49927282
2016-11-30,SPY,0,0,1,0.5444460626244205,0.5520596578076522,0.5284591
2016-12-01,SPY,0,1,1,0.543301261355001,0.489919072437023,0.5279161
2016-12-02,SPY,0,1,1,0.5395955586785282,0.5150825177413283,0.53888625
2016-12-05,SPY,0,1,1,0.5431446083111957,0.4734569981356249,0.54235387
2016-12-06,SPY,0,1,1,0.5387114619990069,0.5687616226220009,0.5976851
2016-12-07,SPY,0,1,1,0.5510795304431818,0.5852792575866242,0.5768161
2016-12-08,SPY,0,1,1,0.5525484494020577,0.6594167754209043,0.6145917
2016-12-09,SPY,0,0,1,0.5503918254865655,0.6424499080298821,0.57868546
2016-12-12,SPY,0,1,1,0.5665628638005626,0.5158492795037679,0.5447809
2016-12-13,SPY,0,0,1,0.5689056308019381,0.5822350261351937,0.55942875
2016-12-14,SPY,0,1,1,0.5776328102225956,0.7018528204861708,0.58763546
2016-12-15,SPY,0,0,1,0.5670280107083706,0.6851187472823999,0.6263311
2016-12-16,SPY,0,1,1,0.5696768094047868,0.6387082585981929,0.57484883
2016-12-19,SPY,0,1,1,0.5501401770879806,0.5206228116876711,0.4921057
2016-12-20,SPY,0,0,1,0.5408664417942403,0.523908503081191,0.5213997
2016-12-21,SPY,0,0,1,0.5330796351005984,0.5247418487088852,0.52356535
2016-12-22,SPY,0,1,1,0.5266610246932115,0.4907688431630392,0.51994705
2016-12-23,SPY,0,1,1,0.5187210020264867,0.5500396331208947,0.5235381
2016-12-27,SPY,0,0,1,0.5245476336561351,0.5383783917782001,0.5245017
2016-12-28,SPY,0,0,1,0.5358268584940556,0.5168393386205525,0.51904076
2016-12-29,SPY,0,0,1,0.5323640276044111,0.49031243509522215,0.51694345
2016-12-30,SPY,0,1,1,0.5537006758841259,0.5261908143439339,0.5659293
2017-01-03,SPY,0,1,1,0.5427911996891244,0.5305629429924745,0.6157248
2017-01-04,SPY,0,1,1,0.5386759761627887,0.5375877089420996,0.5907446
2017-01-05,SPY,0,1,1,0.5377867953954111,0.5030546147417351,0.42488956
2017-01-06,SPY,0,0,1,0.5326525063691276,0.5041286277557425,0.47652364
2017-01-09,SPY,0,0,1,0.5281305830992664,0.4847041369234214,0.32421562
2017-01-10,SPY,0,1,1,0.5286189935130271,0.5057254933740453,0.5787889
2017-01-11,SPY,0,1,1,0.529741510985137,0.5076639784283473,0.44042614
2017-01-12,SPY,0,1,1,0.5299379959414309,0.5041576267108815,0.6007738
2017-01-13,SPY,0,0,1,0.5287284527672308,0.4990362860975877,0.40939793
2017-01-17,SPY,0,1,1,0.529865551714397,0.49551810505434546,0.5788594
2017-01-18,SPY,0,0,1,0.5263878938020495,0.502911201354063,0.5376354
2017-01-19,SPY,0,1,1,0.5338960913598438,0.488225466509558,0.43388683
2017-01-20,SPY,0,0,1,0.5601058990640465,0.5527926046279158,0.6612943
2017-01-23,SPY,0,1,1,0.536860022027289,0.4937032289397081,0.4803246
2017-01-24,SPY,0,1,1,0.5452639662192044,0.5194723792465963,0.5146856
2017-01-25,SPY,0,0,1,0.5408292527930589,0.541735044440333,0.7173307
2017-01-26,SPY,0,0,1,0.5307158573868738,0.4978992174181027,0.44773495
2017-01-27,SPY,0,0,1,0.5352444083439017,0.4913997092679299,0.4375339
2017-01-30,SPY,0,1,1,0.5478667925235063,0.5135491030758905,0.6716145
2017-01-31,SPY,0,1,1,0.5439719164129714,0.5115660505200175,0.47098172
2017-02-01,SPY,0,1,1,0.5374377089519472,0.4988613251498139,0.37081116
2017-02-02,SPY,0,1,1,0.5306627427019986,0.49677578904487807,0.44650507
2017-02-03,SPY,0,1,1,0.5390081799575767,0.52211231258064,0.2921979
2017-02-06,SPY,0,0,1,0.5265089465966726,0.4865611019922452,0.5692246
2017-02-07,SPY,0,1,1,0.5269620886117368,0.48253393268666306,0.50884813
2017-02-08,SPY,0,1,1,0.52389122591393,0.47810801721494434,0.37828666
2017-02-09,SPY,0,1,1,0.5319179597560479,0.48723101699012406,0.4670026
2017-02-10,SPY,0,1,1,0.5323523597820204,0.5034807976360955,0.45207185
2017-02-13,SPY,0,1,1,0.52574228586551,0.5144178798090971,0.62408006
2017-02-14,SPY,0,1,1,0.5366705428357194,0.5163157666137463,0.5125299
2017-02-15,SPY,0,0,1,0.5436929042693879,0.5690253474242549,0.7008023
2017-02-16,SPY,0,1,1,0.5488371840754097,0.4882169363891418,0.52281845
2017-02-17,SPY,0,1,1,0.5463071897889547,0.5287828279243465,0.55995786
2017-02-21,SPY,0,1,1,0.5554689275690919,0.5124669624779545,0.3260912
2017-02-22,SPY,0,0,1,0.5359568822076538,0.5060568410004695,0.4204713
2017-02-23,SPY,0,1,1,0.5437817155759326,0.5253989602221256,0.52114266
2017-02-24,SPY,0,1,1,0.5504297576995547,0.5270708168533565,0.4876272
2017-02-27,SPY,0,0,1,0.5284672940642245,0.4876973582467931,0.30778453
2017-02-28,SPY,0,1,1,0.5634348764874649,0.5562476441199327,0.5942812
2017-03-01,SPY,0,0,1,0.5816676145601571,0.6097125510193033,0.7258641
2017-03-02,SPY,0,1,1,0.5528383637997113,0.5811822446212543,0.5967086
2017-03-03,SPY,0,1,1,0.5561202399542367,0.5368562375595751,0.4753701
2017-03-06,SPY,0,0,1,0.5435420380064183,0.529008001698336,0.51967496
2017-03-07,SPY,0,0,1,0.5488749441502859,0.5330964771066862,0.4819581
2017-03-08,SPY,0,1,1,0.5413813064767223,0.5082021606696532,0.567608
2017-03-09,SPY,0,0,1,0.5451180367159298,0.5446893205274077,0.72531724
2017-03-10,SPY,0,1,1,0.5397092625416107,0.5106017662699319,0.58597326
2017-03-13,SPY,0,0,1,0.5276004884371389,0.5116073592345433,0.67003375
2017-03-14,SPY,0,1,1,0.528975601570163,0.5018419784365282,0.5125594
2017-03-15,SPY,0,0,1,0.5449951764080302,0.5257887134796357,0.5971035
2017-03-16,SPY,0,0,1,0.5392557988260588,0.49924222689302794,0.4783676
2017-03-17,SPY,0,0,1,0.5440438431161854,0.53031284313619,0.5014988
2017-03-20,SPY,0,0,1,0.5265070550585699,0.5049668705700305,0.47742796
2017-03-21,SPY,0,1,1,0.5644532709090831,0.6133101032656224,0.786789
2017-03-22,SPY,0,0,1,0.5394695091748823,0.5673878734645936,0.6872787
2017-03-23,SPY,0,0,1,0.5404497139545017,0.5764287253783992,0.67867655
2017-03-24,SPY,0,1,1,0.5434649592380919,0.5712926032295166,0.68609434
2017-03-27,SPY,0,1,1,0.5317933145044197,0.5194633773632262,0.6172615
2017-03-28,SPY,0,1,1,0.5305428233611573,0.48586130589198967,0.45756656
2017-03-29,SPY,0,1,1,0.5167924278777799,0.4965752555074265,0.37103072
2017-03-30,SPY,0,0,1,0.5170995542969753,0.4837784510597464,0.28437898
2017-03-31,SPY,0,0,1,0.5282139984908532,0.4973068058086949,0.2819536
2017-04-03,SPY,0,1,1,0.5366096897793331,0.5112839328522948,0.49078724
2017-04-04,SPY,0,0,1,0.5180841108383828,0.5046124499672294,0.4503555
2017-04-05,SPY,0,1,1,0.5458520895898605,0.5345565790795261,0.43961358
2017-04-06,SPY,0,1,1,0.5235135164114821,0.518058533865772,0.4163777
2017-04-07,SPY,0,0,1,0.5264733943407328,0.5099611238725237,0.4843908
2017-04-10,SPY,0,1,1,0.5219946461419503,0.5101571700467029,0.54192555
2017-04-11,SPY,0,0,1,0.5334865608960385,0.5131699513613531,0.7381709
2017-04-12,SPY,0,0,1,0.5302143253993552,0.5333785032358581,0.49468866
2017-04-13,SPY,0,1,1,0.5353791259136915,0.5539545152057131,0.8122843
2017-04-17,SPY,0,1,1,0.5233833683790737,0.5287769500426349,0.49148622
2017-04-18,SPY,0,0,1,0.5341203259417481,0.5126333105921553,0.4028664
2017-04-19,SPY,0,1,1,0.5317068966343956,0.5297636947870954,0.661885
2017-04-20,SPY,0,0,1,0.546021667973718,0.5477643429468221,0.5699338
2017-04-21,SPY,0,0,1,0.5604182363667811,0.5414704349511582,0.53779405
2017-04-24,SPY,0,1,1,0.560699697606908,0.5555472220644231,0.55617875
2017-04-25,SPY,0,0,1,0.5379498222354031,0.5184888819117277,0.63535714
2017-04-26,SPY,0,0,1,0.5442179408847462,0.5037359294941173,0.35597605
2017-04-27,SPY,0,0,1,0.5260516789610322,0.482594835886046,0.34758988
2017-04-28,SPY,0,0,1,0.5298093953813701,0.48712296050078274,0.35046914
2017-05-01,SPY,0,0,1,0.5266306787201293,0.5178700282627184,0.47546595
2017-05-02,SPY,0,0,1,0.5206658869588242,0.4951541160996012,0.3711755
2017-05-03,SPY,0,0,1,0.5299086397792567,0.4962673844630537,0.37139496
2017-05-04,SPY,0,1,1,0.5240588083772648,0.5170264029967351,0.4098717
2017-05-05,SPY,0,0,1,0.5241022985660363,0.516664505694874,0.46414074
2017-05-08,SPY,0,0,1,0.519121607342526,0.5120517003825306,0.4870337
2017-05-09,SPY,0,1,1,0.5223863042985233,0.4925640933724872,0.37722483
2017-05-10,SPY,0,1,1,0.5250321889258246,0.5126769048145342,0.40458333
2017-05-11,SPY,0,0,1,0.5339504593531302,0.5147233685253669,0.52167
2017-05-12,SPY,0,1,1,0.5306675990386737,0.5037106289983255,0.59744525
2017-05-15,SPY,0,0,1,0.5341686622932176,0.5135496206165788,0.5895637
2017-05-16,SPY,0,0,1,0.5328637757073645,0.5226534271823498,0.6208857
2017-05-17,SPY,0,1,1,0.5874977209947684,0.5816422801453218,0.79519624
2017-05-18,SPY,0,1,1,0.5553238738098022,0.577031723436683,0.8158637
2017-05-19,SPY,0,1,1,0.5600832685549114,0.5620538047201589,0.48492327
2017-05-22,SPY,0,1,1,0.5394779237175086,0.5157933867280772,0.4936312
2017-05-23,SPY,0,1,1,0.5353127569337772,0.5336429780221752,0.46567005
2017-05-24,SPY,0,1,1,0.5245164972052417,0.4860949136239781,0.22282651
2017-05-25,SPY,0,1,1,0.5303588777612019,0.4783188736395422,0.27406728
2017-05-26,SPY,0,1,1,0.5274948229793462,0.4738322556819128,0.32164904
2017-05-30,SPY,0,0,1,0.5236351808938169,0.49827460997889017,0.503114
2017-05-31,SPY,0,1,1,0.5424385744866284,0.5305601252288177,0.49571925
2017-06-01,SPY,0,1,1,0.5355936235424007,0.4992760981408637,0.49765873
2017-06-02,SPY,0,1,1,0.5430491401501591,0.5462120719049132,0.555289
2017-06-05,SPY,0,0,1,0.5293935582836409,0.5222876987543639,0.49788922
2017-06-06,SPY,0,1,1,0.5331708089930397,0.5044287824624051,0.42114535
2017-06-07,SPY,0,1,1,0.533453075998648,0.5071117600284676,0.42758462
2017-06-08,SPY,0,0,1,0.5333704611981367,0.5097078792920124,0.39771315
2017-06-09,SPY,0,1,1,0.5527153562717917,0.537734742291855,0.4585725
2017-06-12,SPY,0,1,1,0.5381589024258184,0.5127578952290689,0.3433675
2017-06-13,SPY,0,0,1,0.5286182231371487,0.5033836814378896,0.27763256
2017-06-14,SPY,0,1,1,0.5365933916578697,0.5135225053093524,0.43689355
2017-06-15,SPY,0,0,1,0.5444291667877018,0.5148260196428625,0.69031847
2017-06-16,SPY,0,1,1,0.5509729487305625,0.5513147627314741,0.811922
2017-06-19,SPY,0,0,1,0.5426629999794064,0.49286859525237325,0.44369453
2017-06-20,SPY,0,0,1,0.5424463629949408,0.5321718592317367,0.80940056
2017-06-21,SPY,0,0,1,0.538858394192024,0.5208627017254398,0.6158504
2017-06-22,SPY,0,1,1,0.5326613487380027,0.5063685193302174,0.5579629
2017-06-23,SPY,0,0,1,0.5421181244137645,0.5236625248678778,0.6652232
2017-06-26,SPY,0,0,1,0.5321301231520019,0.5090984876296161,0.47975713
2017-06-27,SPY,0,1,1,0.5472196716403797,0.547814709316697,0.567116
2017-06-28,SPY,0,0,1,0.5396478270848427,0.5206438142903742,0.49290603
2017-06-29,SPY,0,0,1,0.5616495605092955,0.5816191027263266,0.5755999
2017-06-30,SPY,0,0,1,0.5468158638551877,0.5537777468498597,0.46146965
2017-07-03,SPY,0,1,1,0.5192111355979715,0.508481552560142,0.4653817
2017-07-05,SPY,0,0,1,0.5283229394652,0.5160886620461631,0.636757
2017-07-06,SPY,0,1,1,0.5333988211870604,0.5217312495545149,0.56335753
2017-07-07,SPY,0,1,1,0.5252814996986893,0.5169256560594185,0.6499783
2017-07-10,SPY,0,0,1,0.5139658722340252,0.5153208013393747,0.51388836
2017-07-11,SPY,0,1,1,0.5251684285736783,0.5169236268787124,0.54276437
2017-07-12,SPY,0,1,1,0.529552695833521,0.5184226886567608,0.53502816
2017-07-13,SPY,0,1,1,0.5160082585425545,0.4871584903890108,0.40922326
2017-07-14,SPY,0,1,1,0.5303529146975285,0.4827279514501106,0.35126016
2017-07-17,SPY,0,1,1,0.515873493373953,0.47302362039037066,0.32671925
2017-07-18,SPY,0,1,1,0.5211189674785689,0.48296404236713036,0.4526557
2017-07-19,SPY,0,0,1,0.5270750281984223,0.4893009541204441,0.3027223
2017-07-20,SPY,0,1,1,0.5272258880284656,0.4816273774069392,0.41786253
2017-07-21,SPY,0,1,1,0.5493337955574963,0.52683460325587,0.43696243
2017-07-24,SPY,0,0,1,0.5263091088992592,0.4843614376083681,0.38890868
2017-07-25,SPY,0,0,1,0.5313774065931438,0.47648353128373266,0.3381303
2017-07-26,SPY,0,0,1,0.5291578916348553,0.5097257583637171,0.3163199
2017-07-27,SPY,0,1,1,0.5428665154892481,0.5390701398731664,0.47008044
2017-07-28,SPY,0,0,1,0.5343833193786105,0.5011634976242397,0.38458303
2017-07-31,SPY,0,0,1,0.550206764182646,0.5481358633094487,0.5452886
2017-08-01,SPY,0,0,1,0.5368737017552134,0.5125016500878063,0.3908437
2017-08-02,SPY,0,0,1,0.5290339292369569,0.49751350809681844,0.28429893
2017-08-03,SPY,0,0,1,0.529309918309768,0.4993934146833359,0.48054665
2017-08-04,SPY,0,1,1,0.5472017182856634,0.5483447077540603,0.6020274
2017-08-07,SPY,0,0,1,0.5187700664429605,0.48556110775946093,0.45952055
2017-08-08,SPY,0,1,1,0.5499181850036656,0.5303113954632406,0.65929604
2017-08-09,SPY,0,0,1,0.5479914692452832,0.5380630044087791,0.6656642
2017-08-10,SPY,0,1,1,0.5859603500881161,0.6133643710177403,0.8310151
2017-08-11,SPY,0,1,1,0.5489342334864984,0.5796250543334057,0.81728256
2017-08-14,SPY,0,0,1,0.547156404606702,0.5502694093376429,0.5798614
2017-08-15,SPY,0,0,1,0.5382076462472776,0.5066008338979594,0.44790974
2017-08-16,SPY,0,0,1,0.5369983847097102,0.5149519700891628,0.5422556
2017-08-17,SPY,0,0,1,0.5771433279297669,0.5892047891689488,0.8156962
2017-08-18,SPY,0,1,1,0.568906490261384,0.550857795124967,0.6030398
2017-08-21,SPY,0,1,1,0.5314372751650214,0.5116777928379608,0.39782256
2017-08-22,SPY,0,1,1,0.5299963339273945,0.5275316207335498,0.6680617
2017-08-23,SPY,0,0,1,0.527429630014266,0.5302126705679521,0.5737527
2017-08-24,SPY,0,0,1,0.5235498815786331,0.5162278451502494,0.60699314
2017-08-25,SPY,0,0,1,0.5286169254742402,0.5022417988038255,0.38553646
2017-08-28,SPY,0,1,1,0.5199552822554594,0.509912777409181,0.57174796
2017-08-29,SPY,0,1,1,0.5169348932907387,0.5077068124715717,0.35535163
2017-08-30,SPY,0,1,1,0.5212975394689311,0.5083101148725341,0.5161027
2017-08-31,SPY,0,0,1,0.5394826724724234,0.5397335985508968,0.3945163
2017-09-01,SPY,0,0,1,0.522807715428778,0.49734186479241566,0.342834
2017-09-05,SPY,0,1,1,0.5404520615863313,0.5600080481565837,0.71617377
2017-09-06,SPY,0,0,1,0.5234267892067215,0.5067635143729388,0.6769137
2017-09-07,SPY,0,1,1,0.5238816525301601,0.5073027785810319,0.483467
2017-09-08,SPY,0,1,1,0.5315415938409375,0.5020544234516593,0.39226663
2017-09-11,SPY,0,1,1,0.5358294871939524,0.5215455825750082,0.5314145
2017-09-12,SPY,0,1,1,0.5275489999414966,0.4882696836595906,0.33597884
2017-09-13,SPY,0,1,1,0.5301753244413272,0.49149499457648316,0.26466212
2017-09-14,SPY,0,1,1,0.5471183072341611,0.5180091413284075,0.33472332
2017-09-15,SPY,0,1,1,0.557185323170241,0.5521318580718007,0.68238026
2017-09-18,SPY,0,0,1,0.5245273867210247,0.5282847272146856,0.5745821
2017-09-19,SPY,0,0,1,0.5254757872817838,0.5432772027220127,0.6901701
2017-09-20,SPY,0,0,1,0.532124032579558,0.5309082258651727,0.4775219
2017-09-21,SPY,0,1,1,0.528300016920765,0.5046672135236865,0.5845508
2017-09-22,SPY,0,0,1,0.5302885636916198,0.5110407477809045,0.57779974
2017-09-25,SPY,0,0,1,0.5336716139143215,0.5142651049251193,0.44096148
2017-09-26,SPY,0,1,1,0.5297580466166081,0.5090020549920352,0.5542043
2017-09-27,SPY,0,1,1,0.5485776893203544,0.5610934002086206,0.64878213
2017-09-28,SPY,0,1,1,0.5233844343258068,0.4958519707421368,0.4660371
2017-09-29,SPY,0,1,1,0.5520922601798051,0.5277782889693401,0.440362
2017-10-02,SPY,0,1,1,0.5319808894738361,0.4607013368966517,0.20372343
2017-10-03,SPY,0,1,1,0.5440213649954704,0.4166171662775148,0.2548187
2017-10-04,SPY,0,1,1,0.5343549727368355,0.4077960767115222,0.19550255
2017-10-05,SPY,0,1,1,0.5413613013914272,0.5169378281390373,0.3329017
2017-10-06,SPY,0,0,1,0.5594217430612978,0.5376092696807824,0.5630996
2017-10-09,SPY,0,1,1,0.5222603942922168,0.47132315630837096,0.38710526
2017-10-10,SPY,0,1,1,0.5271558490300917,0.4710760898735342,0.38328585
2017-10-11,SPY,0,0,1,0.5320248808427409,0.47386267479600236,0.5507235
2017-10-12,SPY,0,0,1,0.5306841481489689,0.4649045565312616,0.5117083
2017-10-13,SPY,0,1,1,0.5378358786908046,0.46842495747034346,0.3554449
2017-10-16,SPY,0,1,1,0.5214691583541532,0.4246190616991709,0.25847128
2017-10-17,SPY,0,0,1,0.5165468251730495,0.41508816418948136,0.38770562
2017-10-18,SPY,0,1,1,0.5260159567013423,0.42241908913720844,0.5294793
2017-10-19,SPY,0,1,1,0.5449712431792715,0.4636425392499513,0.5959057
2017-10-20,SPY,0,0,1,0.5662264283527036,0.5637838834662806,0.8190566
2017-10-23,SPY,0,0,1,0.5508344093369925,0.5234638399551307,0.6814928
2017-10-24,SPY,0,0,1,0.5512500833200887,0.5529829031990809,0.6144224
2017-10-25,SPY,0,0,1,0.5762669119508655,0.5750245685490801,0.6597948
2017-10-26,SPY,0,1,1,0.5499201993110661,0.5446312465016242,0.62110674
2017-10-27,SPY,0,1,1,0.5592048258072363,0.550819209113396,0.5066271
2017-10-30,SPY,0,0,1,0.5398569162028964,0.4743964886744994,0.32918888
2017-10-31,SPY,0,0,1,0.5420811720938904,0.47544258865123806,0.36860055
2017-11-01,SPY,0,1,1,0.5372850201213948,0.45457988951569045,0.36405715
2017-11-02,SPY,0,1,1,0.5382175653840585,0.46806320327744966,0.3892271
2017-11-03,SPY,0,1,1,0.5372675130588749,0.4975503284102615,0.4603223
2017-11-06,SPY,0,0,1,0.5290163910144137,0.4178876967626919,0.2989262
2017-11-07,SPY,0,1,1,0.5350451760904568,0.4089461886509461,0.1550924
2017-11-08,SPY,0,1,1,0.5285986120988942,0.4321653521686218,0.2678538
2017-11-09,SPY,0,1,1,0.5631350465395928,0.5631163246328668,0.70057124
2017-11-10,SPY,0,1,1,0.5348976116899203,0.47403965918508595,0.3487153
2017-11-13,SPY,0,1,1,0.5258882745037625,0.47234426028551896,0.618591
2017-11-14,SPY,0,0,1,0.533552852172197,0.466030782405359,0.3809525
2017-11-15,SPY,0,1,1,0.5475128245775112,0.590443013410155,0.736222
2017-11-16,SPY,0,0,1,0.5371770143290763,0.5088422037859484,0.34366098
2017-11-17,SPY,0,1,1,0.5470386805876816,0.5483657306055073,0.54796755
2017-11-20,SPY,0,1,1,0.5236489552208942,0.5023236595141577,0.40106884
2017-11-21,SPY,0,0,1,0.54175797438549,0.49412757510328653,0.32142654
2017-11-22,SPY,0,1,1,0.5249336007208698,0.4790014643063066,0.30641243
2017-11-24,SPY,0,0,1,0.5097430934530063,0.46628808682920314,0.22202176
2017-11-27,SPY,0,1,1,0.5310078471287104,0.4603568351208252,0.29190022
2017-11-28,SPY,0,0,1,0.569444896981789,0.5775370308202645,0.38426948
2017-11-29,SPY,0,1,1,0.55372276542268,0.5416231888752602,0.5675381
2017-11-30,SPY,0,0,1,0.5775361615347443,0.5825949989944782,0.3676899
2017-12-01,SPY,0,0,1,0.5848969376797051,0.5953289770938259,0.6616471
2017-12-04,SPY,0,0,1,0.553916283136189,0.569914667158951,0.512765
2017-12-05,SPY,0,0,1,0.5431168611479011,0.4909754006702503,0.34442577
2017-12-06,SPY,0,0,1,0.5411454680847593,0.5020930256472067,0.41730678
2017-12-07,SPY,0,1,1,0.5347592291198028,0.5078433452798745,0.53382766
2017-12-08,SPY,0,0,1,0.5383611818882401,0.5285195452350969,0.60351753
2017-12-11,SPY,0,0,1,0.542587085988942,0.5312585327953978,0.6525935
2017-12-12,SPY,0,0,1,0.5419070788877004,0.5273602551476906,0.63050365
2017-12-13,SPY,0,0,1,0.5514630209207841,0.5739113709216958,0.6316691
2017-12-14,SPY,0,1,1,0.5550674028622515,0.5652925380482476,0.7379096
2017-12-15,SPY,0,1,1,0.5663779836547242,0.592110868655748,0.7173207
2017-12-18,SPY,0,0,1,0.5448195540277186,0.5637900235914652,0.5325584
2017-12-19,SPY,0,0,1,0.5469575049993145,0.5075740635259597,0.25447893
2017-12-20,SPY,0,0,1,0.5418523645583373,0.5180395147402473,0.5024612
2017-12-21,SPY,0,0,1,0.5366173981961415,0.5010113948895427,0.4692307
2017-12-22,SPY,0,1,1,0.5370398286327026,0.5019907151956393,0.45001194
2017-12-26,SPY,0,0,1,0.5173264561800321,0.5172673548564807,0.65725607
2017-12-27,SPY,0,0,1,0.5212961513145443,0.43627993821388417,0.39253008
2017-12-28,SPY,0,0,1,0.5177343440481904,0.45357455578092376,0.3895446
2017-12-29,SPY,0,1,1,0.5416854693337171,0.5066256183028531,0.46938097
2018-01-02,SPY,0,1,1,0.5399388103868227,0.5114125721890904,0.48652774
2018-01-03,SPY,0,1,1,0.545042734564322,0.5130870270670509,0.52991486
2018-01-04,SPY,0,1,1,0.5437296302615802,0.5206437245319646,0.52335036
2018-01-05,SPY,0,1,1,0.546140181920011,0.5675985885809391,0.5686602
2018-01-08,SPY,0,1,1,0.5302629325184642,0.5477144796505036,0.5457125
2018-01-09,SPY,0,1,1,0.5291052069805531,0.4969699717462081,0.440458
2018-01-10,SPY,0,1,1,0.5380175395515525,0.5240490955753997,0.48204774
2018-01-11,SPY,0,1,1,0.5330831235232575,0.5802713455161632,0.66168547
2018-01-12,SPY,0,0,1,0.5482118131270138,0.5856870699100163,0.5346777
2018-01-16,SPY,0,1,1,0.5660250844292061,0.5646836902202311,0.51881325
2018-01-17,SPY,0,0,1,0.570746324863322,0.5779258122851876,0.48284027
2018-01-18,SPY,0,1,1,0.5652969664994125,0.6027223357336602,0.5892368
2018-01-19,SPY,0,1,1,0.5804674413737595,0.5267627415830837,0.44399965
2018-01-22,SPY,0,1,1,0.5547604636746967,0.5778195028500772,0.5676813
2018-01-23,SPY,0,0,1,0.5586108023597818,0.5671111997226084,0.52742726
2018-01-24,SPY,0,0,1,0.5720857948105709,0.5560636544079596,0.49334806
2018-01-25,SPY,0,1,1,0.5509250848184817,0.5630925930840224,0.53053844
2018-01-26,SPY,0,0,1,0.5624068235196168,0.6114270117004276,0.5775463
2018-01-29,SPY,0,0,1,0.5588723502637284,0.5784245735058055,0.5701362
2018-01-30,SPY,0,0,1,0.585845897259228,0.6024909530397005,0.6549243
2018-01-31,SPY,0,1,1,0.5680143197439673,0.6063467058799838,0.64566684
2018-02-01,SPY,0,0,1,0.5563870229424496,0.5696892468954597,0.63739544
2018-02-02,SPY,0,0,1,0.5833797477359371,0.5665187054188904,0.6426539
2018-02-05,SPY,1,1,1,0.6076011507175733,0.5960671933048309,0.5768835
2018-02-06,SPY,1,0,1,0.5958361655627388,0.4719540508907778,0.36248916
2018-02-07,SPY,1,0,1,0.5636037096489332,0.5056688826800948,0.5603615
2018-02-08,SPY,1,1,1,0.5767746899785472,0.5171839661066991,0.5984706
2018-02-09,SPY,1,1,1,0.5704987999488157,0.5306373076154757,0.50976586
2018-02-12,SPY,1,1,1,0.5439472927177259,0.5023817014984212,0.46478474
2018-02-13,SPY,1,1,1,0.5245944354142907,0.5042729182741381,0.46013618
2018-02-14,SPY,1,1,1,0.5257816077709108,0.5042787103714802,0.4241141
2018-02-15,SPY,1,1,1,0.49313140544839873,0.5063877871892465,0.48925513
2018-02-16,SPY,1,0,1,0.5056642413676974,0.509685633922864,0.485458
2018-02-20,SPY,1,0,1,0.4948079900606062,0.5042488078763213,0.47658235
2018-02-21,SPY,1,0,1,0.49878926790623074,0.4953178188023531,0.50265956
2018-02-22,SPY,1,1,1,0.4884855759455724,0.5152137835256305,0.44666275
2018-02-23,SPY,1,1,1,0.4777258180169007,0.520289030290171,0.54741037
2018-02-26,SPY,1,0,1,0.4755881295857957,0.4900304305702379,0.45587286
2018-02-27,SPY,1,0,1,0.49609705164077195,0.4874268725278027,0.4308762
2018-02-28,SPY,1,0,1,0.5094676891952495,0.5290851987020687,0.47480333
2018-03-01,SPY,1,1,1,0.5219444450130913,0.4861908123777171,0.43167236
2018-03-02,SPY,1,1,1,0.4938411968062681,0.5020979974952644,0.46270213
2018-03-05,SPY,1,0,1,0.48980484755539067,0.5089226028362955,0.46728528
2018-03-06,SPY,1,1,1,0.5204833353898736,0.5226301905031918,0.5432258
2018-03-07,SPY,1,1,1,0.5157596240281466,0.5306415293947159,0.5396738
2018-03-08,SPY,1,1,1,0.5065364430911238,0.5173579623495715,0.52703804
2018-03-09,SPY,0,0,1,0.5502456170978997,0.5930193350330114,0.6449171
2018-03-12,SPY,0,0,1,0.5365229125474463,0.5930763356119231,0.64188236
2018-03-13,SPY,0,0,1,0.5472601769288812,0.5514457994029263,0.57399404
2018-03-14,SPY,0,0,1,0.5549490529808982,0.5252055364168745,0.5541428
2018-03-15,SPY,0,0,1,0.5385783173320197,0.5475866220894811,0.56530035
2018-03-16,SPY,0,0,1,0.5155804802253151,0.5122192969970301,0.49891916
2018-03-19,SPY,0,1,1,0.5297070816243771,0.5126514946822447,0.4819971
2018-03-20,SPY,0,0,1,0.5078327829966923,0.5398430089747277,0.5202495
2018-03-21,SPY,0,0,1,0.521221681866907,0.5321072353734209,0.5507374
2018-03-22,SPY,1,0,1,0.5657343310560201,0.49670164846761883,0.44219205
2018-03-23,SPY,1,1,1,0.5589271248678588,0.5229993808118006,0.5457299
2018-03-26,SPY,1,0,1,0.5447059576893176,0.5244023973915437,0.56473964
2018-03-27,SPY,1,0,1,0.5544353219004954,0.5045612398565145,0.51645344
2018-03-28,SPY,1,1,1,0.5562441406653061,0.5230038686880463,0.5299702
2018-03-29,SPY,1,0,1,0.5522917363441959,0.5272253541040793,0.49545756
2018-04-02,SPY,1,1,1,0.5876258030940076,0.5496016903397969,0.59131306
2018-04-03,SPY,1,1,1,0.5292427909874267,0.5092818430730833,0.48992664
2018-04-04,SPY,1,1,1,0.5309083614663476,0.5267118726445655,0.5409974
2018-04-05,SPY,1,0,1,0.5198102859821147,0.5229708159424885,0.5192341
2018-04-06,SPY,1,0,1,0.5568570805619627,0.527029861325361,0.52500975
2018-04-09,SPY,1,1,1,0.5162562871779846,0.5350604777821958,0.52860206
2018-04-10,SPY,1,1,1,0.5080229475737073,0.5252649184084398,0.525046
2018-04-11,SPY,1,1,1,0.5090033572713233,0.5335845477979895,0.5360067
2018-04-12,SPY,1,0,1,0.49755838232486393,0.5386523877877578,0.57017046
2018-04-13,SPY,1,1,1,0.4980038624935298,0.5047105618896333,0.49848503
2018-04-16,SPY,1,1,1,0.48803009456975877,0.5008628825447299,0.4227229
2018-04-17,SPY,1,0,1,0.48750378880966516,0.5068359187225353,0.45086366
2018-04-18,SPY,1,0,1,0.48729431797979333,0.520296113458945,0.5035023
2018-04-19,SPY,1,0,1,0.4972914393420859,0.5149343229126881,0.46396056
2018-04-20,SPY,1,0,1,0.5242408981697335,0.5184176049404158,0.5095077
2018-04-23,SPY,1,0,1,0.5200005256515569,0.5416269500377937,0.543007
2018-04-24,SPY,1,1,1,0.5214798379937381,0.5219909569304592,0.5336354
2018-04-25,SPY,1,1,1,0.5226745877041998,0.5208529499107876,0.5280446
2018-04-26,SPY,1,0,1,0.5194981266424863,0.5310829464680439,0.5665118
2018-04-27,SPY,1,0,1,0.5164087408099974,0.5321029370949014,0.5582074
2018-04-30,SPY,0,1,1,0.5426657440540175,0.533091512392581,0.523609
2018-05-01,SPY,0,0,1,0.5300750966558206,0.5257959663816709,0.53211033
2018-05-02,SPY,0,1,1,0.5356969369157718,0.5465018187747905,0.54515594
2018-05-03,SPY,0,1,1,0.5376330288950273,0.5602590548502913,0.60877985
2018-05-04,SPY,0,1,1,0.5412198112890642,0.5249374098616071,0.49539548
2018-05-07,SPY,0,1,1,0.5248597465017865,0.5206433466980491,0.48124927
2018-05-08,SPY,0,1,1,0.5286785599541257,0.5139960065410583,0.51051855
2018-05-09,SPY,0,1,1,0.525602105419552,0.516194740585676,0.5390783
2018-05-10,SPY,0,1,1,0.5289199094158203,0.5432519345265757,0.5412992
2018-05-11,SPY,0,0,1,0.5223540042152021,0.5514866324384585,0.57581407
2018-05-14,SPY,0,0,1,0.519886053447385,0.5300113860400456,0.5044882
2018-05-15,SPY,0,1,1,0.5412719039039505,0.506976935878613,0.5221686
2018-05-16,SPY,0,1,1,0.5153203865809939,0.5311863561394042,0.5096475
2018-05-17,SPY,0,0,1,0.5151724066252968,0.5279032916107687,0.54242
2018-05-18,SPY,0,1,1,0.5234098295747078,0.49925767054754855,0.46033368
2018-05-21,SPY,0,0,1,0.5212822329292912,0.528828152289467,0.54598486
2018-05-22,SPY,0,1,1,0.5315373245734044,0.5106085942967235,0.49603614
2018-05-23,SPY,0,0,1,0.5351547985774969,0.5120944279012589,0.4729676
2018-05-24,SPY,0,0,1,0.5407713180799191,0.5072463046596543,0.47983944
2018-05-25,SPY,0,0,1,0.530222002819831,0.5032110692621006,0.47102168
2018-05-29,SPY,0,1,1,0.5656019457540011,0.5671591079577107,0.56232166
2018-05-30,SPY,0,0,1,0.5426403462031267,0.5269592200707611,0.5008918
2018-05-31,SPY,0,1,1,0.5637342057202425,0.5776783560233599,0.62083036
2018-06-01,SPY,0,1,1,0.5547403841855122,0.5369317598493483,0.5269718
2018-06-04,SPY,0,1,1,0.5374097010385946,0.5154884954444049,0.5118241
2018-06-05,SPY,0,1,1,0.5396280506928238,0.5243915428939796,0.5288159
2018-06-06,SPY,0,0,1,0.5396021135933635,0.54115031209525,0.5773319
2018-06-07,SPY,0,1,1,0.5442287269805134,0.5287548488402528,0.5099232
2018-06-08,SPY,0,1,1,0.5351296606609538,0.5441678776748425,0.5192157
2018-06-11,SPY,0,0,1,0.5250474199568669,0.5261230570741179,0.5107801
2018-06-12,SPY,0,0,1,0.5345488653591756,0.5343263360464929,0.51772714
2018-06-13,SPY,0,0,1,0.5404083671389984,0.5520994977445401,0.5867109
2018-06-14,SPY,0,1,1,0.5357971963010583,0.5401903820587137,0.56959873
2018-06-15,SPY,0,1,1,0.5592279862945693,0.5617559521322675,0.6416554
2018-06-18,SPY,0,1,1,0.5212958787533799,0.5088439129452904,0.48459804
2018-06-19,SPY,0,0,1,0.5430365106455803,0.5484472147460024,0.54383355
2018-06-20,SPY,0,0,1,0.5192223365944245,0.5157124257515548,0.4984624
2018-06-21,SPY,0,0,1,0.5292702403121107,0.5079461132682075,0.5024617
2018-06-22,SPY,0,0,1,0.5206056065881431,0.5112001297026911,0.50653195
2018-06-25,SPY,0,0,1,0.5696399812239124,0.5695064997139754,0.6510888
2018-06-26,SPY,0,0,1,0.5420661953012225,0.5316051901129812,0.52176774
2018-06-27,SPY,0,1,1,0.5547255748909251,0.56313676866576,0.62834483
2018-06-28,SPY,0,0,1,0.5444271561776514,0.5249204584088568,0.58121175
2018-06-29,SPY,0,1,1,0.5503637014164031,0.5772785568301737,0.66838783
2018-07-02,SPY,0,0,1,0.5295033312651335,0.5024045768792414,0.51973677
2018-07-03,SPY,0,1,1,0.5191211528186587,0.5078965252196833,0.48257273
2018-07-05,SPY,0,1,1,0.5210521728458865,0.5080369337045321,0.5335519
2018-07-06,SPY,0,1,1,0.5250206085375169,0.5204870354204227,0.53804976
2018-07-09,SPY,0,1,1,0.5171087864940853,0.5026192713395993,0.5023256
2018-07-10,SPY,0,0,1,0.5195951286302056,0.5275821846605244,0.54172206
2018-07-11,SPY,0,1,1,0.5419177588120806,0.5106435535909726,0.46877068
2018-07-12,SPY,0,1,1,0.5282309399978032,0.535156889711501,0.5572641
2018-07-13,SPY,0,0,1,0.5216934836464366,0.5166558671296049,0.5168844
2018-07-16,SPY,0,1,1,0.5183670396486766,0.5172093898779427,0.52318406
2018-07-17,SPY,0,1,1,0.5191736536276563,0.5217888546537272,0.54842645
2018-07-18,SPY,0,0,1,0.5175237829108303,0.5175238346281855,0.50897306
2018-07-19,SPY,0,0,1,0.5215975859126626,0.5133745053812381,0.4919207
2018-07-20,SPY,0,1,1,0.5356378615647309,0.5539775144532019,0.5722738
2018-07-23,SPY,0,0,1,0.5166630791617836,0.509501338304033,0.5235395
2018-07-24,SPY,0,1,1,0.5388230000603621,0.519937958164134,0.48553076
2018-07-25,SPY,0,1,1,0.5482257584054142,0.5948707129772142,0.65058887
2018-07-26,SPY,0,0,1,0.5458391241850159,0.5532394231014045,0.51779455
2018-07-27,SPY,0,0,1,0.5661537228444453,0.5717643963229018,0.64856887
2018-07-30,SPY,0,1,1,0.5575129332734389,0.5465689735146664,0.5589251
2018-07-31,SPY,0,0,1,0.556477721917321,0.5646959757626431,0.615188
2018-08-01,SPY,0,1,1,0.5350265513471496,0.5197726592661558,0.54241985
2018-08-02,SPY,0,1,1,0.5440849587702887,0.5104385672053651,0.49409088
2018-08-03,SPY,0,1,1,0.5330937895990188,0.5138321955729412,0.5394823
2018-08-06,SPY,0,1,1,0.5148837601276551,0.4974403286334981,0.47336766
2018-08-07,SPY,0,1,1,0.5173817410438906,0.503989056230604,0.48997837
2018-08-08,SPY,0,0,1,0.5249503920148112,0.5010720573387707,0.46515903
2018-08-09,SPY,0,0,1,0.5182538840383056,0.4978625024043307,0.4752662
2018-08-10,SPY,0,0,1,0.5579547633400935,0.5642704588280952,0.578935
2018-08-13,SPY,0,1,1,0.5434042901254231,0.5551047489955312,0.56248164
2018-08-14,SPY,0,0,1,0.520514080207013,0.5064233010012162,0.50067794
2018-08-15,SPY,0,1,1,0.5674390076673003,0.5876780964372027,0.6185586
2018-08-16,SPY,0,1,1,0.5449115584387988,0.5552241985743038,0.5735482
2018-08-17,SPY,0,1,1,0.5461278770008935,0.5283461328180133,0.52994347
2018-08-20,SPY,0,1,1,0.5279762305284689,0.5049311896602274,0.48084322
2018-08-21,SPY,0,1,1,0.543427438764777,0.5302974968862881,0.5264548
2018-08-22,SPY,0,0,1,0.5235527122238895,0.48939510452538804,0.48541826
2018-08-23,SPY,0,1,1,0.522830241193091,0.5035689710494047,0.4892097
2018-08-24,SPY,0,1,1,0.532897823501538,0.5120077529984624,0.5015703
2018-08-27,SPY,0,0,1,0.5385156593562497,0.5488817494277417,0.5627626
2018-08-28,SPY,0,1,1,0.5326637782635499,0.5292823329542378,0.5304134
2018-08-29,SPY,0,0,1,0.5447080597885035,0.538835401039995,0.52782804
2018-08-30,SPY,0,1,1,0.5499829427974544,0.5213779108059221,0.47783878
2018-08-31,SPY,0,0,1,0.5486419348253897,0.5370515557087762,0.57553506
2018-09-04,SPY,0,0,1,0.534022647367054,0.5058360092679934,0.46664405
2018-09-05,SPY,0,0,1,0.5440018057413184,0.5605396223768085,0.55663687
2018-09-06,SPY,0,1,1,0.5294650950594773,0.5026025702865609,0.5220267
2018-09-07,SPY,0,0,1,0.5354999627800493,0.5252491686009622,0.5374492
2018-09-10,SPY,0,1,1,0.5205726892911388,0.49989761613931205,0.511508
2018-09-11,SPY,0,1,1,0.526881922676015,0.5163750350515306,0.5484192
2018-09-12,SPY,0,1,1,0.5337314529302633,0.501946201001497,0.49070117
2018-09-13,SPY,0,0,1,0.5316373785903037,0.5188561706149613,0.5265147
2018-09-14,SPY,0,0,1,0.5373789066947431,0.49440773133397015,0.4901849
2018-09-17,SPY,0,1,1,0.5593333472283285,0.5659109995389161,0.5824948
2018-09-18,SPY,0,1,1,0.5458009218506384,0.519705189951631,0.5262886
2018-09-19,SPY,0,1,1,0.5289706326637258,0.48957454044258164,0.5063555
2018-09-20,SPY,0,0,1,0.5802108597810587,0.5306326404877124,0.5440775
2018-09-21,SPY,0,0,1,0.5784673258595545,0.5487479332621785,0.587035
2018-09-24,SPY,0,0,1,0.5366906136324464,0.48751133613754777,0.47068122
2018-09-25,SPY,0,0,1,0.5244121584450575,0.5020445014470774,0.5099802
2018-09-26,SPY,0,1,1,0.5516363359095486,0.5691758531641915,0.59697866
2018-09-27,SPY,0,1,1,0.5218100357139216,0.4989989139616407,0.50687635
2018-09-28,SPY,0,0,1,0.5333794834264325,0.5180346416889923,0.56215256
2018-10-01,SPY,0,0,1,0.5296536826697211,0.5174522145144025,0.5170197
2018-10-02,SPY,0,0,1,0.5225388201048285,0.5070325933407139,0.51258457
2018-10-03,SPY,0,0,1,0.5356594796239627,0.5128904173899818,0.49765605
2018-10-04,SPY,0,0,1,0.5697978073901366,0.5672026073013429,0.58956957
2018-10-05,SPY,0,1,1,0.5643244946453636,0.5895693158040934,0.64175636
2018-10-08,SPY,0,1,1,0.547092495197797,0.5767116679835179,0.6426505
2018-10-09,SPY,0,0,1,0.5375472469410019,0.5217607299277934,0.5197795
2018-10-10,SPY,0,0,1,0.5945613325757391,0.4762512761673045,0.4467748
2018-10-11,SPY,0,0,1,0.5836955372992535,0.5706257447524083,0.61799985
2018-10-12,SPY,0,0,1,0.5618956724354922,0.5363278452271524,0.5635466
2018-10-15,SPY,0,1,1,0.5488089625743111,0.5298844198728725,0.57772636
2018-10-16,SPY,1,1,1,0.5488424462464864,0.5189026784340715,0.4831563
2018-10-17,SPY,1,0,1,0.5484169051343118,0.5235826574663903,0.5209464
2018-10-18,SPY,1,0,1,0.554123188673254,0.511961273267368,0.5170356
2018-10-19,SPY,1,0,1,0.540947297204817,0.5380998770364573,0.56968814
2018-10-22,SPY,1,1,1,0.5326627438006059,0.5352909387497068,0.5302191
2018-10-23,SPY,1,0,1,0.5130398583937287,0.5341953260875684,0.5445158
2018-10-24,SPY,1,1,1,0.5339069799895466,0.5375578665299126,0.6176403
2018-10-25,SPY,1,0,1,0.5248039576993441,0.5288244663429742,0.5257605
2018-10-26,SPY,1,0,1,0.5420823405947367,0.501752361115646,0.5425235
2018-10-29,SPY,1,1,1,0.5250214106567392,0.5276015698059149,0.5858644
2018-10-30,SPY,1,0,1,0.5220376619219725,0.5119058979993326,0.45920187
2018-10-31,SPY,1,1,1,0.5096990245718659,0.525554915465394,0.54068786
2018-11-01,SPY,1,0,1,0.49391688215363144,0.525372546444751,0.51428837
2018-11-02,SPY,1,1,1,0.5023713597484551,0.5106722569541315,0.40150374
2018-11-05,SPY,1,1,1,0.4838120220542442,0.5059993897040861,0.42598477
2018-11-06,SPY,1,1,1,0.4740144435861981,0.5013228746224742,0.40897018
2018-11-07,SPY,1,1,1,0.5031919226827458,0.512011901402202,0.51032573
2018-11-08,SPY,1,0,1,0.5133156551192968,0.5330771993317248,0.579567
2018-11-09,SPY,1,0,1,0.5271980218867245,0.5187434000445571,0.5541022
2018-11-12,SPY,1,0,1,0.5398546306095341,0.5345345099784425,0.5634998
2018-11-13,SPY,1,0,1,0.5224294712120591,0.527719583649573,0.5765173
2018-11-14,SPY,1,1,1,0.49838987522332534,0.5092774194408524,0.5294466
2018-11-15,SPY,1,1,1,0.5122739465579488,0.5378296860487725,0.5389819
2018-11-16,SPY,1,0,1,0.515303092333139,0.5176419704971683,0.550285
2018-11-19,SPY,1,0,1,0.5188016209938225,0.531776454597445,0.51945907
2018-11-20,SPY,1,0,1,0.5351106301934566,0.48822853810810557,0.38970524
2018-11-21,SPY,1,1,1,0.5338965630515428,0.5428525439612291,0.5695907
2018-11-23,SPY,1,1,1,0.5086580526889344,0.5165343975249189,0.5352135
2018-11-26,SPY,1,1,1,0.5310903991175216,0.5288805404173547,0.5257467
2018-11-27,SPY,1,1,1,0.5391297331012241,0.5524776328433217,0.60114807
2018-11-28,SPY,1,1,1,0.5520011371141099,0.5868277968379344,0.62024915
2018-11-29,SPY,1,1,1,0.5399453759960501,0.5271105543430904,0.5475107
2018-11-30,SPY,1,0,1,0.5387078672622553,0.5292075460699164,0.5311305
2018-12-03,SPY,1,0,1,0.5367211043166732,0.5511053446117736,0.5159644
2018-12-04,SPY,1,1,1,0.596846863494075,0.5695227637169538,0.560575
2018-12-06,SPY,1,0,1,0.5669451578379107,0.5043109783623128,0.34117258
2018-12-07,SPY,1,1,1,0.551956866679677,0.5099967054182667,0.4431361
2018-12-10,SPY,1,0,1,0.5333910197993266,0.48473686943467037,0.40988523
2018-12-11,SPY,1,0,1,0.5110419021358164,0.4972846528396632,0.47471526
2018-12-12,SPY,1,0,1,0.5112187709913096,0.5255117737220613,0.5465378
2018-12-13,SPY,1,0,1,0.5122415215578876,0.5248345479466977,0.5161911
2018-12-14,SPY,1,0,1,0.5273406241988611,0.4890710088839224,0.44808346
2018-12-17,SPY,1,0,1,0.5375923169552822,0.5232156034814467,0.42819998
2018-12-18,SPY,1,0,1,0.5177951611182011,0.5270096921877365,0.43358174
2018-12-19,SPY,1,0,1,0.5359782779309336,0.5398509982916332,0.5333172
2018-12-20,SPY,1,0,1,0.5371948351531008,0.5136915764745608,0.5266443
2018-12-21,SPY,1,0,1,0.5335797410971789,0.5060652424226392,0.5819182
2018-12-24,SPY,1,1,1,0.5183432396186884,0.5680837878006715,0.55808836
2018-12-26,SPY,1,1,1,0.5492785301419123,0.4684434951634823,0.51796865
2018-12-27,SPY,1,0,1,0.5544212483056905,0.5644786403594919,0.5292166
2018-12-28,SPY,1,1,1,0.542743688892356,0.5106657487082142,0.43767506
2018-12-31,SPY,1,1,1,0.5376594606787365,0.51286132602762,0.53203225
2019-01-02,SPY,1,0,1,0.5282620722713803,0.5146992695585708,0.51131475
2019-01-03,SPY,1,1,1,0.47787585381019015,0.5209658531418656,0.4800503
2019-01-04,SPY,1,1,1,0.5005557526782747,0.5219930397659369,0.56831056
2019-01-07,SPY,1,0,1,0.4990315608130285,0.514976333436591,0.46045318
2019-01-08,SPY,1,1,1,0.5100907916833325,0.5091635273719465,0.46119604
2019-01-09,SPY,1,1,1,0.5094910669564839,0.5110461053001614,0.40249565
2019-01-10,SPY,1,1,1,0.49895864522962163,0.5130872947394949,0.46039194
2019-01-11,SPY,1,1,1,0.4536532232083058,0.49200140931167297,0.3822485
2019-01-14,SPY,1,1,1,0.45734008818531335,0.4994714036226264,0.47594702
2019-01-15,SPY,1,1,1,0.46618918454209113,0.5007007265546798,0.4359201
2019-01-16,SPY,1,1,1,0.4789196692221438,0.50650857583788,0.41952053
2019-01-17,SPY,1,1,1,0.483641439393887,0.5151338450078716,0.44267032
2019-01-18,SPY,1,0,1,0.5036846053645873,0.5567948281925371,0.6201477
2019-01-22,SPY,1,0,1,0.5311745854510023,0.5248828510918079,0.4253262
2019-01-23,SPY,1,1,1,0.5324113594762484,0.5532636625364264,0.5424487
2019-01-24,SPY,1,1,1,0.5501711132415984,0.551424417941505,0.5497108
2019-01-25,SPY,1,1,1,0.544629114953655,0.5734816337693092,0.6164537
2019-01-28,SPY,1,0,1,0.5312294919022293,0.5472765051731084,0.54221743
2019-01-29,SPY,1,1,1,0.5250683718624887,0.553836836379178,0.5255802
2019-01-30,SPY,1,1,1,0.5388131653872126,0.5719748187285686,0.6368056
2019-01-31,SPY,1,0,1,0.5485878595395112,0.5633677416275616,0.5096116
2019-02-01,SPY,0,1,1,0.5620206223379651,0.5749313653399708,0.6007738
2019-02-04,SPY,0,1,1,0.5413244966970663,0.5738991141199727,0.58880407
2019-02-05,SPY,0,0,1,0.5494967495408443,0.5684726382844656,0.620971
2019-02-06,SPY,0,0,1,0.5284087854055882,0.5436358810808327,0.5186302
2019-02-07,SPY,0,1,1,0.5476515611064063,0.5659796910213166,0.6348079
2019-02-08,SPY,0,0,1,0.5361770967658783,0.5500245838612152,0.56749535
2019-02-11,SPY,0,1,1,0.5272635125146127,0.5436660740325299,0.57694095
2019-02-12,SPY,0,0,1,0.5392146416840735,0.5711730792077181,0.57330453
2019-02-13,SPY,0,1,1,0.5361536166840872,0.5749830205750823,0.6803789
2019-02-14,SPY,0,1,1,0.5441443341088561,0.5493452053638702,0.5319074
2019-02-15,SPY,0,1,1,0.549036954031275,0.5815902409492277,0.6133747
2019-02-19,SPY,0,1,1,0.5293900244398725,0.5503640271423645,0.5883575
2019-02-20,SPY,0,0,1,0.5420420488047841,0.5547524079489614,0.5924171
2019-02-21,SPY,0,1,1,0.5377509429737619,0.542295602321543,0.50951827
2019-02-22,SPY,0,0,1,0.5468050262118235,0.5633592591966946,0.59993464
2019-02-25,SPY,0,1,1,0.5301671591774538,0.5594086595410568,0.6243358
2019-02-26,SPY,0,1,1,0.5307910770582989,0.5459301668167776,0.5163705
2019-02-27,SPY,0,0,1,0.5334432462927065,0.5510536963353395,0.48173723
2019-02-28,SPY,0,0,1,0.537987290284434,0.5530420525346154,0.5638012
2019-03-01,SPY,0,0,1,0.5391578389275301,0.5275213434792881,0.5394357
2019-03-04,SPY,0,0,1,0.5587634615997552,0.5497799473964711,0.61348796
2019-03-05,SPY,0,0,1,0.5259468112095441,0.5231369746857322,0.52307624
2019-03-06,SPY,0,0,1,0.5370039509146677,0.5251496621735368,0.4817256
2019-03-07,SPY,0,1,1,0.5512731009111493,0.5650366753078861,0.6198461
2019-03-08,SPY,0,1,1,0.539938639871102,0.5508456378629205,0.5998572
2019-03-11,SPY,0,1,1,0.5417849556518525,0.5295236168475655,0.5485868
2019-03-12,SPY,0,1,1,0.5550472692698627,0.5418196917149165,0.5733484
2019-03-13,SPY,0,0,1,0.5528942139775304,0.5410721705117586,0.5963455
2019-03-14,SPY,0,1,1,0.5433966714536597,0.5159558732989152,0.5291774
2019-03-15,SPY,0,1,1,0.552786090181641,0.5395522905778956,0.570191
2019-03-18,SPY,0,0,1,0.5238924991259396,0.5229848554962795,0.55168337
2019-03-19,SPY,0,0,1,0.5427230655284311,0.5398122054330403,0.5467445
2019-03-20,SPY,0,1,1,0.5359514107237737,0.5350363444544101,0.5634899
2019-03-21,SPY,0,0,1,0.5390058953779543,0.5297632046583137,0.50489455
2019-03-22,SPY,0,1,1,0.5725754125350089,0.5466609872396306,0.6194854
2019-03-25,SPY,0,1,1,0.5451420868361413,0.5447499138427261,0.6219323
2019-03-26,SPY,0,0,1,0.5365114820879158,0.5309434963330093,0.56688374
2019-03-27,SPY,0,1,1,0.5418187158392463,0.5239066811757648,0.5071591
2019-03-28,SPY,0,1,1,0.5227619032350741,0.5310723454389713,0.5262954
2019-03-29,SPY,0,1,1,0.5282691863756921,0.5148555380240264,0.46222442
2019-04-01,SPY,0,0,1,0.5335721013851034,0.5435930955264251,0.5340875
2019-04-02,SPY,0,0,1,0.5181042181184745,0.5421605841350733,0.59501296
2019-04-03,SPY,0,1,1,0.5337382089373128,0.5277101064940702,0.53198737
2019-04-04,SPY,0,1,1,0.5323650181000962,0.5531835166596097,0.5667566
2019-04-05,SPY,0,1,1,0.5382382667614334,0.5530442774677001,0.56906724
2019-04-08,SPY,0,0,1,0.5215213964726766,0.5573173822487252,0.6134714
2019-04-09,SPY,0,1,1,0.5324198684885427,0.5277277930803443,0.58407056
2019-04-10,SPY,0,0,1,0.5241324545947367,0.5376441435362298,0.6084918
2019-04-11,SPY,0,1,1,0.5263902495911904,0.5240032549025001,0.54367256
2019-04-12,SPY,0,0,1,0.5302692116809392,0.5325977418712011,0.54249495
2019-04-15,SPY,0,0,1,0.5226731487504294,0.5252501751740479,0.5230716
2019-04-16,SPY,0,0,1,0.5233214833984869,0.5169121665394807,0.51814157
2019-04-17,SPY,0,0,1,0.5290837261893835,0.5203390234082238,0.49858963
2019-04-18,SPY,0,1,1,0.5298666388545361,0.5178937680681186,0.4959932
2019-04-22,SPY,0,1,1,0.5239943016488007,0.5073395011650518,0.44937393
2019-04-23,SPY,0,0,1,0.5397178144914743,0.540432088346627,0.5392576
2019-04-24,SPY,0,0,1,0.5399474452864668,0.4945736359526533,0.46576145
2019-04-25,SPY,0,1,1,0.5498186894061597,0.5361126769286308,0.48725367
2019-04-26,SPY,0,1,1,0.5443346611558043,0.5468284460624374,0.578738
2019-04-29,SPY,0,1,1,0.5488641596433701,0.5459995156850419,0.6147242
2019-04-30,SPY,0,0,1,0.5561756188847949,0.5438822582156488,0.5396324
2019-05-01,SPY,0,0,1,0.5540445023456966,0.5472458424653791,0.5344121
2019-05-02,SPY,0,1,1,0.547844327655641,0.5383268290124543,0.54595727
2019-05-03,SPY,0,1,1,0.5404092876805325,0.5260537997794779,0.4845507
2019-05-06,SPY,0,0,1,0.5668894433804604,0.542502391303264,0.5761247
2019-05-07,SPY,0,0,1,0.5724553215279038,0.538717524940099,0.65799415
2019-05-08,SPY,0,1,1,0.5559022131053651,0.5659242604916095,0.6885052
2019-05-09,SPY,0,1,1,0.5568142975888696,0.5660781464065954,0.6190469
2019-05-10,SPY,0,0,1,0.5477643013234009,0.5498820593716115,0.6195294
2019-05-13,SPY,0,1,1,0.5561669258173193,0.4995260760079314,0.412194
2019-05-14,SPY,0,1,1,0.54400388925143,0.5275813824879583,0.5218532
2019-05-15,SPY,0,1,1,0.5444130401030248,0.5243688486476664,0.52275956
2019-05-16,SPY,0,1,1,0.5484731456611955,0.5348693870063075,0.5264879
2019-05-17,SPY,0,0,1,0.5532909404061559,0.542118369461344,0.6317842
2019-05-20,SPY,0,1,1,0.5320521569136641,0.5290711671413427,0.54513866
2019-05-21,SPY,0,1,1,0.5179448717220638,0.5275562581245682,0.5357517
2019-05-22,SPY,0,0,1,0.5189644735258435,0.5275120497469512,0.578752
2019-05-23,SPY,0,0,1,0.52698902889044,0.5444962152328853,0.543106
2019-05-24,SPY,0,0,1,0.5116201519070476,0.5295956929493234,0.54089236
2019-05-28,SPY,0,0,1,0.5179267081877116,0.5287046773108378,0.5602673
2019-05-29,SPY,0,0,1,0.5119409164966825,0.5284944234235198,0.55592763
2019-05-30,SPY,0,0,1,0.5038657233912407,0.5295648282978931,0.5372683
2019-05-31,SPY,0,0,1,0.515552925560497,0.5118791989735246,0.5105843
2019-06-03,SPY,0,1,1,0.5056669923105708,0.5169792857948937,0.5429384
2019-06-04,SPY,1,1,1,0.5174475470638955,0.53982836743534,0.5747437
2019-06-05,SPY,1,1,1,0.5296133203393336,0.5269742587414625,0.53424513
2019-06-06,SPY,1,1,1,0.5303932583865437,0.5349483485759611,0.54858154
2019-06-07,SPY,1,0,1,0.5280003022887715,0.5315656266667634,0.54811513
2019-06-10,SPY,1,0,1,0.5207118540215158,0.5312526536686264,0.56537664
2019-06-11,SPY,0,0,1,0.5243793027084752,0.5283323537578888,0.5245997
2019-06-12,SPY,0,1,1,0.5175031941671884,0.5191116306300783,0.51779145
2019-06-13,SPY,0,0,1,0.5140974405066677,0.5268110259474704,0.4709254
2019-06-14,SPY,0,0,1,0.5056105761434924,0.5241669775857388,0.53222996
2019-06-17,SPY,0,1,1,0.5011128401214241,0.5173469637957175,0.4975687
2019-06-18,SPY,0,1,1,0.530531057898821,0.5481078800003902,0.57270956
2019-06-19,SPY,0,0,1,0.5256662578474106,0.5402477719502623,0.4998851
2019-06-20,SPY,0,0,1,0.5412745767715379,0.5521209825644181,0.37520632
2019-06-21,SPY,0,0,1,0.5414344445859898,0.5571321508706226,0.46273488
2019-06-24,SPY,0,0,1,0.529588937223609,0.5444899208147314,0.5158593
2019-06-25,SPY,0,0,1,0.5486336247323855,0.5751071152927282,0.62080795
2019-06-26,SPY,0,1,1,0.5396911774994376,0.5480982167697634,0.5735019
2019-06-27,SPY,0,1,1,0.5257482938565546,0.5468714040957062,0.57194525
2019-06-28,SPY,0,0,1,0.5469824524228782,0.5575575070838444,0.5470862
2019-07-01,SPY,0,1,1,0.5609847629983689,0.6036667642912116,0.6351153
2019-07-02,SPY,0,1,1,0.5455810593609481,0.5561381168005489,0.5918435
2019-07-03,SPY,0,1,1,0.5369110776879682,0.5650175589355246,0.57321244
2019-07-05,SPY,0,0,1,0.5437565351043256,0.5379711836291768,0.5562849
2019-07-08,SPY,0,1,1,0.5454166621363585,0.5328673571847298,0.5725493
2019-07-09,SPY,0,1,1,0.536056521407878,0.5218823132710851,0.5274867
2019-07-10,SPY,0,0,1,0.5414806492364365,0.511192759190356,0.46143228
2019-07-11,SPY,0,1,1,0.533434220569439,0.5451132266500389,0.5267146
2019-07-12,SPY,0,0,1,0.5312697735765706,0.5534214989868312,0.57864255
2019-07-15,SPY,0,0,1,0.528656206225224,0.5445343938727802,0.5601133
2019-07-16,SPY,0,0,1,0.5356281724080615,0.5441510628125069,0.5197313
2019-07-17,SPY,0,1,1,0.5343713412333937,0.5194923231949367,0.5090853
2019-07-18,SPY,0,0,1,0.5374657074892165,0.5278982185608084,0.53315234
2019-07-19,SPY,0,1,1,0.5327766089864455,0.5320758589757207,0.58039397
2019-07-22,SPY,0,1,1,0.5288359619382522,0.5194997929939682,0.4977867
2019-07-23,SPY,0,1,1,0.5346014291692756,0.5309875939998936,0.5465346
2019-07-24,SPY,0,0,1,0.5435991670784507,0.5173752915060603,0.49467596
2019-07-25,SPY,0,1,1,0.550861485427456,0.5306436152293057,0.6312015
2019-07-26,SPY,0,0,1,0.5451679769092302,0.5226248435649216,0.52865624
2019-07-29,SPY,0,1,1,0.5423436771468171,0.5048468062070536,0.46832588
2019-07-30,SPY,0,0,1,0.5398878021878931,0.5089579284901401,0.45644483
2019-07-31,SPY,0,0,1,0.5603623016536986,0.5593511963850041,0.6859721
2019-08-01,SPY,0,0,1,0.5585505619391935,0.5393751094804091,0.6041539
2019-08-02,SPY,0,0,1,0.5358815112182854,0.5229764444572547,0.49930367
2019-08-05,SPY,0,1,1,0.5541067606017925,0.5352112121790117,0.5796172
2019-08-06,SPY,0,1,1,0.5538914276703593,0.5141869728926503,0.46114102
2019-08-07,SPY,0,1,1,0.554017798798027,0.5286579349740809,0.502884
2019-08-08,SPY,1,0,1,0.5536816453114879,0.5331541990284618,0.4816193
2019-08-09,SPY,1,0,1,0.553816220984547,0.5490178347222412,0.5931635
2019-08-12,SPY,1,1,1,0.5455737088281035,0.5239790084612016,0.45867366
2019-08-13,SPY,1,0,1,0.5422026373448638,0.5291969100396592,0.499491
2019-08-14,SPY,1,0,1,0.5677502867397046,0.5180860142073518,0.5477423
2019-08-15,SPY,1,1,1,0.5371841144738155,0.5173134988233671,0.47341067
2019-08-16,SPY,1,1,1,0.5424059122375717,0.5326901771424619,0.53300226
2019-08-19,SPY,1,0,1,0.5390786757533139,0.5379131327321439,0.51718736
2019-08-20,SPY,1,0,1,0.5234350491827255,0.5303577245260693,0.51067114
2019-08-21,SPY,1,0,1,0.5050726457503085,0.5361469156921258,0.56387997
2019-08-22,SPY,1,0,1,0.5096633915080768,0.5245446304134235,0.48730135
2019-08-23,SPY,1,1,1,0.5294421440759223,0.5203687760281089,0.488332
2019-08-26,SPY,1,0,1,0.5088599060492076,0.5347220181795321,0.57515615
2019-08-27,SPY,1,1,1,0.5091353544625147,0.5272926074537159,0.48836032
2019-08-28,SPY,1,1,1,0.5065723103887638,0.5360517507926577,0.52026314
2019-08-29,SPY,1,0,1,0.5129692622167734,0.533353755935417,0.46126077
2019-08-30,SPY,1,1,1,0.5037570793537284,0.5248354441919552,0.51522315
2019-09-03,SPY,1,1,1,0.5259815809187794,0.524143344524012,0.519639
2019-09-04,SPY,1,1,1,0.5196847551917171,0.5307158855545512,0.5187551
2019-09-05,SPY,1,0,1,0.5262393105578362,0.5412032309206327,0.4665005
2019-09-06,SPY,1,0,1,0.5056276335592275,0.5420741128640156,0.59872484
2019-09-09,SPY,1,1,1,0.5129890653637101,0.534061431868007,0.511143
2019-09-10,SPY,1,1,1,0.5237949370745599,0.5285452424751785,0.5053174
2019-09-11,SPY,1,1,1,0.5131296856037258,0.5196564330718488,0.50531256
2019-09-12,SPY,0,0,1,0.5257239428353265,0.5599842184953393,0.5925166
2019-09-13,SPY,0,1,1,0.5255565462235793,0.550739805899741,0.5697662
2019-09-16,SPY,0,1,1,0.5231798915786081,0.5104387753930866,0.50325894
2019-09-17,SPY,0,1,1,0.5155447998700782,0.5241839357810733,0.5153805
2019-09-18,SPY,0,0,1,0.521605912264167,0.5184954995055775,0.51457125
2019-09-19,SPY,0,0,1,0.5156622141223177,0.5309801503445485,0.57628936
2019-09-20,SPY,0,1,1,0.5226234968662601,0.5430531821803761,0.59110945
2019-09-23,SPY,0,0,1,0.5335933309085176,0.5427913865322119,0.5199233
2019-09-24,SPY,0,1,1,0.5506688638883132,0.5571706344998432,0.6718809
2019-09-25,SPY,0,0,1,0.5489489511150545,0.5657045811505705,0.5414211
2019-09-26,SPY,0,0,1,0.5397111333573021,0.5252687042179661,0.5363099
2019-09-27,SPY,0,1,1,0.5471661185725518,0.5528552194529633,0.61873513
2019-09-30,SPY,0,0,1,0.5380128882575573,0.5366637702372888,0.5629598
2019-10-01,SPY,0,0,1,0.5603940659498906,0.5604812843243668,0.5982704
2019-10-02,SPY,0,1,1,0.5612730266580956,0.4961401633277687,0.45801646
2019-10-03,SPY,0,1,1,0.5489975207601935,0.5404853256168705,0.57982135
2019-10-04,SPY,0,0,1,0.5460777226527976,0.5342402955951466,0.49986628
2019-10-07,SPY,0,0,1,0.5391291632677508,0.5327067870151788,0.5320058
2019-10-08,SPY,0,1,1,0.5558330946650744,0.5476449802020196,0.55860215
2019-10-09,SPY,0,1,1,0.5440978405070864,0.5336724665994363,0.568221
2019-10-10,SPY,0,1,1,0.5341791910333367,0.529255123301277,0.5269555
2019-10-11,SPY,0,1,1,0.5328662283115526,0.5557914622870028,0.5619617
2019-10-14,SPY,0,1,1,0.5219914512410851,0.5309864742837768,0.59132344
2019-10-15,SPY,0,1,1,0.5114605881166784,0.5187382091635975,0.47890133
2019-10-16,SPY,0,0,1,0.5143363094975436,0.5175799975365056,0.5078628
2019-10-17,SPY,0,0,1,0.5128872776964527,0.5152309698840858,0.4821968
2019-10-18,SPY,0,1,1,0.5165083486975439,0.5236015291427931,0.5471998
2019-10-21,SPY,0,0,1,0.5122431764947599,0.5279283489267709,0.5050629
2019-10-22,SPY,0,1,1,0.5122785407728913,0.5125556278673846,0.4879126
2019-10-23,SPY,0,0,1,0.5078446261651745,0.5181927529684136,0.49556506
2019-10-24,SPY,0,1,1,0.5082090464647098,0.5153031077209529,0.46169883
2019-10-25,SPY,0,1,1,0.5141236425183446,0.5253076549840056,0.52253246
2019-10-28,SPY,0,1,1,0.5072575878474501,0.5249831059411881,0.48580542
2019-10-29,SPY,0,1,1,0.5167676015352064,0.5205548273589942,0.50228286
2019-10-30,SPY,0,0,1,0.5332920844674265,0.5494589394923691,0.5506843
2019-10-31,SPY,0,1,1,0.5412798033818035,0.5599553964398287,0.59015906
2019-11-01,SPY,0,0,1,0.5385867708895693,0.5701148744700801,0.6806502
2019-11-04,SPY,0,0,1,0.5365859975183446,0.5603116736021059,0.5694131
2019-11-05,SPY,0,1,1,0.5486301710070082,0.5322747464686549,0.47174817
2019-11-06,SPY,0,0,1,0.5477401130238637,0.5371404283989392,0.48392317
2019-11-07,SPY,0,1,1,0.5488785766259435,0.5414237557307793,0.5227093
2019-11-08,SPY,0,1,1,0.5354122478823988,0.5494263516240234,0.55651677
2019-11-11,SPY,0,1,1,0.5299853976921018,0.5311730477609814,0.5127234
2019-11-12,SPY,0,1,1,0.5329940820925806,0.5208485751190047,0.52697235
2019-11-13,SPY,0,1,1,0.5393548445808691,0.529871083901787,0.55927575
2019-11-14,SPY,0,1,1,0.5348270862306348,0.5167563874017868,0.49024767
2019-11-15,SPY,0,1,1,0.5473578230215256,0.5583907353710315,0.5996742
2019-11-18,SPY,0,0,1,0.5387290658033229,0.5584609988589722,0.6575903
2019-11-19,SPY,0,0,1,0.5521971986694731,0.5596104606748536,0.56909156
2019-11-20,SPY,0,0,1,0.559121777584598,0.5398762857402238,0.53862786
2019-11-21,SPY,0,0,1,0.5485487867196407,0.5156489647061444,0.47616032
2019-11-22,SPY,0,1,1,0.5328227512414668,0.5165649576615167,0.5051086
2019-11-25,SPY,0,1,1,0.5364518443213968,0.5178860370823244,0.5111992
2019-11-26,SPY,0,1,1,0.532693496932814,0.518578693567345,0.48197094
2019-11-27,SPY,0,0,1,0.5348797980440335,0.5180275675422987,0.48636898
2019-11-29,SPY,0,0,1,0.5401221341617743,0.5106655044388254,0.45806977
2019-12-02,SPY,0,1,1,0.5621665367894884,0.5602829942880836,0.65723526
2019-12-03,SPY,0,1,1,0.5523288297966421,0.556100420020556,0.66739565
2019-12-04,SPY,0,0,1,0.5418876954665247,0.5231726147445704,0.5123757
2019-12-05,SPY,0,1,1,0.5326825727749694,0.5222985079296749,0.5162748
2019-12-06,SPY,0,0,1,0.5383294173623275,0.5363743288181859,0.53942454
2019-12-09,SPY,0,0,1,0.5333753818338824,0.5211259786560538,0.47020048
2019-12-10,SPY,0,1,1,0.5426715033383094,0.5058487650674696,0.4531598
2019-12-11,SPY,0,1,1,0.5388195845716013,0.5131395316368925,0.48173994
2019-12-12,SPY,0,1,1,0.5535248898333673,0.5384913629296841,0.47783893
2019-12-13,SPY,0,1,1,0.5406163640253515,0.5365275548506613,0.569771
2019-12-16,SPY,0,0,1,0.5378896193773207,0.5432825942673383,0.5656924
2019-12-17,SPY,0,0,1,0.5333033598384656,0.5148757326917734,0.53242177
2019-12-18,SPY,0,1,1,0.5328483775850928,0.5163216379371358,0.53523755
2019-12-19,SPY,0,1,1,0.5399596086543371,0.5454380156101521,0.5749995
2019-12-20,SPY,0,0,1,0.550823055134328,0.5266458554502809,0.39754483
2019-12-23,SPY,0,0,1,0.5270987720081701,0.5107746530589461,0.48549867
2019-12-24,SPY,0,1,1,0.5200822027402513,0.5128096390686356,0.45949185
2019-12-26,SPY,0,0,1,0.5226692176968897,0.5194498691824478,0.49828097
2019-12-27,SPY,0,0,1,0.5239888574349297,0.5087856741318755,0.46557948
2019-12-30,SPY,0,1,1,0.5318487724111979,0.5257891310958684,0.50778383
2019-12-31,SPY,0,1,1,0.5402281464758494,0.5101300361884813,0.49724802
2020-01-02,SPY,0,1,1,0.5508429254618552,0.5429704314671023,0.34685594
2020-01-03,SPY,0,1,1,0.5532346029607479,0.5730438023922744,0.7449901
2020-01-06,SPY,0,0,1,0.5499512989153407,0.5532420099638601,0.6111826
2020-01-07,SPY,0,1,1,0.5465000689730232,0.5254421697724645,0.5227705
2020-01-08,SPY,0,1,1,0.5536879296264337,0.5174303964792905,0.37731758
2020-01-09,SPY,0,0,1,0.543503330389472,0.5451958201660775,0.62636
2020-01-10,SPY,0,1,1,0.5446289476562909,0.5406117544037299,0.4081827
2020-01-13,SPY,0,0,1,0.5406487831617711,0.5100482244852931,0.3617024
2020-01-14,SPY,0,1,1,0.5470758804933996,0.5159203226669179,0.2762536
2020-01-15,SPY,0,1,1,0.545126652001596,0.5332181409440329,0.45025527
2020-01-16,SPY,0,1,1,0.5390766090706446,0.5514653724429123,0.5819592
2020-01-17,SPY,0,1,1,0.5473299701474039,0.5405114468803452,0.3672283
2020-01-21,SPY,0,0,1,0.5425401363819266,0.5311349846273835,0.4899849
2020-01-22,SPY,0,1,1,0.5377504427978977,0.523384666617085,0.47032586
2020-01-23,SPY,0,0,1,0.5392710020258297,0.5237753419889195,0.5518172
2020-01-24,SPY,0,1,1,0.5490804694612327,0.5569331270940774,0.7203976
2020-01-27,SPY,0,1,1,0.5503241329705396,0.5395003052475112,0.5847749
2020-01-28,SPY,0,0,1,0.5483840363597705,0.5353290466320009,0.48172727
2020-01-29,SPY,0,1,1,0.5454991643636158,0.5317345859498653,0.4393859
2020-01-30,SPY,0,0,1,0.5490982057893006,0.5504831708394095,0.7081693
2020-01-31,SPY,0,1,1,0.5633344013965043,0.5382958422006062,0.5814966
2020-02-03,SPY,0,1,1,0.558387540813182,0.5408019932486784,0.559571
2020-02-04,SPY,0,1,1,0.5472229317650468,0.5395583219163163,0.5907055
2020-02-05,SPY,0,1,1,0.5493073252420991,0.5442536529949201,0.5198116
2020-02-06,SPY,0,0,1,0.5426808935558279,0.5470487707343358,0.62985444
2020-02-07,SPY,0,1,1,0.5424073203257145,0.5244311365900878,0.5657118
2020-02-10,SPY,0,0,1,0.5378563370004864,0.541685110035307,0.6339551
2020-02-11,SPY,0,1,1,0.5287355157596069,0.5293871622030271,0.51989853
2020-02-12,SPY,0,1,1,0.5181720249668013,0.5279307779320304,0.35814738
2020-02-13,SPY,0,1,1,0.5215416929986042,0.5261149801474092,0.4743001
2020-02-14,SPY,0,1,1,0.5202653175615306,0.5217678298193439,0.41639388
2020-02-18,SPY,0,1,1,0.5152697518325589,0.5190980701053217,0.60378915
2020-02-19,SPY,0,0,1,0.5150501405793886,0.5265590413222834,0.6235267
2020-02-20,SPY,0,0,1,0.5197331376082993,0.5350143609486374,0.5862803
2020-02-21,SPY,0,0,1,0.5370799984350074,0.5481938011763681,0.6772406
2020-02-24,SPY,1,0,1,0.5690811936470288,0.5126205550033508,0.37901434
2020-02-25,SPY,1,0,1,0.5812004730656802,0.548676713125128,0.72041434
2020-02-26,SPY,1,0,1,0.5529042863356153,0.5596709393837863,0.6757251
2020-02-27,SPY,1,1,1,0.549228875021064,0.5594673452757603,0.6142223
2020-02-28,SPY,1,1,1,0.5424148119086842,0.5918582786691682,0.25401253
2020-03-02,SPY,1,0,1,0.5754211119562737,0.5181148625701869,0.68227977
2020-03-03,SPY,1,1,1,0.580975350084335,0.5129023319354902,0.5906039
2020-03-04,SPY,1,0,1,0.5724388738198491,0.5086245455388246,0.3527837
2020-03-05,SPY,1,1,1,0.5821572922868009,0.5205139228071742,0.47231612
2020-03-06,SPY,1,0,1,0.5921179527820352,0.5193221414939452,0.7824909
2020-03-09,SPY,1,1,1,0.5802509727645292,0.624031886786293,0.62134063
2020-03-10,SPY,1,0,1,0.5975184424372624,0.4954567990207452,0.4366065
2020-03-11,SPY,1,0,1,0.5390990511581171,0.5831717062615254,0.5009675
2020-03-12,SPY,1,1,1,0.5614463001262008,0.6659310056898498,0.69032085
2020-03-13,SPY,1,0,1,0.5875271654515429,0.5069701031990926,0.332427
2020-03-16,SPY,1,1,1,0.6169419747677479,0.6740125215869923,0.5439351
2020-03-17,SPY,1,1,1,0.5622367294886329,0.5454404530996839,0.46633214
2020-03-18,SPY,1,1,1,0.5625460003934707,0.6322255343920815,0.62092626
2020-03-19,SPY,1,0,1,0.5679142357368343,0.5882917081461807,0.48099536
2020-03-20,SPY,1,0,1,0.4630931574591636,0.6273340000005472,0.51963514
2020-03-23,SPY,1,1,1,0.45822325263111907,0.6028276045884909,0.31705323
2020-03-24,SPY,1,1,1,0.43995125283000497,0.4696969065218304,0.20468459
2020-03-25,SPY,1,1,1,0.4383145532763224,0.5304847876461546,0.3593922
2020-03-26,SPY,1,1,1,0.4566536657475804,0.47376214441714276,0.7992265
2020-03-27,SPY,1,1,1,0.48274145838965904,0.5132667150634616,0.7777062
2020-03-30,SPY,1,0,1,0.4596924392533654,0.5204313711549624,0.8507835
2020-03-31,SPY,1,0,1,0.41805683195247106,0.5214383792480328,0.523316
2020-04-01,SPY,1,1,1,0.4320616286791535,0.5722447685779491,0.6797565
2020-04-02,SPY,1,0,1,0.3634466439364577,0.512596867280967,0.29170716
2020-04-03,SPY,1,1,1,0.38790024475880036,0.5115931999509649,0.49426115
2020-04-06,SPY,1,0,1,0.41503121478076843,0.46962049220152513,0.37996036
2020-04-07,SPY,1,1,1,0.4295836212930664,0.4984400308582982,0.34512714
2020-04-08,SPY,1,1,1,0.4248032530516842,0.492256883761538,0.34489858
2020-04-09,SPY,1,0,1,0.5026838382107081,0.5130841183787918,0.33790746
2020-04-13,SPY,1,1,1,0.4709873245804507,0.4879611982591715,0.23408954
2020-04-14,SPY,1,1,1,0.49133861895119285,0.5094835050531261,0.4040946
2020-04-15,SPY,1,0,1,0.5102467551194595,0.4852846629582694,0.11305024
2020-04-16,SPY,1,1,1,0.5149741072443441,0.5041422890035442,0.39885584
2020-04-17,SPY,1,0,1,0.5128556798892366,0.5217934328887992,0.42478827
2020-04-20,SPY,1,0,1,0.5792918053089542,0.48213081389995915,0.14222158
2020-04-21,SPY,1,1,1,0.5969504270837752,0.5044455670086992,0.31487957
2020-04-22,SPY,1,0,1,0.5450613876902042,0.5652920773623132,0.8192149
2020-04-23,SPY,1,1,1,0.555973632258559,0.5421797399972074,0.52852416
2020-04-24,SPY,1,1,1,0.5091461464116173,0.5698572796055574,0.5969345
2020-04-27,SPY,1,0,1,0.5398202960206622,0.5773695985893742,0.69481057
2020-04-28,SPY,1,1,1,0.5270319741396104,0.5462496158478105,0.6700787
2020-04-29,SPY,1,0,1,0.5219906762240613,0.5600037521236315,0.4928897
2020-04-30,SPY,1,0,1,0.5867346281139337,0.5295729583994718,0.24700788
2020-05-01,SPY,1,1,1,0.593229891437534,0.5417399657559768,0.6135914
2020-05-04,SPY,1,0,1,0.5759035347773129,0.5542133704610238,0.52624387
2020-05-05,SPY,1,0,1,0.5540454952861557,0.5721598274672799,0.79757065
2020-05-06,SPY,1,0,1,0.541904001651346,0.5414901506037194,0.6302621
2020-05-07,SPY,1,1,1,0.5282312480403675,0.5585540488705556,0.46548328
2020-05-08,SPY,1,1,1,0.5140198306628719,0.5649258095247421,0.4620401
2020-05-11,SPY,1,0,1,0.5325376069861889,0.5565687055318861,0.5388791
2020-05-12,SPY,1,0,1,0.5401036182575827,0.523994666828181,0.29060566
2020-05-13,SPY,1,1,1,0.5654868006544914,0.5446421357368085,0.64012617
2020-05-14,SPY,1,1,1,0.5386269694580478,0.5578346347042459,0.6718515
2020-05-15,SPY,1,1,1,0.5189512064338985,0.5294422321865191,0.46178895
2020-05-18,SPY,1,0,1,0.5382225163715116,0.581329596777991,0.80550975
2020-05-19,SPY,1,1,1,0.580322679504902,0.5398790782033701,0.41875577
2020-05-20,SPY,1,0,1,0.5497572543930026,0.5594426126822504,0.46268967
2020-05-21,SPY,1,1,1,0.5631412234176288,0.5477832400172241,0.40559644
2020-05-22,SPY,1,0,1,0.5470762166399852,0.5568083515899225,0.60436416
2020-05-26,SPY,1,1,1,0.5190982799109946,0.563539834275564,0.6999805
2020-05-27,SPY,1,0,1,0.5268094022497634,0.5616220838983407,0.33208215
2020-05-28,SPY,1,1,1,0.5145563800286832,0.5213253619008876,0.23031422
2020-05-29,SPY,1,1,1,0.5217549594956922,0.5719104943626391,0.47797105
2020-06-01,SPY,1,1,1,0.5279703540995276,0.5687472490513619,0.77367496
2020-06-02,SPY,1,1,1,0.526601606337842,0.5718786745167882,0.8018996
2020-06-03,SPY,1,1,1,0.5211269774986819,0.5595991603062868,0.5677262
2020-06-04,SPY,1,1,1,0.5353487225905699,0.5518890604949098,0.70664805
2020-06-05,SPY,1,1,1,0.5418073643516154,0.5885025278171017,0.49871543
2020-06-08,SPY,1,1,1,0.5274049497111953,0.5462740580227636,0.3711027
2020-06-09,SPY,1,0,1,0.5462970956568659,0.5330863215121238,0.5473563
2020-06-10,SPY,1,0,1,0.5626390747889686,0.5399348842834363,0.41200897
2020-06-11,SPY,1,0,1,0.645032609151528,0.6092658365388873,0.9573991
2020-06-12,SPY,1,1,1,0.5823385634840098,0.5613411744437388,0.71702826
2020-06-15,SPY,1,0,1,0.5759172560709012,0.5544942010434872,0.82994044
2020-06-16,SPY,1,0,1,0.5725646513807223,0.559158820949998,0.78159046
2020-06-17,SPY,1,1,1,0.5916386762702585,0.5381235136379806,0.69656825
2020-06-18,SPY,1,0,1,0.5460464694071074,0.5427837741462348,0.40266612
2020-06-19,SPY,1,1,1,0.558973872273636,0.5572160490543465,0.5105603
2020-06-22,SPY,1,0,1,0.5414919242141077,0.5525267174336225,0.50553715
2020-06-23,SPY,1,0,1,0.5203388542949844,0.5524950354915698,0.5911584
2020-06-24,SPY,1,1,1,0.5533127880672843,0.5209176581514102,0.4188285
2020-06-25,SPY,1,0,1,0.5327521730000536,0.5321316406127405,0.4307959
2020-06-26,SPY,1,1,1,0.5600604574201226,0.5184703447647862,0.4861782
2020-06-29,SPY,1,1,1,0.5327475308189216,0.5284646158895054,0.5210054
2020-06-30,SPY,1,1,1,0.538541816978932,0.5386323038417004,0.651845
2020-07-01,SPY,1,0,1,0.5283445210862809,0.5281497150226963,0.45235127
2020-07-02,SPY,1,1,1,0.5278262902313348,0.5270690959901001,0.4315894
2020-07-06,SPY,1,0,1,0.4988815163065942,0.5178090473902615,0.54656374
2020-07-07,SPY,1,1,1,0.5198793711857044,0.517738691848941,0.30263823
2020-07-08,SPY,1,0,1,0.4994694907957102,0.5254361997983951,0.4148941
2020-07-09,SPY,1,1,1,0.5136653791202342,0.5269879584061502,0.4695585
2020-07-10,SPY,1,0,1,0.5306214330779966,0.5507186940742836,0.5390681
2020-07-13,SPY,1,1,1,0.5430927114577785,0.5367919143948334,0.6091459
2020-07-14,SPY,1,0,1,0.5284300352417508,0.5553685017309393,0.58039725
2020-07-15,SPY,1,1,1,0.5269231733675327,0.5440356774799092,0.5616936
2020-07-16,SPY,1,0,1,0.5296256973479953,0.5329395730456915,0.6427704
2020-07-17,SPY,1,1,1,0.5239494905947788,0.533588293183469,0.561799
2020-07-20,SPY,1,0,1,0.5203133742539018,0.5570505797807309,0.5810047
2020-07-21,SPY,1,1,1,0.518807787403655,0.5482713413005524,0.65546256
2020-07-22,SPY,1,0,1,0.5131829049196047,0.5571676638694771,0.7673678
2020-07-23,SPY,1,0,1,0.548620018009963,0.5405908573233261,0.3927298
2020-07-24,SPY,1,1,1,0.539195354521015,0.5584003222234568,0.5885584
2020-07-27,SPY,0,0,1,0.5334385190479496,0.5488908366108525,0.48730734
2020-07-28,SPY,0,1,1,0.5435024843191746,0.5455624803253083,0.39158115
2020-07-29,SPY,0,1,1,0.5293870614891063,0.5481337494291634,0.36200878
2020-07-30,SPY,0,1,1,0.5455290645945484,0.5439233880099588,0.3963359
2020-07-31,SPY,0,1,1,0.5467466762635192,0.5674274032538645,0.5828186
2020-08-03,SPY,0,1,1,0.5315073172152911,0.5456541117003519,0.5899369
2020-08-04,SPY,0,1,1,0.5338259681752824,0.5614329771762304,0.6859249
2020-08-05,SPY,0,1,1,0.5268618178307737,0.5494741444562894,0.6135663
2020-08-06,SPY,0,1,1,0.5268701964867758,0.5515569923451445,0.3195971
2020-08-07,SPY,0,1,1,0.5339481864560273,0.5377699361238525,0.55871
2020-08-10,SPY,0,0,1,0.5305218973132652,0.541578291624675,0.39063233
2020-08-11,SPY,0,1,1,0.5506988932776385,0.5615669123764497,0.72092813
2020-08-12,SPY,0,1,1,0.529491034873047,0.5500300446284139,0.5429691
2020-08-13,SPY,0,1,1,0.536250290948207,0.5470288642188879,0.6391271
2020-08-14,SPY,0,0,1,0.5376587287814114,0.5504724723908816,0.56139123
2020-08-17,SPY,0,1,1,0.5287183013527325,0.556307161575537,0.71991426
2020-08-18,SPY,0,0,1,0.5303098996653495,0.547676871850745,0.48479682
2020-08-19,SPY,0,1,1,0.536507296783407,0.5498144437440855,0.7320096
2020-08-20,SPY,0,1,1,0.5271001635138937,0.5466793447971721,0.568642
2020-08-21,SPY,0,1,1,0.539016768826037,0.5436194281389061,0.6013584
2020-08-24,SPY,0,1,1,0.5347490326895245,0.5507485206640785,0.63395023
2020-08-25,SPY,0,1,1,0.5399880570866552,0.5597219235880668,0.81404716
2020-08-26,SPY,0,0,1,0.5391998961680914,0.5548192666177525,0.6588625
2020-08-27,SPY,0,1,1,0.5515774683918462,0.5595076917006127,0.7281046
2020-08-28,SPY,0,0,1,0.5424168269916777,0.5567237482978331,0.72931147
2020-08-31,SPY,0,1,1,0.558037210352358,0.540697364754879,0.29523593
2020-09-01,SPY,0,1,1,0.5421110678356699,0.5599224693906257,0.5744807
2020-09-02,SPY,0,0,1,0.54811829311849,0.5669496237968471,0.6160455
2020-09-03,SPY,0,0,1,0.6043952964478518,0.5380874933229033,0.5514343
2020-09-04,SPY,1,0,1,0.5704183099533565,0.5450657333005582,0.6025967
2020-09-08,SPY,1,1,1,0.5735399094714907,0.5385810317107476,0.76123595
2020-09-09,SPY,1,0,1,0.5440613236507189,0.5267750778399103,0.61795807
2020-09-10,SPY,1,0,1,0.5568121785704656,0.5303226383648204,0.5162318
2020-09-11,SPY,1,1,1,0.5462566289123267,0.5390358750225941,0.6724784
2020-09-14,SPY,1,0,1,0.5436045542056711,0.5309827388627677,0.48914057
2020-09-15,SPY,1,0,1,0.543564973138392,0.5280711990454214,0.38829318
2020-09-16,SPY,1,1,1,0.5438284886830597,0.5307371955737087,0.49404457
2020-09-17,SPY,1,0,1,0.5455884363688641,0.5445816602034795,0.6049175
2020-09-18,SPY,1,1,1,0.5472782136047009,0.5309045769043639,0.39258173
2020-09-21,SPY,1,1,1,0.5302860683045244,0.5176676716959134,0.31587604
2020-09-22,SPY,1,0,1,0.509040765729001,0.5206795561805272,0.40383443
2020-09-23,SPY,1,1,1,0.5394506146883222,0.49358970189491475,0.31373662
2020-09-24,SPY,1,1,1,0.5166056941864962,0.5197660227245692,0.5884856
2020-09-25,SPY,1,1,1,0.5167262366443407,0.5144370970179408,0.27622497
2020-09-28,SPY,1,0,1,0.5197429016794214,0.5282732713518488,0.45427552
2020-09-29,SPY,1,1,1,0.5301430678363501,0.5282989137264588,0.70360523
2020-09-30,SPY,1,0,1,0.5198050697156229,0.5193792076703773,0.6714109
2020-10-01,SPY,1,1,1,0.508461391470795,0.5198493529708353,0.49559882
2020-10-02,SPY,1,1,1,0.5323849661477597,0.5235168076434494,0.5776031
2020-10-05,SPY,1,0,1,0.5002996308775336,0.5276194746671587,0.43155757
2020-10-06,SPY,1,1,1,0.5538869785133533,0.5304292600267905,0.40337843
2020-10-07,SPY,1,1,1,0.5150330365905462,0.5253593178867447,0.47201207
2020-10-08,SPY,1,1,1,0.53017084220264,0.5381045171964913,0.41999277
2020-10-09,SPY,1,1,1,0.534197814568008,0.5565954000375702,0.38460618
2020-10-12,SPY,1,0,1,0.5295887047639901,0.5546994852772434,0.26575744
2020-10-13,SPY,1,0,1,0.5377971411508358,0.5185811720225664,0.4912511
2020-10-14,SPY,1,1,1,0.5279744217933298,0.53491719464216,0.595104
2020-10-15,SPY,1,0,1,0.5248526627018875,0.5310352408808495,0.4510263
2020-10-16,SPY,1,0,1,0.5358701131893229,0.577717220718086,0.6865912
2020-10-19,SPY,1,0,1,0.5356651039552179,0.5385610086183825,0.40939483
2020-10-20,SPY,1,0,1,0.519513881522765,0.5456306634506436,0.4536696
2020-10-21,SPY,1,1,1,0.5406317930990002,0.556684037481832,0.4303629
2020-10-22,SPY,1,0,1,0.5372980034402136,0.5594509684832455,0.476921
2020-10-23,SPY,0,0,1,0.5373772413717267,0.5562082492034878,0.51085
2020-10-26,SPY,1,0,1,0.5631609031290696,0.5485902508551171,0.4043703
2020-10-27,SPY,1,0,1,0.5405553854924874,0.532022767579969,0.47211313
2020-10-28,SPY,1,1,1,0.5810716778138905,0.5255914328312702,0.6644061
2020-10-29,SPY,1,0,1,0.5345036463829346,0.5038428599136225,0.2696802
2020-10-30,SPY,1,0,1,0.5613681730307519,0.5071670523838719,0.4109616
2020-11-02,SPY,1,1,1,0.5410313184319208,0.5193968508368523,0.6800278
2020-11-03,SPY,1,1,1,0.556095295548417,0.5356923428185761,0.6203277
2020-11-04,SPY,1,1,1,0.5490837685425277,0.5472545587081646,0.7877666
2020-11-05,SPY,1,1,1,0.5404563204009921,0.5303007491604392,0.48492488
2020-11-06,SPY,1,0,1,0.5423716406679893,0.5248171822581529,0.50352895
2020-11-09,SPY,1,1,1,0.538516622154744,0.5438239583655546,0.44395867
2020-11-10,SPY,1,1,1,0.5329049436983526,0.5218740372280716,0.46813676
2020-11-11,SPY,1,0,1,0.5135902997279811,0.5324027389573406,0.56177133
2020-11-12,SPY,1,1,1,0.5230151041043977,0.5246746195304032,0.37548584
2020-11-13,SPY,1,1,1,0.5065080784271343,0.5341383517496534,0.49971548
2020-11-16,SPY,1,1,1,0.5186221349361749,0.5590430734312472,0.39287296
2020-11-17,SPY,1,0,1,0.5314877260210817,0.5415859814416326,0.54965746
2020-11-18,SPY,1,1,1,0.5358515879496445,0.527382434430326,0.32256952
2020-11-19,SPY,1,0,1,0.5174436723071313,0.5403699947236338,0.4980407
2020-11-20,SPY,1,1,1,0.5218384174460216,0.5439326843390089,0.550183
2020-11-23,SPY,1,1,1,0.515436741720648,0.5675485803021028,0.5672395
2020-11-24,SPY,1,0,1,0.5222853771040101,0.5650211544561106,0.4554867
2020-11-25,SPY,1,0,1,0.5522954734084095,0.5678783187262446,0.7244361
2020-11-27,SPY,1,0,1,0.5443079337314676,0.5767732132358543,0.8128258
2020-11-30,SPY,0,1,1,0.5646320382261891,0.554489158462476,0.6671641
2020-12-01,SPY,0,1,1,0.5497942530284504,0.5706456722136616,0.80129284
2020-12-02,SPY,0,1,1,0.5430475371024058,0.5752658343197524,0.7693828
2020-12-03,SPY,0,1,1,0.5435934605550228,0.5561661528351959,0.6076659
2020-12-04,SPY,0,1,1,0.5320822971019863,0.5666120146356984,0.68204004
2020-12-07,SPY,0,1,1,0.5406662588508561,0.5514145766981537,0.55604845
2020-12-08,SPY,0,0,1,0.5250629123767565,0.5579655352739439,0.5339209
2020-12-09,SPY,0,1,1,0.5501037752893719,0.5655018700772182,0.6919934
2020-12-10,SPY,0,1,1,0.5330369897863874,0.5325927826661543,0.33339337
2020-12-11,SPY,0,0,1,0.5341539397604933,0.5277832855080485,0.30344552
2020-12-14,SPY,0,1,1,0.5383711021432641,0.5549649846674584,0.5299237
2020-12-15,SPY,0,1,1,0.527913424241185,0.5312045063112941,0.43231818
2020-12-16,SPY,0,1,1,0.5391871434093704,0.5313857163947937,0.522061
2020-12-17,SPY,0,0,1,0.545578766890897,0.5596287078960998,0.58042574
2020-12-18,SPY,0,1,1,0.5691621088678419,0.5352749813094609,0.45089406
2020-12-21,SPY,0,0,1,0.5586207405244806,0.5471497047017507,0.36210722
2020-12-22,SPY,0,0,1,0.5351974512701708,0.5266081782526882,0.47620434
2020-12-23,SPY,0,1,1,0.5294310128055709,0.5234372476486358,0.43921125
2020-12-24,SPY,0,1,1,0.5236560053368136,0.5289853366810073,0.5440488
2020-12-28,SPY,0,0,1,0.5278910051931797,0.5307202300483091,0.54602706
2020-12-29,SPY,0,0,1,0.5425273472534088,0.5242129705928933,0.50745374
2020-12-30,SPY,0,1,1,0.5350598174808533,0.5209100757482458,0.48842952
2020-12-31,SPY,0,0,1,0.5384657256903431,0.5345815119981026,0.64921445
2021-01-04,SPY,0,1,1,0.5651050403911084,0.6066333509999834,0.7770443
2021-01-05,SPY,0,1,1,0.5313484061447024,0.5032846643477934,0.6251744
2021-01-06,SPY,0,1,1,0.5475133393753091,0.603711430965737,0.552816
2021-01-07,SPY,0,1,1,0.5365256491403657,0.5831445384018498,0.69956666
2021-01-08,SPY,0,1,1,0.550929580746731,0.5505482034069287,0.44804144
2021-01-11,SPY,0,0,1,0.5499911819965686,0.6201008174515138,0.87769264
2021-01-12,SPY,0,1,1,0.5411991837794193,0.4873466921845836,0.4417592
2021-01-13,SPY,0,0,1,0.5379529043874942,0.5759304625508223,0.70952976
2021-01-14,SPY,0,0,1,0.5324354189999058,0.5078562422072801,0.44766375
2021-01-15,SPY,0,1,1,0.5443397115673978,0.622678334067094,0.66340935
2021-01-19,SPY,0,1,1,0.5230039869295309,0.5395117892255427,0.7483299
2021-01-20,SPY,0,0,1,0.5333538971740708,0.601707997221699,0.7564294
2021-01-21,SPY,0,1,1,0.5438358102615601,0.6538695505001926,0.8683559
2021-01-22,SPY,0,1,1,0.548612374731908,0.583430581565451,0.7341667
2021-01-25,SPY,0,0,1,0.5451352703810346,0.5464552395723402,0.65507525
2021-01-26,SPY,0,0,1,0.5371552287057056,0.5459446521095984,0.76629317
2021-01-27,SPY,0,1,1,0.5702224408003764,0.5732154100890668,0.9035215
2021-01-28,SPY,0,0,1,0.537345856602875,0.616804460726707,0.81343937
2021-01-29,SPY,0,1,1,0.5668756292870911,0.538947550661112,0.52350384
2021-02-01,SPY,1,1,1,0.5310033967252066,0.5107817512085194,0.39328203
2021-02-02,SPY,1,0,1,0.5492423334806025,0.5658420791691361,0.48878363
2021-02-03,SPY,1,1,1,0.5543357549751126,0.563640561507062,0.55945814
2021-02-04,SPY,1,0,1,0.5443253538067788,0.5284652852016678,0.5665039
2021-02-05,SPY,0,1,1,0.5370994061060517,0.5070713039025203,0.5461338
2021-02-08,SPY,0,1,1,0.5240391721776052,0.5034348405653486,0.4933765
2021-02-09,SPY,0,0,1,0.5272251339761692,0.533840285417284,0.4552641
2021-02-10,SPY,0,0,1,0.5312847664454066,0.5549332445805241,0.5695236
2021-02-11,SPY,0,1,1,0.5184500581352712,0.5451285008184802,0.6224479
2021-02-12,SPY,0,0,1,0.5199065749568401,0.5260651293668954,0.6656666
2021-02-16,SPY,0,1,1,0.5254126664646588,0.5983828559132655,0.539393
2021-02-17,SPY,0,1,1,0.5228941022567343,0.5525536894199253,0.48874363
2021-02-18,SPY,0,0,1,0.5257706237386873,0.5271106557250319,0.36944228
2021-02-19,SPY,0,0,1,0.5280894590918825,0.5272045889472414,0.22224149
2021-02-22,SPY,0,1,1,0.5259021564845057,0.5156889766064416,0.44481316
2021-02-23,SPY,0,1,1,0.5289221051298741,0.5356563290500008,0.38949037
2021-02-24,SPY,0,0,1,0.523047397430622,0.52865636238875,0.65196824
2021-02-25,SPY,0,0,1,0.5830205756042982,0.5450159703676036,0.7230926
2021-02-26,SPY,0,1,1,0.5593182841729004,0.5256202576281499,0.5956991
2021-03-01,SPY,0,0,1,0.552339733530327,0.5862312954116695,0.5627878
2021-03-02,SPY,0,0,1,0.5714742119674676,0.5107078237847932,0.36321375
2021-03-03,SPY,0,0,1,0.5715044917908292,0.6106709867722596,0.83956337
2021-03-04,SPY,0,1,1,0.5728846949938087,0.5028553946500547,0.2234986
2021-03-05,SPY,1,0,1,0.5468735613730178,0.5588790378850452,0.5889486
2021-03-08,SPY,1,1,1,0.5482974834095056,0.5357971724227089,0.5271487
2021-03-09,SPY,1,0,1,0.537988215906775,0.5163917019167475,0.2051095
2021-03-10,SPY,1,1,1,0.5461784196957762,0.49587103063062465,0.24569313
2021-03-11,SPY,1,1,1,0.5351079363291386,0.4740333566723383,0.28965202
2021-03-12,SPY,1,1,1,0.5301591470201102,0.5277500901494228,0.46367738
2021-03-15,SPY,1,0,1,0.5213296282806024,0.541103569104702,0.6908573
2021-03-16,SPY,1,1,1,0.5212432290449268,0.516249735929163,0.57548
2021-03-17,SPY,1,0,1,0.5190276197509656,0.5116123605781622,0.31336045
2021-03-18,SPY,1,0,1,0.5367709186505252,0.5151677102401158,0.5987382
2021-03-19,SPY,1,1,1,0.5227488896709928,0.5016616758872494,0.538889
2021-03-22,SPY,1,0,1,0.511478748888408,0.5238990433141012,0.63167876
2021-03-23,SPY,1,0,1,0.5292019867187333,0.5183377526716767,0.38586625
2021-03-24,SPY,1,1,1,0.5218051486976653,0.510441511460931,0.46579507
2021-03-25,SPY,0,1,1,0.5300493538611663,0.5204056405154394,0.5294645
2021-03-26,SPY,1,1,1,0.5352639288582558,0.5436980370610107,0.32952756
2021-03-29,SPY,0,1,1,0.5425170550218745,0.570450625101766,0.7405448
2021-03-30,SPY,0,1,1,0.5368020552230761,0.5139372519643703,0.6154282
2021-03-31,SPY,0,1,1,0.5441755656152572,0.5497505385500694,0.6797899
2021-04-01,SPY,0,1,1,0.5434127110429986,0.629163119978882,0.7076976
2021-04-05,SPY,0,1,1,0.5361489986951536,0.5679534981696407,0.6551832
2021-04-06,SPY,0,1,1,0.5403601505255314,0.5497099682714127,0.4607169
2021-04-07,SPY,0,1,1,0.5321878159936003,0.6228624896808281,0.82774174
2021-04-08,SPY,0,1,1,0.5284013542452429,0.5962294790772382,0.734834
2021-04-09,SPY,0,1,1,0.5245952317305419,0.5989234288552763,0.8274067
2021-04-12,SPY,0,1,1,0.5230195443277276,0.5723715153009478,0.65168965
2021-04-13,SPY,0,0,1,0.5195481814238562,0.5467029303840882,0.4438541
2021-04-14,SPY,0,1,1,0.5277508752139121,0.553192605397859,0.4088076
2021-04-15,SPY,0,1,1,0.5185281617857713,0.6002258683463443,0.705797
2021-04-16,SPY,0,0,1,0.5399256063534426,0.6028994816537924,0.5530014
2021-04-19,SPY,0,0,1,0.5470636048135458,0.6062706994216539,0.63337153
2021-04-20,SPY,0,1,1,0.5455386803509644,0.5904418157335107,0.7724118
2021-04-21,SPY,0,0,1,0.5332696156907519,0.566433542414177,0.70803183
2021-04-22,SPY,0,1,1,0.5591933213699498,0.6436212328872297,0.7683946
2021-04-23,SPY,0,1,1,0.5383586237263389,0.558369027286345,0.3794286
2021-04-26,SPY,0,0,1,0.5394712577641595,0.5714566302720162,0.6621303
2021-04-27,SPY,0,0,1,0.541813726822475,0.4945187197852253,0.33856323
2021-04-28,SPY,0,0,1,0.5405991982080023,0.47892428946711674,0.27246237
2021-04-29,SPY,0,0,1,0.5475453280542938,0.5628479442966209,0.7020949
2021-04-30,SPY,0,0,1,0.5570136410582023,0.6376675546647486,0.66950774
2021-05-03,SPY,0,0,1,0.5371572481506229,0.5028062644952609,0.36849838
2021-05-04,SPY,0,0,1,0.5606882168095134,0.6237513127521405,0.8752729
2021-05-05,SPY,0,1,1,0.5327383457841305,0.47252698672003346,0.57484525
2021-05-06,SPY,0,1,1,0.5358637090503606,0.5500244095259167,0.67510825
2021-05-07,SPY,0,0,1,0.536144042504209,0.5446787086876832,0.58813345
2021-05-10,SPY,0,1,1,0.5574506557743228,0.5801504585242981,0.59646904
2021-05-11,SPY,0,0,1,0.5655596459101688,0.6532775238473644,0.86223745
2021-05-12,SPY,0,1,1,0.5730952560457965,0.513141008014808,0.7525154
2021-05-13,SPY,0,1,1,0.5328053963882108,0.6374858292707546,0.8533466
2021-05-14,SPY,0,1,1,0.5324226616046506,0.5207909605332085,0.5483127
2021-05-17,SPY,0,0,1,0.5480398044372974,0.521691363948991,0.5008979
2021-05-18,SPY,0,1,1,0.5518675360030869,0.5163049045402484,0.6682237
2021-05-19,SPY,0,1,1,0.5525094609638841,0.5240822999589816,0.41644904
2021-05-20,SPY,0,0,1,0.5336512626584925,0.5470585881387386,0.5010508
2021-05-21,SPY,0,1,1,0.5351279481737339,0.5150719484372924,0.47576714
2021-05-24,SPY,0,0,1,0.522028683268862,0.5405232064513613,0.6117691
2021-05-25,SPY,0,1,1,0.5334582669304833,0.5198380397311247,0.56079775
2021-05-26,SPY,0,0,1,0.522634074626093,0.521024920432061,0.26801914
2021-05-27,SPY,0,0,1,0.5225429876521162,0.5045918817940955,0.4595143
2021-05-28,SPY,0,0,1,0.5238385667956015,0.5193150796044433,0.63545763
2021-06-01,SPY,0,0,1,0.5177776606811949,0.5177804956888146,0.47123697
2021-06-02,SPY,0,1,1,0.5164245263250027,0.5006589736190337,0.45727482
2021-06-03,SPY,0,1,1,0.5238896967637064,0.5154250436806922,0.48571125
2021-06-04,SPY,0,0,1,0.5163804695694497,0.5372366182816996,0.81735295
2021-06-07,SPY,0,0,1,0.5231103474320138,0.5268377521369536,0.5460012
2021-06-08,SPY,0,0,1,0.523881132467567,0.5363164587686978,0.7258081
2021-06-09,SPY,0,1,1,0.5283691762110135,0.526015077583642,0.6399026
2021-06-10,SPY,0,1,1,0.534211391286552,0.5444972695289194,0.71275914
2021-06-11,SPY,0,1,1,0.5289448816033291,0.5022993918630028,0.3978054
2021-06-14,SPY,0,0,1,0.5258190856688623,0.47721039813034816,0.14174297
2021-06-15,SPY,0,0,1,0.5354167049024184,0.49527394998150504,0.4980866
2021-06-16,SPY,0,1,1,0.5553966389152075,0.561718387422067,0.5205166
2021-06-17,SPY,0,0,1,0.5576722632227962,0.47999367838497564,0.41131625
2021-06-18,SPY,0,1,1,0.5709018225302135,0.5677042072978598,0.5982516
2021-06-21,SPY,0,1,1,0.5368700245048298,0.5377846976432469,0.6887603
2021-06-22,SPY,0,0,1,0.5428785277566719,0.547160463302395,0.8174329
2021-06-23,SPY,0,1,1,0.5468806078306371,0.5431146879419138,0.6107774
2021-06-24,SPY,0,1,1,0.5399325226498026,0.5249133644694932,0.69517946
2021-06-25,SPY,0,1,1,0.5431172630970592,0.508707817716981,0.7118569
2021-06-28,SPY,0,0,1,0.5346010447803661,0.486018016409973,0.41547292
2021-06-29,SPY,0,1,1,0.5277728427997586,0.4857940075322146,0.43849686
2021-06-30,SPY,0,1,1,0.5375514933809411,0.5021202073741438,0.6343172
2021-07-01,SPY,0,1,1,0.5299104345637048,0.5269623009775695,0.2081924
2021-07-02,SPY,0,0,1,0.5314636643282535,0.560038039704125,0.65491444
2021-07-06,SPY,0,1,1,0.5447535875274255,0.5438696934388728,0.43639907
2021-07-07,SPY,0,1,1,0.537309721067329,0.5062214864002129,0.5440585
2021-07-08,SPY,0,1,1,0.5603332959758904,0.6139180257329633,0.6740167
2021-07-09,SPY,0,1,1,0.5364715421612358,0.625879005243518,0.801553
2021-07-12,SPY,0,0,1,0.5338084190876593,0.5637096017395554,0.5858291
2021-07-13,SPY,0,0,1,0.5388717042333413,0.5368079549129529,0.48955458
2021-07-14,SPY,0,0,1,0.5384528171093124,0.5390371575539267,0.5673488
2021-07-15,SPY,0,0,1,0.5399197276543513,0.4969907720810183,0.35165742
2021-07-16,SPY,0,0,1,0.544714560491767,0.6387440877141595,0.8100706
2021-07-19,SPY,0,1,1,0.5738373929898601,0.5508357263771536,0.7482201
2021-07-20,SPY,0,1,1,0.5419823187116671,0.5917048573898883,0.65250355
2021-07-21,SPY,0,1,1,0.5433540817053564,0.5649311750431825,0.6401738
2021-07-22,SPY,0,1,1,0.5476167851754178,0.6113005506334839,0.5881608
2021-07-23,SPY,0,1,1,0.5481297330256711,0.6106742135854257,0.66159
2021-07-26,SPY,0,0,1,0.5408601706932371,0.5815064017406393,0.7243164
2021-07-27,SPY,0,0,1,0.5475693337243436,0.5301047399804591,0.6513627
2021-07-28,SPY,0,1,1,0.534149154812559,0.5509508957087058,0.5706557
2021-07-29,SPY,0,1,1,0.529299104984927,0.5191426882071228,0.65345037
2021-07-30,SPY,0,0,1,0.5365267523233728,0.5345779423556462,0.4794981
2021-08-02,SPY,0,1,1,0.526795247927632,0.48526010371676215,0.45204958
2021-08-03,SPY,0,0,1,0.5248633334322492,0.5142554726385932,0.533749
2021-08-04,SPY,0,1,1,0.5327547163676796,0.5598451680164618,0.68404233
2021-08-05,SPY,0,1,1,0.525652455505469,0.5158895806030148,0.48041713
2021-08-06,SPY,0,0,1,0.5317282403610334,0.5405442486024341,0.48551118
2021-08-09,SPY,0,1,1,0.5306248994143797,0.5054163621316435,0.35832065
2021-08-10,SPY,0,0,1,0.5269105521259962,0.514501973696492,0.5043225
2021-08-11,SPY,0,1,1,0.5252831645055661,0.5135405257280842,0.43732545
2021-08-12,SPY,0,1,1,0.5225372150927208,0.5287711263563376,0.65813303
2021-08-13,SPY,0,1,1,0.5279957723274417,0.5001560403759683,0.46688116
2021-08-16,SPY,0,0,1,0.5495970649904377,0.5722093021309154,0.5753896
2021-08-17,SPY,0,0,1,0.5685188351568338,0.6059079839344933,0.81742674
2021-08-18,SPY,0,1,1,0.5631770808901432,0.6378352106351562,0.7891025
2021-08-19,SPY,0,1,1,0.5493509297174832,0.6304824653984056,0.88479817
2021-08-20,SPY,0,1,1,0.5388614945028702,0.5472921231456663,0.48868892
2021-08-23,SPY,0,0,1,0.5366162540004907,0.5915638468826084,0.7623975
2021-08-24,SPY,0,1,1,0.5404501071728485,0.606570221321162,0.83263105
2021-08-25,SPY,0,0,1,0.5361150231260201,0.49658098489577335,0.52153563
2021-08-26,SPY,0,1,1,0.5484527166932538,0.5369732542552725,0.5317266
2021-08-27,SPY,0,1,1,0.5442210165625759,0.6187969047575832,0.74055415
2021-08-30,SPY,0,0,1,0.5368540448326691,0.5121136456364195,0.56645304
2021-08-31,SPY,0,0,1,0.5442994155463436,0.5030766270829313,0.51696664
2021-09-01,SPY,0,0,1,0.5392525350176446,0.5162545443792133,0.51218706
2021-09-02,SPY,0,1,1,0.5317799828026257,0.5145909466979638,0.40326813
2021-09-03,SPY,0,0,1,0.5314294899910105,0.4974432490178014,0.6426826
2021-09-07,SPY,0,1,1,0.5339942163965274,0.45868989943688604,0.3942374
2021-09-08,SPY,0,0,1,0.5328551048813605,0.4800901468504292,0.40292135
2021-09-09,SPY,0,0,1,0.5346944791779383,0.4649480361502626,0.30381846
2021-09-10,SPY,0,0,1,0.5457772419960333,0.5880588905634908,0.47388116
2021-09-13,SPY,0,0,1,0.5354965504991955,0.5779674502251114,0.55817384
2021-09-14,SPY,0,1,1,0.5402587653249253,0.6148276150957249,0.72927153
2021-09-15,SPY,0,0,1,0.5392257624212268,0.5718821880063104,0.48058707
2021-09-16,SPY,0,0,1,0.5547942570669651,0.6022083343966732,0.6750987
2021-09-17,SPY,0,0,1,0.5738041468221428,0.6409858503785576,0.7190146
2021-09-20,SPY,0,0,1,0.5763719812989939,0.4399656586632974,0.26847503
2021-09-21,SPY,0,1,1,0.5413222635636745,0.5426639745141018,0.65828216
2021-09-22,SPY,0,1,1,0.5371388709668315,0.5693933843075256,0.57393
2021-09-23,SPY,0,1,1,0.5388440650188844,0.5423701545475502,0.5267636
2021-09-24,SPY,0,0,1,0.5493500346505952,0.5298631836543579,0.5222673
2021-09-27,SPY,0,0,1,0.5440371946239354,0.5149312053288289,0.60049134
2021-09-28,SPY,0,0,1,0.572438983639257,0.564436353807851,0.27186495
2021-09-29,SPY,0,0,1,0.5338523141906145,0.546383447870364,0.582692
2021-09-30,SPY,0,1,1,0.5484172974273464,0.5076651655696574,0.32263863
2021-10-01,SPY,0,0,1,0.5315251691846667,0.5865495968964425,0.73675096
2021-10-04,SPY,0,1,1,0.5501871603423121,0.5376555019789521,0.45511872
2021-10-05,SPY,0,1,1,0.5271138808940949,0.5582660165238991,0.82456946
2021-10-06,SPY,0,1,1,0.5393398180771618,0.5782925586769019,0.63777924
2021-10-07,SPY,0,0,1,0.5271295991293476,0.5710580637389693,0.6762121
2021-10-08,SPY,0,0,1,0.5342784610842628,0.5535633591887081,0.60195374
2021-10-11,SPY,0,0,1,0.5298891577786661,0.518881632486194,0.6098762
2021-10-12,SPY,0,1,1,0.5219912962291379,0.5086512432920032,0.609737
2021-10-13,SPY,0,1,1,0.5150588124169841,0.6069581029827088,0.88711566
2021-10-14,SPY,0,1,1,0.513093026767357,0.5193248070540597,0.3629603
2021-10-15,SPY,0,1,1,0.5275722070469102,0.5616869212983403,0.4993439
2021-10-18,SPY,0,1,1,0.5344389590798253,0.5488181035350531,0.59555423
2021-10-19,SPY,0,1,1,0.5259146714683395,0.4896509747470189,0.43222648
2021-10-20,SPY,0,1,1,0.5268636013238571,0.5529955993041695,0.5037695
2021-10-21,SPY,0,0,1,0.5146797601597163,0.5422535926771677,0.42101595
2021-10-22,SPY,0,1,1,0.5196269953434082,0.5221901095832279,0.5196633
2021-10-25,SPY,0,0,1,0.5127704318153644,0.49908451755029554,0.47890317
2021-10-26,SPY,0,0,1,0.5256766479114205,0.5868788804409152,0.7474193
2021-10-27,SPY,0,1,1,0.5336792753555947,0.6274798744881614,0.77121526
2021-10-28,SPY,0,1,1,0.5282737373648728,0.5813348762923176,0.736576
2021-10-29,SPY,0,0,1,0.5396961073536375,0.5359849575761071,0.49941072
2021-11-01,SPY,0,1,1,0.5380147005551248,0.5495030981251611,0.57593906
2021-11-02,SPY,0,1,1,0.5363754736926367,0.5354086379685759,0.73747665
2021-11-03,SPY,0,1,1,0.5348853191768859,0.5766366095342482,0.538802
2021-11-04,SPY,0,0,1,0.5322288583693441,0.5667004926429018,0.8592562
2021-11-05,SPY,0,0,1,0.5440502497534125,0.5706607088033622,0.74478334
2021-11-08,SPY,0,0,1,0.5395339863295089,0.5462949468468203,0.5134106
2021-11-09,SPY,0,0,1,0.546105472219507,0.5826455203610995,0.55764604
2021-11-10,SPY,0,0,1,0.560437075427857,0.611188652311681,0.80592287
2021-11-11,SPY,0,1,1,0.5258417647799152,0.5227758896817244,0.8061734
2021-11-12,SPY,0,0,1,0.5372193525586013,0.5512130429633264,0.6994791
2021-11-15,SPY,0,1,1,0.5403730320904893,0.5090376433574018,0.45172417
2021-11-16,SPY,0,0,1,0.5399375426495602,0.579361852387374,0.4873011
2021-11-17,SPY,0,1,1,0.5408866754383829,0.4898502985411485,0.5877918
2021-11-18,SPY,0,0,1,0.5372970979788314,0.5368009730454579,0.6370212
2021-11-19,SPY,0,0,1,0.543752693876518,0.5358725691078332,0.5097667
2021-11-22,SPY,0,1,1,0.5525873019859534,0.5259409411845863,0.3749385
2021-11-23,SPY,0,1,1,0.546751570232194,0.5488339102170621,0.51366633
2021-11-24,SPY,0,0,1,0.5427472416745358,0.5763289512809042,0.65843326
2021-11-26,SPY,0,1,1,0.5816671114424115,0.5634484429678119,0.38586518
2021-11-29,SPY,0,0,1,0.5478015838956793,0.6047574177396927,0.7517281
2021-11-30,SPY,0,0,1,0.5831355169796996,0.5184590539284645,0.13567115
2021-12-01,SPY,0,1,1,0.5620898285063779,0.4483591621782972,0.352463
2021-12-02,SPY,0,0,1,0.5468965170533288,0.539239040838623,0.5389904
2021-12-03,SPY,0,1,1,0.5646848249227907,0.5397971962090468,0.5173362
2021-12-06,SPY,0,1,1,0.5400363168719999,0.5270018306933519,0.47304377
2021-12-07,SPY,1,1,1,0.5402679827011581,0.518341890268258,0.36967814
2021-12-08,SPY,1,0,1,0.547824014976758,0.5456037159647341,0.4091911
2021-12-09,SPY,1,1,1,0.5495148436010187,0.5450740903501771,0.5465875
2021-12-10,SPY,1,0,1,0.5362431310449303,0.5004125501261888,0.5141516
2021-12-13,SPY,1,1,1,0.5476107624129227,0.5091467066236122,0.50612336
2021-12-14,SPY,1,1,1,0.5317780905579688,0.5867798765540508,0.7670365
2021-12-15,SPY,1,0,1,0.5261443432293125,0.6309396509562869,0.87838036
2021-12-16,SPY,1,0,1,0.5464122170059773,0.6272654552169638,0.7732675
2021-12-17,SPY,1,1,1,0.5431543351646688,0.5660261524697716,0.41832402
2021-12-20,SPY,1,1,1,0.5336727012662663,0.5335977163829122,0.48776808
2021-12-21,SPY,1,1,1,0.5134661948269624,0.4960190988719605,0.50066537
2021-12-22,SPY,1,1,1,0.517988671378339,0.533047450561487,0.60581934
2021-12-23,SPY,1,1,1,0.5235113421429306,0.5383271677928414,0.7047687
2021-12-27,SPY,1,0,1,0.5290509090373684,0.5797577334207146,0.6188883
2021-12-28,SPY,1,1,1,0.5301312426003458,0.5438502190397165,0.46240437
2021-12-29,SPY,1,0,1,0.530497235790967,0.5816240191066268,0.77213824
2021-12-30,SPY,1,0,1,0.5359101461532517,0.5048840422602191,0.53418285
2021-12-31,SPY,0,1,1,0.5327785963362752,0.536386126235216,0.3437689
2022-01-03,SPY,0,0,1,0.522898601812929,0.5533879782573031,0.6947871
2022-01-04,SPY,0,0,1,0.5276548764663875,0.573288902769131,0.6974591
2022-01-05,SPY,0,1,1,0.5530745493765085,0.5494260426471117,0.47059226
2022-01-06,SPY,0,0,1,0.5305912808433401,0.5347413156169126,0.43352562
2022-01-07,SPY,0,1,1,0.5349351257406506,0.5204781511963056,0.49976403
2022-01-10,SPY,0,1,1,0.5365451574895287,0.5651122701738163,0.5419546
2022-01-11,SPY,0,0,1,0.5300568090797525,0.5427225852843468,0.47309163
2022-01-12,SPY,0,0,1,0.5305717332611998,0.5139610389676935,0.34380302
2022-01-13,SPY,0,1,1,0.5499031869038324,0.579106137415212,0.5946415
2022-01-14,SPY,0,0,1,0.5394994617552747,0.5986424770012744,0.64544284
2022-01-18,SPY,0,0,1,0.5621699084302898,0.6012700855131788,0.60788935
2022-01-19,SPY,0,0,1,0.5481897695296,0.5889783601026056,0.7511052
2022-01-20,SPY,0,0,1,0.5423297158641268,0.5580717510581816,0.74961174
2022-01-21,SPY,0,1,1,0.55482985277482,0.4504680111186661,0.29517502
2022-01-24,SPY,0,1,1,0.5386641537465127,0.48343738853763185,0.38209873
2022-01-25,SPY,0,0,1,0.5414691169803011,0.5863523237731053,0.8192052
2022-01-26,SPY,0,0,1,0.5369646928212739,0.5561161273780049,0.742872
2022-01-27,SPY,0,1,1,0.535886790268113,0.6166237053023756,0.83058757
2022-01-28,SPY,1,1,1,0.5278074924017578,0.498493519694661,0.39208406
2022-01-31,SPY,1,1,1,0.5427876133540916,0.5710384950937213,0.35310626
2022-02-01,SPY,1,1,1,0.5429685498609265,0.5625308180224953,0.69510263
2022-02-02,SPY,1,0,1,0.534081487221923,0.547838918452324,0.7850779
2022-02-03,SPY,1,1,1,0.5681877950287747,0.4788325675271746,0.359809
2022-02-04,SPY,1,0,1,0.529291889035671,0.5159091929684341,0.6899069
2022-02-07,SPY,1,1,1,0.5251011590483164,0.5501804334738566,0.6515589
2022-02-08,SPY,1,1,1,0.5176156580088617,0.5436217929551126,0.743975
2022-02-09,SPY,1,0,1,0.5194142528031984,0.5380422522380214,0.2335281
2022-02-10,SPY,1,0,1,0.5437545856705989,0.5053524967327665,0.30261117
2022-02-11,SPY,1,0,1,0.5432207127928583,0.42584648273301196,0.13734236
2022-02-14,SPY,1,1,1,0.5205305852955063,0.49700204432953493,0.46763235
2022-02-15,SPY,1,1,1,0.5127452349305825,0.5055171728892085,0.4542332
2022-02-16,SPY,1,0,1,0.528046151793302,0.5155022424604124,0.49466878
2022-02-17,SPY,1,0,1,0.5493448083326457,0.4955484989270202,0.45919573
2022-02-18,SPY,1,0,1,0.5390445041763844,0.5371053676218028,0.68597865
2022-02-22,SPY,1,0,1,0.5388661084317208,0.4933572424600372,0.55351025
2022-02-23,SPY,1,1,1,0.5331360385343049,0.4389752144783302,0.12934493
2022-02-24,SPY,1,1,1,0.5376518596474917,0.40226673402363694,0.40600425
2022-02-25,SPY,1,1,1,0.5362015087537814,0.6055207366247018,0.66978645
2022-02-28,SPY,1,0,1,0.5613009511786473,0.5073424411481604,0.3608665
2022-03-01,SPY,1,1,1,0.5627496203176607,0.5341352341525216,0.5367783
2022-03-02,SPY,1,0,1,0.5253631955535086,0.5012674272085268,0.2510957
2022-03-03,SPY,1,1,1,0.5384320193909585,0.5305273591702075,0.6738146
2022-03-04,SPY,1,0,1,0.536299345649129,0.5461449477437318,0.6544762
2022-03-07,SPY,1,0,1,0.5555271507665429,0.4772115045212358,0.5100293
2022-03-08,SPY,1,1,1,0.5356843818259192,0.4693675508034571,0.48678678
2022-03-09,SPY,1,1,1,0.5086027430657909,0.46965349745610746,0.2157631
2022-03-10,SPY,1,0,1,0.5345050540126619,0.5191702170609549,0.46226564
2022-03-11,SPY,1,0,1,0.5444537638974708,0.5324352768933364,0.62944806
2022-03-14,SPY,1,1,1,0.5335901952975735,0.5607807212787008,0.6914672
2022-03-15,SPY,1,1,1,0.5200036533679935,0.553317187211092,0.5885553
2022-03-16,SPY,1,1,1,0.5282292719602688,0.5984595495577391,0.72962385
2022-03-17,SPY,1,1,1,0.5316266398757759,0.49479265160576347,0.3979701
2022-03-18,SPY,1,1,1,0.5320210343865512,0.5824713727737454,0.5229243
2022-03-21,SPY,1,1,1,0.5295245374425599,0.5098427139196153,0.136148
2022-03-22,SPY,1,0,1,0.5131683316665082,0.5321121528839474,0.4402964
2022-03-23,SPY,1,1,1,0.5391053416645163,0.4936296881270049,0.38783345
2022-03-24,SPY,1,1,1,0.5092383324960745,0.5924403432736463,0.58066386
2022-03-25,SPY,1,1,1,0.5192690247895354,0.5307127950334221,0.4870506
2022-03-28,SPY,1,1,1,0.5181160515419274,0.5941189668777708,0.5258898
2022-03-29,SPY,1,0,1,0.5257424742963898,0.5393146319242824,0.2972175
2022-03-30,SPY,1,0,1,0.5297520094829782,0.5127096575538186,0.36543706
2022-03-31,SPY,1,0,1,0.5440918882991276,0.5830442292363833,0.493707
2022-04-01,SPY,1,1,1,0.5199578915293053,0.5618387758292509,0.51848054
2022-04-04,SPY,1,0,1,0.5243821156427592,0.611932882634731,0.85091436
2022-04-05,SPY,1,0,1,0.5390043954907919,0.5864018683251415,0.8706413
2022-04-06,SPY,1,1,1,0.5431046628284718,0.4714462672669489,0.47226834
2022-04-07,SPY,1,0,1,0.5283459041527149,0.522781895769698,0.39443445
2022-04-08,SPY,1,0,1,0.5389138928091257,0.5515163415573556,0.6217398
2022-04-11,SPY,1,0,1,0.5470479951604639,0.5018922555046504,0.1301725
2022-04-12,SPY,1,1,1,0.5345161383672357,0.5039018732782039,0.41246814
2022-04-13,SPY,0,0,1,0.5305679212842328,0.5650871152760064,0.5575499
2022-04-14,SPY,0,1,1,0.5532763965976781,0.5930687076107104,0.8557489
2022-04-18,SPY,0,1,1,0.5310810290651453,0.5869584569003292,0.7257161
2022-04-19,SPY,1,0,1,0.5345192279025145,0.5660846097885508,0.71984446
2022-04-20,SPY,0,0,1,0.5400674549435007,0.5367126128622708,0.5423261
2022-04-21,SPY,1,0,1,0.5552635489935123,0.5198597487363853,0.6881949
2022-04-22,SPY,1,1,1,0.5730870566982529,0.49597496814185305,0.70998657
2022-04-25,SPY,1,0,1,0.5431798257492159,0.43534585918702506,0.27087486
2022-04-26,SPY,1,1,1,0.5454268906462783,0.5845478320459429,0.7092069
2022-04-27,SPY,1,1,1,0.5293676672008427,0.5013410189491511,0.61500907
2022-04-28,SPY,1,0,1,0.5367186314591079,0.543121700896656,0.39834785
2022-04-29,SPY,1,1,1,0.5907205002579512,0.5008018361989159,0.65018684
2022-05-02,SPY,1,1,1,0.557367689405485,0.5503773732902841,0.68307924
2022-05-03,SPY,1,1,1,0.5440085846376695,0.5532894849753962,0.39936325
2022-05-04,SPY,1,0,1,0.5522178937761564,0.5346787256431224,0.839576
2022-05-05,SPY,1,1,1,0.5922317433983068,0.5893088166361858,0.64596605
2022-05-06,SPY,1,0,1,0.5525161161266958,0.5568300663782614,0.61634046
2022-05-09,SPY,1,0,1,0.5620599705482971,0.5566286804674059,0.6414731
2022-05-10,SPY,1,0,1,0.5335701229020147,0.4504816431120423,0.2306358
2022-05-11,SPY,1,1,1,0.5207151401461847,0.5314664225240207,0.64247626
2022-05-12,SPY,1,1,1,0.5079016623132094,0.5672398558953599,0.63727486
2022-05-13,SPY,1,1,1,0.5141757567816936,0.5197579371366994,0.61811763
2022-05-16,SPY,1,1,1,0.5210732236500535,0.5109989872525442,0.8147813
2022-05-17,SPY,1,0,1,0.5099847297821732,0.5135985542722584,0.43146145
2022-05-18,SPY,1,1,1,0.5620102275798556,0.5660195318672997,0.83324206
2022-05-19,SPY,1,0,1,0.5255645185625903,0.6658519905206345,0.9039922
2022-05-20,SPY,1,1,1,0.5237547882773743,0.49210184171397203,0.35093328
2022-05-23,SPY,1,1,1,0.5107497110109458,0.48518397129832963,0.26504198
2022-05-24,SPY,1,1,1,0.5319565780201828,0.4389743118260326,0.2170209
2022-05-25,SPY,1,1,1,0.506879115871263,0.5329679813243624,0.5859741
2022-05-26,SPY,1,1,1,0.5010488327670124,0.502754788874369,0.4149673
2022-05-27,SPY,1,0,1,0.5173190298520166,0.6279826282119481,0.81202185
2022-05-31,SPY,1,0,1,0.5364810210011897,0.4586026430452091,0.59896594
2022-06-01,SPY,1,1,1,0.5282873708687699,0.47212736455313775,0.202145
2022-06-02,SPY,1,0,1,0.5045706462456286,0.48661436027730187,0.43961498
2022-06-03,SPY,1,0,1,0.5336226941378105,0.4827092838925242,0.47728676
2022-06-06,SPY,1,1,1,0.5034763940327305,0.524221557424281,0.64928985
2022-06-07,SPY,1,0,1,0.5166499252835353,0.5449314225332402,0.6740983
2022-06-08,SPY,1,0,1,0.5319877022865721,0.531292794954444,0.60317445
2022-06-09,SPY,1,0,1,0.5372422135481549,0.546559562088396,0.49064285
2022-06-10,SPY,1,0,1,0.5515433093181092,0.6350924446331605,0.9131239
2022-06-13,SPY,1,0,1,0.5464682681510449,0.610492735307257,0.8183148
2022-06-14,SPY,1,1,1,0.49732473745427547,0.6035773151682087,0.38323605
2022-06-15,SPY,1,0,1,0.5169400919384376,0.4204266286758643,0.37191373
2022-06-16,SPY,1,1,1,0.5654318983761917,0.5012143520523168,0.69741726
2022-06-17,SPY,1,1,1,0.5445636148235031,0.41654954301142466,0.479053
2022-06-21,SPY,1,1,1,0.5363150075481424,0.586060586575883,0.90998346
2022-06-22,SPY,1,1,1,0.5574842347296805,0.4885636551565497,0.6592947
2022-06-23,SPY,1,1,1,0.5474692094434084,0.5377056528707731,0.6879279
2022-06-24,SPY,1,0,1,0.5326824018473848,0.6010576357776799,0.4768474
2022-06-27,SPY,1,0,1,0.5457611729560271,0.49566945545368524,0.83354133
2022-06-28,SPY,1,0,1,0.5474497028211317,0.4922785580779295,0.44032386
2022-06-29,SPY,1,1,1,0.5238869267451526,0.5299599138507749,0.5134076
2022-06-30,SPY,1,1,1,0.533874606885439,0.5064578026392058,0.6089443
2022-07-01,SPY,1,1,1,0.4966601262213685,0.5463616565725751,0.7933228
2022-07-05,SPY,1,1,1,0.5145519240839865,0.5055952570277694,0.38033995
2022-07-06,SPY,1,1,1,0.5025045468992775,0.5608823460366829,0.6932989
2022-07-07,SPY,1,1,1,0.49503505504142514,0.476024546765331,0.38231927
2022-07-08,SPY,1,0,1,0.5033507004783156,0.5538111632654996,0.64441967
2022-07-11,SPY,1,0,1,0.5100490141402417,0.5171741091210884,0.38641292
2022-07-12,SPY,1,1,1,0.5113527618597482,0.5589771104047654,0.68679243
2022-07-13,SPY,1,1,1,0.5233792565647263,0.4733300811683151,0.4554712
2022-07-14,SPY,1,1,1,0.5173696320730048,0.5355806659256416,0.54599035
2022-07-15,SPY,1,0,1,0.518580158851228,0.5938355106789601,0.7683174
2022-07-18,SPY,1,1,1,0.5475531199772884,0.527596793439493,0.79936063
2022-07-19,SPY,1,1,1,0.5393353889157767,0.597404787144675,0.7993445
2022-07-20,SPY,1,1,1,0.5495642543380012,0.5175645158591452,0.6127201
2022-07-21,SPY,1,0,1,0.5394293524220438,0.47462341794226914,0.4851033
2022-07-22,SPY,1,0,1,0.5507413659282316,0.5300495347033651,0.53136444
2022-07-25,SPY,1,0,1,0.520997919082608,0.5592733771651303,0.5545682
2022-07-26,SPY,1,1,1,0.5201692714654884,0.5634802156635097,0.7010614
2022-07-27,SPY,1,1,1,0.5244304598307341,0.5305435569943885,0.5346859
2022-07-28,SPY,1,1,1,0.541332721995269,0.539070055111552,0.4659944
2022-07-29,SPY,1,1,1,0.5521929613018479,0.5645099887843013,0.52577835
2022-08-01,SPY,1,0,1,0.5509580476355732,0.48466105753756106,0.3587446
2022-08-02,SPY,1,1,1,0.5366424467719512,0.4397904153263807,0.066694126
2022-08-03,SPY,1,0,1,0.5164776266023907,0.605443894814139,0.65461814
2022-08-04,SPY,1,1,1,0.5158858585035221,0.5600203199494,0.4157237
2022-08-05,SPY,1,0,1,0.5197348892006671,0.4996235542483965,0.6672779
2022-08-08,SPY,1,0,1,0.5209400146232173,0.5395575329546268,0.44206756
2022-08-09,SPY,1,1,1,0.5198536105213977,0.6022283125200404,0.5520157
2022-08-10,SPY,1,0,1,0.5245259213613253,0.5764162064168658,0.38934416
2022-08-11,SPY,1,1,1,0.542561943145832,0.605279741596189,0.73534375
2022-08-12,SPY,1,1,1,0.5339364267907842,0.5087104443225372,0.36318395
2022-08-15,SPY,1,1,1,0.5428704228946881,0.47563410279485924,0.32940736
2022-08-16,SPY,0,1,1,0.5376581133533141,0.5749633573762246,0.55964804
2022-08-17,SPY,0,1,1,0.5391415494284897,0.5271355107963714,0.37962314
2022-08-18,SPY,0,0,1,0.5194636373942689,0.5251902225172801,0.3184568
2022-08-19,SPY,1,0,1,0.5401169984884364,0.48805214997285745,0.49170175
2022-08-22,SPY,1,0,1,0.5466912901323188,0.5565962412035689,0.5831338
2022-08-23,SPY,1,1,1,0.5223016640252629,0.5423117855028176,0.72563183
2022-08-24,SPY,0,1,1,0.5263888862812176,0.601759104337877,0.87101257
2022-08-25,SPY,0,0,1,0.534668033419851,0.5101674777592299,0.57486814
2022-08-26,SPY,1,1,1,0.5928095912905657,0.348049304217308,0.23095706
2022-08-29,SPY,1,0,1,0.5470120851490968,0.5212498853014033,0.32113877
2022-08-30,SPY,1,0,1,0.558928587186045,0.5294335064392838,0.5864241
2022-08-31,SPY,1,1,1,0.5497092233203767,0.5233489136169698,0.58737344
2022-09-01,SPY,1,0,1,0.5466582830886161,0.5608354972489255,0.81766224
2022-09-02,SPY,1,0,1,0.5534886700320089,0.5604761874428089,0.4487236
2022-09-06,SPY,1,1,1,0.5402919513867551,0.6001792669384165,0.8284995
2022-09-07,SPY,1,1,1,0.5374886330608926,0.5097247678580057,0.5821329
2022-09-08,SPY,1,1,1,0.5506402770714267,0.5484677809745584,0.43689838
2022-09-09,SPY,1,1,1,0.5464928199745965,0.5532029025025519,0.54738706
2022-09-12,SPY,1,0,1,0.5376880482781048,0.5489058830830271,0.7263022
2022-09-13,SPY,1,1,1,0.5931115312548699,0.565487073863634,0.6219135
2022-09-14,SPY,1,0,1,0.5299632910255263,0.5185824023307066,0.64457434
2022-09-15,SPY,1,1,1,0.5410103545898037,0.4309414522227089,0.23151691
2022-09-16,SPY,1,1,1,0.5372683653362171,0.4066284916157881,0.1908101
2022-09-19,SPY,1,0,1,0.5274201666323871,0.5243468233299636,0.5598294
2022-09-20,SPY,1,0,1,0.5310348099258471,0.4829256646866844,0.35116008
2022-09-21,SPY,1,0,1,0.5394515142817348,0.4793369540770503,0.15561867
2022-09-22,SPY,1,0,1,0.5222511287230875,0.5540441898319873,0.4312499
2022-09-23,SPY,1,0,1,0.5347245133785681,0.5087440069308485,0.1929556
2022-09-26,SPY,1,0,1,0.5192111804903905,0.5884807096174116,0.525526
2022-09-27,SPY,1,1,1,0.5291712415736735,0.44776090228535975,0.2722444
2022-09-28,SPY,1,0,1,0.5377339771247007,0.5227380468814894,0.4926417
2022-09-29,SPY,1,0,1,0.5714439288993456,0.6118319312016424,0.67862713
2022-09-30,SPY,1,1,1,0.5659681011341197,0.5193669447885833,0.44384617
2022-10-03,SPY,1,1,1,0.5299826119043849,0.5656330008631634,0.6109366
2022-10-04,SPY,1,1,1,0.5508577580801333,0.4837230383970681,0.26395655
2022-10-05,SPY,1,0,1,0.5683081574888831,0.48638444103944506,0.5186674
2022-10-06,SPY,1,0,1,0.5533466549475505,0.41890603226585194,0.13173664
2022-10-07,SPY,1,0,1,0.5517269609952324,0.5784290208202677,0.6544368
2022-10-10,SPY,1,0,1,0.5040566337456528,0.5603860724462371,0.7252916
2022-10-11,SPY,1,0,1,0.5049305461311312,0.5544131747947462,0.3904586
2022-10-12,SPY,1,1,1,0.503110297014352,0.5820891969252997,0.4768114
2022-10-13,SPY,1,0,1,0.5347039150930732,0.4101228796036069,0.16139893
2022-10-14,SPY,1,1,1,0.5609104364974714,0.5381771443873743,0.3506676
2022-10-17,SPY,1,0,1,0.520190911519661,0.5329297950439122,0.84793097
2022-10-18,SPY,1,0,1,0.5384184465264054,0.4518761814682182,0.51172894
2022-10-19,SPY,1,0,1,0.5454850791511471,0.5038819888652253,0.39545655
2022-10-20,SPY,1,1,1,0.5376968935315449,0.5027377658995809,0.649086
2022-10-21,SPY,1,1,1,0.5255991704179558,0.5907455536552395,0.6679968
2022-10-24,SPY,1,1,1,0.5269737580213764,0.5232508769755632,0.4855942
2022-10-25,SPY,1,1,1,0.5292736016299362,0.5029891860486909,0.24205375
2022-10-26,SPY,1,0,1,0.5438216305534463,0.4720338491938214,0.36234933
2022-10-27,SPY,1,1,1,0.5290901325510432,0.48296770754250995,0.61352634
2022-10-28,SPY,1,0,1,0.5194471034594219,0.4903643228269204,0.1728555
2022-10-31,SPY,1,0,1,0.538511589619591,0.4765952653573679,0.4477383
2022-11-01,SPY,1,0,1,0.5208223023842986,0.5078316389410744,0.6800447
2022-11-02,SPY,1,0,1,0.5443359576457413,0.5474658093263451,0.7732797
2022-11-03,SPY,1,0,1,0.515385048831872,0.48524986887783633,0.6694397
2022-11-04,SPY,1,1,1,0.5152146295982608,0.4638760198090111,0.282006
2022-11-07,SPY,1,1,1,0.5288805760850016,0.5122776728876375,0.50424516
2022-11-08,SPY,1,0,1,0.5490508180130556,0.5328472651481256,0.43746153
2022-11-09,SPY,1,1,1,0.5567105804504711,0.4995847664668168,0.62083656
2022-11-10,SPY,1,1,1,0.5415587806911112,0.49263165737311193,0.66645694
2022-11-11,SPY,1,0,1,0.5787113092884629,0.4717917687615391,0.571995
2022-11-14,SPY,1,0,1,0.574324536849381,0.4132919233484083,0.2657045
2022-11-15,SPY,1,0,1,0.5596154403392422,0.4933003398576069,0.58716613
2022-11-16,SPY,1,1,1,0.5505058709510713,0.4413023718298573,0.27132535
2022-11-17,SPY,1,0,1,0.5173530940284892,0.5199355809587185,0.601642
2022-11-18,SPY,1,0,1,0.514969020750558,0.5391636566601814,0.71927893
2022-11-21,SPY,1,1,1,0.5063792280696688,0.5497354693475838,0.4528101
2022-11-22,SPY,1,1,1,0.5023452312298878,0.5077051478356656,0.13997325
2022-11-23,SPY,1,1,1,0.5159270552766868,0.56774323677299,0.63429177
2022-11-25,SPY,1,0,1,0.5123996033283161,0.5124759128909289,0.5236165
2022-11-28,SPY,1,0,1,0.5283982137316452,0.4798351854363982,0.46374914
2022-11-29,SPY,1,1,1,0.5103862299718468,0.5163897171662319,0.41030264
2022-11-30,SPY,1,0,1,0.5278738522180163,0.5499587615893707,0.61989415
2022-12-01,SPY,1,1,1,0.5549194241815801,0.5906585814728921,0.72574514
2022-12-02,SPY,1,0,1,0.5592405010007909,0.6292384572896161,0.70445246
2022-12-05,SPY,1,0,1,0.5574903497937729,0.41645512738164486,0.058509845
2022-12-06,SPY,1,1,1,0.5428297905007247,0.501936249731306,0.28161332
2022-12-07,SPY,1,1,1,0.5113461097004832,0.5070123083603951,0.2967261
2022-12-08,SPY,1,0,1,0.524848145251455,0.46874403370475143,0.13300328
2022-12-09,SPY,1,1,1,0.5439722920464968,0.572063914130633,0.6824023
2022-12-12,SPY,1,0,1,0.5327733033671616,0.5537297416854018,0.7106491
2022-12-13,SPY,1,0,1,0.5514113053521338,0.5786956140655877,0.5081344
2022-12-14,SPY,1,0,1,0.5529753371667839,0.527624904947794,0.54690284
2022-12-15,SPY,1,0,1,0.5644048738505584,0.5461927023930562,0.76000094
2022-12-16,SPY,1,0,1,0.5453600154271282,0.502959311768003,0.40142873
2022-12-19,SPY,1,1,1,0.525737215441433,0.5359270901212415,0.57992715
2022-12-20,SPY,1,1,1,0.5220096319311591,0.48767097989217656,0.35609952
2022-12-21,SPY,1,0,1,0.5336574985811199,0.5336986185709928,0.49509335
2022-12-22,SPY,1,1,1,0.5543613554175261,0.5219339435711501,0.42888632
2022-12-23,SPY,1,0,1,0.5267995305241695,0.5915254903143792,0.81539154
2022-12-27,SPY,1,0,1,0.5342351241662101,0.5952347074843294,0.78437275
2022-12-28,SPY,1,1,1,0.5402101983762605,0.5355941625091026,0.581535
2022-12-29,SPY,1,1,1,0.5192268652433554,0.5590033790585234,0.73087835
2022-12-30,SPY,1,0,1,0.5388804857882038,0.5534522885479985,0.60253143
2023-01-03,SPY,1,1,1,0.5310130350625648,0.5481247068816079,0.6185658
2023-01-04,SPY,1,0,1,0.5325024107864713,0.5214242292888456,0.4698799
2023-01-05,SPY,1,1,1,0.5408504270135013,0.5317272651273669,0.5603949
2023-01-06,SPY,1,0,1,0.5302521084362172,0.6331033350792028,0.7222701
2023-01-09,SPY,1,1,1,0.5360117193497345,0.5792077466049884,0.61173433
2023-01-10,SPY,1,1,1,0.5287421490312996,0.5501008608841595,0.5916444
2023-01-11,SPY,1,1,1,0.5225137240371576,0.5498629572545249,0.5823382
2023-01-12,SPY,1,1,1,0.5218556438116101,0.5579880504218131,0.4615423
2023-01-13,SPY,1,0,1,0.5081303516484187,0.5413701675458268,0.5920981
2023-01-17,SPY,0,0,1,0.5170994291161128,0.5263316719581602,0.56972474
2023-01-18,SPY,0,0,1,0.5403426883662309,0.4807806987637813,0.35586116
2023-01-19,SPY,0,1,1,0.5279919907838635,0.4952982233693841,0.46308178
2023-01-20,SPY,1,1,1,0.5252250983873795,0.5790550115317665,0.65003157
2023-01-23,SPY,1,1,1,0.532777564282756,0.519761175003628,0.33914968
2023-01-24,SPY,0,1,1,0.5409261094869225,0.6134610538314098,0.6644477
2023-01-25,SPY,0,1,1,0.5404051163441667,0.5811335736052532,0.7078022
2023-01-26,SPY,0,1,1,0.5262337451571865,0.5866338648090986,0.62327856
2023-01-27,SPY,0,0,1,0.5321260415782623,0.5699958493064092,0.61324805
2023-01-30,SPY,0,1,1,0.5371666897748753,0.5168779497393037,0.51843584
2023-01-31,SPY,0,1,1,0.530570380057565,0.631814414320122,0.5626741
2023-02-01,SPY,0,1,1,0.5441990716506963,0.5899862362465271,0.5988556
2023-02-02,SPY,0,1,1,0.5438533662851869,0.5777621685029123,0.5979154
2023-02-03,SPY,0,1,1,0.5607433956631541,0.5574688860603852,0.48208407
2023-02-06,SPY,0,1,1,0.5327982771150245,0.5684047175830915,0.7134717
2023-02-07,SPY,0,0,1,0.5321204860515428,0.6348193692287318,0.53713155
2023-02-08,SPY,0,0,1,0.5398723134288163,0.5063654840648262,0.46783796
2023-02-09,SPY,0,1,1,0.5317774622445322,0.5170598185461298,0.5106442
2023-02-10,SPY,0,1,1,0.5241089884706636,0.507547294075504,0.49161905
2023-02-13,SPY,0,1,1,0.521795667988179,0.508506934605429,0.5013236
2023-02-14,SPY,0,1,1,0.5398359313810489,0.5281837351048168,0.41928098
2023-02-15,SPY,0,0,1,0.5343869279856228,0.5552427800144429,0.5681618
2023-02-16,SPY,0,1,1,0.5508141150232593,0.5084739811683179,0.4721774
2023-02-17,SPY,0,0,1,0.5415796050451194,0.5945679228409482,0.6315504
2023-02-21,SPY,0,0,1,0.5433094305456216,0.5164860501979234,0.5470949
2023-02-22,SPY,0,0,1,0.5340376044763403,0.5706905190147152,0.601028
2023-02-23,SPY,0,1,1,0.543648330559816,0.5647684644234898,0.5409194
2023-02-24,SPY,0,0,1,0.5555063853896887,0.48435310138333887,0.4791625
2023-02-27,SPY,0,0,1,0.5407084716858238,0.5423427233059395,0.4879529
2023-02-28,SPY,0,0,1,0.5508792271362418,0.5242560686352494,0.5811223
2023-03-01,SPY,0,1,1,0.5469860678034553,0.5713652601117865,0.63842785
2023-03-02,SPY,0,1,1,0.5357362278475404,0.5370583760168597,0.48577046
2023-03-03,SPY,0,0,1,0.5337357073047144,0.5560505747896045,0.60854495
2023-03-06,SPY,0,0,1,0.5396700514904248,0.5542481161922762,0.5858015
2023-03-07,SPY,0,1,1,0.5584717640176565,0.5305775727982767,0.5486959
2023-03-08,SPY,0,0,1,0.5262407925244482,0.557708193485155,0.5741824
2023-03-09,SPY,0,0,1,0.5498841771308586,0.4622967015937694,0.41608042
2023-03-10,SPY,0,1,1,0.5497773901658453,0.44963206452284765,0.23877688
2023-03-13,SPY,0,1,1,0.5370842325346621,0.413375305012701,0.27978358
2023-03-14,SPY,0,1,1,0.534642010792038,0.48921528080275495,0.45621586
2023-03-15,SPY,0,1,1,0.5538098638684684,0.503882514518228,0.56162363
2023-03-16,SPY,1,0,1,0.5363303543317365,0.5402362512789366,0.54970586
2023-03-17,SPY,1,1,1,0.5513161712059367,0.5367432742430801,0.55925983
2023-03-20,SPY,1,1,1,0.5271473606193059,0.550943230761075,0.7152546
2023-03-21,SPY,0,0,1,0.5327769051756227,0.5345844132581139,0.4739106
2023-03-22,SPY,1,0,1,0.5497136534922498,0.42164283468101466,0.3024072
2023-03-23,SPY,1,1,1,0.5310457671141002,0.5362799421482984,0.5458496
2023-03-24,SPY,1,0,1,0.5297606656457394,0.5386899804262086,0.57508695
2023-03-27,SPY,1,0,1,0.5264149451073313,0.5304963899070542,0.5570008
2023-03-28,SPY,1,1,1,0.5272931177910676,0.5440903052114904,0.60548514
2023-03-29,SPY,1,0,1,0.5189645000672679,0.5739487088352295,0.5483148
2023-03-30,SPY,1,1,1,0.5216310148845777,0.5305951104068928,0.5133212
2023-03-31,SPY,1,1,1,0.5190447323123366,0.5642215076356432,0.5129924
2023-04-03,SPY,1,0,1,0.5199230695119893,0.5785202475056229,0.57985365
2023-04-04,SPY,1,0,1,0.5235500961262198,0.49935890570647995,0.48362595
2023-04-05,SPY,1,1,1,0.5153732418484073,0.5174634197071765,0.6325907
2023-04-06,SPY,0,1,1,0.5173533179790076,0.5444020790941299,0.65085524
2023-04-10,SPY,0,0,1,0.5239791994098026,0.6058018293074348,0.58202446
2023-04-11,SPY,0,0,1,0.5272780187311531,0.56152173882766,0.501126
2023-04-12,SPY,0,1,1,0.5302484781753217,0.5757802923689291,0.6526351
2023-04-13,SPY,0,0,1,0.5297551589785235,0.5720544032941299,0.4915612
2023-04-14,SPY,0,1,1,0.5375378873461505,0.5574365667421464,0.5548288
2023-04-17,SPY,0,0,1,0.5352293828400052,0.5518640886385526,0.51782155
2023-04-18,SPY,0,1,1,0.5347093690897616,0.565308807543324,0.5966268
2023-04-19,SPY,0,1,1,0.5271355165201631,0.5315746898354444,0.4436064
2023-04-20,SPY,0,1,1,0.5399506742563942,0.5464494568743886,0.5905594
2023-04-21,SPY,0,1,1,0.5353037355283925,0.5331106181746507,0.560328
2023-04-24,SPY,0,0,1,0.5325069963149857,0.5493325803385363,0.67863715
2023-04-25,SPY,0,0,1,0.5583603621757282,0.5803840106492703,0.6337892
2023-04-26,SPY,0,1,1,0.5427214326102446,0.6058096354079142,0.64588517
2023-04-27,SPY,0,1,1,0.5452199939893891,0.5689038188879482,0.478064
2023-04-28,SPY,0,1,1,0.558316832454055,0.6310501393544791,0.7300898
2023-05-01,SPY,0,0,1,0.5516137157747142,0.5880338253403068,0.68398744
2023-05-02,SPY,0,0,1,0.5620036536987796,0.5268034351442684,0.51261276
2023-05-03,SPY,0,0,1,0.5458785442018156,0.6051803722681742,0.5727064
2023-05-04,SPY,0,1,1,0.5402425938104408,0.6016088773254292,0.6313886
2023-05-05,SPY,0,0,1,0.5343298074407572,0.5694697717562687,0.54529405
2023-05-08,SPY,0,0,1,0.5382985763007461,0.580998398702397,0.67272955
2023-05-09,SPY,0,0,1,0.5370062737923964,0.5580693743941176,0.64262325
2023-05-10,SPY,0,1,1,0.5464289213992679,0.5561916366937393,0.57795954
2023-05-11,SPY,0,0,1,0.5333688697398918,0.5102915213335051,0.4152781
2023-05-12,SPY,0,1,1,0.5269277276925843,0.5068836843298641,0.5759723
2023-05-15,SPY,0,0,1,0.5196365778800784,0.46106746714457264,0.39570817
2023-05-16,SPY,0,1,1,0.5253733757056982,0.508128288057651,0.42015177
2023-05-17,SPY,0,1,1,0.5293062635912527,0.5313057968822689,0.49689063
2023-05-18,SPY,0,0,1,0.5405879576425425,0.6129452368364717,0.680785
2023-05-19,SPY,0,1,1,0.5469488172197732,0.5548162814185097,0.4904542
2023-05-22,SPY,0,0,1,0.5290618423525986,0.5291760101232074,0.520728
2023-05-23,SPY,0,0,1,0.5434843127017945,0.5115360761443444,0.3574521
2023-05-24,SPY,0,0,1,0.5373003655081898,0.5972753365737081,0.5829684
2023-05-25,SPY,0,1,1,0.5296900317943689,0.5856780092859816,0.6457438
2023-05-26,SPY,0,0,1,0.5375013089076787,0.6011063297219423,0.5978577
2023-05-30,SPY,0,0,1,0.5419361126695376,0.5505678471212874,0.58533514
2023-05-31,SPY,0,1,1,0.5539648647195037,0.5847513281041254,0.5744706
2023-06-01,SPY,0,1,1,0.5353550582121787,0.6021837051934522,0.7310159
2023-06-02,SPY,0,0,1,0.54084574845087,0.6522322127457543,0.6642519
2023-06-05,SPY,0,1,1,0.5403014520297925,0.5727205549228959,0.56306714
2023-06-06,SPY,0,0,1,0.5337462453964186,0.5604222849452973,0.529913
2023-06-07,SPY,0,1,1,0.5389543991996959,0.5193357345678226,0.39690906
2023-06-08,SPY,0,0,1,0.5229983875046103,0.4866650171014218,0.31965446
2023-06-09,SPY,0,1,1,0.5336748833965487,0.5820950113117267,0.59634787
2023-06-12,SPY,0,1,1,0.5298584794893358,0.6537328866412622,0.77766025
2023-06-13,SPY,0,1,1,0.5405338531571799,0.5762867582424669,0.6688799
2023-06-14,SPY,0,1,1,0.5434642774778136,0.5503228158606104,0.6234536
2023-06-15,SPY,0,0,1,0.5397463230533085,0.4953367125465418,0.40395707
2023-06-16,SPY,0,0,1,0.5470393577113091,0.5406805180019926,0.4091004
2023-06-20,SPY,0,0,1,0.5318415966152228,0.6027096118659172,0.78571033
2023-06-21,SPY,0,1,1,0.5289663729607931,0.5862957764186578,0.6913063
2023-06-22,SPY,0,1,1,0.5270308790959564,0.5298450164329626,0.51527417
2023-06-23,SPY,0,0,1,0.5432529179108854,0.5367326579145519,0.39329776
2023-06-26,SPY,0,1,1,0.5330841335610245,0.5704792147911002,0.72007495
2023-06-27,SPY,0,1,1,0.5314822552270487,0.5340924812959343,0.6275624
2023-06-28,SPY,0,1,1,0.541749503315536,0.5533604784120847,0.60786533
2023-06-29,SPY,0,1,1,0.541967854544215,0.5342615332186903,0.5950805
2023-06-30,SPY,0,1,1,0.5506790342932085,0.588200125994196,0.63714254
2023-07-03,SPY,0,1,1,0.5264185709908349,0.5873876144914782,0.66189486
2023-07-05,SPY,0,1,1,0.5349524945090327,0.5210025506766213,0.5572758
2023-07-06,SPY,0,0,1,0.5419464260372694,0.5374511230151271,0.41653275
2023-07-07,SPY,0,1,1,0.5395911829119732,0.5597142276526299,0.62421817
2023-07-10,SPY,0,1,1,0.5275942188373466,0.49562145310712047,0.42190123
2023-07-11,SPY,0,0,1,0.5329010422486918,0.5499356738554255,0.50922745
2023-07-12,SPY,0,1,1,0.5444088143396721,0.5966528731192343,0.68747205
2023-07-13,SPY,0,0,1,0.5355263647755544,0.5898626003839005,0.46881312
2023-07-14,SPY,0,1,1,0.5357441663913854,0.5363460418667841,0.5271078
2023-07-17,SPY,0,1,1,0.5217165327319541,0.4824657675268726,0.6020829
2023-07-18,SPY,0,1,1,0.531372162087711,0.5222430886791545,0.5869879
2023-07-19,SPY,0,0,1,0.5299762464086838,0.5463323725214579,0.5128562
2023-07-20,SPY,0,0,1,0.5380864249238263,0.5328992951494531,0.5397988
2023-07-21,SPY,0,1,1,0.5314332539433996,0.5119868096967112,0.52724516
2023-07-24,SPY,0,1,1,0.5273593952269187,0.5769726306567164,0.62715036
2023-07-25,SPY,0,1,1,0.5336639306967487,0.5544317010170144,0.42697096
2023-07-26,SPY,0,0,1,0.5410502590590139,0.5694107487178413,0.5474908
2023-07-27,SPY,0,1,1,0.5497155212721848,0.5855744385449172,0.58536136
2023-07-28,SPY,0,1,1,0.5378018234070817,0.5970175352514047,0.7408184
2023-07-31,SPY,0,1,1,0.5357532029186428,0.5206170633626378,0.56737673
2023-08-01,SPY,0,0,1,0.5333157910154356,0.5245985427081573,0.4775399
2023-08-02,SPY,0,1,1,0.5562539191065791,0.5656185124480384,0.5673015
2023-08-03,SPY,0,0,1,0.5352243874471447,0.4946773662236811,0.40923288
2023-08-04,SPY,0,1,1,0.5531303191916251,0.5905569084029418,0.6308371
2023-08-07,SPY,0,1,1,0.5359008048371442,0.5379685428933005,0.64493
2023-08-08,SPY,0,0,1,0.5514964032448535,0.4708526776356295,0.45317715
2023-08-09,SPY,0,0,1,0.5492666134933257,0.6143715421403655,0.7158158
2023-08-10,SPY,0,1,1,0.5486002061802783,0.5722846012099447,0.5729414
2023-08-11,SPY,0,1,1,0.538145702161666,0.485581531238389,0.3415083
2023-08-14,SPY,0,0,1,0.5275733994343352,0.44576808247867866,0.21105699
2023-08-15,SPY,0,0,1,0.547019876250434,0.5155265301388581,0.4194055
2023-08-16,SPY,0,0,1,0.5406268180553906,0.6357049733588344,0.6635866
2023-08-17,SPY,0,1,1,0.5465733148664602,0.5398606046245507,0.47415778
2023-08-18,SPY,0,1,1,0.5441497917398279,0.5700036158715738,0.45656434
2023-08-21,SPY,0,0,1,0.534894072016625,0.4860212796701735,0.49501204
2023-08-22,SPY,0,1,1,0.5369438760537683,0.5300139292519925,0.48841467
2023-08-23,SPY,0,0,1,0.5331743550362765,0.5587708241572759,0.54474205
2023-08-24,SPY,0,1,1,0.55359031518977,0.5947378869503341,0.6431364
2023-08-25,SPY,0,1,1,0.5412058197037458,0.5555748335080537,0.57783717
2023-08-28,SPY,0,1,1,0.5273450798463974,0.5454556402668186,0.5342177
2023-08-29,SPY,0,1,1,0.533863019582505,0.5113071203204543,0.58876294
2023-08-30,SPY,0,0,1,0.5406288784096003,0.5106828594818422,0.49120232
2023-08-31,SPY,0,0,1,0.5305429999238237,0.5004774230805852,0.43470913
2023-09-01,SPY,0,0,1,0.5233615862186821,0.48954183406234447,0.43573093
2023-09-05,SPY,0,0,1,0.5198842510607268,0.5205468170839371,0.4053808
2023-09-06,SPY,0,1,1,0.5238677428050131,0.5224116505761338,0.56211764
2023-09-07,SPY,0,1,1,0.5226323695482452,0.5139934107537831,0.58859295
2023-09-08,SPY,0,1,1,0.5195985276427953,0.46893425248506065,0.40779448
2023-09-11,SPY,0,0,1,0.5233074586525651,0.5104126807074107,0.48454803
2023-09-12,SPY,0,1,1,0.5317079539239973,0.5429395431411266,0.5624138
2023-09-13,SPY,0,1,1,0.526839932842951,0.5059727949491165,0.54527205
2023-09-14,SPY,0,0,1,0.5383584919112637,0.5880118613602863,0.687804
2023-09-15,SPY,0,1,1,0.5632037641386068,0.5335973505889569,0.5366856
2023-09-18,SPY,0,1,1,0.5328615003815557,0.5009160449363944,0.36865094
2023-09-19,SPY,0,0,1,0.536979435131074,0.5068095809756172,0.43706885
2023-09-20,SPY,0,0,1,0.5471180183427934,0.6416354712728145,0.7038456
2023-09-21,SPY,0,0,1,0.5519072765342351,0.4119037269257338,0.27328098
2023-09-22,SPY,0,1,1,0.5466836343618243,0.5553695956873032,0.51029396
2023-09-25,SPY,0,0,1,0.5389152182339678,0.5213597985783318,0.5865906
2023-09-26,SPY,0,0,1,0.5585410126029464,0.5343272103069441,0.5097633
2023-09-27,SPY,0,1,1,0.5509178278016397,0.5860848272365845,0.6783407
2023-09-28,SPY,0,0,1,0.5424638714576282,0.5728943294506473,0.6162477
2023-09-29,SPY,0,1,1,0.5537947547161104,0.5629387233737394,0.61940235
2023-10-02,SPY,0,0,1,0.5412063913179841,0.5241926554217389,0.518027
2023-10-03,SPY,0,1,1,0.5487117727638134,0.5749220696182298,0.58443546
2023-10-04,SPY,0,1,1,0.5339061898445172,0.5356647280070695,0.486956
2023-10-05,SPY,0,1,1,0.5330160361117924,0.5427605873285046,0.6561531
2023-10-06,SPY,0,1,1,0.547078518637452,0.5447450120595057,0.59601957
2023-10-09,SPY,0,1,1,0.5371043349360809,0.520220191847708,0.4880405
2023-10-10,SPY,0,1,1,0.5287949183331218,0.5369843434421341,0.52610445
2023-10-11,SPY,0,0,1,0.5190180377805845,0.5051713845474639,0.59693015
2023-10-12,SPY,0,0,1,0.5254375509790621,0.551325113971164,0.56689024
2023-10-13,SPY,0,1,1,0.5293949979092395,0.5988555127340054,0.6139911
2023-10-16,SPY,0,1,1,0.5136023440550597,0.5102506412211096,0.6048465
2023-10-17,SPY,0,0,1,0.5199359166250112,0.5058815433777015,0.53914034
2023-10-18,SPY,0,0,1,0.5364970244680505,0.5208930180009628,0.57055813
2023-10-19,SPY,0,0,1,0.5481933829134104,0.5730021405140574,0.38063186
2023-10-20,SPY,0,1,1,0.5471926471591456,0.5303045352294057,0.5066507
2023-10-23,SPY,0,1,1,0.525573594828904,0.5182753466348763,0.5144154
2023-10-24,SPY,0,0,1,0.5313730216821043,0.548388288651084,0.6225386
2023-10-25,SPY,0,0,1,0.5492686248775138,0.4971088135376672,0.35191914
2023-10-26,SPY,0,0,1,0.5516094732465945,0.5249505887730501,0.41105667
2023-10-27,SPY,0,1,1,0.5439137432164006,0.5677689174708328,0.56863165
2023-10-30,SPY,0,1,1,0.5350486023148526,0.5499427902106997,0.65433466
2023-10-31,SPY,0,1,1,0.5470954472570548,0.5435241439917569,0.57432115
2023-11-01,SPY,0,1,1,0.5524836397079901,0.5439219733463343,0.5726295
2023-11-02,SPY,0,1,1,0.5458386207780648,0.5411181982622522,0.45227262
2023-11-03,SPY,0,1,1,0.5432143862686981,0.5851448282107208,0.51398766
2023-11-06,SPY,0,1,1,0.5262813004830452,0.4800343495234762,0.40529516
2023-11-07,SPY,0,0,1,0.5178139450296739,0.5314472299436265,0.55184287
2023-11-08,SPY,0,0,1,0.5120201991462944,0.5121634274361253,0.47857216
2023-11-09,SPY,0,1,1,0.5210970296063657,0.539859421455479,0.5155815
2023-11-10,SPY,0,1,1,0.5181530961915283,0.5627643426729011,0.46230584
2023-11-13,SPY,0,1,1,0.5114345079077575,0.5405048329552219,0.5112358
2023-11-14,SPY,0,0,1,0.5239334751915941,0.5111181447113541,0.45280826
2023-11-15,SPY,0,1,1,0.5303497949905768,0.5802548625536127,0.6403428
2023-11-16,SPY,0,1,1,0.5230052795280401,0.5797625598237856,0.6882807
2023-11-17,SPY,0,1,1,0.5321672286306849,0.5557578276601216,0.4947929
2023-11-20,SPY,0,1,1,0.5229246645733066,0.5905225772619734,0.5991722
2023-11-21,SPY,0,1,1,0.5149961052615688,0.5527781004212415,0.5064619
2023-11-22,SPY,0,1,1,0.5238712457640653,0.5797087610803489,0.7097083
2023-11-24,SPY,0,0,1,0.5228800793720754,0.5734128319720048,0.33736122
2023-11-27,SPY,0,1,1,0.5355265530295129,0.5804071099316381,0.5011213
2023-11-28,SPY,0,0,1,0.5366975833999094,0.5876275402310731,0.69902086
2023-11-29,SPY,0,1,1,0.5379622023608551,0.6243350540176761,0.7989887
2023-11-30,SPY,0,1,1,0.5432881423432966,0.6249776325919859,0.6303489
2023-12-01,SPY,0,1,1,0.5472350148576615,0.6160659521320081,0.6255682
2023-12-04,SPY,0,1,1,0.5447379995792223,0.5449562295441529,0.6287669
2023-12-05,SPY,0,0,1,0.539764753187784,0.5566271471832902,0.6634353
2023-12-06,SPY,0,1,1,0.5402423058920295,0.539170663512967,0.59069246
2023-12-07,SPY,0,1,1,0.5369281844084994,0.5287466626720883,0.59792
2023-12-08,SPY,0,1,1,0.5532836835518861,0.5260661979679045,0.5435518
2023-12-11,SPY,0,1,1,0.542910767084203,0.5393184131871777,0.59002304
2023-12-12,SPY,0,1,1,0.545059153315036,0.5508533308202098,0.639249
2023-12-13,SPY,0,0,1,0.5502906567602583,0.4805667109657313,0.4786849
2023-12-14,SPY,0,0,1,0.5622025807259862,0.46291728714552427,0.3762603
2023-12-15,SPY,0,1,1,0.5633163319258764,0.5101475182768997,0.52827984
2023-12-18,SPY,0,1,1,0.536158507193598,0.5701009584615417,0.50735235
2023-12-19,SPY,0,0,1,0.5296913484284588,0.5751668722694635,0.43074423
2023-12-20,SPY,0,1,1,0.5523279474337991,0.6088442783764032,0.56098557
2023-12-21,SPY,0,0,1,0.5361473073148952,0.6186257440068748,0.7399899
2023-12-22,SPY,0,1,1,0.5350993442204264,0.5479682177886788,0.64053154
2023-12-26,SPY,0,1,1,0.5324893864391601,0.5842743704770644,0.6877373
2023-12-27,SPY,0,0,1,0.5398961519510815,0.5469648442891474,0.61716485
2023-12-28,SPY,0,0,1,0.536451638013601,0.5700484565249335,0.5481333
2023-12-29,SPY,0,1,1,0.5490541683221865,0.6321834490381654,0.6714593
2024-01-02,SPY,0,0,1,0.5498180353274158,0.6459448157868661,0.63911766
2024-01-03,SPY,0,0,1,0.5448936172555932,0.5810554454103309,0.5419303
2024-01-04,SPY,0,1,1,0.5369541098457287,0.5412299958752272,0.57189107
2024-01-05,SPY,0,1,1,0.541680608405974,0.49935426473454503,0.49517155
2024-01-08,SPY,0,1,1,0.5425166632174714,0.5560019155061121,0.41759032
2024-01-09,SPY,0,1,1,0.5488074085677201,0.5635640753254425,0.5803292
2024-01-10,SPY,0,0,1,0.5434592357516885,0.5661782214238985,0.5826286
2024-01-11,SPY,0,0,1,0.5457590454998545,0.5160019554595617,0.4453657
2024-01-12,SPY,0,0,1,0.5329967203222905,0.49165381376361433,0.48833716
2024-01-16,SPY,0,1,1,0.5383676255895847,0.49016282906808,0.56284976
2024-01-17,SPY,0,1,1,0.533190305306204,0.5635806540717596,0.49863914
2024-01-18,SPY,0,1,1,0.5372589712038326,0.5540308165706829,0.6597132
2024-01-19,SPY,0,0,1,0.5472557241246347,0.5850247879100523,0.5770834
2024-01-22,SPY,0,1,1,0.5461287253302481,0.5939431749824639,0.69805735
2024-01-23,SPY,0,0,1,0.5317645643391549,0.5682282254267432,0.6404059
2024-01-24,SPY,0,1,1,0.5383657947695335,0.5144921783453075,0.5375921
2024-01-25,SPY,0,0,1,0.5289611067927079,0.5207272117705606,0.5563361
2024-01-26,SPY,0,1,1,0.5299061373090387,0.5355278886717064,0.44982585
2024-01-29,SPY,0,1,1,0.5216460897622885,0.5282495178674457,0.49876043
2024-01-30,SPY,0,0,1,0.526522307691049,0.5569256516458959,0.54570454
2024-01-31,SPY,0,1,1,0.5625594580093424,0.6018606110261113,0.6223523
2024-02-01,SPY,0,1,1,0.5419842570457536,0.5816635245549743,0.54622805
2024-02-02,SPY,0,0,1,0.5540549503002103,0.6461227230683888,0.7714333
2024-02-05,SPY,0,1,1,0.5520274934371816,0.5833633207334072,0.575703
2024-02-06,SPY,0,1,1,0.5379352597241542,0.6225074193742561,0.694549
2024-02-07,SPY,0,1,1,0.5368847447062618,0.6138811080336269,0.66111946
2024-02-08,SPY,0,1,1,0.5305344046675499,0.5565461821985714,0.5553973
2024-02-09,SPY,0,0,1,0.5333944238725364,0.5699889528422624,0.53800577
2024-02-12,SPY,0,0,1,0.531700156920989,0.562198155224013,0.6990023
2024-02-13,SPY,0,1,1,0.5586991137145357,0.6293785764964561,0.6676345
2024-02-14,SPY,0,1,1,0.5361425473097788,0.5310960823756915,0.45843658
2024-02-15,SPY,0,0,1,0.5383856490163825,0.5759462823872409,0.6042767
2024-02-16,SPY,0,0,1,0.5469544068078394,0.5673633827495619,0.5589847
2024-02-20,SPY,0,1,1,0.5442814644840305,0.5730217655630632,0.4654885
2024-02-21,SPY,0,1,1,0.5315311100350241,0.5490591458700361,0.54553425
2024-02-22,SPY,0,0,1,0.5387147490159915,0.6069786708257632,0.46008286
2024-02-23,SPY,0,0,1,0.5440487510972566,0.6530069746250554,0.7711415
2024-02-26,SPY,0,1,1,0.5399841495326545,0.528993718911038,0.45733297
2024-02-27,SPY,0,1,1,0.5310603546008231,0.524960683480491,0.5075458
2024-02-28,SPY,0,1,1,0.5331797296395479,0.5443969910722823,0.58518314
2024-02-29,SPY,0,1,1,0.5453683831300788,0.5649385031633901,0.630291
2024-03-01,SPY,0,1,1,0.5426773748976058,0.6530570251091605,0.6615908
2024-03-04,SPY,0,0,1,0.531765839927618,0.5623206525603329,0.53653914
2024-03-05,SPY,0,0,1,0.5476290085945028,0.5658449680023044,0.5076067
2024-03-06,SPY,0,1,1,0.5369214233934909,0.5560650490509447,0.48756292
2024-03-07,SPY,0,0,1,0.5318931976845341,0.5578718759010566,0.49281082
2024-03-08,SPY,0,1,1,0.552958701285972,0.6371275700113365,0.72399914
2024-03-11,SPY,0,1,1,0.5358458557030809,0.5331443844393753,0.4858582
2024-03-12,SPY,0,0,1,0.5365509838795897,0.561297751390947,0.5733861
2024-03-13,SPY,0,0,1,0.5386448409749234,0.5766766921540832,0.6305777
2024-03-14,SPY,0,0,1,0.5642860778373492,0.63062994864077,0.65400386
2024-03-15,SPY,0,0,1,0.5567275877456143,0.6294384262347557,0.5780651
2024-03-18,SPY,0,1,1,0.5447374633920172,0.6087557968084059,0.6559899
2024-03-19,SPY,0,1,1,0.5378658010377252,0.5411472440544169,0.54626715
2024-03-20,SPY,0,0,1,0.5451248812586801,0.6330971523359465,0.64172417
2024-03-21,SPY,0,0,1,0.5397863065210287,0.5889561414673945,0.7108997
2024-03-22,SPY,0,0,1,0.5445081113901181,0.607389625919796,0.63741255
2024-03-25,SPY,0,0,1,0.5300784428997783,0.4803370831199713,0.5310593
2024-03-26,SPY,0,1,1,0.5341322473565483,0.5012074751849859,0.43452534
2024-03-27,SPY,0,0,1,0.5400211938657261,0.5702158956785754,0.48659116
2024-03-28,SPY,0,0,1,0.5507009726106344,0.5887056809504774,0.5670357
2024-04-01,SPY,0,1,1,0.5335635731211831,0.5151568183536636,0.5087974
2024-04-02,SPY,0,1,1,0.5392276229532392,0.5598337604439639,0.4159126
2024-04-03,SPY,0,0,1,0.5339954325564149,0.5330277170955509,0.51416075
2024-04-04,SPY,0,1,1,0.551387426755218,0.5502400715412371,0.41743872
2024-04-05,SPY,0,0,1,0.5353504903313034,0.518925051134027,0.49727368
2024-04-08,SPY,0,0,1,0.5367198276305505,0.5248269225422919,0.46729958
2024-04-09,SPY,0,1,1,0.5448329416240784,0.5438766552054208,0.46989128
2024-04-10,SPY,0,1,1,0.551252336534008,0.5464297339291163,0.4754768
2024-04-11,SPY,0,0,1,0.5369294938300195,0.5282139975586319,0.5993484
2024-04-12,SPY,0,0,1,0.5555432491005705,0.6503253359458909,0.6511051
2024-04-15,SPY,0,0,1,0.5557729713591398,0.5678994835157538,0.4954525
2024-04-16,SPY,0,0,1,0.5421849612420419,0.5207082388801446,0.3835462
2024-04-17,SPY,0,0,1,0.5443304083737025,0.5509067528811307,0.70651704
2024-04-18,SPY,0,0,1,0.5390846640395361,0.5144971239846279,0.52597886
2024-04-19,SPY,0,1,1,0.5520017718136746,0.500889202735713,0.49786028
2024-04-22,SPY,0,1,1,0.5332704128322224,0.49537903267168176,0.48926824
2024-04-23,SPY,0,0,1,0.5367398979906837,0.5505318900630712,0.71541107
2024-04-24,SPY,0,1,1,0.5379234173859819,0.5236160127803295,0.64836466
2024-04-25,SPY,0,1,1,0.5397259250465822,0.5151931120424607,0.45891222
2024-04-26,SPY,0,0,1,0.5271252543274904,0.5542613386709373,0.66118443
2024-04-29,SPY,0,0,1,0.5204610702182183,0.5287591743012175,0.51451707
2024-04-30,SPY,0,0,1,0.5427891983206444,0.5499836859176495,0.5920011
2024-05-01,SPY,0,1,1,0.5340162781294342,0.6458422658707739,0.6860341
2024-05-02,SPY,0,1,1,0.5275124655767219,0.5745450679944298,0.69033283
2024-05-03,SPY,0,1,1,0.5325652628547995,0.5435456978320262,0.60996586
2024-05-06,SPY,0,0,1,0.5242781631867904,0.5216920184562412,0.49001133
2024-05-07,SPY,0,1,1,0.5232021705782588,0.5150270459812653,0.5124525
2024-05-08,SPY,0,1,1,0.5177835704584995,0.4999339767564203,0.4964531
2024-05-09,SPY,0,0,1,0.511148601076898,0.5612791393176352,0.58947194
2024-05-10,SPY,0,0,1,0.5200435373257226,0.5310993357590256,0.6224239
2024-05-13,SPY,0,1,1,0.5175907621651903,0.576531926457459,0.573517
2024-05-14,SPY,0,1,1,0.5267566743540172,0.5001153285697496,0.5613358
2024-05-15,SPY,0,0,1,0.5313318549899132,0.6149577435188565,0.52365524
2024-05-16,SPY,0,1,1,0.5362450616217328,0.5574234515207153,0.46765634
2024-05-17,SPY,0,1,1,0.5428913545763023,0.5665390306893563,0.5735598
2024-05-20,SPY,0,1,1,0.5286149216437974,0.5358823114718405,0.53775
2024-05-21,SPY,0,0,1,0.5237178282754045,0.5869527191397861,0.62061274
2024-05-22,SPY,0,0,1,0.5317852438172767,0.5919871797489195,0.6779132
2024-05-23,SPY,0,1,1,0.5410775868714154,0.5513285404578852,0.7156244
2024-05-24,SPY,0,0,1,0.5275988026156236,0.5679799220739443,0.6366209
2024-05-28,SPY,0,1,1,0.5297947909603352,0.4965386785847566,0.48293844
2024-05-29,SPY,0,0,1,0.5464620026572304,0.5626300614492422,0.55033445
2024-05-30,SPY,0,1,1,0.5492602152875926,0.5751286981683459,0.66752857
2024-05-31,SPY,0,0,1,0.5660886148947155,0.5735504404415832,0.6256566
2024-06-03,SPY,0,1,1,0.5469400331299078,0.530412067232739,0.58799624
2024-06-04,SPY,0,1,1,0.5395028913437576,0.5758658200446886,0.5838775
2024-06-05,SPY,0,0,1,0.544452291913227,0.5466632221840426,0.47190917
2024-06-06,SPY,0,1,1,0.538862606114899,0.4869264952782843,0.46140552
2024-06-07,SPY,0,1,1,0.5418569023325067,0.49101272562489023,0.45954278
2024-06-10,SPY,0,1,1,0.5352256612175716,0.5088621448415235,0.4455704
2024-06-11,SPY,0,0,1,0.535389990164775,0.5125198709631611,0.44323874
2024-06-12,SPY,0,0,1,0.5448534828322905,0.543928881541232,0.45781037
2024-06-13,SPY,0,1,1,0.5355410926891513,0.5044457427433265,0.52113813
2024-06-14,SPY,0,1,1,0.5329772418482966,0.5151580288254747,0.5340446
2024-06-17,SPY,0,1,1,0.5379984004770142,0.5390527243792615,0.49747172
2024-06-18,SPY,0,0,1,0.5321533527594301,0.5312725333196583,0.46859428
2024-06-20,SPY,0,1,1,0.5459385119620945,0.5481130343287433,0.5127763
2024-06-21,SPY,0,0,1,0.5419257850115827,0.6103252062294096,0.61625665
2024-06-24,SPY,0,1,1,0.5367098615687371,0.4899927429491428,0.40596384
2024-06-25,SPY,0,1,1,0.5281524405691054,0.547472961167643,0.6718252
2024-06-26,SPY,0,1,1,0.5316696874380719,0.5389938358645656,0.55089563
2024-06-27,SPY,0,0,1,0.5347714304736532,0.5458605830922018,0.64338046
2024-06-28,SPY,0,0,1,0.5585538025257367,0.5580440757628689,0.6173047
2024-07-01,SPY,0,1,1,0.5381442794834747,0.5287157181222317,0.5053581
2024-07-02,SPY,0,1,1,0.5394972542346719,0.5765082412421404,0.5985786
2024-07-03,SPY,0,1,1,0.5393803435845869,0.5407289692608439,0.6194371
2024-07-05,SPY,0,0,1,0.5421639866102026,0.5803555819785928,0.8026511
2024-07-08,SPY,0,0,1,0.5389278664616844,0.5276248198896989,0.44620454
2024-07-09,SPY,0,1,1,0.5344171641984229,0.4967827420348756,0.47276682
2024-07-10,SPY,0,0,1,0.5363537603485585,0.578369364140929,0.6847062
2024-07-11,SPY,0,1,1,0.5525406466050428,0.5911235825771756,0.59076595
2024-07-12,SPY,0,0,1,0.5427741461481465,0.5443741168486479,0.49120003
2024-07-15,SPY,0,1,1,0.5392025047084672,0.505451656190357,0.41906497
2024-07-16,SPY,0,0,1,0.5366749167898184,0.560518779088795,0.58270705
2024-07-17,SPY,0,0,1,0.5538529412699682,0.5854895536465652,0.4949162
2024-07-18,SPY,0,0,1,0.5438981543805493,0.5673834057177064,0.52356905
2024-07-19,SPY,0,1,1,0.5477926942748244,0.5835809720467331,0.68813586
2024-07-22,SPY,0,0,1,0.5356639484690321,0.5408845733914474,0.5227639
2024-07-23,SPY,0,0,1,0.5435360894001806,0.4968982765462785,0.43785033
2024-07-24,SPY,0,0,1,0.568574250723487,0.5207646728543129,0.6623843
2024-07-25,SPY,0,1,1,0.5494021336427992,0.6083454123460968,0.6332379
2024-07-26,SPY,0,0,1,0.5430668241005074,0.5796362389636686,0.7372123
2024-07-29,SPY,0,0,1,0.5482626766044946,0.5336782496243287,0.5788497
2024-07-30,SPY,0,1,1,0.5562473081416163,0.5766130817681424,0.68546486
2024-07-31,SPY,0,0,1,0.5512287864499141,0.5171604966658815,0.35872692
2024-08-01,SPY,0,0,1,0.5664240418422967,0.5499413988710949,0.67844796
2024-08-02,SPY,0,1,1,0.5600183108235314,0.4149282465393053,0.4394103
2024-08-05,SPY,1,1,1,0.5675839114668839,0.5414073546384803,0.5700231
2024-08-06,SPY,1,0,1,0.5350831693186889,0.47714631536615615,0.57053804
2024-08-07,SPY,1,1,1,0.539980635159234,0.6109720535412559,0.6771679
2024-08-08,SPY,1,1,1,0.5419021807549043,0.524353943106085,0.52047586
2024-08-09,SPY,1,0,1,0.549066901421576,0.514031116146177,0.49387518
2024-08-12,SPY,1,1,1,0.534431507035096,0.5562040969127495,0.5960099
2024-08-13,SPY,1,1,1,0.5250412397300287,0.5459538190557447,0.60072464
2024-08-14,SPY,1,1,1,0.5266560444190076,0.4678952255374439,0.3598367
2024-08-15,SPY,1,1,1,0.5235525732533157,0.5340480827328349,0.5393636
2024-08-16,SPY,1,1,1,0.5268247916954772,0.5169885486514648,0.57798874
2024-08-19,SPY,1,0,1,0.5123835850979382,0.503310455611878,0.5026465
2024-08-20,SPY,1,1,1,0.5132414767661956,0.48465318690620923,0.38399032
2024-08-21,SPY,1,0,1,0.5178271367571049,0.5124574264958166,0.47923654
2024-08-22,SPY,1,1,1,0.5258860133319987,0.5644555732499238,0.6209301
2024-08-23,SPY,1,0,1,0.5134049465259829,0.5631162001995156,0.65023535
2024-08-26,SPY,1,1,1,0.5173374148461366,0.5166478948493026,0.48316965
2024-08-27,SPY,1,0,1,0.5167819196823102,0.5436336122999434,0.58943236
2024-08-28,SPY,1,0,1,0.5180408143655497,0.49199045299921124,0.40148154
2024-08-29,SPY,1,1,1,0.5177861327750797,0.5467186313045347,0.59482235
2024-08-30,SPY,1,0,1,0.5308629242444937,0.5039863775081878,0.5416767
2024-09-03,SPY,0,1,1,0.5649485121073549,0.48954536386931,0.20721427
2024-09-04,SPY,0,0,1,0.5466413489577957,0.5677031924933928,0.7660899
2024-09-05,SPY,0,0,1,0.5514527927014812,0.5477114079212221,0.48482394
2024-09-06,SPY,0,1,1,0.5683750147958619,0.5070877231890992,0.65846
2024-09-09,SPY,0,1,1,0.542481428563781,0.6101430892217402,0.6931906
2024-09-10,SPY,0,1,1,0.5476636638962558,0.5417129362312157,0.5092932
2024-09-11,SPY,0,1,1,0.5668704432347366,0.5822290135671,0.4865688
2024-09-12,SPY,0,1,1,0.5573843439819826,0.5758755368763456,0.60300344
2024-09-13,SPY,0,1,1,0.5364181537777449,0.5172673466201495,0.53099054
2024-09-16,SPY,0,0,1,0.5332584822488323,0.48863801204667096,0.547986
2024-09-17,SPY,0,0,1,0.5340822600853686,0.486673261481653,0.50182337
2024-09-18,SPY,0,0,1,0.5376845710675341,0.5438576089764079,0.607607
2024-09-19,SPY,0,1,1,0.5379262515970826,0.5531253917041703,0.42075157
2024-09-20,SPY,0,1,1,0.5511552389918069,0.557502208437525,0.5326576
2024-09-23,SPY,0,1,1,0.5291247051012555,0.4858371352616571,0.45108104
2024-09-24,SPY,0,0,1,0.5294651736756627,0.5337015156736977,0.46380067
2024-09-25,SPY,0,0,1,0.5241172046366629,0.5253318898174887,0.4715298
2024-09-26,SPY,0,0,1,0.5232767915355091,0.5299302259218107,0.5074108
2024-09-27,SPY,0,1,1,0.5229574095319114,0.6029202073002604,0.60390365
2024-09-30,SPY,0,0,1,0.5285806107547062,0.5845515317905065,0.6270419
2024-10-01,SPY,0,1,1,0.5484241227177017,0.5683773628270378,0.6041969
2024-10-02,SPY,0,1,1,0.5266019300108241,0.5474949088458585,0.6796608
2024-10-03,SPY,0,1,1,0.5323406224634029,0.5302012878940452,0.48357013
2024-10-04,SPY,0,0,1,0.5417127536724844,0.5344307052083653,0.50781393
2024-10-07,SPY,0,1,1,0.5543128958021678,0.5565833109001929,0.536108
2024-10-08,SPY,0,1,1,0.537891414013793,0.5985989817180496,0.56832653
2024-10-09,SPY,0,1,1,0.5412524137999439,0.5545862147403361,0.6535436
2024-10-10,SPY,0,1,1,0.545917494716915,0.5086843093044231,0.5000789
2024-10-11,SPY,0,1,1,0.5390377415048819,0.5305726671123187,0.49256474
2024-10-14,SPY,0,0,1,0.5317712019580589,0.6282788490925038,0.62617785
2024-10-15,SPY,0,1,1,0.5488159097992802,0.5572253167023011,0.5554161
2024-10-16,SPY,0,0,1,0.5303563726214826,0.5663124588613582,0.6566266
2024-10-17,SPY,0,1,1,0.5297154317923353,0.5575391418808552,0.648064
2024-10-18,SPY,0,0,1,0.5307722341321023,0.5700386361923867,0.56849146
2024-10-21,SPY,0,1,1,0.5333681627397044,0.5065286044376259,0.46885908
2024-10-22,SPY,0,0,1,0.5277720432961064,0.5101370935643483,0.57404864
2024-10-23,SPY,0,0,1,0.5424117433867535,0.533065512287682,0.44731885
2024-10-24,SPY,0,0,1,0.5257353753244112,0.48814654892983694,0.47070473
2024-10-25,SPY,0,0,1,0.5384909964829947,0.5320759407505863,0.43170214
2024-10-28,SPY,0,1,1,0.527775203231558,0.46257545946615813,0.37570426
2024-10-29,SPY,0,0,1,0.5467127939721937,0.5608524723124761,0.58980435
2024-10-30,SPY,0,0,1,0.5444950891806634,0.5268522365124603,0.45645627
2024-10-31,SPY,0,0,1,0.5680379586193665,0.513955651060171,0.5286059
2024-11-01,SPY,0,0,1,0.5384660644855677,0.6170072916896379,0.675091
2024-11-04,SPY,0,1,1,0.5438652343175074,0.5101139659319707,0.52694094
2024-11-05,SPY,0,1,1,0.5428786359040763,0.5047427292778631,0.48664683
2024-11-06,SPY,0,1,1,0.5670480187008151,0.6116836180478612,0.70438975
2024-11-07,SPY,0,1,1,0.5579065283221848,0.6195675184042978,0.60556185
2024-11-08,SPY,0,0,1,0.551068973715313,0.5709798034255162,0.60358477
2024-11-11,SPY,0,0,1,0.5338296917486198,0.5986384510783502,0.6460738
2024-11-12,SPY,0,0,1,0.5359204606145647,0.5278737450147499,0.50270486
2024-11-13,SPY,0,0,1,0.5277424028691357,0.5853243367652337,0.6928598
2024-11-14,SPY,0,0,1,0.5234727513878935,0.5138129443913481,0.4186024
2024-11-15,SPY,0,1,1,0.5463497649829907,0.541346859472197,0.6203361
2024-11-18,SPY,0,1,1,0.5164567060066941,0.531413363833842,0.5293839
2024-11-19,SPY,0,1,1,0.5309348577014438,0.5426565155583528,0.5983739
2024-11-20,SPY,0,1,1,0.5414559856040686,0.5227519556602527,0.58337164
2024-11-21,SPY,0,1,1,0.5391342504215393,0.5724535794399315,0.5943743
2024-11-22,SPY,0,0,1,0.5313189495860703,0.5232064128555473,0.52446204
2024-11-25,SPY,0,1,1,0.5319279289607362,0.5329455414497306,0.4353257
2024-11-26,SPY,0,0,1,0.5329779851766773,0.507553723863782,0.41922826
2024-11-27,SPY,0,1,1,0.530282094438871,0.5426199683255293,0.4819664
2024-11-29,SPY,0,1,1,0.5324797514927777,0.5315200047556138,0.42693576
2024-12-02,SPY,0,1,1,0.5369115859019977,0.5326377597267339,0.4270096
2024-12-03,SPY,0,1,1,0.536825675740846,0.5469838204080892,0.42356336
2024-12-04,SPY,0,0,1,0.5415627340058679,0.5599681348609105,0.5733184
2024-12-05,SPY,0,1,1,0.5302002410080041,0.48049521152455865,0.47493157
2024-12-06,SPY,0,0,1,0.5265827496859201,0.5076935092071602,0.5115568
2024-12-09,SPY,0,0,1,0.5308184145102737,0.5130129050968876,0.5452479
2024-12-10,SPY,0,1,1,0.5288352526024872,0.48431083662144553,0.34105107
2024-12-11,SPY,0,0,1,0.5225513999580045,0.5106061190545046,0.4761627
2024-12-12,SPY,0,0,1,0.5335282187966959,0.5767026652204956,0.6209578
2024-12-13,SPY,0,1,1,0.5364079209893561,0.4864524470497841,0.48946998
2024-12-16,SPY,0,1,1,0.5498966853074092,0.5342775914002975,0.5031807
2024-12-17,SPY,0,0,1,0.5616161151292792,0.5454684621704969,0.626046
2024-12-18,SPY,0,0,1,0.5819233457487194,0.4994688420463011,0.5257015
2024-12-19,SPY,0,1,1,0.5516744340135448,0.5378348557452614,0.4655218
2024-12-20,SPY,0,1,1,0.5595946678014483,0.5047071951444989,0.4364255
2024-12-23,SPY,0,1,1,0.5550009335090275,0.5278013993245932,0.5397015
2024-12-24,SPY,0,1,1,0.5535352701632197,0.5111643934129017,0.6135843
2024-12-26,SPY,0,0,1,0.5480417837214199,0.5113723537158011,0.580004
2024-12-27,SPY,0,1,1,0.5533240894010262,0.4863850045102703,0.48300695
2024-12-30,SPY,0,0,1,0.5412593185960571,0.5303325468500472,0.53847456
2024-12-31,SPY,0,0,1,0.5327125610659882,0.5235974984282067,0.39152673
2025-01-02,SPY,0,1,1,0.5299588660196602,0.4934220962314936,0.45534047
2025-01-03,SPY,0,0,1,0.5303276018897474,0.5139718232403115,0.41778788
2025-01-06,SPY,0,0,1,0.5415039756185247,0.5447921041498273,0.61845535
2025-01-07,SPY,0,1,1,0.5453969161911445,0.5348682378308045,0.6465037
2025-01-08,SPY,0,0,1,0.5307277034943889,0.5710161849019615,0.65609336
2025-01-10,SPY,0,1,1,0.541564848535352,0.5431052074695244,0.50769883
2025-01-13,SPY,0,0,1,0.5213680567349948,0.5203556040422922,0.4177536
2025-01-14,SPY,0,1,1,0.5293795035487264,0.5169877546446445,0.521026
2025-01-15,SPY,1,0,1,0.5313804183052017,0.5383764161986617,0.5099893
2025-01-16,SPY,1,1,1,0.540182419502129,0.5737831467854813,0.5855241
2025-01-17,SPY,1,1,1,0.5297878267886067,0.5310369622767087,0.51214176
2025-01-21,SPY,0,1,1,0.5386505020263557,0.5792769795197494,0.58530897
2025-01-22,SPY,0,1,1,0.5382400500904575,0.5597365564741675,0.50324506
2025-01-23,SPY,0,0,1,0.5278224163686467,0.5428376456652867,0.5566307
2025-01-24,SPY,0,1,1,0.5205403275136896,0.5224894192841578,0.60790247
2025-01-27,SPY,0,1,1,0.538644501713325,0.5490429111552303,0.46516186
2025-01-28,SPY,0,0,1,0.5104407456186758,0.5640830006335628,0.5842725
2025-01-29,SPY,0,1,1,0.5216645152220157,0.5315864931752059,0.48151258
2025-01-30,SPY,0,0,1,0.5282843215149449,0.5460609758609244,0.51423085
2025-01-31,SPY,0,1,1,0.5537358381534428,0.6319484578686697,0.64431804
2025-02-03,SPY,0,1,1,0.5465800417556349,0.6014218283689119,0.6969636
2025-02-04,SPY,0,1,1,0.5214865915825726,0.5148823810647071,0.4521427
2025-02-05,SPY,0,1,1,0.5237298022916771,0.49587457728183865,0.38875198
2025-02-06,SPY,0,0,1,0.536133010009634,0.5688888835304051,0.6302778
2025-02-07,SPY,0,1,1,0.547264992500355,0.5280301664478553,0.4846692
2025-02-10,SPY,0,1,1,0.5313057905414071,0.5666901625330808,0.5425745
2025-02-11,SPY,0,1,1,0.5397791334229372,0.5735771901007437,0.68054277
2025-02-12,SPY,0,1,1,0.5496399852756714,0.5706410725631705,0.58689255
2025-02-13,SPY,0,0,1,0.5407015948956893,0.5628064652682303,0.4977704
2025-02-14,SPY,0,1,1,0.538079428316164,0.5501438174819241,0.5520925
2025-02-18,SPY,0,1,1,0.5335115833407317,0.5269207929056405,0.47394046
2025-02-19,SPY,0,0,1,0.5324625669120906,0.48124122660644386,0.47523454
2025-02-20,SPY,0,0,1,0.5321715850163135,0.5269988006282218,0.5945871
2025-02-21,SPY,0,0,1,0.549434489621665,0.5742335892969964,0.5189315
2025-02-24,SPY,0,0,1,0.5295032242090657,0.587449807301555,0.62217224
2025-02-25,SPY,0,0,1,0.5422712064410065,0.6029256312962518,0.65173036
2025-02-26,SPY,0,0,1,0.5365118472309832,0.5312111727222624,0.5423516
2025-02-27,SPY,0,1,1,0.5605875482162359,0.46181156812301216,0.52594477
2025-02-28,SPY,0,0,1,0.5498821926451296,0.5331966943587214,0.58455735
2025-03-03,SPY,0,0,1,0.5657419033076306,0.46985634923449804,0.40797737
2025-03-04,SPY,0,1,1,0.566526046095574,0.4534583054863927,0.48067078
2025-03-05,SPY,0,0,1,0.5490015160410487,0.5827841380748765,0.59606373
2025-03-06,SPY,0,1,1,0.559935821034513,0.5202324538495003,0.41008148
2025-03-07,SPY,0,0,1,0.5490006740295876,0.6013338805956547,0.7559355
2025-03-10,SPY,1,0,1,0.5676092001469125,0.5550616222309929,0.5308043
2025-03-11,SPY,1,0,1,0.5439411465202033,0.5920881841956644,0.6894732
2025-03-12,SPY,1,0,1,0.5403720042801479,0.614632316495303,0.7927117
2025-03-13,SPY,1,1,1,0.5510714772997652,0.5430955338642455,0.5715273
2025-03-14,SPY,1,1,1,0.5406710158559199,0.5625590425951669,0.48422784
2025-03-17,SPY,1,0,1,0.5406285010900183,0.5634422712876586,0.59479356
2025-03-18,SPY,1,1,1,0.5434467923216665,0.5381120821109129,0.6132434
2025-03-19,SPY,1,1,1,0.5262186837575182,0.5786392853858453,0.5993703
2025-03-20,SPY,1,1,1,0.5208922880773442,0.5931110913405137,0.73015326
2025-03-21,SPY,1,1,1,0.5281612809910601,0.5947902617967028,0.6160027
2025-03-24,SPY,1,1,1,0.5172718737581772,0.5161335530429384,0.52690506
2025-03-25,SPY,1,0,1,0.5146503966700453,0.5093130532923863,0.46548012
2025-03-26,SPY,1,0,1,0.5208432624309226,0.5250666413031979,0.5265938
2025-03-27,SPY,1,0,1,0.5111535072937731,0.553910323586777,0.7166732
2025-03-28,SPY,1,1,1,0.5188762397200622,0.43046838424154676,0.3061527
2025-03-31,SPY,1,1,1,0.5199915395278456,0.5900990781769224,0.5140141
2025-04-01,SPY,1,1,1,0.5214798197900192,0.5613086350825728,0.54946864
2025-04-02,SPY,1,0,1,0.5288898880885821,0.5835981361649073,0.6338542
2025-04-03,SPY,1,0,1,0.5787303502522193,0.6142052840397854,0.5008198
2025-04-04,SPY,1,1,1,0.5598656312607924,0.6192222835940817,0.6912813
2025-04-07,SPY,1,0,1,0.5317295523046781,0.5845718557496431,0.4976847
2025-04-08,SPY,1,1,1,0.5502609988738476,0.6613262665502234,0.73055005
2025-04-09,SPY,1,0,1,0.5680520020018817,0.32939931396653305,0.18396012
2025-04-10,SPY,1,1,1,0.6574208337948128,0.5062997156064403,0.28067866
2025-04-11,SPY,1,0,1,0.5762841549864863,0.602204601814481,0.6548948
2025-04-14,SPY,1,0,1,0.5655031311652629,0.5831658927018344,0.64488375
2025-04-15,SPY,1,0,1,0.5516434256726419,0.5592616219455361,0.74429697
2025-04-16,SPY,1,0,1,0.5385633919785087,0.4532024017074615,0.21352293
2025-04-17,SPY,1,0,1,0.5028302449967244,0.5343431744551822,0.36347017
2025-04-21,SPY,1,1,1,0.5112267174970493,0.5092501845483244,0.4681104
2025-04-22,SPY,1,0,1,0.4881129988916571,0.5225961593444041,0.37493291
2025-04-23,SPY,1,1,1,0.5128223983382185,0.5489294988439043,0.45846954
2025-04-24,SPY,1,1,1,0.5127672845420804,0.4919061248083629,0.47017518
2025-04-25,SPY,1,0,1,0.518220490240442,0.438839830643895,0.43674552
2025-04-28,SPY,1,1,1,0.502071619796443,0.44892223008635634,0.3909831
2025-04-29,SPY,1,1,1,0.4838585270401197,0.43155107501340095,0.47650155
2025-04-30,SPY,1,0,1,0.4831200783152077,0.4303363701591667,0.3234777
2025-05-01,SPY,1,1,1,0.4677275183821005,0.46318261392023297,0.4761704
2025-05-02,SPY,1,1,1,0.49142185024398155,0.4902628950943472,0.56597745
2025-05-05,SPY,1,1,1,0.530806796978358,0.5038561714938696,0.52826214
2025-05-06,SPY,1,1,1,0.5313729506972712,0.5593839739398323,0.7487502
2025-05-07,SPY,1,0,1,0.5327519120892341,0.574889828173765,0.66153157
2025-05-08,SPY,1,0,1,0.5070333196614067,0.5063161382370212,0.37559107
2025-05-09,SPY,1,1,1,0.5286298453762219,0.5245901848135174,0.57725024
2025-05-12,SPY,1,1,1,0.5352400887834338,0.6531981318783082,0.7932439
2025-05-13,SPY,1,0,1,0.545343231332898,0.5116875702396898,0.40747857
2025-05-14,SPY,1,1,1,0.5427871654295552,0.5133145074418237,0.33511785
2025-05-15,SPY,1,1,1,0.5487487224967511,0.555556250723196,0.66431105
2025-05-16,SPY,1,1,1,0.5442313735689337,0.6342917021361629,0.8264339
2025-05-19,SPY,0,0,1,0.5519615449172642,0.5404505511637953,0.52226406
2025-05-20,SPY,0,0,1,0.5444849833700744,0.605733929424174,0.5822941
2025-05-21,SPY,0,1,1,0.5608577196783288,0.5967954463563976,0.74792933
2025-05-22,SPY,0,1,1,0.5325443163069012,0.5126889460604698,0.48440164
2025-05-23,SPY,0,1,1,0.5409783990080618,0.5176364972270208,0.4641296
2025-05-27,SPY,0,0,1,0.5409322251756233,0.5744104055358333,0.4805993
2025-05-28,SPY,1,0,1,0.5616708154973892,0.5328591633628422,0.4899912
2025-05-29,SPY,1,1,1,0.5531224487331186,0.5464307867250462,0.5395986
2025-05-30,SPY,1,1,1,0.5620314090728401,0.5554261635755883,0.5104676
2025-06-02,SPY,0,1,1,0.5361562342811337,0.5742354246289667,0.64676243
2025-06-03,SPY,0,0,1,0.5406547666474298,0.5578921532188059,0.5494335
2025-06-04,SPY,0,0,1,0.5430588932947357,0.5240670758403835,0.6294157
2025-06-05,SPY,0,1,1,0.5603561511822762,0.5482444119072689,0.5158861
2025-06-06,SPY,0,0,1,0.538233902165014,0.5532297520978925,0.5713251
2025-06-09,SPY,0,1,1,0.5393936083407568,0.5658021568905285,0.5622154
2025-06-10,SPY,0,0,1,0.5360714907736389,0.5390224742114302,0.5305462
2025-06-11,SPY,0,1,1,0.5421062803115411,0.5501461188144918,0.5698256
2025-06-12,SPY,0,0,1,0.5277631554478027,0.5185461061100577,0.5026675
2025-06-13,SPY,0,1,1,0.5470286957343736,0.565430243453863,0.61436313
2025-06-16,SPY,0,0,1,0.5280209147093042,0.5813787373059005,0.54030883
2025-06-17,SPY,0,0,1,0.5413393037355609,0.5819893725080958,0.55196935
2025-06-18,SPY,0,0,1,0.5330168060034628,0.5338449012525931,0.48975614
2025-06-20,SPY,0,1,1,0.5546287022336936,0.6274280865363404,0.68518144
2025-06-23,SPY,0,1,1,0.5456180566719674,0.617867700897185,0.6555007
2025-06-24,SPY,0,0,1,0.5471940114426386,0.5919977591232921,0.6555067
2025-06-25,SPY,0,1,1,0.5420055637840213,0.5744828169409214,0.6563065
2025-06-26,SPY,0,1,1,0.5466307809781156,0.5877709290783213,0.64956075
2025-06-27,SPY,0,1,1,0.5463121383887173,0.547503628729983,0.63618964
2025-06-30,SPY,0,1,1,0.5482353176324672,0.5172501463872171,0.5347954
2025-07-01,SPY,0,1,1,0.5383480910852676,0.5505914644862421,0.52829254
2025-07-02,SPY,0,1,1,0.5276114536269053,0.5390400571686143,0.5581008
2025-07-03,SPY,0,0,1,0.5189736125592566,0.5840397767567086,0.6400124
2025-07-07,SPY,0,0,1,0.5454327461263235,0.5743488509307573,0.594671
2025-07-08,SPY,0,1,1,0.5238757772991578,0.5596436776336897,0.6103227
2025-07-09,SPY,0,1,1,0.5241984809122091,0.5637550034742176,0.61431843
2025-07-10,SPY,0,1,1,0.5231985744082985,0.5874402005638473,0.68838906
2025-07-11,SPY,0,1,1,0.5359729968015566,0.5422472720546081,0.51980096
2025-07-14,SPY,0,0,1,0.522416153433081,0.556041528771139,0.5838016
2025-07-15,SPY,0,1,1,0.5441712633046063,0.5672513309929008,0.52088416
2025-07-16,SPY,0,1,1,0.5458315474220274,0.5590711205467471,0.54422206
2025-07-17,SPY,0,0,1,0.5420692054481124,0.5247188675725742,0.4811996
2025-07-18,SPY,0,0,1,0.5475675645825397,0.5173359056507546,0.4643406
2025-07-21,SPY,0,0,1,0.5470979756343037,0.5029002521454237,0.33315074
2025-07-22,SPY,0,1,1,0.5420579019752206,0.5270210181037579,0.49375743
2025-07-23,SPY,0,0,1,0.5412104176100094,0.518194432732147,0.510047
2025-07-24,SPY,0,1,1,0.5504547315068762,0.5574616103813309,0.61374253
2025-07-25,SPY,0,0,1,0.5348064904018484,0.5278346763518932,0.69557136
2025-07-28,SPY,0,0,1,0.5347164845897283,0.490933947557755,0.46701857
2025-07-29,SPY,0,0,1,0.5353113614190191,0.5127662161219101,0.53675044
2025-07-30,SPY,0,0,1,0.550570571102356,0.5772238995451621,0.57750237
2025-07-31,SPY,0,0,1,0.5595885477297009,0.5201845151614125,0.42802706
2025-08-01,SPY,0,1,1,0.5663065552706288,0.5816934346779997,0.6789866
2025-08-04,SPY,0,0,1,0.5252522133601918,0.547665520953887,0.7047984
2025-08-05,SPY,0,1,1,0.5458463920642178,0.5454805454414812,0.6437795
2025-08-06,SPY,0,0,1,0.5366511218941508,0.5373911352285533,0.6286754
2025-08-07,SPY,0,1,1,0.5482416982063846,0.5381527355527512,0.641692
2025-08-08,SPY,0,0,1,0.534948194508367,0.5854301958583806,0.64431256
2025-08-11,SPY,0,1,1,0.5413301750622966,0.5285107441129238,0.534956
2025-08-12,SPY,0,0,1,0.5352633214472857,0.5505956941011615,0.62284535
2025-08-13,SPY,0,1,1,0.5408097893074189,0.5382584185074477,0.55951095
2025-08-14,SPY,0,0,1,0.5368757263988556,0.5340702608455152,0.46553606
2025-08-15,SPY,0,1,1,0.5398366599528666,0.5317771145160489,0.534445
2025-08-18,SPY,0,0,1,0.524064183384024,0.5297621623202671,0.52756035
2025-08-19,SPY,0,0,1,0.5377374582699459,0.5196106780922162,0.6082096
2025-08-20,SPY,0,0,1,0.5395050565471149,0.5833998420140522,0.749259
2025-08-21,SPY,0,1,1,0.5289633687290448,0.5452786908387909,0.7110675
2025-08-22,SPY,0,0,1,0.5304087121620497,0.5499320583692363,0.5388513
2025-08-25,SPY,0,1,1,0.5376341376514272,0.5329440394511757,0.51966184
2025-08-26,SPY,0,1,1,0.5306489743568095,0.5258150011016316,0.51473606
2025-08-27,SPY,0,1,1,0.5315484483337035,0.5240794700811213,0.51808745
2025-08-28,SPY,0,0,1,0.5344845120242212,0.542089175674826,0.6314111
2025-08-29,SPY,0,1,1,0.5584743742488,0.5977940720456862,0.65549684
2025-09-02,SPY,0,1,1,0.5519794919374119,0.5953180707584707,0.6060231
2025-09-03,SPY,0,1,1,0.5392631566870228,0.587602133523936,0.71454793
2025-09-04,SPY,0,0,1,0.5382474300638521,0.5664886479191594,0.6474027
2025-09-05,SPY,0,1,1,0.5629206453155117,0.6273374398223699,0.68011975
2025-09-08,SPY,0,1,1,0.5409681313428782,0.5275317039153298,0.5262462
2025-09-09,SPY,0,0,1,0.5411199442501865,0.5112960027352967,0.48501864
2025-09-10,SPY,0,1,1,0.5432724088432099,0.5199806793324265,0.50154847
2025-09-11,SPY,0,0,1,0.5367223591244534,0.5046956369771869,0.48123524
2025-09-12,SPY,0,1,1,0.5432544304743229,0.5361050714872976,0.586679
2025-09-15,SPY,0,0,1,0.5330314622531329,0.49087417335947864,0.4002618
2025-09-16,SPY,0,0,1,0.5334223094896623,0.5247139440781663,0.53725046
2025-09-17,SPY,0,1,1,0.5548923349333728,0.5433633172212785,0.4591718
2025-09-18,SPY,0,1,1,0.5475257255480706,0.569797451952313,0.48162162
2025-09-19,SPY,0,1,1,0.554037583001331,0.5957892111086516,0.7408131
2025-09-22,SPY,0,0,1,0.5372106023518444,0.4894818678404648,0.350111
2025-09-23,SPY,0,0,1,0.549775105324806,0.5787190954049891,0.64581543
2025-09-24,SPY,0,1,1,0.532839295100012,0.4782452811381391,0.32945082
2025-09-25,SPY,0,1,1,0.5435651968061452,0.5731320556551162,0.619619
2025-09-26,SPY,0,0,1,0.5248871260337933,0.5450672607056715,0.5181748
2025-09-29,SPY,0,1,1,0.5400974960191538,0.5058645194940532,0.33357885
2025-09-30,SPY,0,1,1,0.5538784463990121,0.6185865969510451,0.7601579
2025-10-01,SPY,0,0,1,0.5441117580350225,0.5481236849570522,0.6401744
2025-10-02,SPY,0,0,1,0.5293913740829775,0.5300179366671123,0.5888989
2025-10-03,SPY,0,0,1,0.5405583663635702,0.48640588283397496,0.4739596
2025-10-06,SPY,0,0,1,0.5264018196615711,0.5010568347719871,0.5084921
2025-10-07,SPY,0,1,1,0.5426154866085281,0.5044502893276015,0.51587933
2025-10-08,SPY,0,0,1,0.528347942405619,0.5148958190975623,0.5611132
2025-10-09,SPY,0,0,1,0.537456383053626,0.4907218415985858,0.4996187
2025-10-10,SPY,0,1,1,0.5810117776711965,0.5361534230556416,0.48930913
2025-10-13,SPY,0,1,1,0.5158556532015312,0.5364906953652673,0.6446925
2025-10-14,SPY,0,0,1,0.5427923904011402,0.5403510193398042,0.59029317
2025-10-15,SPY,0,0,1,0.544396008223319,0.5231616508355098,0.5188809
2025-10-16,SPY,0,1,1,0.564974731520812,0.5709390817857152,0.49729544
2025-10-17,SPY,0,1,1,0.5387576285786858,0.5180963801220707,0.43378
2025-10-20,SPY,0,0,1,0.5276739159572906,0.5452393415209458,0.53777134
2025-10-21,SPY,0,0,1,0.5377275168817295,0.5213242866335487,0.49838957
2025-10-22,SPY,0,1,1,0.547956349233055,0.556197602922425,0.5568197
2025-10-23,SPY,0,1,1,0.5311104369270763,0.5304986253734914,0.5555266
2025-10-24,SPY,0,1,1,0.5337983020898824,0.541299432409161,0.5250722
2025-10-27,SPY,0,1,1,0.533512762122311,0.5562716108184643,0.49994373
2025-10-28,SPY,0,0,1,0.5398748601767573,0.5563320024641217,0.6495706
2025-10-29,SPY,0,0,1,0.5407981180658437,0.5161746247081836,0.42520165
2025-10-30,SPY,0,0,1,0.5356865319738737,0.49653784977616755,0.33018973
2025-10-31,SPY,0,0,1,0.524170467858698,0.547533619714845,0.55342793
2025-11-03,SPY,0,0,1,0.5190694377400226,0.5448414886637274,0.6527804
2025-11-04,SPY,0,1,1,0.5391971481135687,0.4759450368091886,0.40470305
2025-11-05,SPY,0,0,1,0.5245499103780833,0.5298484200665605,0.55945855
2025-11-06,SPY,0,1,1,0.5385894534455062,0.5092083537109503,0.48127165
2025-11-07,SPY,0,1,1,0.5541685115992664,0.613868190533236,0.68474364
2025-11-10,SPY,0,1,1,0.5351417960764829,0.5410214865761925,0.5890943
2025-11-11,SPY,0,0,1,0.5419064708993586,0.5807702983728383,0.48937187
2025-11-12,SPY,0,0,1,0.5444065175798667,0.5682182492788996,0.5072617
2025-11-13,SPY,0,1,1,0.5725768840949095,0.583837875740705,0.5972801
2025-11-14,SPY,0,0,1,0.544983268817299,0.5813902938007947,0.47963655
2025-11-17,SPY,0,0,1,0.5475868932828553,0.577553073407591,0.63303584
2025-11-18,SPY,0,1,1,0.5591040284233307,0.48677472259261084,0.41921994
2025-11-19,SPY,0,0,1,0.5486941706406328,0.6038215057419527,0.64154506
2025-11-20,SPY,0,1,1,0.580662890988666,0.49207249826620114,0.46770447
2025-11-21,SPY,0,1,1,0.5459971727885868,0.5608138681853635,0.55712926
2025-11-24,SPY,0,1,1,0.5335546697235038,0.5139995323613193,0.43425906
2025-11-25,SPY,0,1,1,0.5404483608384543,0.5471597661893574,0.53464955
2025-11-26,SPY,0,1,1,0.5396428379319714,0.5621962464743085,0.6898637
2025-11-28,SPY,0,1,1,0.5272328450334097,0.5078505921735071,0.43570995
2025-12-01,SPY,0,0,1,0.5281498908912328,0.5226121837055024,0.5239797
2025-12-02,SPY,0,1,1,0.5170876440676356,0.46944798248767683,0.46230295
2025-12-03,SPY,0,0,1,0.5196254581021603,0.45765783618262634,0.3812321
2025-12-04,SPY,0,1,1,0.5236050917745828,0.48412128389232917,0.48038962
2025-12-05,SPY,0,0,1,0.5346349364175303,0.522649453949952,0.5515554
2025-12-08,SPY,0,0,1,0.5287007149401721,0.5038844920727474,0.47607693
2025-12-09,SPY,0,1,1,0.5199788911359314,0.4994120398894745,0.5105844
2025-12-10,SPY,0,1,1,0.5240343686633331,0.5196358957311594,0.49243677
2025-12-11,SPY,0,0,1,0.5299055750797322,0.5135775066430686,0.54104894
2025-12-12,SPY,0,0,1,0.5516482564066505,0.553507149569069,0.44929186
2025-12-15,SPY,0,0,1,0.5325803509732483,0.5106877402839675,0.43962133
2025-12-16,SPY,0,0,1,0.5461951588591734,0.586132041581017,0.561736
2025-12-17,SPY,0,0,1,0.5539333467317985,0.5868769576021085,0.6105275
2025-12-18,SPY,0,1,1,0.5439273898563375,0.5335842656701119,0.5273289
2025-12-19,SPY,0,1,1,0.5590975583158908,0.6183232430919948,0.76717013
2025-12-22,SPY,0,1,1,0.552518848054481,0.595549050375794,0.5965367
2025-12-23,SPY,0,1,1,0.5481220621187829,0.5574946824641511,0.62962383
2025-12-24,SPY,0,0,1,0.5306642926704703,0.5150564282057165,0.5087136
2025-12-26,SPY,0,1,1,0.5282373111353285,0.48443767437399987,0.5581994
2025-12-29,SPY,0,0,1,0.5315115684295487,0.4927668330808382,0.5044789
2025-12-30,SPY,0,0,1,0.5240399655699323,0.4786078878089076,0.45913255
